rank,licence_id,licence_number,licensee,tier,name_flags,licensee_licences
1,1-XT3-1089,MVRL24145,S M A Motors Pty Ltd,1,company;service,7
2,1-10NQNQP,MVRL50622,S M A Motors Pty Ltd,1,company;service,7
3,1-XTH-860,MVRL43937,Bridgestone Australia Ltd,1,company;service,5
4,1-XSI-2967,MVRL1737,Tynan Motors Pty Ltd,1,company;service,3
5,1-XTB-1253,MVRL35891,Tynan Motors Pty Ltd,1,company;service,3
6,1-XTH-1149,MVRL44491,Tynan Motors Pty Ltd,1,company;service,3
7,1-4TV7CL,MVRL46617,Cardiff Car City Pty Ltd,1,company;service,2
8,1-28F1WXX,MVRL53524,D & A Luck Automotive Pty Ltd,1,company;service,2
9,1-2Z2EK7T,MVRL54835,D & A Luck Automotive Pty Ltd,1,company;service,2
10,1-XTH-610,MVRL43512,David Mitchell AutoBody Services Pty Ltd,1,company;service,2
11,1-XTH-3125,MVRL8834,David Mitchell Autobody Services Pty Ltd,1,company;service,2
12,1-71HAQT,MVRL47278,Express Lube Pty Ltd,1,company;service,2
13,1-HDGK1J,MVRL48567,Express Lube Pty Ltd,1,company;service,2
14,1-XT3-4148,MVRL30597,Ken Ross Repairs Mudgee Pty Ltd,1,company;service,2
15,1-XTB-795,MVRL35066,Ken Ross Repairs Mudgee Pty Ltd,1,company;service,2
16,1-XTB-3264,MVRL39370,Kumar Motors (Bankstown) Pty Ltd,1,company;service,2
17,1-XTB-4675,MVRL41962,Kumar Motors (Bankstown) Pty Ltd,1,company;service,2
18,1-XT3-1291,MVRL24604,North Star Motors (NSW) Pty Ltd,1,company;service,2
19,1-XTB-913,MVRL35308,North Star Motors (NSW) Pty Ltd,1,company;service,2
20,1-5BMX7C,MVRL46857,Raystore Pty Ltd,1,company;service,2
21,1-XTB-4907,MVRL42361,South East Automotive Pty Ltd,1,company;service,2
22,1-XTH-686,MVRL43651,Suttons Motors Arncliffe Pty Ltd,1,company;service,2
23,1-XTH-1479,MVRL5064,Suttons Motors Arncliffe Pty Ltd,1,company;service,2
24,1-XTB-3062,MVRL39,The Brown & Hurley Group Pty Ltd,1,company;service,2
25,1-XTB-1684,MVRL36705,Wollongong City Motors Pty Ltd,1,company;service,2
26,1-IV95UR,MVRL48635,Wollongong City Motors Pty Ltd,1,company;service,2
27,1-XT3-2232,MVRL26563,083 Motors Pty Ltd,1,company;service,1
28,1-49MFOKU,MVRL62668,168 MOTOR MECHANIC PTY LTD,1,company;service,1
29,1-3OE5U3U,MVRL59080,1ST CHOICE MECHANICAL REPAIRS PTY LTD,1,company;service,1
30,1-3JK1K6U,MVRL57550,2370 HIGHLAND AUTOMOTIVE PTY LTD,1,company;service,1
31,1-Z3SIWE,MVRL50513,313 Automotive Pty Ltd,1,company;service,1
32,1-2PFD24N,MVRL54434,3MD Auto Pty Ltd,1,company;service,1
33,1-410211,MVRL46295,4 B Action Mechanical Services Pty Ltd,1,company;service,1
34,1-3X7J7Z3,MVRL60927,4 Way Suspension Products Pty Ltd,1,company;service,1
35,1-4BLSD2K,MVRL62983,4K Motors Pty Ltd,1,company;service,1
36,1-3UPA7CW,MVRL60535,50SEVEN AUTOMOTIVE PTY LTD,1,company;service,1
37,1-12MAZCN,MVRL50760,5AB Motors Pty Ltd,1,company;service,1
38,1-3MMWAHI,MVRL58549,911 AUTOMOTIVE PTY LTD,1,company;service,1
39,1-XTB-1108,MVRL35660,95 Mulga Road Pty Ltd,1,company;service,1
40,1-XTH-283,MVRL43006,A  A West Automotive Pty Ltd,1,company;service,1
41,1-4349JGO,MVRL61615,A & A COMBINED PTY. LTD,1,company;service,1
42,1-41CCOMB,MVRL61386,A & B Automotive Specialists Pty Ltd,1,company;service,1
43,1-F5LQLE,MVRL48312,A & B Campbell Pty Ltd,1,company;service,1
44,1-4DVXMGK,MVRL63390,A & B WELLS SUPER PROPERTY PTY LTD,1,company;service,1
45,1-2WSEK1A,MVRL54649,A & D Auto Mechanical Repairs Pty Ltd,1,company;service,1
46,1-XT3-3772,MVRL29836,A & D Motors Pty Ltd,1,company;service,1
47,1-3VAAGYK,MVRL60752,A & J AUTOMOTIVE PTY LTD,1,company;service,1
48,1-12N6BNJ,MVRL50746,A & J Automotive Repair Services Pty Ltd,1,company;service,1
49,1-4EJKWFK,MVRL63540,A & J MARFLEET PTY LTD,1,company;service,1
50,1-1L8A9WF,MVRL52217,A & K Tsakiris Pty Ltd,1,company;service,1
51,1-3QOHQBO,MVRL59817,A & L Mechanical Repairs Pty Ltd,1,company;service,1
52,1-2KM8WZZ,MVRL54098,A & P Swadling Pty Ltd,1,company;service,1
53,1-4H3WTJA,MVRL63954,A J & M V Rockliff Pty Ltd,1,company;service,1
54,1-3JGALZA,MVRL57726,A Plus Automotive Pty Ltd,1,company;service,1
55,1-2LWRXJP,MVRL54266,A R K Automotive Pty Ltd,1,company;service,1
56,1-39IYGVY,MVRL56122,A To Z Automotive Services Pty Ltd,1,company;service,1
57,1-32M6JZ7,MVRL55134,A&D AUTOMOTIVE PTY LTD,1,company;service,1
58,1-3V9U3D0,MVRL60664,A&R MECHANICAL AUTO REPAIR PTY LTD,1,company;service,1
59,1-3HS38OM,MVRL56993,A-Z AUTO SYDNEY PTY. LTD.,1,company;service,1
60,1-4JSUTDQ,MVRL64356,A.A.C. AUTOMOTIVE SPECIALISTS PTY. LIMITED,1,company;service,1
61,1-38JCOGT,MVRL55916,A.P Automotive Repairs Pty Ltd,1,company;service,1
62,1-42X7CW,MVRL46308,A1 Automotive Pty Ltd,1,company;service,1
63,1-33H4BBA,MVRL55178,A1 Europro Automotive Pty Ltd,1,company;service,1
64,1-2N9BT85,MVRL54352,A1 Frey Pty Ltd,1,company;service,1
65,1-3QBG9HC,MVRL59694,AA Automotive Pty Ltd,1,company;service,1
66,1-OQQEG0,MVRL49420,AAA Auto Specialist Pty Ltd,1,company;service,1
67,1-4EOT25G,MVRL63561,AAA REPAIR & SERVICE PTY LTD,1,company;service,1
68,1-3RIQTR4,MVRL60014,AAA REPAIRS AND MODIFICATIONS PTY LTD,1,company;service,1
69,1-2ACMZXN,MVRL53613,AAA Service Autos Pty Ltd,1,company;service,1
70,1-44LSB3I,MVRL61810,AAA72 Pty Ltd,1,company;service,1
71,1-3RQ9TO0,MVRL59943,AAMK Autos Pty Ltd,1,company;service,1
72,1-3AYR9XO,MVRL56226,Aaron & Claire Hills Pty Ltd,1,company;service,1
73,1-4I74UWR,MVRL64035,ABC Trading Pty Ltd,1,company;service,1
74,1-XT3-384,MVRL22629,ABES Safer Brakes Pty Limited,1,company;service,1
75,1-XTH-164,MVRL42777,Abrahamsen Automotive Pty Ltd,1,company;service,1
76,1-JPBUIU,MVRL48906,ABS Batemans Bay Pty Ltd,1,company;service,1
77,1-XSI-1992,MVRL15192,Abtrol Pty Ltd,1,company;service,1
78,1-1I598D1,MVRL51924,ACD Auto Service Pty Ltd,1,company;service,1
79,1-3PKVLBS,MVRL59631,ACE AUTO SERVICES PTY LTD,1,company;service,1
80,1-XD2QKO,MVRL50299,Ace Automotive Mechanical Pty Ltd,1,company;service,1
81,1-4J9D0E0,MVRL64398,ACE PRESTIGE AUTO REPAIRS PTY LTD,1,company;service,1
82,1-XTB-3938,MVRL40572,Active Automatic Transmissions Pty Ltd,1,company;service,1
83,1-XTH-1129,MVRL44450,Actual Car Care Pty Ltd,1,company;service,1
84,1-XTB-4468,MVRL41529,Adams Auto Fix Pty Ltd,1,company;service,1
85,1-19730JN,MVRL51362,Adams Automotive Servicing Pty Ltd,1,company;service,1
86,1-3TY4GMG,MVRL60500,ADFA Pty Ltd,1,company;service,1
87,1-3ARQNTV,MVRL56160,ADM Automotive Pty Limited,1,company;service,1
88,1-3Q544G6,MVRL59611,ADONIS AUTOMOTIVE SERVICES PTY LTD,1,company;service,1
89,1-XT3-1194,MVRL24375,Adrio Pty Ltd,1,company;service,1
90,1-32B8ESX,MVRL55058,ADVANCE AUTO REPAIRS PTY LIMITED,1,company;service,1
91,1-3AZCD3E,MVRL56244,Advance Automotive Repair Pty Ltd,1,company;service,1
92,1-39PCHKX,MVRL56020,Advance Vehicle Services Pty Ltd,1,company;service,1
93,1-44ASWEN,MVRL61738,Advanced Auto Tech Pty Ltd,1,company;service,1
94,1-3N5TJ7Z,MVRL58686,Advanced Automotive Instrument Company Pty Ltd,1,company;service,1
95,1-4EU3TYK,MVRL63569,ADVANCED AUTOMOTIVE PLUS PTY LTD,1,company;service,1
96,1-3ADABTZ,MVRL56089,Advanced Installation Service Pty Ltd,1,company;service,1
97,1-39IROAM,MVRL55993,Advanced Mechanical Services (NSW) Pty Ltd,1,company;service,1
98,1-24ACRCV,MVRL53280,Advanced Mechanics Pty Ltd,1,company;service,1
99,1-3KIY8TW,MVRL57900,ADVANCED SQUARED PTY LTD,1,company;service,1
100,1-3DNKUYM,MVRL56557,ADVANCED VEHICLE SERVICES PTY LTD,1,company;service,1
101,1-498F1ZW,MVRL62625,ADY MOTORS PTY LTD,1,company;service,1
102,1-3ELZIL9,MVRL56769,AF Motors Pty Ltd,1,company;service,1
103,1-3JQWJTG,MVRL57602,AFM CAR REPAIRS PTY. LTD.,1,company;service,1
104,1-4G64VIA,MVRL63907,AG AUTO WORKS PTY LTD,1,company;service,1
105,1-XTB-721,MVRL34909,AGA Automotive Services Pty Ltd,1,company;service,1
106,1-15TELU3,MVRL51096,Agfix Mechanical Pty Ltd,1,company;service,1
107,1-238I0CE,MVRL53579,Agius Enterprises Pty Ltd,1,company;service,1
108,1-3W1GZDN,MVRL60692,Air Dinkum Mechanical Pty Ltd,1,company;service,1
109,1-3PUTDZY,MVRL59562,AIRCO AUTO INSTRUMENTS PTY LTD,1,company;service,1
110,1-34I9XMP,MVRL55319,Airmech Newcastle Pty Ltd,1,company;service,1
111,1-4ISN7X6,MVRL64258,AJ AUTOMOTIVE SERVICES PTY LTD,1,company;service,1
112,1-981J3H,MVRL47741,AJ's Mechanical Solutions Pty Ltd,1,company;service,1
113,1-37VGJKD,MVRL55834,AJC AUTOMOTIVE PTY LTD,1,company;service,1
114,1-4E23GEQ,MVRL63496,AJC SPECIALISED SERVICES PTY LTD,1,company;service,1
115,1-3J7N3OU,MVRL57671,AJE MECHANICAL PTY LTD,1,company;service,1
116,1-3ERLFHS,MVRL56795,AJF & SON PTY LTD,1,company;service,1
117,1-483KPT3,MVRL62328,AJM Mechanical Services Pty Ltd,1,company;service,1
118,1-3H42PE0,MVRL57056,AJM PROJECTS GROUP PTY LTD,1,company;service,1
119,1-XT3-1394,MVRL24840,Al's Mechanical Repairs Pty Ltd,1,company;service,1
120,1-4HSTX8A,MVRL64087,AL-EHSAN CARE PTY LTD,1,company;service,1
121,1-3JV6TWI,MVRL57734,Alan Croker Pty Ltd,1,company;service,1
122,1-4GR0JNU,MVRL63871,Albion Automotive Repairs (NSW) Pty Ltd,1,company;service,1
123,1-460H11K,MVRL62031,ALBURY AUTO CENTRE PTY LTD,1,company;service,1
124,1-4DLTA1G,MVRL63361,ALBURY AUTO MASTERS PTY LTD,1,company;service,1
125,1-3S5TNLK,MVRL60119,ALBURY WODONGA SUSPENSION AND BRAKES PTY LTD,1,company;service,1
126,1-3MXJ4GO,MVRL58713,Aleco Mechanical Pty Ltd,1,company;service,1
127,1-4EDLRR8,MVRL63551,ALESSI MECHANICAL REPAIRS PTY LTD,1,company;service,1
128,1-XTB-69,MVRL32587,Alexs Auto Services Pty Ltd,1,company;service,1
129,1-4CE31K0,MVRL63109,ALI AUTO MECHANICAL SERVICES PTY LTD,1,company;service,1
130,1-4HXULT0,MVRL64146,All Area Services Pty Ltd,1,company;service,1
131,1-4CNXUV6,MVRL63037,ALL AUTO & MECHANICAL PTY LTD,1,company;service,1
132,1-3NIXKYI,MVRL59020,ALL CARE CAR SERVICES KURRI KURRI PTY LTD,1,company;service,1
133,1-3OJOUE0,MVRL59226,ALL DRIVE GEARBOX AND  DIFF PTY LIMITED,1,company;service,1
134,1-XTB-3260,MVRL39364,All Engine Repairs Pty Ltd,1,company;service,1
135,1-2JEA6AW,MVRL53926,All Make Auto Repairs Pty Limited,1,company;service,1
136,1-4EYCQN6,MVRL63649,All Pro Automotive Pty Ltd,1,company;service,1
137,1-4B8L0J6,MVRL63008,All Trans Mechanical Pty Ltd,1,company;service,1
138,1-2VY5S8J,MVRL54536,All Vehicle Repairs and Inspections Pty Ltd,1,company;service,1
139,1-405700F,MVRL61202,All West Mechanical Pty Ltd,1,company;service,1
140,1-4J66FEK,MVRL64341,ALL YOUR REPAIRS AND MAINTENANCE NEEDS PTY LTD,1,company;service,1
141,1-3GJWILE,MVRL57166,Allambie Mechanical Centre Pty Ltd,1,company;service,1
142,1-XTB-269,MVRL32969,Allan Ross Automotive Pty Ltd,1,company;service,1
143,1-1R6GX44,MVRL52509,Allan's Automotive Repairs Pty Ltd,1,company;service,1
144,1-4J5M7JS,MVRL64243,ALLANVALE PTY LTD,1,company;service,1
145,1-2W6WDFT,MVRL54560,Allen Dean Management Services Pty Ltd,1,company;service,1
146,1-XTB-708,MVRL34884,Allen W Mechanical Repairs Pty Ltd,1,company;service,1
147,1-34LVJQP,MVRL55418,ALR MECHANICAL SERVICES PTY LTD,1,company;service,1
148,1-3VDIIFH,MVRL60608,Alry Enterprises Pty Ltd,1,company;service,1
149,1-3G2GTO0,MVRL56836,Alstonville Automotive Services Pty Ltd,1,company;service,1
150,1-2YOHLUV,MVRL54804,ALTAI GROUP PTY. LTD.,1,company;service,1
151,1-46FDHJK,MVRL62297,Alvin Automotive Pty Ltd,1,company;service,1
152,1-3NAL99E,MVRL58807,AM MECHANICS BROOKVALE PTY LTD,1,company;service,1
153,1-184MM6X,MVRL51352,Amakar Pty Ltd,1,company;service,1
154,1-44ZDQ7U,MVRL61870,AMCE SERVICES PTY LTD,1,company;service,1
155,1-47ERFVX,MVRL62167,Amelabelle Pty Ltd,1,company;service,1
156,1-4FGIYAM,MVRL63723,AMG AUTO REPAIRS PTY LTD,1,company;service,1
157,1-45XIO7S,MVRL62028,AMG Mechanical Repairs Pty Ltd,1,company;service,1
158,1-3P2AAIQ,MVRL59276,AMH FINANCIAL SERVICES PTY LIMITED,1,company;service,1
159,1-4B1ASIC,MVRL62721,AMJ AUTO PTY LTD,1,company;service,1
160,1-44D1JEY,MVRL61823,ANAMBAH AUTO REPAIRS PTY. LTD,1,company;service,1
161,1-4DW8ZKC,MVRL63345,Anand Motors Pty Ltd,1,company;service,1
162,1-13YZXRS,MVRL50871,ANB Aust Pty Ltd,1,company;service,1
163,1-2JKPLL9,MVRL53986,Anderson Automotive Kempsey Pty Ltd,1,company;service,1
164,1-450GTJ6,MVRL61957,Anderson's Automotive and Air-conditioning Pty Ltd,1,company;service,1
165,1-XT3-3383,MVRL29012,Andersons Radiator Services Pty Ltd,1,company;service,1
166,1-3RE2B63,MVRL59883,Andre Automotive Pty Ltd,1,company;service,1
167,1-XSI-1917,MVRL15017,Andrew Miedecke Motors Pty Ltd,1,company;service,1
168,1-3VRD7C6,MVRL60742,Andrew Walsh Mechanical Pty Ltd,1,company;service,1
169,1-32ZM254,MVRL55207,Andris Automotive Pty Ltd,1,company;service,1
170,1-1HL5OLA,MVRL51873,Andywill Pty Ltd,1,company;service,1
171,1-3OLLW8,MVRL46292,Angel Auto Services Pty Ltd,1,company;service,1
172,1-3RDU8GF,MVRL59882,Annanda Motor Repairs Pty Ltd,1,company;service,1
173,1-XT3-1102,MVRL24178,Anthony Motors Pty Ltd,1,company;service,1
174,1-34HA89D,MVRL55374,ANTHONY NEWMAN MOTOR REPAIRS PTY LTD,1,company;service,1
175,1-3XU0558,MVRL60925,ANYTIME MOTORS PTY LTD,1,company;service,1
176,1-4DTOSKQ,MVRL63352,AOK MANAGEMENT PTY LTD,1,company;service,1
177,1-46B3YLN,MVRL62075,Apex Auto Express Pty Ltd,1,company;service,1
178,1-45Q2SK4,MVRL62019,APEX MECH REPAIRS PTY LTD,1,company;service,1
179,1-4CI0QN6,MVRL63054,APLUS REGO N SERVICE CENTRE PTY LTD,1,company;service,1
180,1-4J5Y1EM,MVRL64275,APPLETON AUTOMOTIVE PTY LTD,1,company;service,1
181,1-9VAKCX,MVRL47796,Applied Mechanical Repairs Pty Ltd,1,company;service,1
182,1-XT3-2708,MVRL27652,AR Pty Ltd,1,company;service,1
183,1-4J7H9YE,MVRL64295,AR TRANSMISSION PTY LTD,1,company;service,1
184,1-3S8NETY,MVRL60205,ARCHCORP HOLDINGS PTY LTD,1,company;service,1
185,1-XSI-297,MVRL1107,Archer's Motor Repairs Pty Ltd,1,company;service,1
186,1-45R9HTI,MVRL61922,Arcu Pty Ltd,1,company;service,1
187,1-3FJ8D5W,MVRL56816,ARDYS AUTOMOTIVE SERVICES PTY LTD,1,company;service,1
188,1-3LYW12K,MVRL58446,Argyle Automotive Pty Ltd,1,company;service,1
189,1-4IFXPI6,MVRL64154,ARMOUR AUTOMOTIVE SERVICES PTY LTD,1,company;service,1
190,1-1S315XX,MVRL52608,Arraco Pty Ltd,1,company;service,1
191,1-3D6SMJD,MVRL56613,ARRB Mechanical Pty Ltd,1,company;service,1
192,1-3NOIU9M,MVRL59096,ARROWSMITH AUTOMOTIVE PTY LTD,1,company;service,1
193,1-1EAM7IS,MVRL51610,ARS Radiators Australia Pty Ltd,1,company;service,1
194,1-464WIW0,MVRL61995,Artarmon Auto & Air Pty Limited,1,company;service,1
195,1-3DEDTDL,MVRL56791,Artarmon Mechanical Repairs Pty Ltd,1,company;service,1
196,1-3W30QD2,MVRL60635,ASCH GROUP PTY LTD,1,company;service,1
197,1-4FFE2FE,MVRL63690,ASHBURY SERVICE CENTRE PTY LTD,1,company;service,1
198,1-3OEBBVS,MVRL59264,Ashmore Mechanical Pty Ltd,1,company;service,1
199,1-3ZYCNI4,MVRL61215,ASM REPAIRS PTY LTD,1,company;service,1
200,1-38MLLW,MVRL45856,ASR Automotive Pty Ltd,1,company;service,1
201,1-423C8OH,MVRL61514,ASR Automotive Repairs Pty Ltd,1,company;service,1
202,1-XTH-3138,MVRL8869,Astavel Pty Ltd,1,company;service,1
203,1-3QJ308K,MVRL59816,At Call Auto Services Pty Ltd,1,company;service,1
204,1-2A4LLNH,MVRL53570,ATBI Pty Ltd,1,company;service,1
205,1-XTH-2890,MVRL8225,Ateco Automotive Pty Ltd,1,company;service,1
206,1-3QIZ0R0,MVRL59778,ATELIER AUTOMOTIVE PTY LTD,1,company;service,1
207,1-3LZSV2E,MVRL58511,AURAMOTIVE MECHANICAL SERVICES PTY LTD,1,company;service,1
208,1-21FWF1V,MVRL53128,Aus Auto Repairs Pty Ltd,1,company;service,1
209,1-4DJJZOU,MVRL63310,Aus Prestige Repairs Pty Ltd,1,company;service,1
210,1-XTB-2527,MVRL38208,Ausind Export & Import Pty Ltd,1,company;service,1
211,1-1469MWS,MVRL50908,Auslank Mechanical Repairs Pty Ltd,1,company;service,1
212,1-XTB-4156,MVRL40982,Auspeed Pty Ltd,1,company;service,1
213,1-4BI6D70,MVRL62965,AUSPLANT MECHANICAL SERVICES PTY LTD,1,company;service,1
214,1-2Y47WQL,MVRL54704,Austate Enterprises Pty Ltd,1,company;service,1
215,1-XTH-514,MVRL43340,Austech Motors Pty Ltd,1,company;service,1
216,1-468ARZ,MVRL46331,Austeire Contractors Pty Ltd,1,company;service,1
217,1-3IF4W1G,MVRL57267,AUSTRALIA MECHANICAL REFRIGERATION PTY LTD,1,company;service,1
218,1-3PWN416,MVRL59559,Australian Auto Network Pty Ltd,1,company;service,1
219,1-C62R79,MVRL47998,Australian Brake Controls Pty Ltd,1,company;service,1
220,1-XTH-1034,MVRL44270,Australian Transmission Centre Pty Ltd,1,company;service,1
221,1-3YQRYUA,MVRL61018,AUSWIDE VEHICLE SERVICES PTY LTD,1,company;service,1
222,1-380949B,MVRL55851,AUTHENTIC AUTOMOTIVE PTY LTD,1,company;service,1
223,1-3OZV7D6,MVRL59518,AUTO AIR WORLD PTY LTD,1,company;service,1
224,1-36JK9PR,MVRL55633,Auto Assist Pty Ltd,1,company;service,1
225,1-3SP1HG4,MVRL60194,AUTO AUSTRALIA PTY LTD,1,company;service,1
226,1-38HETR1,MVRL55889,AUTO CONSULT HOLDINGS PTY LTD,1,company;service,1
227,1-1H3OOTA,MVRL51952,Auto Day Care Pty Ltd,1,company;service,1
228,1-2X2B21X,MVRL54735,Auto Elements Pty Ltd,1,company;service,1
229,1-3P7N31L,MVRL59478,Auto Enginuity Pty Ltd,1,company;service,1
230,1-405706S,MVRL61236,Auto Express Australia Pty Ltd,1,company;service,1
231,1-XTB-1029,MVRL35539,Auto Express Pty Ltd,1,company;service,1
232,1-3ZAR3MY,MVRL61169,AUTO FIX PADSTOW PTY LTD,1,company;service,1
233,1-4E7R3KF,MVRL63489,Auto Heidar Service and Repair Car Center Pty Ltd,1,company;service,1
234,1-2W0DX0J,MVRL54627,Auto Motor Care Pty Ltd,1,company;service,1
235,1-OUX26A,MVRL49453,Auto Parlour Pty Ltd,1,company;service,1
236,1-1H8WQNN,MVRL51880,Auto Plex Pty Ltd,1,company;service,1
237,1-40GQUYO,MVRL61281,AUTO PLUS GROUP PTY LTD,1,company;service,1
238,1-ZW93O6,MVRL50530,Auto Repair Guy Pty Ltd,1,company;service,1
239,1-3154PGP,MVRL54920,Auto Solutions NSW Pty Ltd,1,company;service,1
240,1-4GB0ORW,MVRL63812,AUTO SOLUTIONS YASS PTY LTD,1,company;service,1
241,1-43J13QS,MVRL61709,AUTO SUPPORT PTY. LTD.,1,company;service,1
242,1-3278TPF,MVRL55057,AUTO TIGER PTY LTD,1,company;service,1
243,1-46U092I,MVRL62102,Auto Watt Pty Ltd,1,company;service,1
244,1-3THNMKD,MVRL60233,Auto Works Australia Pty Ltd,1,company;service,1
245,1-293XTPN,MVRL53510,Autocraze Auto Centre Pty Ltd,1,company;service,1
246,1-35Y7ZRN,MVRL55575,Automate Car Care Pty Ltd,1,company;service,1
247,1-XTH-1423,MVRL4933,Automatic Transmission Services Pty Ltd,1,company;service,1
248,1-4DPE4S1,MVRL63186,AUTOMOTIVE ELITE GROUP NO 3 PTY LTD,1,company;service,1
249,1-496WVS4,MVRL62532,AUTOMOTIVE ENGINEERS PTY LTD,1,company;service,1
250,1-XTH-737,MVRL43727,Automotive Gallery Newcastle Pty Ltd,1,company;service,1
251,1-4A0SY54,MVRL62542,Automotive Investment Group Pty Ltd,1,company;service,1
252,1-61NPYZ,MVRL47068,Automotive Investments Pty Ltd,1,company;service,1
253,1-287F49K,MVRL53463,Automotive Mechanical Repair Centre Pty Limited,1,company;service,1
254,1-3UC4UYO,MVRL60419,Automotive Options Pty Ltd,1,company;service,1
255,1-XT3-193,MVRL22230,Automotive Professionals Pty Ltd,1,company;service,1
256,1-4BKAT62,MVRL63074,Automotive Service Masters Pty Ltd,1,company;service,1
257,1-36Z30EZ,MVRL55751,Automotive Skills Pty Ltd,1,company;service,1
258,1-3SMGQJK,MVRL60227,Automotive Solutions Qld Pty Ltd,1,company;service,1
259,1-2BKYJ63,MVRL53724,Automotive Surgery Pty Ltd,1,company;service,1
260,1-450I7G4,MVRL61919,Automotive Technologies Group Pty Ltd,1,company;service,1
261,1-XTB-2003,MVRL37272,Automotive Unlimited Pty Ltd,1,company;service,1
262,1-1ET9XKH,MVRL51700,Autonova Automotive Pty Ltd,1,company;service,1
263,1-3QQ9BR8,MVRL59819,Autopro MegaStores Pty Ltd,1,company;service,1
264,1-357HP9,MVRL45701,Autotech Automotive Services (World Square) Pty Ltd,1,company;service,1
265,1-4H1MDVG,MVRL64090,AUTOTEK AUSTRALIA PTY. LTD.,1,company;service,1
266,1-MZ7IXR,MVRL49210,Autowerks Automotive Pty Ltd,1,company;service,1
267,1-5G4VSO,MVRL46919,AVA Automotive Pty Ltd,1,company;service,1
268,1-F4QYY1,MVRL48319,Avantcruiser Pty Ltd,1,company;service,1
269,1-3PLWRNF,MVRL59476,Avickers Pty Ltd,1,company;service,1
270,1-XT3-3649,MVRL29546,Avoca Auto Services Pty Ltd,1,company;service,1
271,1-44KWT3W,MVRL61849,AWC Mechanical Pty Ltd,1,company;service,1
272,1-45B1TII,MVRL61912,Axis Automotive Repair Pty Ltd,1,company;service,1
273,1-1Y61AF1,MVRL52989,Ayers Automotive Pty Ltd,1,company;service,1
274,1-4DEAQW0,MVRL63228,AYM AUTOMOTIVE PTY LTD,1,company;service,1
275,1-4GGYVBC,MVRL63870,AZ Automotive Pty Ltd,1,company;service,1
276,1-3FYS4JW,MVRL56848,AZNU AUTOMOTIVE PTY LTD,1,company;service,1
277,1-18RJ5GL,MVRL51403,B & B Car Service and Repairs Pty Ltd,1,company;service,1
278,1-XSI-4288,MVRL20232,B & C Automotive Repairs Pty Ltd,1,company;service,1
279,1-49YXG0I,MVRL62706,B & D Automotive Repairs Pty Ltd,1,company;service,1
280,1-1RFUXP1,MVRL52575,B & H Automotive Pty Ltd,1,company;service,1
281,1-82P4JM,MVRL47580,B & J Byrne Pty Ltd,1,company;service,1
282,1-3COYO5A,MVRL56461,B & N Jones Pty Ltd,1,company;service,1
283,1-XTB-2857,MVRL38806,B & T Automotive Service & Repairs Pty Ltd,1,company;service,1
284,1-3PYP2TC,MVRL59582,B C Auto Care Pty Ltd,1,company;service,1
285,1-1J3W1GK,MVRL52018,B J R Automotive Pty Ltd,1,company;service,1
286,1-3TT5EQI,MVRL60444,B L Motors Pty Ltd,1,company;service,1
287,1-2SP36RX,MVRL54484,B P M Automotive Pty Ltd,1,company;service,1
288,1-313OM6,MVRL45572,B S Auto Pty Ltd,1,company;service,1
289,1-35E467K,MVRL55490,B&R SHIELDS PTY LTD,1,company;service,1
290,1-23M8GPF,MVRL53230,B&W Auto Pty Ltd,1,company;service,1
291,1-52MGWH,MVRL46820,B.M.A. Auotmotive Repairs Pty Ltd,1,company;service,1
292,1-4DMOZ38,MVRL63388,B2S AUTO SERVICES PTY LTD,1,company;service,1
293,1-3LNJ2B0,MVRL58337,B2X MANAGEMENT PTY LTD,1,company;service,1
294,1-45AUVE0,MVRL61927,Baba Tarandas Pty Ltd,1,company;service,1
295,1-3K1LES2,MVRL57829,BACAPA AUTOMOTIVE AND DIAGNOSTICS PTY LTD,1,company;service,1
296,1-4FMBJQM,MVRL63738,BADRA GROUP PTY LTD,1,company;service,1
297,1-32Z89G,MVRL45619,Bahrams Services Pty Ltd,1,company;service,1
298,1-3FC10JM,MVRL56793,Bailey's Garage Pty Ltd,1,company;service,1
299,1-XTH-2233,MVRL668,Bainbridge Automotive Services Pty Ltd,1,company;service,1
300,1-3J6OV7V,MVRL57428,Bal Auto Repairs Pty Ltd,1,company;service,1
301,1-XTB-4122,MVRL4092,Balgowlah Automotive Pty Ltd,1,company;service,1
302,1-XTH-188,MVRL42824,Balmain Automotive Pty Ltd,1,company;service,1
303,1-XTH-1124,MVRL44440,Balmain Mechanical Repairs Pty Ltd,1,company;service,1
304,1-RRYSV8,MVRL49765,Bangalow Auto Centre Pty Ltd,1,company;service,1
305,1-38C5HVN,MVRL55877,BAROOGA SERVICE CENTRE PTY LTD,1,company;service,1
306,1-3CPU28P,MVRL56421,Barr Automotive Pty Ltd,1,company;service,1
307,1-XTH-1752,MVRL5659,Barry Hill Motors (NSW) Pty Ltd,1,company;service,1
308,1-XTB-4145,MVRL40962,Barry Roberts Automotive Pty Ltd,1,company;service,1
309,1-RR6AYM,MVRL49750,Bartlett Automotive (Aust) Pty Ltd,1,company;service,1
310,1-47YI0UX,MVRL62402,Barwon Mechanical & Contracting Ptu Ltd,1,company;service,1
311,1-NJXUHP,MVRL49293,Basha Auto Salon Pty Ltd,1,company;service,1
312,1-XT3-1119,MVRL24223,Baskins Service Centre Pty Ltd,1,company;service,1
313,1-3TILZSA,MVRL60385,Basso Automotive Pty Ltd,1,company;service,1
314,1-45VUI1U,MVRL61966,BAYSHORE DRIVE MOTORS PTY LTD,1,company;service,1
315,1-4BE5SCU,MVRL62963,BCN AUTO GROUP PTY LTD,1,company;service,1
316,1-2WA2CT0,MVRL54616,BD Multi Co Pty Ltd,1,company;service,1
317,1-47XFGEK,MVRL62295,BDS DUBBO PTY LTD,1,company;service,1
318,1-XSI-4770,MVRL21278,Beacon Motors Pty Ltd,1,company;service,1
319,1-3UL4S8A,MVRL60557,BEAR'S AUTO GROUP PTY LTD,1,company;service,1
320,1-47HHERI,MVRL62341,BEARS AUTO SOLUTIONS PTY LTD,1,company;service,1
321,1-4EE7EQU,MVRL63521,BEARS AUTO TAREN POINT PTY LTD,1,company;service,1
322,1-6EATSS,MVRL47130,Beauchamp Automotive Pty Ltd,1,company;service,1
323,1-XTH-2084,MVRL6392,Bebco Automotive Service Pty Ltd,1,company;service,1
324,1-3G8QV4V,MVRL56925,Beck's Automotive Pty Ltd,1,company;service,1
325,1-4KI32GX,MVRL64373,Beechey Garage Pty Ltd,1,company;service,1
326,1-48XMOSK,MVRL62544,BELCAT08 PTY LTD,1,company;service,1
327,1-45IPDIG,MVRL61953,Belgrave Automotive Pty Ltd,1,company;service,1
328,1-U7WGVU,MVRL49917,Belicooh Enterprises Pty Ltd,1,company;service,1
329,1-3MXXFL2,MVRL58847,BELL VALLEY PARTNERSHIP PTY LTD,1,company;service,1
330,1-3O2HKWQ,MVRL59030,BELL'S AUTOMOTIVE PTY LTD,1,company;service,1
331,1-XTB-1181,MVRL35794,Bellevue Automotive Centre Pty Ltd,1,company;service,1
332,1-33QPYJ,MVRL45650,Belmont Motor Repairs Pty Limited,1,company;service,1
333,1-3IM759H,MVRL57278,BELMONTE MECHANICAL PTY LTD,1,company;service,1
334,1-HCH1OH,MVRL48574,Belmore Motor Works Pty Ltd,1,company;service,1
335,1-4QC0IN,MVRL46634,Ben Baden Services Pty Ltd,1,company;service,1
336,1-44C7CNC,MVRL61851,Benno Mechanical Pty Ltd,1,company;service,1
337,1-3VRHXF8,MVRL60722,BENNYS AUTO PTY LTD,1,company;service,1
338,1-3YWRCUG,MVRL61050,BENTAY PTY LTD,1,company;service,1
339,1-ZFYHM8,MVRL50512,Beresfield Automotive Pty Ltd,1,company;service,1
340,1-3HV3W30,MVRL57317,BERMAGUI MOTOR WORKS PTY LTD,1,company;service,1
341,1-3OUMEJC,MVRL59227,BERMI AUTOS PTY LTD,1,company;service,1
342,1-34PX8XN,MVRL55457,BEST AUTO SERVICE CENTRE PTY LTD,1,company;service,1
343,1-352VBC5,MVRL55543,BEST BITS PTY LTD,1,company;service,1
344,1-1B91AH9,MVRL51555,Best Car Maintenance Pty Ltd,1,company;service,1
345,1-4C2DCVU,MVRL62969,BEST MATES' MECHANICAL PTY LTD,1,company;service,1
346,1-WXA3VN,MVRL50207,Better Brakes Better Car Servicing Pty Ltd,1,company;service,1
347,1-4HE0NR5,MVRL63931,Better Value Motors Pty Ltd,1,company;service,1
348,1-3QCO9SM,MVRL59769,BEYOND AUTO PTY LTD,1,company;service,1
349,1-3Q2ECL6,MVRL59606,BG & DZ SERVICES PTY LTD,1,company;service,1
350,1-36PM6X,MVRL45704,Bhagowal Holdings Pty Ltd,1,company;service,1
351,1-4BX1XXO,MVRL63023,BHAVYA MOTORS PTY LTD,1,company;service,1
352,1-28Y7WIN,MVRL53490,Bhogal Auto Pty Ltd,1,company;service,1
353,1-49XU6I4,MVRL62752,BIG MICKS AUTO PTY LTD,1,company;service,1
354,1-4CLWX84,MVRL63044,Big T & Sons Auto Pty Ltd,1,company;service,1
355,1-XTB-132,MVRL32706,Big T Automotive Pty Ltd,1,company;service,1
356,1-XT3-1475,MVRL25039,Bill Buckle Autos Pty Ltd,1,company;service,1
357,1-XT3-3000,MVRL28240,Bill Robinson Automotive Pty Limited,1,company;service,1
358,1-XTB-4220,MVRL41074,Bill's Mechanical Repairs Pty Ltd,1,company;service,1
359,1-XSI-3907,MVRL19452,Bird Automotive Repairs Pty Ltd,1,company;service,1
360,1-XTB-2887,MVRL10369,Biti Motors Pty Ltd,1,company;service,1
361,1-45AD516,MVRL62001,BIZ SYSTEMS PTY LTD,1,company;service,1
362,1-433XSMG,MVRL61684,Bizzarrini Pty Ltd,1,company;service,1
363,1-3F1KY7J,MVRL56838,BJF Mechanical Repairs Pty Ltd,1,company;service,1
364,1-Y8S9MD,MVRL50380,BJM Mechanical Pty Ltd,1,company;service,1
365,1-3TH59V7,MVRL60231,BJMan Pty Ltd,1,company;service,1
366,1-6VRW47,MVRL47268,BKB Motor Vehicle Repairs Pty Ltd,1,company;service,1
367,1-4FFHWZG,MVRL63688,BKCP PTY LIMITED,1,company;service,1
368,1-3TK2942,MVRL60281,BLACK DOG AG PTY LTD,1,company;service,1
369,1-4GPLTEK,MVRL63922,BLACKLINE AUTOMOTIVE PTY LTD,1,company;service,1
370,1-XTB-658,MVRL34777,Blacktown Service Centre Pty Ltd,1,company;service,1
371,1-4DTRO1Q,MVRL63304,BLANDFORD MECHANICAL PTY LTD,1,company;service,1
372,1-K4HXDO,MVRL48879,BLC Auto Repairs Pty Ltd,1,company;service,1
373,1-48VQIK2,MVRL62648,BLESSINGS WGJ AUTOS PTY LTD,1,company;service,1
374,1-3WG5K5L,MVRL60862,BLG Mechanical & Contracting Pty Ltd,1,company;service,1
375,1-4BT1NJ2,MVRL63059,BLUE AUTOMOTIVE PTY LTD,1,company;service,1
376,1-3MU0B77,MVRL58627,Blue Flame Automotive Pty Ltd,1,company;service,1
377,1-18YFPJZ,MVRL51399,Blue Mechanical Services Pty Ltd,1,company;service,1
378,1-3I908IV,MVRL57351,Bluecircle Auto Care Pty Ltd,1,company;service,1
379,1-33JSWQB,MVRL55161,BM Automotive Singleton Pty Ltd,1,company;service,1
380,1-1MTMBYP,MVRL52230,BM Pro Service Centre Pty Ltd,1,company;service,1
381,1-4H1WJ5G,MVRL64016,BMB AUTOMOTIVE INDUSTRIES PTY LTD,1,company;service,1
382,1-4JO83T2,MVRL64381,BMM MOTOR MECHANIC PTY LTD,1,company;service,1
383,1-3UH8WL8,MVRL60483,BMP AUTOMOTIVE PTY LTD,1,company;service,1
384,1-4D5XY8M,MVRL63312,BMT REPAIRS PTY LTD,1,company;service,1
385,1-4INPZG8,MVRL64239,BNJ AUTO MECHANICS PTY LTD,1,company;service,1
386,1-49F2SUG,MVRL62627,BNR & CO PTY LTD,1,company;service,1
387,1-3GQZO7Y,MVRL57045,BNZ Automotives Pty Ltd,1,company;service,1
388,1-XTH-735,MVRL43724,Bodytech Automotive Pty Ltd,1,company;service,1
389,1-4EDWFRY,MVRL63462,BODYTECH SERVICES PTY LTD,1,company;service,1
390,1-10D6N7T,MVRL50633,Bogan Mechanical Industries Pty Ltd,1,company;service,1
391,1-XTB-4554,MVRL41710,Bohemian Repairs Pty Ltd,1,company;service,1
392,1-1456UYB,MVRL50922,Boltorque Automotive Pty Ltd,1,company;service,1
393,1-2N10F5D,MVRL54310,Bomzan Automotive Service Pty Ltd,1,company;service,1
394,1-1WR6O7Q,MVRL52892,Bond Auto Tech Pty Ltd,1,company;service,1
395,1-2N9YM33,MVRL54346,Bondi  Beach Mechanic Pty Ltd,1,company;service,1
396,1-35T103X,MVRL55640,BONDI AUTO REPAIRS PTY LTD,1,company;service,1
397,1-3UEX8N8,MVRL60548,Bondi Motor Works Pty Ltd,1,company;service,1
398,1-35CV00,MVRL45680,Bonds Rd Autotech Pty Ltd,1,company;service,1
399,1-ML7O10,MVRL49143,Boomerang Motors Pty Ltd,1,company;service,1
400,1-XTH-1078,MVRL44362,Borgmann Pty Ltd,1,company;service,1
401,1-4BEE2IG,MVRL62910,BOSS BUILT AUTOMOTIVE PTY LTD,1,company;service,1
402,1-2APZLS4,MVRL53631,Botany Bay Mechanical Repairs Pty Ltd,1,company;service,1
403,1-GEOUAB,MVRL48540,Bottrell Mechanics Pty Ltd,1,company;service,1
404,1-XTB-2518,MVRL38195,Boumeci Automotive Services Pty Ltd,1,company;service,1
405,1-XT3-1241,MVRL2447,Bowers Repairs Pty Ltd,1,company;service,1
406,1-2FOFLMZ,MVRL53739,Boxalls Automotive Pty Ltd,1,company;service,1
407,1-3FGRWX4,MVRL56844,BOZMAN'S MECHANICAL PTY LTD,1,company;service,1
408,1-4MBRG9,MVRL46517,BP McCarthy Pty Ltd,1,company;service,1
409,1-36PACHH,MVRL55758,BPM Prasad Pty Ltd,1,company;service,1
410,1-3AUHPN2,MVRL56070,Brabond Brakes (Penshurst) Pty Ltd,1,company;service,1
411,1-2VKHTYV,MVRL54555,Brad Tilley Auto Garage Pty Ltd,1,company;service,1
412,1-3TEQIF4,MVRL60327,BRAD'S AUTO REPAIRS PTY LTD,1,company;service,1
413,1-3NSNESU,MVRL59058,BRAD'S MECHANICAL REPAIRS PTY LTD,1,company;service,1
414,1-3W9GJIC,MVRL60929,BRADBURY AUTOMOTIVE PTY LTD,1,company;service,1
415,1-4812UMC,MVRL62239,Brady Motors Pty Ltd,1,company;service,1
416,1-VD6C07,MVRL50054,Brarrmon Enterprises Pty Ltd,1,company;service,1
417,1-21G1RKT,MVRL53108,Breakdown Services Australia Pty Ltd,1,company;service,1
418,1-XTH-1010,MVRL44221,Brell Optimal Sports & Style Tuning Pty Ltd,1,company;service,1
419,1-WSGASW,MVRL50188,Brentech Automotive Pty Ltd,1,company;service,1
420,1-2C2HUFC,MVRL53695,Brett Hardy Mechanical Repairs Young Pty Ltd,1,company;service,1
421,1-2GL0MCB,MVRL53829,Bretts Diff and Gear Pty Ltd,1,company;service,1
422,1-1VBVSV6,MVRL52768,Brian Foley Automotive 2004 Pty Ltd,1,company;service,1
423,1-XA9NAT,MVRL50263,Brian Hilton Motors (Wyoming) Pty Ltd,1,company;service,1
424,1-XSI-3729,MVRL19074,Brian Potts Automotive Pty Ltd,1,company;service,1
425,1-XTH-1145,MVRL44481,Bricknell Radiators Pty Ltd,1,company;service,1
426,1-XT3-955,MVRL23858,Bridge Auto Repairs Pty Ltd,1,company;service,1
427,1-1LS324Z,MVRL52249,Bridge Maintenance Services Pty Limited,1,company;service,1
428,1-3BACWS4,MVRL56217,BRILINC PTY LTD,1,company;service,1
429,1-XTB-2131,MVRL37486,Brise & Family Co Pty Ltd,1,company;service,1
430,1-XT3-1064,MVRL24083,British & Swedish Motors Pty Ltd,1,company;service,1
431,1-4H04DAQ,MVRL64022,BRK AUTO GROUP PTY LTD,1,company;service,1
432,1-XTB-248,MVRL32930,Brody Automotive Pty Ltd,1,company;service,1
433,1-1O7HIM3,MVRL52630,Brookvale Auto Service Pty Ltd,1,company;service,1
434,1-38WP4NX,MVRL55959,Brother's General Services Pty Ltd,1,company;service,1
435,1-4BNDNGE,MVRL63090,Bru's Workshop Pty Ltd,1,company;service,1
436,1-1UWL5R5,MVRL52785,Brytore Pty Ltd,1,company;service,1
437,1-4GR2REE,MVRL63986,BS Wilson Holdings Pty Ltd,1,company;service,1
438,1-3QUGWY8,MVRL59862,BSCL GROUP PTY LTD,1,company;service,1
439,1-43JA59O,MVRL61710,BT & SM IRONS PTY LTD,1,company;service,1
440,1-XTB-3601,MVRL39994,Buck Holdings Pty Ltd,1,company;service,1
441,1-313GDJN,MVRL55067,Bundyi Aboriginal Cultural Knowledge Back Aboriginal Corporation,1,company;service,1
442,1-G5TXKC,MVRL48509,Burcher Enterprises Pty Ltd,1,company;service,1
443,1-XSI-0,MVRL10,Burt Bros Automotive Services Pty Ltd,1,company;service,1
444,1-3D3T934,MVRL56528,BURWOOD MECHANICAL & AUTOMATICS PTY LIMITED,1,company;service,1
445,1-4014SWU,MVRL61211,Buy And Sell Autos Pty Ltd,1,company;service,1
446,1-45QOO1A,MVRL61972,BV AUTO CENTRE PTY LTD,1,company;service,1
447,1-2ACPEX3,MVRL53581,BW Automotive Services Pty Ltd,1,company;service,1
448,1-2J4R011,MVRL53952,BWA Auto Pty Ltd,1,company;service,1
449,1-P0CMXV,MVRL49469,C & C's Mechanical Pty Ltd,1,company;service,1
450,1-1JEYX8K,MVRL52015,C & J Mechanical Pty Ltd,1,company;service,1
451,1-3IVYR9M,MVRL57343,C & N AUTOMOTIVE SERVICES PTY LTD,1,company;service,1
452,1-49XUSX6,MVRL62710,C & P Automotive Engineers Pty Ltd,1,company;service,1
453,1-XTB-1180,MVRL35793,C & T Auto-Mechanical Repairs Pty Ltd,1,company;service,1
454,1-3OOZGY8,MVRL59193,C & W HERBERT PTY LTD,1,company;service,1
455,1-XT3-770,MVRL23431,C and D Wickham Mechanical Repairs Pty Ltd,1,company;service,1
456,1-3LD0AIO,MVRL58326,C OUR MECHANICS PTY LTD,1,company;service,1
457,1-1JTKI7X,MVRL52070,C R Barnes Pty Ltd,1,company;service,1
458,1-4C1ACOQ,MVRL62999,C&C CONTRACTING PTY LTD,1,company;service,1
459,1-4JIIISY,MVRL64392,C&D BREAKDOWN AND MECHANICAL SOLUTIONS PTY LTD,1,company;service,1
460,1-3Z6W7F6,MVRL61177,C.A.R ALTINOGLU PTY LTD,1,company;service,1
461,1-QBZWVG,MVRL49655,Cabramatta Auto Repair Centre Pty Ltd,1,company;service,1
462,1-4J7SOO2,MVRL64257,Calibre Auto Works Pty Ltd,1,company;service,1
463,1-3N1HYM4,MVRL58765,CAMDEN MECHANICAL PTY LTD,1,company;service,1
464,1-3DAC0RA,MVRL56505,Cameron Rosser Mechanical Pty Ltd,1,company;service,1
465,1-3JIHJQW,MVRL57490,CAMPSIE AUTOMOTIVE PTY LTD,1,company;service,1
466,1-41R61EQ,MVRL61523,Cams Auto Pty Ltd,1,company;service,1
467,1-3MOZSN2,MVRL58618,Capebear Pty. Ltd,1,company;service,1
468,1-3A6TFTR,MVRL56072,CAPITAL AUTO SPARK PTY LTD,1,company;service,1
469,1-F5YZSI,MVRL48333,Capital Smart Repairs Australia Pty Ltd,1,company;service,1
470,1-4E9CBEN,MVRL63504,Car Care Garage Pty Ltd,1,company;service,1
471,1-4FAGFV9,MVRL63614,Car Master Auto Pty Ltd,1,company;service,1
472,1-3PICKE2,MVRL59297,Car Master Automotive Pty Ltd,1,company;service,1
473,1-48IULCQ,MVRL62412,Car Service Hub Pty Ltd,1,company;service,1
474,1-XT3-1608,MVRL25358,Car-Pro Automotive Transmissions P/L,1,company;service,1
475,1-3J0F5QQ,MVRL57498,Carburettor & EFI Service Co Pty Ltd,1,company;service,1
476,1-3EN5ET2,MVRL56786,CARINGBAH AUTO REPAIRS & SERVICE PTY LTD,1,company;service,1
477,1-3HMIMM2,MVRL57116,Carizma Motors Pty Ltd,1,company;service,1
478,1-XTB-4635,MVRL41894,Carline Automotive Pty Ltd,1,company;service,1
479,1-XTB-681,MVRL34813,Carlingford Automotive Service Centre Pty Ltd,1,company;service,1
480,1-XSI-2180,MVRL15657,Carlonia Pty Ltd,1,company;service,1
481,1-4IBTCRI,MVRL64174,CARLTON AUTOMOTIVE PTY LTD,1,company;service,1
482,1-YTGMZF,MVRL50437,Carlton Car Care Pty Ltd,1,company;service,1
483,1-3PIWU6U,MVRL59465,Carma Auto Pty Ltd,1,company;service,1
484,1-47JNISU,MVRL62275,Carotech Automotive (RJO) Pty Ltd,1,company;service,1
485,1-3OXSM9F,MVRL59236,Carr Auto & Air Services Pty Ltd,1,company;service,1
486,1-3LKXA2U,MVRL58988,CARS FROM JAPAN PTY LTD,1,company;service,1
487,1-3U2YX4U,MVRL60394,Cars King Sydney Pty Ltd,1,company;service,1
488,1-484Q0PC,MVRL62471,CARTER MECHANICAL SOLUTIONS PTY LTD,1,company;service,1
489,1-460KFHC,MVRL62032,CARTORQUE AUTOMOTIVE PTY LTD,1,company;service,1
490,1-38XSZO3,MVRL55948,Casella Motors Pty Ltd,1,company;service,1
491,1-4GO3YM5,MVRL63793,Caslol Pty Ltd,1,company;service,1
492,1-XT3-634,MVRL23156,Castle Hill Auto Repairs Pty Ltd,1,company;service,1
493,1-L5DDBZ,MVRL49029,Castle Hill Autos No 1 Pty Ltd,1,company;service,1
494,1-3NF1P7N,MVRL58817,CAW Mechanical Pty Ltd,1,company;service,1
495,1-34W1WU,MVRL45672,CC Imports (Aust) Pty Ltd,1,company;service,1
496,1-4JHWT6C,MVRL64399,CCU AUTO TRIM PTY LIMITED,1,company;service,1
497,1-4DPOW6U,MVRL63416,CEC AUTOMOTIVE PTY LTD,1,company;service,1
498,1-3BTQNGN,MVRL56381,CENTRAL AUTO CARE PTY LTD,1,company;service,1
499,1-XSI-3198,MVRL1791,Central Coast Clutch & Brake Pty Ltd,1,company;service,1
500,1-48VODK4,MVRL62538,CENTRAL EAST MECHANICAL PTY LTD,1,company;service,1
501,1-946SE3,MVRL47708,Central Transmissions Pty Ltd,1,company;service,1
502,1-3W1LRPA,MVRL60733,CERATO E B PTY LTD,1,company;service,1
503,1-3J08MXB,MVRL57349,Certified Autos Pty. Ltd.,1,company;service,1
504,1-XTB-3007,MVRL38900,Cetin Pty Ltd,1,company;service,1
505,1-3WW4P9Y,MVRL60841,CGJ MECHANICAL PTY LTD,1,company;service,1
506,1-2IN2GP8,MVRL53848,Chain Automotive Pty Ltd,1,company;service,1
507,1-41O8FJS,MVRL61524,Champion Auto Pty Ltd,1,company;service,1
508,1-33LUIW1,MVRL55213,Champion Mechanical Repair Pty Ltd,1,company;service,1
509,1-4CKJJKU,MVRL63026,Champion Repair Centre Pty Ltd,1,company;service,1
510,1-158JWY2,MVRL51038,Chapman Brothers Pty Ltd,1,company;service,1
511,1-T3L8ZP,MVRL49808,Charlestown Steering Services Pty Ltd,1,company;service,1
512,1-3K6J56U,MVRL57696,CHARLINGTON GROUP PTY LTD,1,company;service,1
513,1-3QEWDAG,MVRL59701,CHARM MOTORS PTY LTD,1,company;service,1
514,1-4BIJHJG,MVRL62892,Chenzo's Garage Pty Ltd,1,company;service,1
515,1-47CZD12,MVRL62221,Cherry Service Centre Pty Ltd,1,company;service,1
516,1-3X1CXR0,MVRL60894,Cherry's Automotive Repairs Pty Ltd,1,company;service,1
517,1-3ZAQFHI,MVRL61078,Chester Hill Automotive Pty Ltd,1,company;service,1
518,1-461O0YC,MVRL62060,Chhatwal Pty Ltd,1,company;service,1
519,1-XTB-2134,MVRL37492,Chilli Auto Repairs Pty Ltd,1,company;service,1
520,1-3NQ4SEG,MVRL59056,CHIP TUNING PTY LTD,1,company;service,1
521,1-3NLPLTM,MVRL58947,CHLOUPEK & CURNOW PTY LTD,1,company;service,1
522,1-3JWFM4O,MVRL57721,Choice Automotive Repairs Pty Ltd,1,company;service,1
523,1-38SYBLJ,MVRL55929,CHUBBY WELSH AUTOMOTIVE PTY. LIMITED,1,company;service,1
524,1-XSI-2998,MVRL1745,Church-Hill Service Station Pty Ltd,1,company;service,1
525,1-XTB-2736,MVRL38588,Cinnok Holdings Pty Ltd,1,company;service,1
526,1-XTB-1296,MVRL35976,City Automotive & LPG Specialists Pty Ltd,1,company;service,1
527,1-2GC2TSA,MVRL53806,City European Automotive Pty Ltd,1,company;service,1
528,1-3PT5T8C,MVRL59510,City Prestige Mechanical Pty Ltd,1,company;service,1
529,1-3JABMX6,MVRL57461,City West Automotive Pty Ltd,1,company;service,1
530,1-41SYOIA,MVRL61441,Civic Collection Services Pty Ltd,1,company;service,1
531,1-44AX7Y2,MVRL61894,Civil One Group Pty Ltd,1,company;service,1
532,1-409THTG,MVRL61218,CJ MECHANICAL PTY LTD,1,company;service,1
533,1-45G0ZAE,MVRL61960,CJM AUTOMOTIVE PTY LTD,1,company;service,1
534,1-4ARR32G,MVRL62812,CJS AUTO PTY. LTD.,1,company;service,1
535,1-3MGWHYA,MVRL58595,CLARENCE VALLEY AUTOMOTIVE PTY LTD,1,company;service,1
536,1-45XUHOS,MVRL61955,Clarkies Motors Pty Ltd,1,company;service,1
537,1-1UQTGJF,MVRL52759,Clarky's Auto Care Pty Ltd,1,company;service,1
538,1-385I19F,MVRL55859,CLEMENT MECHANICAL PTY LTD,1,company;service,1
539,1-XSI-928,MVRL12541,Cliff Wright Motors Pty Ltd,1,company;service,1
540,1-XTB-3244,MVRL39330,Clintons Motors Pty Ltd,1,company;service,1
541,1-XTB-365,MVRL33161,Clovelly Automotive Services Pty Ltd,1,company;service,1
542,1-384C1T7,MVRL55847,CLYDE MECHANICAL PTY LTD,1,company;service,1
543,1-DSFZXM,MVRL48116,CMC Auto Repairs Pty Ltd,1,company;service,1
544,1-36PACZ5,MVRL55664,CMJ Kazzi Investments Pty Ltd,1,company;service,1
545,1-35ZSJ9R,MVRL55571,CNH Auto Repairs Pty Ltd,1,company;service,1
546,1-1UHY3SV,MVRL52705,Co Co Auto Repairs Pty Ltd,1,company;service,1
547,1-3E20BY,MVRL46002,Coady's Auto Repairs Pty Ltd,1,company;service,1
548,1-37FK43R,MVRL55771,COAST TO COAST MECHANICAL PTY LTD,1,company;service,1
549,1-2MVKHZ,MVRL45222,Coastal Auto Group Pty Ltd,1,company;service,1
550,1-32AXYIJ,MVRL55113,COASTAL DRIVELINE SPECIALIST PTY LTD,1,company;service,1
551,1-1TN7RTT,MVRL52664,Coastline Auto Group Pty Ltd,1,company;service,1
552,1-3Z7SNXA,MVRL61178,COASTWIDE MECHANICAL SERVICES PTY LTD,1,company;service,1
553,1-3WJ9C2C,MVRL60782,Cobb & Co Car Services Pty Ltd,1,company;service,1
554,1-XTB-4462,MVRL41519,Cocoris Automotive Pty Ltd,1,company;service,1
555,1-3ZZ9WOG,MVRL61176,COELAB AUTOMOTIVE PTY LIMITED,1,company;service,1
556,1-333L4CD,MVRL55277,COFFEY MAINTENANCE SERVICES PTY LTD,1,company;service,1
557,1-47YKRMK,MVRL62314,COFFS AUTO SERVICE PTY LTD,1,company;service,1
558,1-XT3-377,MVRL22614,Coghlans Auto Services Pty Ltd,1,company;service,1
559,1-2V7GGN4,MVRL54449,Colan Bros Motors Pty Ltd,1,company;service,1
560,1-357KU8,MVRL45691,Cole Care Repair Centre Pty Ltd,1,company;service,1
561,1-3CS5YE,MVRL45949,Colim Pty Ltd,1,company;service,1
562,1-XSI-116,MVRL1064,Colliers Automotive Services Pty Ltd,1,company;service,1
563,1-4G95O8I,MVRL63786,COMMERCIAL MOTORS CANBERRA PTY LTD,1,company;service,1
564,1-XT3-4150,MVRL3060,Compact Repair Centre Pty Ltd,1,company;service,1
565,1-1MR1K9S,MVRL52294,Concord Mechanical Repairs Pty Ltd,1,company;service,1
566,1-1X6KR2J,MVRL52973,Connolly Automotive Pty Ltd,1,company;service,1
567,1-4KAAAX1,MVRL64362,Continental Motors Pty Ltd,1,company;service,1
568,1-XTB-3080,MVRL39035,Coogee Auto Pty Ltd,1,company;service,1
569,1-14O57Y1,MVRL51033,Coombes Auto Clinic Pty Ltd,1,company;service,1
570,1-48V8300,MVRL62399,COOPER'S MECHANICAL SERVICES PTY LTD,1,company;service,1
571,1-VBFRA0,MVRL50025,Corbeck Pty Ltd,1,company;service,1
572,1-3TSKHA2,MVRL60331,Corney's Automotive Services Pty Ltd,1,company;service,1
573,1-1ZKEIPV,MVRL53006,Corse Automotive Services Pty Ltd,1,company;service,1
574,1-XSI-707,MVRL11950,Cortis Exhaust Systems Pty Ltd,1,company;service,1
575,1-7OU2ZG,MVRL47477,Coseng Australia Pty Ltd,1,company;service,1
576,1-ONW2VY,MVRL49452,Cosmic Entertainment Pty Ltd,1,company;service,1
577,1-4DLCZRN,MVRL63247,Cougar Automotive Pty Ltd,1,company;service,1
578,1-48QAKC4,MVRL62470,Cowan Expert Vehicle Inspections Pty Ltd,1,company;service,1
579,1-3J6QPEG,MVRL57426,COX AUTOMOTIVE SERVICING PTY LTD,1,company;service,1
580,1-2ZJUICK,MVRL54895,Craigs Automatic Transmissions Pty Ltd,1,company;service,1
581,1-XTB-4073,MVRL40829,Cremorne Automotive Services Pty Ltd,1,company;service,1
582,1-XT3-2466,MVRL27080,Cremorne Prestige Service Pty Ltd,1,company;service,1
583,1-4BD5GRP,MVRL63012,Crescent Motors Pty Ltd,1,company;service,1
584,1-41T0W4O,MVRL61626,Cromer Automotive Pty Ltd,1,company;service,1
585,1-XT3-2417,MVRL26989,Cromer Motors Pty Ltd,1,company;service,1
586,1-4820UF0,MVRL62529,CRONULLA SUTHERLAND AUTOMATICS & MECHANICAL PTY LTD,1,company;service,1
587,1-42ZJHYQ,MVRL61637,Croppers Mechanical Repairs South Grafton Pty Ltd,1,company;service,1
588,1-U6508B,MVRL49895,Crowley Automotive Pty Ltd,1,company;service,1
589,1-4G9CVVQ,MVRL63788,CROWN AUTO REPAIRS PTY LTD,1,company;service,1
590,1-XTH-271,MVRL42985,Croydon Park Mechanical Pty Ltd,1,company;service,1
591,1-1JGO3KX,MVRL52059,Crystal St Mechanical Services Pty Ltd,1,company;service,1
592,1-XTH-913,MVRL44032,CS & LM Chapman Pty Ltd,1,company;service,1
593,1-3O6UFEC,MVRL59046,Culliana Pty Ltd,1,company;service,1
594,1-67BEWL,MVRL47107,Cumarar Pty Ltd,1,company;service,1
595,1-4BAG6DY,MVRL62773,D & D SLADE PTY LTD,1,company;service,1
596,1-2XHKC0,MVRL45519,D & K Auto Refinishing Pty Ltd,1,company;service,1
597,1-3FYVWL4,MVRL56815,D & K WALKER PTY LTD,1,company;service,1
598,1-1PCX6A1,MVRL52456,D & P Moon Motor Repairs Pty Ltd,1,company;service,1
599,1-XTH-1302,MVRL4714,D & S Motors (NSW) Pty Ltd,1,company;service,1
600,1-2KYZ8AT,MVRL54093,D H Mechanical Pty Ltd,1,company;service,1
601,1-3ECF1AM,MVRL56675,D J Burnes Automotive Pty Ltd,1,company;service,1
602,1-3RIMU4U,MVRL60051,D SAUNDERS AUTOMOTIVE PTY LTD,1,company;service,1
603,1-4EOKZAW,MVRL63617,D&B AUTOMOTIVE PTY LTD,1,company;service,1
604,1-3QKTS8K,MVRL59868,D&S BROTHERS PTY LTD,1,company;service,1
605,1-OEXOQM,MVRL49352,D.C Auto Repairs Pty Ltd,1,company;service,1
606,1-4D7IX3G,MVRL63193,Damien Seton Mechanical Pty Ltd,1,company;service,1
607,1-4BE40CY,MVRL62889,DANCARL PTY LTD,1,company;service,1
608,1-3J9BVT2,MVRL57451,DANDAN AUTOMOTIVE PTY LTD,1,company;service,1
609,1-2FYYO6T,MVRL53771,Daniell Autogroup Pty Ltd,1,company;service,1
610,1-2VEX1T,MVRL45417,Daniels Automotive Pty Ltd,1,company;service,1
611,1-XT3-1053,MVRL24057,Dantrans Automotive Pty Ltd,1,company;service,1
612,1-4IR7IZU,MVRL64256,Daol Motors Pty Ltd,1,company;service,1
613,1-XTB-1574,MVRL36489,Darkes Road Automotive Pty Ltd,1,company;service,1
614,1-3AXSYAC,MVRL56214,DARKOS AUTOMOTIVE SERVICES PTY LTD,1,company;service,1
615,1-421OHF6,MVRL61501,Darren Reardon Pty Ltd,1,company;service,1
616,1-3YS48KW,MVRL61082,Daryl's Motors Pty Ltd,1,company;service,1
617,1-4IZAVL4,MVRL64322,DATA AUTO MECHANICAL REPAIRS PTY LTD,1,company;service,1
618,1-4DF4ERC,MVRL63330,Daves Garage Co Pty Ltd,1,company;service,1
619,1-15F5930,MVRL51003,David Stansbury Pty Ltd,1,company;service,1
620,1-XT3-1718,MVRL25600,David Woodward Nominees Pty Ltd,1,company;service,1
621,1-XTB-2580,MVRL38293,David's OZ Gas Pty Ltd,1,company;service,1
622,1-3PNRH0E,MVRL59367,Davids Mechanical Repairs Pty Ltd,1,company;service,1
623,1-36WOFA,MVRL45707,Davidsons Garage Pty Ltd,1,company;service,1
624,1-4IWHPLW,MVRL64297,DAVOS MECHANICAL PTY LTD,1,company;service,1
625,1-3D9V0E4,MVRL56565,DAWSON MECHANICAL PTY. LTD.,1,company;service,1
626,1-XTH-521,MVRL43353,Dawson Street Auto Centre Pty Ltd,1,company;service,1
627,1-3VO6GRV,MVRL60609,DC Automotive Pty Ltd,1,company;service,1
628,1-XTH-741,MVRL43731,DCJ Mechanical Pty Ltd,1,company;service,1
629,1-4G2W2Q2,MVRL63835,DCM MECHANICAL PTY LTD,1,company;service,1
630,1-4E44VRA,MVRL63479,DCR MECHANICAL SERVICES PTY LIMITED,1,company;service,1
631,1-BW5PA9,MVRL47986,De-Mototechnics Pty Ltd,1,company;service,1
632,1-2JJRQ83,MVRL53947,Dean's Auto Centre Pty Ltd,1,company;service,1
633,1-451IABA,MVRL62091,DEE AUTOS AND REPAIRS PTY LTD,1,company;service,1
634,1-N6DCQ4,MVRL49204,Dee Why Auto Care Pty Ltd,1,company;service,1
635,1-33MTCNH,MVRL55187,Dee's Automotive Pty Ltd,1,company;service,1
636,1-4EWQ3VQ,MVRL63592,Deer Mechanical Services Pty Ltd,1,company;service,1
637,1-3AFPJBL,MVRL56021,DEMERTZIS AUTOMOTIVE PTY LTD,1,company;service,1
638,1-XTB-4724,MVRL42036,Dengate Motor Vehicle Repairs Pty Ltd,1,company;service,1
639,1-XTB-1259,MVRL35899,Denmarg Pty Ltd,1,company;service,1
640,1-LN2ZB6,MVRL49080,Dennett Trading Pty Ltd,1,company;service,1
641,1-4EMFQ3A,MVRL63593,DENYERS AUTOMOTIVE PTY LTD,1,company;service,1
642,1-3ATJM8Y,MVRL56198,DEPENDABLE MECHANICAL & MAINTENANCE PTY LTD,1,company;service,1
643,1-35TD0NV,MVRL55519,DESCALZA PTY LTD,1,company;service,1
644,1-4AYDACG,MVRL62956,Desired Automotive Pty Ltd,1,company;service,1
645,1-3PMHML8,MVRL59514,Desisto Motors Pty Ltd,1,company;service,1
646,1-1DIBC8A,MVRL51611,DFR Automotive Pty Ltd,1,company;service,1
647,1-49G9EM0,MVRL62680,DGH AG & MECHANICAL REPAIRS PTY LTD,1,company;service,1
648,1-2X68DO3,MVRL54657,DHALLA AUTOMOTIVE PTY. LTD.,1,company;service,1
649,1-3HN9G8E,MVRL57155,DI AUTO GROUP PTY LTD,1,company;service,1
650,1-37MNL17,MVRL55795,DI FRANCESCO ENTERPRISES PTY. LIMITED,1,company;service,1
651,1-4JI7Z7O,MVRL64391,DIALLED IN AUTOMOTIVE PTY LIMITED,1,company;service,1
652,1-2XQ6Y1,MVRL45502,Dicar Pty Ltd,1,company;service,1
653,1-41022E,MVRL46300,Diff Technics Australia Pty Ltd,1,company;service,1
654,1-ZVV9NU,MVRL50528,Diff Trans (NSW) Pty Ltd,1,company;service,1
655,1-3N0VVT2,MVRL58785,Diggers Shuttle Service Pty Ltd,1,company;service,1
656,1-4GQIPNC,MVRL64021,DINERADA PTY LIMITED,1,company;service,1
657,1-A272R7,MVRL47820,Disibio Services Pty Ltd,1,company;service,1
658,1-42EPFV8,MVRL61671,Divergent Equipment Repairs Pty Ltd,1,company;service,1
659,1-3GCJQ7W,MVRL57008,DIVERSE GARAGE PTY LTD,1,company;service,1
660,1-3P8R32Q,MVRL59592,DJC AUTOMOTIVE SERVICES PTY LTD,1,company;service,1
661,1-49PALZ2,MVRL62577,DJN Automotive Pty Ltd,1,company;service,1
662,1-4BITT2G,MVRL62951,DJW Mechanical Repair Pty Ltd,1,company;service,1
663,1-79HA03,MVRL47348,DK Auto Repairs Pty Ltd,1,company;service,1
664,1-37VWE50,MVRL55818,DMG Automotive Pty Ltd,1,company;service,1
665,1-3KVYRYK,MVRL58111,DMV AUTOWERKES PTY LTD,1,company;service,1
666,1-2HDJSH,MVRL45113,DNR Mechanical Repairs Pty Ltd,1,company;service,1
667,1-40FCZZY,MVRL61293,DOCKERY AUTOMOTIVE PTY LTD,1,company;service,1
668,1-1LQHZ8U,MVRL52687,Doctor Auto Pty Ltd,1,company;service,1
669,1-1ZHO4PN,MVRL53069,Dolls Point SC Pty Ltd,1,company;service,1
670,1-48NU0WC,MVRL62462,DOLUMA GROUP PTY LTD,1,company;service,1
671,1-3PJ9WAQ,MVRL59522,Domain Motors Pty Ltd,1,company;service,1
672,1-XT3-1407,MVRL24874,Doms Motors Pty Ltd,1,company;service,1
673,1-4BO5RS2,MVRL62848,Don's Motor Repairs Pty Ltd,1,company;service,1
674,1-XSI-543,MVRL1153,Donphyl Nominees Pty Ltd,1,company;service,1
675,1-3VIGVKA,MVRL60659,Dooies Services Pty Ltd,1,company;service,1
676,1-XZFOI2,MVRL50389,Double J Auto Service Pty Ltd,1,company;service,1
677,1-3CVOGUO,MVRL56637,DOULMAN INDUSTRIES PTY LTD,1,company;service,1
678,1-3ZG3LOM,MVRL61228,DOWNTOWN BILLINUDGEL AUTOMOTIVE PTY LTD,1,company;service,1
679,1-4GR91X4,MVRL63970,DOYALSON AUTOCARE PTY LTD,1,company;service,1
680,1-JPV72U,MVRL48832,DP & RA Edwards Pty Ltd,1,company;service,1
681,1-4EHUSK6,MVRL63491,DP MECHANICAL PTY LTD,1,company;service,1
682,1-3JEIXF,MVRL46064,DR Auto Pty Ltd,1,company;service,1
683,1-7C3XMD,MVRL47425,Dr Shocks (Brookvale) Pty Ltd,1,company;service,1
684,1-TPI84Y,MVRL49862,Drakado Auto Group Pty Ltd,1,company;service,1
685,1-3P70Q7Q,MVRL59458,DRB AUTOMOTIVE PTY LTD,1,company;service,1
686,1-XTB-965,MVRL35424,Dribson Pty Ltd,1,company;service,1
687,1-46ZHYZI,MVRL62226,DRIES MECHANICAL PTY LTD,1,company;service,1
688,1-2KN0O91,MVRL54115,Drive In Automotive Pty Ltd,1,company;service,1
689,1-4HH047K,MVRL64036,DRIVE NOW AUTOS & SERVICES PTY LTD,1,company;service,1
690,1-32GY9QT,MVRL55051,Driveline Services Australia Pty Ltd,1,company;service,1
691,1-2LT8349,MVRL54231,DS Motor Repairs Pty Ltd,1,company;service,1
692,1-DSNCNM,MVRL48126,DSI Tran Pty Ltd,1,company;service,1
693,1-3DFNHM2,MVRL56512,DT AUTOMOTIVE SERVICE & REPAIRS PTY LTD,1,company;service,1
694,1-BRQDKB,MVRL47969,Dubbo Automotive Pty Ltd,1,company;service,1
695,1-47CL1GS,MVRL62184,DUBBO FRIENDS AUTOCARE PTY LTD,1,company;service,1
696,1-1SUYLQV,MVRL52632,Duffy Auto Repairs Pty Ltd,1,company;service,1
697,1-3P1NG7E,MVRL59238,DUFFY'S GARAGE PTY LTD,1,company;service,1
698,1-3BHFK3Q,MVRL56241,Dufty Automotive Services Pty Ltd,1,company;service,1
699,1-44J6Z5Q,MVRL61768,Dulwich Hill Automotive Pty Ltd,1,company;service,1
700,1-43I1CS8,MVRL61702,Dunn Mechanical Pty Ltd,1,company;service,1
701,1-2NZ5P1,MVRL45275,Dunns Mechanical Services Pty Ltd,1,company;service,1
702,1-38XZLJZ,MVRL55949,DURAL MOTOR WORKS PTY LTD,1,company;service,1
703,1-XT3-3348,MVRL28944,Dutchy Automotive Pty Ltd,1,company;service,1
704,1-XSI-4083,MVRL19781,Dyna Motors Pty Ltd,1,company;service,1
705,1-3VO1QEA,MVRL60707,Dynamicars Auto Services Pty Ltd,1,company;service,1
706,1-43AXUXQ,MVRL61643,DYNAMO SERVICES NSW PTY LTD,1,company;service,1
707,1-1I6UAV6,MVRL51988,Dyngo Pty Ltd,1,company;service,1
708,1-R94I52,MVRL49846,E Payne Motors Pty Ltd,1,company;service,1
709,1-47AE1IA,MVRL62372,Eagle Street Automotive Pty Ltd,1,company;service,1
710,1-1Q5G7L,MVRL45019,Eagles Automotive Centre Pty Ltd,1,company;service,1
711,1-NTSYU3,MVRL49308,East Lismore Automotive Pty Ltd,1,company;service,1
712,1-XT3-3507,MVRL29269,Eastern Creek Mechanical Repairs Pty Ltd,1,company;service,1
713,1-35RN4TX,MVRL55612,Eastern Suburbs Automotive Pty Ltd,1,company;service,1
714,1-XTH-921,MVRL44043,Eastern Suburbs Mechanical Pty Ltd,1,company;service,1
715,1-3PP5JZ2,MVRL59679,EASTERN VEHICLE MANAGEMENT PTY LTD,1,company;service,1
716,1-2JD3GS3,MVRL54088,Easy Auto 123 Pty Ltd,1,company;service,1
717,1-63LDUO,MVRL47118,Easy Automotive Pty Ltd,1,company;service,1
718,1-XTB-3754,MVRL40211,Eddies Mechanical Services Pty Ltd,1,company;service,1
719,1-XT3-1820,MVRL25791,Edensor Park Automotive Repairs Pty Ltd,1,company;service,1
720,1-Y32XTT,MVRL50376,Edgecliff Automotive Pty Ltd,1,company;service,1
721,1-3010Y8R,MVRL54884,EDS Automotive Solutions Pty Ltd,1,company;service,1
722,1-3FNI4WU,MVRL56879,EDWARDS AUTOMOTIVE PTY LTD,1,company;service,1
723,1-1GMPHG9,MVRL51825,Eire Motors Pty Ltd,1,company;service,1
724,1-3FHZWHQ,MVRL56911,Eire Repairs Pty Ltd,1,company;service,1
725,1-SFI9YE,MVRL49749,Ejje Auto Group Pty Ltd,1,company;service,1
726,1-4AG6UYO,MVRL62800,ELARIY PTY LTD,1,company;service,1
727,1-XTB-4132,MVRL40941,Elite Automotive Repairs Pty Ltd,1,company;service,1
728,1-23U0NX1,MVRL53240,Elite Pro Tuning Pty Ltd,1,company;service,1
729,1-4EHD7U9,MVRL63486,Elliott's Automotive Pty  Limited,1,company;service,1
730,1-XTB-454,MVRL33314,Embridge Grange Pty Ltd,1,company;service,1
731,1-16CW8F3,MVRL51097,Emellie Holdings Pty Ltd,1,company;service,1
732,1-48RYNAI,MVRL62436,EMERTON AUTOMOTIVE PTY LTD,1,company;service,1
733,1-4EEM9KG,MVRL63520,EMMTOM AUTO CARE PTY LTD,1,company;service,1
734,1-4AYPE51,MVRL62630,Empire Mechanical Solutions Pty Ltd,1,company;service,1
735,1-V31PWJ,MVRL49997,Empire Vehicles Pty Ltd,1,company;service,1
736,1-44OISVK,MVRL61842,EMSN A PTY LTD,1,company;service,1
737,1-3WJEBC4,MVRL60699,Emu Automotive Pty Ltd,1,company;service,1
738,1-429JIXY,MVRL61604,Engineered Tuning Pty Ltd,1,company;service,1
739,1-3MU0Y46,MVRL58697,ENHANCE AUTOMOTIVE PTY LTD,1,company;service,1
740,1-46YA5P0,MVRL62176,ENTERTAINING GROUP PTY LTD,1,company;service,1
741,1-37GKVFK,MVRL55776,Epping Motors Pty Ltd,1,company;service,1
742,1-XTH-2029,MVRL6275,Eric Brown Motors Pty Ltd,1,company;service,1
743,1-37ZUI53,MVRL55917,ERINA SERVICE CENTRE PTY LTD,1,company;service,1
744,1-3M9R0GC,MVRL58607,ES AUTO TECH PTY LTD,1,company;service,1
745,1-XTH-633,MVRL43551,Eshmoun Pty Ltd,1,company;service,1
746,1-43COZSS,MVRL61668,Euro Advantage Mechanical Pty Ltd,1,company;service,1
747,1-3CX49WC,MVRL56508,Euro Automotive Service Centre Pty Ltd,1,company;service,1
748,1-3JQRRK2,MVRL57636,EURO CAR GARAGE PTY LTD,1,company;service,1
749,1-4EJ5SKA,MVRL63460,Euro Empire Auto Group Pty Ltd,1,company;service,1
750,1-3KG69ZO,MVRL58000,Euro Masters Mechanical Repairs Pty Ltd,1,company;service,1
751,1-3LNB9XY,MVRL58426,EURO PRECISION AUTOMOTIVE PTY LTD,1,company;service,1
752,1-45LJAJ6,MVRL61872,Euro Service Centre Pty Ltd,1,company;service,1
753,1-45ABOOG,MVRL61932,EURO TRANSMISSIONS AUSTRALIA PTY LTD,1,company;service,1
754,1-4FQVH8W,MVRL63727,Eurocarservices Pty Ltd,1,company;service,1
755,1-4AY3TPE,MVRL62946,Europa Motors Australia Pty Ltd,1,company;service,1
756,1-1I4PY5C,MVRL51930,European Autotech Pty Ltd,1,company;service,1
757,1-XTH-974,MVRL44142,Eurostar Motors Pty Ltd,1,company;service,1
758,1-3MDPAVK,MVRL58544,EUROTECH MOTORS PTY LTD,1,company;service,1
759,1-35E464M,MVRL55619,Evanconno Pty Ltd,1,company;service,1
760,1-47HQ9QK,MVRL62127,EVANS HEAD MECHANICAL PTY LTD,1,company;service,1
761,1-3JU8626,MVRL57661,EVEREST AUTO WORKSHOP PTY LTD,1,company;service,1
762,1-476QTAW,MVRL62212,EVOLUTION MECHANICAL REPAIRS PTY LTD,1,company;service,1
763,1-3C1Z32O,MVRL56354,Exilon Pty Ltd,1,company;service,1
764,1-3G8UX4,MVRL46065,Exodus Motor Repairs Centre Pty Ltd,1,company;service,1
765,1-3LLI8HQ,MVRL58316,EXPERT AUTOBODY REPAIRS PTY LTD,1,company;service,1
766,1-31QZJI9,MVRL54979,Express Auto Pty Ltd,1,company;service,1
767,1-3O89TRE,MVRL59167,EXTRA CARE AUTOS PTY LTD,1,company;service,1
768,1-3SFCD91,MVRL60146,Extreme Automotive Repairs Pty Ltd,1,company;service,1
769,1-3GC44VS,MVRL56979,F & L Automotive Pty Ltd,1,company;service,1
770,1-3BU17AS,MVRL56278,F & S Auto Care Pty Ltd,1,company;service,1
771,1-3NB1HSQ,MVRL58818,F M Auto's Pty Ltd,1,company;service,1
772,1-22Q9GH7,MVRL53271,Fairfield Auto Centre Pty Limited,1,company;service,1
773,1-2VWR8NP,MVRL54526,Falcon Mechanics Pty Ltd,1,company;service,1
774,1-34NDFQR,MVRL55494,FALCON STREET GARAGE PTY LTD,1,company;service,1
775,1-XT3-3529,MVRL29321,Falcons Automotives Pty Ltd,1,company;service,1
776,1-4JRP6TY,MVRL64389,FAMILY ENGINES PTY LTD,1,company;service,1
777,1-34V4MLG,MVRL55389,Far West Auto Pty Ltd,1,company;service,1
778,1-XTB-2569,MVRL38266,Faratech Holdings Pty Ltd,1,company;service,1
779,1-XTB-4486,MVRL41569,Farronato Autobody Repairs Pty Ltd,1,company;service,1
780,1-1E4UBCJ,MVRL51797,Farrow Mechanical Pty Limited,1,company;service,1
781,1-3UO1196,MVRL60605,FAST 40 AUTOMOTIVE PTY LTD,1,company;service,1
782,1-TJ9GM3,MVRL49865,Fastb Pty Ltd,1,company;service,1
783,1-XT3-2382,MVRL26893,Fernhay Pty Ltd,1,company;service,1
784,1-388J6NG,MVRL55974,Fernside Automotive Pty Ltd,1,company;service,1
785,1-XTB-3468,MVRL39738,FG Automotive Pty Ltd,1,company;service,1
786,1-47GAWKL,MVRL62423,FH Mechanical Pty Ltd,1,company;service,1
787,1-3AAD0C1,MVRL56148,Fill Her Up Pty Ltd,1,company;service,1
788,1-78XUZM,MVRL47366,Finnerty Automotive Pty Ltd,1,company;service,1
789,1-4IMFRLP,MVRL64142,First Choice Autos Pty Ltd,1,company;service,1
790,1-XSI-4583,MVRL2085,Fitzgerald Motors Pty Ltd,1,company;service,1
791,1-4183GRK,MVRL61358,Five Star Auto Pty Ltd,1,company;service,1
792,1-44FUB00,MVRL61832,Fix It All Mechanical Pty Ltd,1,company;service,1
793,1-3NM2ZHC,MVRL58927,FIX N GO AUTO PTY LTD,1,company;service,1
794,1-4I8Y1T0,MVRL64189,Fixsar Services Pty Ltd,1,company;service,1
795,1-3QHWFJV,MVRL59654,Flash Automotive Repairs Pty Ltd,1,company;service,1
796,1-XTH-1711,MVRL5568,Flaton Pty Ltd,1,company;service,1
797,1-1OSNYF4,MVRL52453,Fleetpro Mechanical Pty Limited,1,company;service,1
798,1-XT3-2081,MVRL26265,Fletchers Automotive Services Pty Ltd,1,company;service,1
799,1-2M1G36E,MVRL54339,Floppa's Automotive Pty Ltd,1,company;service,1
800,1-43LP0X8,MVRL61725,FMJ MECHANICAL PTY LTD,1,company;service,1
801,1-1EUW3ZE,MVRL51689,Focus Automotive Pty Ltd,1,company;service,1
802,1-1EJ1H2M,MVRL51683,Forbes Trading Pty Ltd,1,company;service,1
803,1-XSI-2354,MVRL16022,Fordline Pty Ltd,1,company;service,1
804,1-XTB-695,MVRL34836,Forest Car Care Pty Ltd,1,company;service,1
805,1-38PHNSF,MVRL55913,FORMULA ONE AUTO REPAIRS PTY LTD,1,company;service,1
806,1-3KMRDR2,MVRL58219,Fosglen Pty Ltd,1,company;service,1
807,1-XT3-2113,MVRL26315,Fotis Auto Repairs Pty Ltd,1,company;service,1
808,1-XTB-114,MVRL32673,Fragale Pty Ltd,1,company;service,1
809,1-49187LY,MVRL62452,FRAGOMELI SERVICES PTY LTD,1,company;service,1
810,1-XT3-1400,MVRL24853,Frank Tedesco Autos Pty Ltd,1,company;service,1
811,1-XSI-4502,MVRL20679,Frank's Pitstop Motors Pty Ltd,1,company;service,1
812,1-3LJGCFS,MVRL58394,FRANKENSTEYN SERVICES PTY LTD,1,company;service,1
813,1-4EBHALC,MVRL63468,Franks Mechanical Repairs Pty Ltd,1,company;service,1
814,1-2G26S4R,MVRL53767,Franktony Pty Ltd,1,company;service,1
815,1-3GT20Z0,MVRL57104,Franzman Mechanical Pty Ltd,1,company;service,1
816,1-4J4IIVN,MVRL64241,Freedom Motors Australia Pty Ltd,1,company;service,1
817,1-38OIXML,MVRL55957,FREMAS PTY LTD,1,company;service,1
818,1-3KX8GTU,MVRL58194,FRESHWATER MOTORS PTY LTD,1,company;service,1
819,1-3P3T0NG,MVRL59352,FRICTION CO. PTY LTD,1,company;service,1
820,1-3Q4Y1SS,MVRL59737,Frodale Pty Ltd,1,company;service,1
821,1-3YU0ZLN,MVRL61034,Full Lock Service & Repairs Pty Ltd,1,company;service,1
822,1-48M6RYI,MVRL62502,FULLIES MECHANICAL PTY LTD,1,company;service,1
823,1-DJT49O,MVRL48092,Funant Motors Pty Ltd,1,company;service,1
824,1-3ZFWKN6,MVRL61223,Furitech Automotive Pty Ltd,1,company;service,1
825,1-Z6MDEI,MVRL50474,Furzeco Pty Ltd,1,company;service,1
826,1-TE85YN,MVRL49837,FYG Automotive Pty Ltd,1,company;service,1
827,1-35MK2V9,MVRL55482,Fymoral International Pty Ltd,1,company;service,1
828,1-4HTRI9K,MVRL64094,FZA AUTOMOTIVE PTY LTD,1,company;service,1
829,1-2WWEMX3,MVRL54695,G & B Auto Pty Ltd,1,company;service,1
830,1-46QGTDA,MVRL62230,G & E AUTOS PTY LTD,1,company;service,1
831,1-3X6IMMU,MVRL60880,G & S AUTOMOTIVE SOLUTIONS PTY LTD,1,company;service,1
832,1-3NWXVEH,MVRL58998,G & S Mechanical Pty Ltd,1,company;service,1
833,1-6NVA5S,MVRL47198,G Force Automotive Pty Ltd,1,company;service,1
834,1-2JSATG1,MVRL53969,G Force Automotive Services Pty Ltd,1,company;service,1
835,1-38M6GY,MVRL45826,G H Mechanical Repairs Pty Ltd,1,company;service,1
836,1-XTB-4001,MVRL40694,G J & D Automotive Pty Ltd,1,company;service,1
837,1-3RZQHBU,MVRL60017,G P Auto Repairs Pty Ltd,1,company;service,1
838,1-3SQ13GM,MVRL60133,G-FORCE AUTO MECHANIC PTY LTD,1,company;service,1
839,1-N7DKCJ,MVRL49220,G.S Mechanical Pty Ltd,1,company;service,1
840,1-XTB-3056,MVRL38985,GAD (Aust) Pty Ltd,1,company;service,1
841,1-XTH-1623,MVRL5352,Gamac Pty Ltd,1,company;service,1
842,1-4DINWVS,MVRL63275,GARAGE 308 PTY LTD,1,company;service,1
843,1-4AVCNZO,MVRL62813,GARAGE 314 PTY LTD,1,company;service,1
844,1-2N5ABE9,MVRL54419,Garemyn Mechanical Group Pty Ltd,1,company;service,1
845,1-20ZFWZA,MVRL53244,Garred's Mechanical 2 Pty Ltd,1,company;service,1
846,1-XT3-3437,MVRL2913,Gary's Auto Centre Pty Ltd,1,company;service,1
847,1-3MBKPWI,MVRL58632,Gasmate Garage Pty Ltd,1,company;service,1
848,1-4BX8NJQ,MVRL63024,Gateway Auto Centre Pty Ltd,1,company;service,1
849,1-40ET0Y8,MVRL61380,GATO REPAIRS PTY LTD,1,company;service,1
850,1-1FU9KLJ,MVRL51790,Gav Fines Automotive Pty Ltd,1,company;service,1
851,1-31KHQDG,MVRL54936,Gavin Mechanical Pty Ltd,1,company;service,1
852,1-XT3-2659,MVRL27531,GB Auto Group Pty Limited,1,company;service,1
853,1-2MXWL0K,MVRL54302,GB Car Care Pty Ltd,1,company;service,1
854,1-ZO70GR,MVRL50511,GDL Automotive Services Pty Ltd,1,company;service,1
855,1-47RCZRW,MVRL62232,GDR Automotive Services Pty Ltd,1,company;service,1
856,1-XSI-696,MVRL11930,Gear Exchange Services Pty Ltd,1,company;service,1
857,1-3FJLME,MVRL46014,Gem Auto Services Pty Ltd,1,company;service,1
858,1-XTB-4942,MVRL42433,Gemstar Automotive Pty Ltd,1,company;service,1
859,1-491927M,MVRL62481,GENERAL MOTORS AUSTRALIA AND NEW ZEALAND PTY LTD,1,company;service,1
860,1-3IPBJOE,MVRL57280,GENUINE CAR SERVICE PTY LTD,1,company;service,1
861,1-XTB-99,MVRL3265,Geoff King Motors Pty Ltd,1,company;service,1
862,1-XTH-3443,MVRL9676,Gerlos Holdings Pty Ltd,1,company;service,1
863,1-3QL7ELM,MVRL59844,German Auto Care Pty. Ltd.,1,company;service,1
864,1-1J02BI5,MVRL52083,Germano Automotives Pty Ltd,1,company;service,1
865,1-XTH-582,MVRL43444,Gerritsen Automotive Services Pty Ltd,1,company;service,1
866,1-XTH-2063,MVRL6340,GERRY WUBBELS AUTOMOTIVE PTY LTD,1,company;service,1
867,1-4344S4C,MVRL61613,Get Movin Services Pty Ltd,1,company;service,1
868,1-2MHHQIL,MVRL54246,Getit Automotive Pty Ltd,1,company;service,1
869,1-XT3-4971,MVRL32353,GF Automotive Repairs Pty Ltd,1,company;service,1
870,1-3IHHU6R,MVRL57275,GHM Repairs Pty Ltd,1,company;service,1
871,1-3ELEALC,MVRL56646,Gianni's Motor Mechanic Pty Ltd,1,company;service,1
872,1-XTB-3898,MVRL40480,Gibsons Driveshaft Services Pty Ltd,1,company;service,1
873,1-3H297U2,MVRL57092,GILBERTS MOTOR GARAGE PTY LTD,1,company;service,1
874,1-186QVMK,MVRL51360,Gilfruit Pty Ltd,1,company;service,1
875,1-351C3XN,MVRL55383,Gillard Investments Pty Ltd,1,company;service,1
876,1-14KUYIN,MVRL50970,Giveitago Pty Ltd,1,company;service,1
877,1-3LYNGE8,MVRL58532,GJ REYNOLDS AUTOMOTIVE PTY LTD,1,company;service,1
878,1-XTB-857,MVRL35186,GK Automotive Repairs Pty Ltd,1,company;service,1
879,1-2M0NU3Y,MVRL54227,Glendenning Auto Pty Ltd,1,company;service,1
880,1-14Y541Q,MVRL51036,Global Automotive Services Pty Ltd,1,company;service,1
881,1-3IBT328,MVRL57201,Global Automotive Transmission Services Pty Ltd,1,company;service,1
882,1-3PI3PV4,MVRL59579,GLOVER MECHANICAL AND BREAKDOWN PTY LIMITED,1,company;service,1
883,1-4B2X1G0,MVRL62841,Glow Automotive Pty Ltd,1,company;service,1
884,1-4GZI3LW,MVRL64000,GM Garage Pty Ltd,1,company;service,1
885,1-Z88E67,MVRL50904,GMR Mechanical Pty Ltd,1,company;service,1
886,1-JII39N,MVRL48786,Go-Pro Automotive (NSW) Pty Ltd,1,company;service,1
887,1-41D5FNF,MVRL61425,Go2gas Pty Ltd,1,company;service,1
888,1-3ES87ZW,MVRL56834,Goff & Sons Automotive Pty Ltd,1,company;service,1
889,1-32WXO5K,MVRL55100,Gold Line Mechanical Auto Repairs Pty Ltd,1,company;service,1
890,1-46B9K0F,MVRL62098,Golden Auto Care Pty Ltd,1,company;service,1
891,1-XTB-3578,MVRL39947,Goldview Motors Pty Ltd,1,company;service,1
892,1-3VKAUKU,MVRL60620,GOODING AUTOMOTIVE PTY LTD,1,company;service,1
893,1-3O6UI6W,MVRL59149,GOODWINS AUTOMOTIVE PTY LTD,1,company;service,1
894,1-4IDT330,MVRL64141,Gordon Fernies Automotive Services Pty Ltd,1,company;service,1
895,1-3MPLFH6,MVRL58681,GORILLA SUPPORT SERVICES PTY LTD,1,company;service,1
896,1-XSI-1903,MVRL14985,Gosford Automatic Transmission Service Pty Ltd,1,company;service,1
897,1-1JOC1KR,MVRL52127,Gosford European Car Services Pty Ltd,1,company;service,1
898,1-XT3-718,MVRL23327,Gossies Mechanical Services Pty Ltd,1,company;service,1
899,1-3LZTCZ1,MVRL58469,Gotitat Pty Ltd,1,company;service,1
900,1-3S66E9I,MVRL60059,Goto Automotive Pty Ltd,1,company;service,1
901,1-15S13AT,MVRL51118,Goulburn Automotive Centre Pty Ltd,1,company;service,1
902,1-XTB-767,MVRL35014,Govind and Jerry Automotive Pty Ltd,1,company;service,1
903,1-386TW0L,MVRL55869,GP & SM Pty Ltd,1,company;service,1
904,1-4AQ5KCM,MVRL62810,GPP AUTO PTY LTD,1,company;service,1
905,1-LDO70P,MVRL49060,Grace Mechanic Pty Ltd,1,company;service,1
906,1-XTB-4857,MVRL42284,Grafton Automotive Pty Ltd,1,company;service,1
907,1-XTB-2384,MVRL37921,Graham Betts Motors Pty Ltd,1,company;service,1
908,1-3V1H6MY,MVRL60555,Granada Co Pty Ltd,1,company;service,1
909,1-4Z2VLQ,MVRL46671,Grand Motors Group NSW Pty Ltd,1,company;service,1
910,1-33DRCP1,MVRL55148,Grand Turismo Garage Pty Ltd,1,company;service,1
911,1-4CJAETG,MVRL63096,GRANGE AUTO WORKS PTY LTD,1,company;service,1
912,1-15OHQAD,MVRL51052,Graul's Mechanical Pty Ltd,1,company;service,1
913,1-3OQK024,MVRL59209,Grease and Oil Automotive Service and Repairs Pty Ltd,1,company;service,1
914,1-1LADMO3,MVRL52246,Great Lakes Auto Centre Pty Ltd,1,company;service,1
915,1-3TMPCEO,MVRL60337,Green Bean Automotive Pty Ltd,1,company;service,1
916,1-2YDTE99,MVRL54730,Green Square Garage Pty Ltd,1,company;service,1
917,1-3UP7TOD,MVRL60461,Green Tree Group Pty Ltd,1,company;service,1
918,1-XT3-3824,MVRL29948,Greenaways Gearboxes Pty Ltd,1,company;service,1
919,1-6C27RR,MVRL47125,Greenbean Pty Limited,1,company;service,1
920,1-4CQUIPY,MVRL63129,Greening & Co Pty Ltd,1,company;service,1
921,1-3SRQQ9A,MVRL60117,GREGORIOU HOLDINGS PTY LTD,1,company;service,1
922,1-38ETN2Z,MVRL55932,GRESFORD GARAGE AND RURAL PTY LTD,1,company;service,1
923,1-XT3-3919,MVRL30141,GRM Motors Pty Ltd,1,company;service,1
924,1-1L8CLWB,MVRL52080,GRO Enterprises Pty Ltd,1,company;service,1
925,1-3TUB5Y4,MVRL60373,GRW ENTERPRISES PTY LTD,1,company;service,1
926,1-4CAUT5Y,MVRL63087,GSS Motors Pty Ltd,1,company;service,1
927,1-1PK3LKX,MVRL52492,GT Auto Center Pty Ltd,1,company;service,1
928,1-422EJY4,MVRL61507,GT EURO TUNE PTY LTD,1,company;service,1
929,1-3D69DJW,MVRL56553,GT MECHANICAL SERVICES PTY LTD,1,company;service,1
930,1-2FN16A0,MVRL53776,GTK Automotive Pty Ltd,1,company;service,1
931,1-3JT9VVW,MVRL57694,GTO GARAGE PTY LTD,1,company;service,1
932,1-DW6HMB,MVRL48183,Gunnedah Auto Care & Exhaust Specialist Pty Ltd,1,company;service,1
933,1-3K7EXLQ,MVRL57846,GUNNING SERVICE CENTRE PTY LTD,1,company;service,1
934,1-4306Z9S,MVRL61682,Gurkhas Auto Repairs Pty Ltd,1,company;service,1
935,1-3MGW2GI,MVRL58603,GURU AUTO CARE PTY LTD,1,company;service,1
936,1-2JPVME,MVRL45156,GW Automotive Pty Ltd,1,company;service,1
937,1-3RDIYOA,MVRL59989,H & H Chandra Pty Ltd,1,company;service,1
938,1-3WQZ2XI,MVRL60854,H & S Automotive Pty Ltd,1,company;service,1
939,1-44D5CAQ,MVRL61861,H & S Brown Family Holdings Pty Ltd,1,company;service,1
940,1-299W79H,MVRL53549,H G Brougham Pty Ltd,1,company;service,1
941,1-2WIQSYJ,MVRL54716,H G Motors Pty Ltd,1,company;service,1
942,1-4DLLPY6,MVRL63309,H Group Automotive Pty Ltd,1,company;service,1
943,1-2KSTQS2,MVRL54114,H R Sari Pty Ltd,1,company;service,1
944,1-4DP979M,MVRL63407,H.M.E MECHANICAL SOLUTIONS PTY LTD,1,company;service,1
945,1-424KCJ8,MVRL61548,HAAC PTY LTD,1,company;service,1
946,1-3F4J81K,MVRL56955,Hahn Automotive Services Pty Ltd,1,company;service,1
947,1-4IA2U96,MVRL64188,Half Handy Mechanical Pty Ltd,1,company;service,1
948,1-340EDC,MVRL45635,Hallak Enterprises Pty Ltd,1,company;service,1
949,1-4IRBFSG,MVRL64235,Hammaren Mechanical Specialist Pty Ltd,1,company;service,1
950,1-3FVNEXI,MVRL57106,Hankook Automotive Mechanical Silverwater Pty Ltd,1,company;service,1
951,1-4AF4J98,MVRL62652,Hannath Automotive Pty Ltd,1,company;service,1
952,1-3YOUIHL,MVRL61036,Harjeet Mechanical Pty Ltd,1,company;service,1
953,1-3KCQNBO,MVRL57999,HARLEQUIN ENTERPRISES PTY. LTD.,1,company;service,1
954,1-1WTD40P,MVRL52976,Harold Park Repairs Pty Ltd,1,company;service,1
955,1-359OOIB,MVRL55442,HARPER AUTOMOTIVE PTY LTD,1,company;service,1
956,1-3JNPDDI,MVRL57625,Harriscoop Pty Ltd,1,company;service,1
957,1-XTH-1031,MVRL44264,Harts Automotive Pty Ltd,1,company;service,1
958,1-4HWEN5O,MVRL64131,HARVEST AUTO PTY LTD,1,company;service,1
959,1-XSI-1422,MVRL1384,Harvey's Service Centre Pty Ltd,1,company;service,1
960,1-3KHHFFC,MVRL58022,HATTCH'S MECHANICAL SOLUTIONS PTY LTD,1,company;service,1
961,1-4F6PMVQ,MVRL63620,HAWKESBURY AUTO PTY LTD,1,company;service,1
962,1-XT3-831,MVRL23589,Haydens Mechanical Repairs Pty Ltd,1,company;service,1
963,1-3P01HSU,MVRL59609,HAYDO'S MECHANICAL SERVICES PTY LTD,1,company;service,1
964,1-43PLKDS,MVRL61752,HAYES AUTO HOLDINGS PTY LTD,1,company;service,1
965,1-4C1VREV,MVRL62797,Haz Auto Services Pty Ltd,1,company;service,1
966,1-3I4Q6QK,MVRL57243,Hazir Pty Ltd,1,company;service,1
967,1-3AUAEGM,MVRL56186,HDA REPAIRS PTY LTD,1,company;service,1
968,1-4360RWW,MVRL61672,Heasman Steering Pty Ltd,1,company;service,1
969,1-4JRQPBM,MVRL64387,HEDERICS MECHANICAL PTY. LTD.,1,company;service,1
970,1-4826EG4,MVRL62274,Heermand Pty Ltd,1,company;service,1
971,1-3THTHD6,MVRL60296,Helbren Automotive Pty Ltd,1,company;service,1
972,1-XSI-3188,MVRL17877,Helensburgh Car Service Pty Ltd,1,company;service,1
973,1-1W9CZFZ,MVRL52805,Helma Pty Ltd,1,company;service,1
974,1-3MC02C8,MVRL58659,HENNESSY FIELD SERVICES PTY LTD,1,company;service,1
975,1-31TNNF,MVRL45589,Henrys Mechanical Repairs Pty Ltd,1,company;service,1
976,1-2GCOVZE,MVRL53896,Hensel Nominees Pty Ltd,1,company;service,1
977,1-Z70NBS,MVRL50546,Hergies Automotive & Industrial Services Pty Ltd,1,company;service,1
978,1-XTB-3092,MVRL39056,Hi Quality Mechanical Repairs Pty Ltd,1,company;service,1
979,1-1JEYWZG,MVRL51985,Hi Tech Automotive Holdings Pty Ltd,1,company;service,1
980,1-4A9BYSI,MVRL62759,HI5 GROUP PTY LTD,1,company;service,1
981,1-XTH-1301,MVRL4710,Hickeys Pty Ltd,1,company;service,1
982,1-XT3-2774,MVRL27800,Hicks Automotive Pty Ltd,1,company;service,1
983,1-3C0E9HV,MVRL56395,High Comp Mechanical Pty Ltd,1,company;service,1
984,1-4C2RXZ6,MVRL63001,HIGHLANDS AUTO CARE PTY LTD,1,company;service,1
985,1-XT3-1938,MVRL26001,Highrace Pty Ltd,1,company;service,1
986,1-1MT2UJX,MVRL52245,Hillangrove Pty. Ltd.,1,company;service,1
987,1-1JQ6VB2,MVRL52114,Hills Auto Centre Pty Ltd,1,company;service,1
988,1-32MLLUF,MVRL55077,HILLS AUTO GROUP PTY LTD,1,company;service,1
989,1-35IN7KD,MVRL55470,HILLS DISTRICT AUTOMOTIVE PTY LTD,1,company;service,1
990,1-3LPS0TS,MVRL58349,HILLS ELITE AUTOMOTIVE PTY LTD,1,company;service,1
991,1-4H6FCJ6,MVRL63955,HILLS EURO AUTO SERVICES PTY LTD,1,company;service,1
992,1-PHRWNR,MVRL49490,Hills Motor Repairs Pty Ltd,1,company;service,1
993,1-44C3NLT,MVRL61820,HM Sangha Pty Ltd,1,company;service,1
994,1-3OBUI3K,MVRL59114,HOBAMI PTY LTD,1,company;service,1
995,1-2NA5P9H,MVRL54348,Hockey Auto Pty Ltd,1,company;service,1
996,1-4DFSEG4,MVRL63237,HOGBIN FAMILY WEALTH PTY LTD,1,company;service,1
997,1-XTB-2395,MVRL37951,Holder Pty Ltd,1,company;service,1
998,1-4EO4XL4,MVRL63633,HOLMAC AUTO AUS PTY LTD,1,company;service,1
999,1-4AOZRWM,MVRL62782,HOLSPEC SERVICES PTY LTD,1,company;service,1
1000,1-3ZXB0AM,MVRL61208,HOMEBUSH AUTOMOTIVE PTY LTD,1,company;service,1
1001,1-1M2SB05,MVRL52452,Homebush City Motors Pty Ltd,1,company;service,1
1002,1-4AYUEDE,MVRL62960,Hornsby Automotive Pty Ltd,1,company;service,1
1003,1-76A02P,MVRL47326,Howett Industries Pty Ltd,1,company;service,1
1004,1-3J3L9US,MVRL57333,Howlong Motors Pty Ltd,1,company;service,1
1005,1-52QOAJ,MVRL46715,Hoxton Automotive Repairs Pty Ltd,1,company;service,1
1006,1-3KSYY83,MVRL58044,HP Car Auto Service Pty Ltd,1,company;service,1
1007,1-4IYH5RE,MVRL64266,HRB MOTORS PTY LTD.,1,company;service,1
1008,1-3U3PF5I,MVRL60416,HRR- Hutchison Repairs and Racecars Pty Ltd,1,company;service,1
1009,1-3A42JX,MVRL45893,HT Automotive Pty Ltd,1,company;service,1
1010,1-3NC0A5G,MVRL58895,HUDSON PLACE AUTOMOTIVE PTY LTD,1,company;service,1
1011,1-XSI-3202,MVRL17915,Hume Motors Pty Ltd,1,company;service,1
1012,1-23DHLWY,MVRL53288,Hunter Automotive Solutions Pty Ltd,1,company;service,1
1013,1-4J7N1CI,MVRL64229,HUNTER STREET AUTO PTY LTD,1,company;service,1
1014,1-3UH6X5A,MVRL60540,Hunter Valley Mechanics Pty Ltd,1,company;service,1
1015,1-YM05LQ,MVRL50443,Hurst Automotives Pty Ltd,1,company;service,1
1016,1-XTH-211,MVRL42865,Hurst Services Pty Ltd,1,company;service,1
1017,1-3PPZJ09,MVRL59624,Hvar Novak Pty Ltd,1,company;service,1
1018,1-3Z00RMM,MVRL61057,HYBRID AUTOMOTIVE SERVICE PTY LTD,1,company;service,1
1019,1-4AZ4QO6,MVRL62834,HYDRATECH MECHANICAL PTY LTD,1,company;service,1
1020,1-44SPDS2,MVRL61836,I TRACK YOU SERVICES PTY LTD,1,company;service,1
1021,1-3PGSQ7E,MVRL59376,I TUNE AUTOMOTIVE PTY LIMITED,1,company;service,1
1022,1-3OG99HQ,MVRL59140,IBEST EURO AUTO DIAGNOSTICS SERVICE PTY LTD,1,company;service,1
1023,1-46TWTKE,MVRL62146,IBNT PTY LTD,1,company;service,1
1024,1-JURBW0,MVRL48859,Ice Auto Pty Ltd,1,company;service,1
1025,1-N1QGBB,MVRL49217,Icool Radiator Services Pty Ltd,1,company;service,1
1026,1-4C7LHY2,MVRL63014,IFIX AUTO GROUP PTY LTD,1,company;service,1
1027,1-3SL1ZWY,MVRL60178,Ignited Services Pty Ltd,1,company;service,1
1028,1-42Z3IW0,MVRL61622,ILLAWARRA BREAKDOWN AND MECHANICAL PTY LTD,1,company;service,1
1029,1-23DCUVZ,MVRL53427,Illawarra Service Centre Pty Ltd,1,company;service,1
1030,1-4B30VG4,MVRL62881,IN TOUCH AUTOMOTIVE PTY LTD,1,company;service,1
1031,1-2JM75DV,MVRL53962,In2cep Automotive Pty Ltd,1,company;service,1
1032,1-3PBKGKO,MVRL59492,Inan Auto Pty Ltd,1,company;service,1
1033,1-1MPNMIN,MVRL52283,Independent Mechanical Services Pty Ltd,1,company;service,1
1034,1-4752NKI,MVRL62386,INDER AUTOCARE PTY LTD,1,company;service,1
1035,1-1J3WNWO,MVRL52009,Industry Autos McGraths Hill Pty. Ltd.,1,company;service,1
1036,1-28NFXI3,MVRL53474,InGear Mechanical Pty Ltd,1,company;service,1
1037,1-3OSVN2P,MVRL59180,Injection & Disc Correction Pty Ltd,1,company;service,1
1038,1-3LNPV4C,MVRL58400,INNER WEST AUTOMOTIVE PTY LTD,1,company;service,1
1039,1-7K6TMH,MVRL47471,Ipeninsula Services Pty Ltd,1,company;service,1
1040,1-3N3U0RS,MVRL58790,IRL GROUP PTY LTD,1,company;service,1
1041,1-4L10PNO,MVRL64379,IWDB PTY LTD,1,company;service,1
1042,1-3A7N35,MVRL45891,Izen MS Pty Ltd,1,company;service,1
1043,1-4C94QYU,MVRL63057,J & BEL PTY LTD,1,company;service,1
1044,1-3JCO9PC,MVRL57574,J & D Jensen Mechanical Repairs Pty Ltd,1,company;service,1
1045,1-45R2M68,MVRL62045,J & G MECHANICAL PTY LTD,1,company;service,1
1046,1-3MBLDA4,MVRL58535,J & H & S Vasilas Pty Ltd,1,company;service,1
1047,1-XT3-64,MVRL21890,J & J Automotive Repairs Pty Ltd,1,company;service,1
1048,1-3SW55D8,MVRL60189,J & J MECHANICAL MAINTENANCE & REPAIRS PTY LTD,1,company;service,1
1049,1-21ZOF25,MVRL53157,J & J Pit Stop Automotive Pty Ltd,1,company;service,1
1050,1-34H8FDC,MVRL55320,J & L Newcastle Pty Ltd,1,company;service,1
1051,1-1O31WEQ,MVRL52441,J & S Automotive Pty Ltd,1,company;service,1
1052,1-15DF7A2,MVRL50998,J & W Mechanical Services Pty Ltd,1,company;service,1
1053,1-4F8YLV6,MVRL63672,J AND M AUTOMOTIVE SERVICES PTY LTD,1,company;service,1
1054,1-4A2E572,MVRL62732,J FIVE ENTERPRISES PTY LTD,1,company;service,1
1055,1-37LI9S3,MVRL55809,J J & SONS MECHANICAL PTY LTD,1,company;service,1
1056,1-E80WFH,MVRL48224,J Spec Automotive Pty Limited,1,company;service,1
1057,1-3YULTTS,MVRL61044,J&L AUTO WORKS PTY LTD,1,company;service,1
1058,1-468B4J2,MVRL62018,J-IMPORT AUTO COMPLIANCE PTY LTD,1,company;service,1
1059,1-7IMKRJ,MVRL47436,J.R. Weate Pty Limited,1,company;service,1
1060,1-3UIZZWG,MVRL60567,J5 SYDNEY PTY LTD,1,company;service,1
1061,1-3YR8P48,MVRL61068,JA & DC Pty Ltd,1,company;service,1
1062,1-XSI-4144,MVRL19899,JA Tight Investment Pty Ltd,1,company;service,1
1063,1-4CKVW2I,MVRL63051,JA&S AUTOMOTIVE PTY LTD,1,company;service,1
1064,1-2UQ50AL,MVRL54583,Jackliza Pty Ltd,1,company;service,1
1065,1-49S71WS,MVRL62664,Jadoon Mechanic and Trading Pty Ltd,1,company;service,1
1066,1-1U6P5GO,MVRL52704,Jaer Auto Pty Ltd,1,company;service,1
1067,1-3K8B0PP,MVRL57770,Jaghori Auto Service Pty Ltd,1,company;service,1
1068,1-2YXPHB7,MVRL54797,Jak Automotive Service Pty Ltd,1,company;service,1
1069,1-3IM91CO,MVRL57316,JAMI CORP PTY LTD,1,company;service,1
1070,1-3PU50SS,MVRL59532,JANAN ENTERPRISES PTY LTD,1,company;service,1
1071,1-XT3-2269,MVRL2664,Janes Automotive Pty Ltd,1,company;service,1
1072,1-4HFS1F4,MVRL64071,JANJUA BROS PTY LTD,1,company;service,1
1073,1-4EFHVOE,MVRL63483,Japanese Auto Imports Pty Ltd,1,company;service,1
1074,1-320X5KL,MVRL54992,JARASCO ENTERPRISES PTY LTD,1,company;service,1
1075,1-3WASBY3,MVRL60759,Jarrahs Automotive Services Pty Ltd,1,company;service,1
1076,1-38H0GL2,MVRL55897,JAS Automotive Pty Ltd,1,company;service,1
1077,1-37PNROP,MVRL55812,JASELI PTY LTD,1,company;service,1
1078,1-1512WQE,MVRL50964,Jason Gander Autos Pty Ltd,1,company;service,1
1079,1-3LD0GHY,MVRL58282,JASON SMITH MECHANICAL PTY LTD,1,company;service,1
1080,1-Z84YVM,MVRL50515,Jason's All Mechanical Services Pty Ltd,1,company;service,1
1081,1-4I1RV3U,MVRL64120,JASPA AUTO PTY LTD,1,company;service,1
1082,1-2KMY80N,MVRL54061,Jastno Enterprises Pty Ltd,1,company;service,1
1083,1-XSI-755,MVRL12100,Jay Lee Motors Pty Ltd,1,company;service,1
1084,1-40TYUBG,MVRL61338,JB GEARBOX AND DIFF RECONDITIONING PTY LTD,1,company;service,1
1085,1-3S2W1P8,MVRL60055,JBH AUTOMOTIVE PTY LTD,1,company;service,1
1086,1-3TDMKQG,MVRL60352,JBK MECHANICAL PTY LTD,1,company;service,1
1087,1-46TFTP6,MVRL62105,JCG AUTOMOTIVE PTY LTD,1,company;service,1
1088,1-38CV569,MVRL55972,JCL AUTO PTY LTD,1,company;service,1
1089,1-4JJZ84E,MVRL64292,JCV Auto Pty Ltd,1,company;service,1
1090,1-XTH-1367,MVRL4826,JD Lange Pty Ltd,1,company;service,1
1091,1-3NMF3X0,MVRL59042,JDCEE AUTOMOTIVE PTY LTD,1,company;service,1
1092,1-1CX7GO1,MVRL51591,JDH Automotives Pty Ltd,1,company;service,1
1093,1-3RV894F,MVRL59991,Jds Family Automotive Pty Ltd,1,company;service,1
1094,1-3RSUPE9,MVRL59950,JDs Mechanical Services & Repairs Pty Ltd,1,company;service,1
1095,1-1WB7PGX,MVRL52825,Jedi Autocare Pty Ltd,1,company;service,1
1096,1-XT3-35,MVRL21826,Jemtel Pty Ltd,1,company;service,1
1097,1-3A4WQOZ,MVRL56069,JENGO SERVICES PTY LTD,1,company;service,1
1098,1-20BFUXX,MVRL53039,Jet Vehicle Management Pty Limited,1,company;service,1
1099,1-2IZV9L3,MVRL53872,Jetiwood Pty Ltd,1,company;service,1
1100,1-4DH8KEZ,MVRL63258,JH Automotive Servicing Pty Ltd,1,company;service,1
1101,1-4FLY02I,MVRL63746,JHANDI MECHANICAL REPAIRS PTY LTD,1,company;service,1
1102,1-4CGIJ3M,MVRL63063,JHEB AUTOMOTIVE PTY LTD,1,company;service,1
1103,1-37OAPNH,MVRL55791,JHG AUTO GROUP PTY LIMITED,1,company;service,1
1104,1-3O0VIL1,MVRL59059,Jigaroo Holdings Pty Ltd,1,company;service,1
1105,1-3H541QT,MVRL57063,Jileo Motor Repair Centre Pty Ltd,1,company;service,1
1106,1-OPS7SI,MVRL49428,Jim Hull Pty Ltd,1,company;service,1
1107,1-3ZV5FST,MVRL61123,Jimmy Armstrong Mechanical Services Pty Ltd,1,company;service,1
1108,1-XTB-4511,MVRL41604,Jims Garage Pty Ltd,1,company;service,1
1109,1-4BSAH04,MVRL62911,Jiscmo Pty Ltd,1,company;service,1
1110,1-4CP4G3R,MVRL62862,JJ Mechanical Solutions Pty Ltd,1,company;service,1
1111,1-3E20CG,MVRL45956,JJ Spannenberg Pty Ltd,1,company;service,1
1112,1-3XM1ETB,MVRL60867,JK Automotive Repairs Pty Ltd,1,company;service,1
1113,1-4C6YVD4,MVRL62819,JL & SJ Barry Pty Ltd,1,company;service,1
1114,1-8GA3FX,MVRL47566,JL Mechanical Pty Ltd,1,company;service,1
1115,1-3OTPE9K,MVRL59281,JLD MANAGEMENTS PTY LTD,1,company;service,1
1116,1-4A0EGH8,MVRL62709,JLW SERVICES PTY LTD,1,company;service,1
1117,1-346J08J,MVRL55287,JM AUTOMOTIVE PTY LTD,1,company;service,1
1118,1-46LDXQ6,MVRL62210,JMECH MECHANICALS PTY LTD,1,company;service,1
1119,1-3QTY8YD,MVRL59841,JML Automotive Pty Ltd,1,company;service,1
1120,1-4GWU4YO,MVRL63980,JNB Mechanical Pty Ltd,1,company;service,1
1121,1-XTH-778,MVRL43796,JNKA Pty Ltd,1,company;service,1
1122,1-XTH-908,MVRL44021,Jo Eun Motors Pty Ltd,1,company;service,1
1123,1-XTB-4364,MVRL41323,Jobson Automotive Pty Ltd,1,company;service,1
1124,1-XTB-1401,MVRL36161,Joe & Anna Agostini Repairs & Services Pty Ltd,1,company;service,1
1125,1-1DUMA4J,MVRL51577,Joe's Automotive Repairs Pty Ltd,1,company;service,1
1126,1-URJITV,MVRL49953,John Davis Motors Pty Ltd,1,company;service,1
1127,1-3EC5P88,MVRL56810,John E Davis Motor Works Pty Ltd,1,company;service,1
1128,1-3KRRVV0,MVRL58228,JOHN EDWARDS AUTOMOTIVE TRANSMISSIONS PTY LTD,1,company;service,1
1129,1-XSI-3764,MVRL19150,John Fowler Automotive & Engine Reconditioning Pty Ltd,1,company;service,1
1130,1-3RGML65,MVRL59913,John Quinn Radiators Pty Ltd,1,company;service,1
1131,1-3VZC5CQ,MVRL60730,John Res Mechanical Repairs Pty Limited,1,company;service,1
1132,1-29PD5DK,MVRL53553,John Ryan Motors Pty Ltd,1,company;service,1
1133,1-3PKOD5O,MVRL59717,John's Motor Services Pty Ltd,1,company;service,1
1134,1-XTB-118,MVRL32680,Johnno's Auto Centre Pty Ltd,1,company;service,1
1135,1-1LQES2L,MVRL52248,Johns Car Care Pty Ltd,1,company;service,1
1136,1-4HCFS76,MVRL64008,Johns Earlwood Garage Pty Ltd,1,company;service,1
1137,1-3JGN5B2,MVRL57575,Johnson Hoang Services Pty Ltd,1,company;service,1
1138,1-XTB-1599,MVRL36548,Johnson's Auto Repairs Pty Ltd,1,company;service,1
1139,1-4BHBQ7I,MVRL62961,JONESY & SONS MECHANICAL PTY LIMITED,1,company;service,1
1140,1-2ZYKBO,MVRL45567,Jonkir Pty Ltd,1,company;service,1
1141,1-3IUFIDC,MVRL57306,JOSEPH'S MECHANICAL REPAIRS PTY LTD,1,company;service,1
1142,1-340CS4,MVRL45657,Josh Allen's True Blue Automotive Pty. Ltd.,1,company;service,1
1143,1-4DU0H72,MVRL63232,JR Mechanical Solutions Pty Ltd,1,company;service,1
1144,1-3KFE480,MVRL57886,JRH Mechanical Pty Ltd,1,company;service,1
1145,1-3FGNCOW,MVRL56830,JRKK PTY LTD,1,company;service,1
1146,1-4BT4RKE,MVRL63045,JS & BR Perry Pty Ltd,1,company;service,1
1147,1-3JERNDE,MVRL57633,JS AUTOMOTIVE SERVICES PTY LTD,1,company;service,1
1148,1-3SPG2UK,MVRL60159,JS Mechanical Services Pty Ltd,1,company;service,1
1149,1-4COPXUQ,MVRL63114,JS TRADING PTY LTD,1,company;service,1
1150,1-3Y7DBA7,MVRL60960,JSA Auto Australia Pty Ltd,1,company;service,1
1151,1-4GSMKFE,MVRL63946,JSM AG REPAIRS PTY LTD,1,company;service,1
1152,1-4HOKBUM,MVRL63937,JSRC INVESTMENTS PTY LTD,1,company;service,1
1153,1-4H5SOCO,MVRL64079,JSW MECHANICAL REPAIRS PTY LTD,1,company;service,1
1154,1-XTH-1915,MVRL60,JTP Automotive Services Pty Ltd,1,company;service,1
1155,1-XTB-4849,MVRL42265,Judds Auto Repairs Pty Ltd,1,company;service,1
1156,1-42HZMHC,MVRL61504,Julent Holdings Pty Ltd,1,company;service,1
1157,1-3N8DHTQ,MVRL58924,JUS'FIX AUTO REPAIR PTY LTD,1,company;service,1
1158,1-12N3UE7,MVRL50748,Just Auto's (NSW) Pty Ltd,1,company;service,1
1159,1-2Y9OJ7W,MVRL54738,JV Auto Repairs Pty Limited,1,company;service,1
1160,1-IQCTM9,MVRL48707,JW Hydraulic and Mechanical Pty Ltd,1,company;service,1
1161,1-39INRTF,MVRL56002,JWM AUTOMOTIVE PTY LTD,1,company;service,1
1162,1-3KLLSOS,MVRL58055,JWS Mechanical Repairs Pty Ltd,1,company;service,1
1163,1-7WTFV3,MVRL47525,K & D Auto Repair Pty Ltd,1,company;service,1
1164,1-XT3-4422,MVRL31176,K & K Pty Ltd,1,company;service,1
1165,1-1V5RTYA,MVRL52739,K & L Automotive Repairs & Services Pty. Ltd.,1,company;service,1
1166,1-3KG6A6F,MVRL58002,K & T Auto Mechanics PTY LTD,1,company;service,1
1167,1-3L4WJLY,MVRL58091,K N S AUTO REPAIRS PTY LTD,1,company;service,1
1168,1-3A92ZUF,MVRL56242,K PAUL MECHANICAL PTY LTD,1,company;service,1
1169,1-18NYPM2,MVRL51404,K S R Autocare Pty Ltd,1,company;service,1
1170,1-4I6YC05,MVRL64274,K3 AUTO PTY LTD,1,company;service,1
1171,1-1BJ00YI,MVRL51539,Kaizen Motors Pty Ltd,1,company;service,1
1172,1-3MGS4XF,MVRL58568,Kalaru Automotive Pty Ltd,1,company;service,1
1173,1-3N0GDO0,MVRL58758,KALNIAN HOLDINGS PTY LIMITED,1,company;service,1
1174,1-3LJFQU6,MVRL58251,Kalra Motors Pty Ltd,1,company;service,1
1175,1-372INF,MVRL45721,Kandee Pty Ltd,1,company;service,1
1176,1-W49H87,MVRL50145,Kandemir Investments Pty Ltd,1,company;service,1
1177,1-31B1MOR,MVRL54959,KAPUTAR MOTORS PTY LTD,1,company;service,1
1178,1-3UJX64Y,MVRL60531,KAR MECHANICAL SERVICES PTY LTD,1,company;service,1
1179,1-XTB-4533,MVRL41664,Karabil Mechanical Repairs Pty Ltd,1,company;service,1
1180,1-XTH-3448,MVRL969,Karachelle Pty Ltd,1,company;service,1
1181,1-XT3-3895,MVRL30084,Karas Autos Pty Ltd,1,company;service,1
1182,1-XT3-2862,MVRL27987,Karekinian Enterprises Pty Ltd,1,company;service,1
1183,1-3J1GHCG,MVRL57368,Karemen Pty Ltd,1,company;service,1
1184,1-QSTUGJ,MVRL49629,Kariong Automotive Pty Ltd,1,company;service,1
1185,1-8UL1TU,MVRL47619,Karlo Kittl Motors Pty Ltd,1,company;service,1
1186,1-RHJMAT,MVRL49715,Kasgin Pty Ltd,1,company;service,1
1187,1-49ST7DB,MVRL62568,Kathmandu Auto Pty Ltd,1,company;service,1
1188,1-3I410Z8,MVRL57094,KATTEGAT INVESTMENTS PTY LTD,1,company;service,1
1189,1-XTH-3401,MVRL9556,Kawasaki Motors Pty Ltd,1,company;service,1
1190,1-3WKROAL,MVRL60744,Kayrads Automotive Repairs Pty Ltd,1,company;service,1
1191,1-4CHSG6Q,MVRL63067,KAZE AUTOMOTIVE PTY LTD,1,company;service,1
1192,1-3RM6V8W,MVRL60026,KB MOTORS PTY LTD,1,company;service,1
1193,1-1UHOG6H,MVRL52778,KDCL Pty Ltd,1,company;service,1
1194,1-41EMBYS,MVRL61330,KDK AUTOMOTIVE PTY LTD,1,company;service,1
1195,1-XT3-4332,MVRL30992,Keene Pty Ltd,1,company;service,1
1196,1-35TQ08N,MVRL55531,KELDAN AUTOMOTIVE PTY LTD,1,company;service,1
1197,1-4DDNZSI,MVRL63266,Keldangle Pty Ltd,1,company;service,1
1198,1-3ANPA5D,MVRL56171,KELGARD PTY LTD,1,company;service,1
1199,1-4FCEMZC,MVRL63751,KELKOR PTY LTD,1,company;service,1
1200,1-XTB-2816,MVRL38740,Kelray Automotive Pty Ltd,1,company;service,1
1201,1-XTH-1971,MVRL613,Ken Bowen Motors Pty Ltd,1,company;service,1
1202,1-XT3-2620,MVRL27401,Ken Simpson Motors Pty Ltd,1,company;service,1
1203,1-W61L8D,MVRL50136,Kennedy's Auto Repairs Pty Ltd,1,company;service,1
1204,1-XTB-299,MVRL33032,Kenneth G Matthews Pty Ltd,1,company;service,1
1205,1-4BXJVL6,MVRL63089,Kenny Auto Repairs Pty Ltd,1,company;service,1
1206,1-3TDDOTT,MVRL60301,Kenzi Automotive Pty Ltd,1,company;service,1
1207,1-XTH-1686,MVRL5507,Kerry's Motors Pty Ltd,1,company;service,1
1208,1-3LQJDM0,MVRL58429,KEVIN PORTER AUTOMOTIVE PTY LTD,1,company;service,1
1209,1-36RXSLV,MVRL55670,KGTR PTY LIMITED,1,company;service,1
1210,1-3IOP9WH,MVRL57204,Khan (NSW) Pty Ltd,1,company;service,1
1211,1-15MIQEJ,MVRL51044,Khan Motorcar Co Pty Ltd,1,company;service,1
1212,1-XTB-3286,MVRL39403,Kildare Automotive Pty Ltd,1,company;service,1
1213,1-XTB-3724,MVRL40154,Killara Garage Pty Ltd,1,company;service,1
1214,1-4DRYDZ8,MVRL63281,Kim's Auto Tech Pty Ltd,1,company;service,1
1215,1-43DKAT0,MVRL61598,KIMTEC AUTOMOTIVE PTY LTD,1,company;service,1
1216,1-4EM3OYS,MVRL63549,KING MOTOR REPAIRS PTY LTD,1,company;service,1
1217,1-3PAJ1BK,MVRL59300,KINGS AUTO SERVICES PTY LTD,1,company;service,1
1218,1-1MB4E93,MVRL52344,Kingsgrove Mechanical Pty Ltd,1,company;service,1
1219,1-3JH9ZZG,MVRL57505,Kirkman Repairs Pty Ltd,1,company;service,1
1220,1-3OXMZVG,MVRL59110,KIRRAWEE AUTOMOTIVE SERVICES PTY LTD,1,company;service,1
1221,1-3T0UBDI,MVRL60315,Kismet Mechanical Pty Ltd,1,company;service,1
1222,1-49MUMEI,MVRL62562,KISO AUTOMOTIVE PTY LTD,1,company;service,1
1223,1-XTB-1420,MVRL36195,KJ & KA Gavin Pty Ltd,1,company;service,1
1224,1-4I3P0CM,MVRL64124,KKG GARAGE PTY LTD,1,company;service,1
1225,1-3R8P6TS,MVRL59894,Klemrich Enterprise Pty Ltd,1,company;service,1
1226,1-3MPHLLH,MVRL58657,KLR AUTOMOTIVE PTY LTD,1,company;service,1
1227,1-4AGKUTU,MVRL62761,KM AUTO CARE PTY LTD,1,company;service,1
1228,1-4HXODXW,MVRL63975,KM Motors Pty Ltd,1,company;service,1
1229,1-XTB-1115,MVRL35679,KMPV Automotive Automatics Pty Ltd,1,company;service,1
1230,1-XTB-2602,MVRL38351,KNK Automotive Pty Ltd,1,company;service,1
1231,1-XTB-4689,MVRL41988,KNK Holding Pty Ltd,1,company;service,1
1232,1-4HB523C,MVRL64011,Knocked Up Mechanical Pty Ltd,1,company;service,1
1233,1-3OHPRDX,MVRL59152,KO Auto Pty Ltd,1,company;service,1
1234,1-NPACFG,MVRL49316,Kocoski Pty Ltd,1,company;service,1
1235,1-3YDCQR4,MVRL61026,KONECT SERVICES GROUP PTY LTD,1,company;service,1
1236,1-3ZCFS6A,MVRL61132,Kosciuszko Auto Pty Ltd,1,company;service,1
1237,1-3KT161E,MVRL58240,KPM MOTORS PTY. LTD,1,company;service,1
1238,1-2WSFJU,MVRL45480,Kranstar Automotive Services Pty Ltd,1,company;service,1
1239,1-4AXOSTG,MVRL62809,KRISHNA SERVICES AU PTY LTD,1,company;service,1
1240,1-38IOREN,MVRL55895,KSG Automotive Pty Ltd,1,company;service,1
1241,1-4EHD8TY,MVRL63576,KSNA AUTOMOTIVE PTY LTD,1,company;service,1
1242,1-20EK2C9,MVRL53060,KSR Automotive Pty Ltd,1,company;service,1
1243,1-39TZKFN,MVRL56042,Kurjoe Pty Limited,1,company;service,1
1244,1-ISMTN8,MVRL48608,Kurmond Auto Care Pty Ltd,1,company;service,1
1245,1-3OV9H50,MVRL59270,KUSTOM AUTOMOTIVE & MECHANICAL SOLUTIONS PTY LTD,1,company;service,1
1246,1-RS54UY,MVRL49754,Kustom Industries Pty Ltd,1,company;service,1
1247,1-3Q3622W,MVRL59608,KW AUTO GROUP PTY LTD,1,company;service,1
1248,1-XTB-3408,MVRL39611,Kwikfix Mechanical Repairs Pty Ltd,1,company;service,1
1249,1-45TQM12,MVRL62093,KWR MECHANICAL PTY LTD,1,company;service,1
1250,1-3P83UVI,MVRL59324,L & G Thompson Pty Ltd,1,company;service,1
1251,1-1QDANBR,MVRL52528,L & J Mechanic Pty Ltd,1,company;service,1
1252,1-XT3-4490,MVRL31319,L & T Auto Mechanical Repairs Pty Ltd,1,company;service,1
1253,1-49AW28N,MVRL62382,L J & L E Movigliatti Pty Ltd,1,company;service,1
1254,1-4DEEI24,MVRL63301,L WOODMAN PTY LTD,1,company;service,1
1255,1-480VKXS,MVRL62621,L&D MECHANICAL PTY LTD,1,company;service,1
1256,1-495AW22,MVRL62589,L&S Car Services Pty Ltd,1,company;service,1
1257,1-3XQ3FTU,MVRL60920,Lachlan Cook Automotive Pty Ltd,1,company;service,1
1258,1-347UQTF,MVRL55417,LAJKO PTY LTD,1,company;service,1
1259,1-XSI-3859,MVRL19347,Lakayev Car Repairs Pty Ltd,1,company;service,1
1260,1-1U2N37T,MVRL52697,Lake Macquarie Automotive Pty Ltd,1,company;service,1
1261,1-XTB-592,MVRL34616,Lakedge Motors Pty Ltd,1,company;service,1
1262,1-41GDP4Q,MVRL61470,LAMBYS MECHANICAL PTY LTD,1,company;service,1
1263,1-4B1V05M,MVRL62876,Lamizz Siddiqui Pty Ltd,1,company;service,1
1264,1-20LWLC4,MVRL53181,Lancaster Automotive Holdings Pty Ltd,1,company;service,1
1265,1-3DYOTZ2,MVRL56792,LANDAU AUTOMOTIVE SERVICES PTY LTD,1,company;service,1
1266,1-472PF1U,MVRL62219,LANDTEK AUTOMOTIVE PTY LTD,1,company;service,1
1267,1-XSI-215,MVRL10879,Lanmint Pty Ltd,1,company;service,1
1268,1-3P8B3CW,MVRL59719,LANSVALE MECHANICAL REPAIRS PTY LTD,1,company;service,1
1269,1-3T6H4Y6,MVRL60259,LBJC PTY LTD,1,company;service,1
1270,1-24XTVIS,MVRL53443,LCS Automotive Services Pty Ltd,1,company;service,1
1271,1-3AM2KO0,MVRL56129,LE & KW Gray Pty Ltd,1,company;service,1
1272,1-3JRBSX8,MVRL57652,Leap Automotive Pty Ltd,1,company;service,1
1273,1-3E2TFAZ,MVRL56697,Leeroy's Automotive Pty Ltd,1,company;service,1
1274,1-XTB-3984,MVRL40665,Lehrer Investments (Aust.) Pty. Ltd,1,company;service,1
1275,1-XT3-2861,MVRL27985,Leichhardt Automotive Specialists Pty Ltd,1,company;service,1
1276,1-XTB-1667,MVRL36675,Leighs Auto Centre Pty Ltd,1,company;service,1
1277,1-40RRPWO,MVRL61372,Leisure Coast Car Care Pty Ltd,1,company;service,1
1278,1-4JE64FM,MVRL64289,Leisure Coast Group Pty Ltd,1,company;service,1
1279,1-2XCX7B,MVRL45489,Len Ryan & Sons Pty Ltd,1,company;service,1
1280,1-XSI-329,MVRL11104,Len Voss Automatics Pty Ltd,1,company;service,1
1281,1-3Y6BTCY,MVRL61006,LENNOX INDUSTRIAL SERVICES PTY LTD,1,company;service,1
1282,1-3YW29YM,MVRL61040,Leo Auto Mechanic Pty Ltd,1,company;service,1
1283,1-2LGGBL3,MVRL54135,Leo Franco Motors Pty Ltd,1,company;service,1
1284,1-40F61P8,MVRL61566,LEO'S AUTO CARE PTY LTD,1,company;service,1
1285,1-OXLMF8,MVRL49433,Leondis Automotive Pty Ltd,1,company;service,1
1286,1-XT3-4293,MVRL30929,Les Hardy Automotive Pty Limited,1,company;service,1
1287,1-1XJV7VA,MVRL53135,Lesvos Holdings Pty Ltd,1,company;service,1
1288,1-3WW2MD0,MVRL60860,Let's Torque Automotive Pty Ltd,1,company;service,1
1289,1-OGOKUY,MVRL49402,Lewisham Repair Centre Pty Ltd,1,company;service,1
1290,1-XTH-3286,MVRL924,Lexalo Pty Ltd,1,company;service,1
1291,1-XSI-1456,MVRL13916,Lieschke Motors Pty Ltd,1,company;service,1
1292,1-3KJQV5K,MVRL58178,LIFAD PTY LTD,1,company;service,1
1293,1-3YRD6ZG,MVRL61080,Lift Right Services Pty Ltd,1,company;service,1
1294,1-4JMRS3G,MVRL64368,LIMITLESS AUTOMOTIVE SERVICES PTY LTD,1,company;service,1
1295,1-XT3-2791,MVRL27843,Lismore Service Centre Pty Ltd,1,company;service,1
1296,1-3RQB1D8,MVRL59956,LIU & WU INVESTMENTS PTY LTD,1,company;service,1
1297,1-38TT9I3,MVRL55936,LIVERPOOL MECHANICAL REPAIRS PTY LTD,1,company;service,1
1298,1-XSI-2039,MVRL15309,Liverpool Transmission Service Centre Pty Ltd,1,company;service,1
1299,1-4IL7KZS,MVRL64136,LK Auto Pty Ltd,1,company;service,1
1300,1-45XW4BH,MVRL61945,LK Motor Mechanic Group Pty Ltd,1,company;service,1
1301,1-WNZ90K,MVRL50161,LMK Mechanical Auto Repairs Pty Ltd,1,company;service,1
1302,1-40WJTV4,MVRL61387,LMS MECHANICAL MAINTENANCE PTY LTD,1,company;service,1
1303,1-3VHWF41,MVRL60577,LN Tools Pty Ltd,1,company;service,1
1304,1-XT3-191,MVRL22226,Loleta Holdings Pty Ltd,1,company;service,1
1305,1-7RXKLA,MVRL47505,Lonetrap Pty Ltd,1,company;service,1
1306,1-2L9XEDO,MVRL54131,Lontarm Pty Ltd,1,company;service,1
1307,1-XTB-3801,MVRL40293,Loucam Autos Pty Ltd,1,company;service,1
1308,1-XT3-956,MVRL23860,Louis Mechanical Services Pty Ltd,1,company;service,1
1309,1-3U2E406,MVRL60403,Lovells Automotive Systems Pty Ltd,1,company;service,1
1310,1-XSI-4542,MVRL2076,Loxolu Pty Ltd,1,company;service,1
1311,1-2JE0S1D,MVRL53908,Loyalty Road Automotive Pty Ltd,1,company;service,1
1312,1-3JQZGGE,MVRL57641,LRJ MARCHANT PTY LTD,1,company;service,1
1313,1-4D4BIJK,MVRL63127,LRS Mechanical Services Pty Ltd,1,company;service,1
1314,1-3UDWGBO,MVRL60509,LSH Mechanical Pty Ltd,1,company;service,1
1315,1-13GYZ6A,MVRL50814,Ludanin Pty Ltd,1,company;service,1
1316,1-XSI-207,MVRL10857,Luff Motors Pty Ltd,1,company;service,1
1317,1-22SOZWN,MVRL53238,Lukis Automotive Pty Ltd,1,company;service,1
1318,1-3X48R86,MVRL60796,LUXURY AUTOMOTIVE ENTERPRISE PTY LTD,1,company;service,1
1319,1-XT3-2330,MVRL26773,Lymcrest Pty Ltd,1,company;service,1
1320,1-3EF4GI0,MVRL56668,Lynx Auto Services Pty Ltd,1,company;service,1
1321,1-2P22RZL,MVRL54387,M & A Corporation Pty Ltd,1,company;service,1
1322,1-41OEE3Y,MVRL61480,M & J EXPOSE IT PTY LTD,1,company;service,1
1323,1-5WYPWI,MVRL47101,M & J Services Pty Ltd,1,company;service,1
1324,1-335JSLF,MVRL55211,M & K All Mechanic Pty Ltd,1,company;service,1
1325,1-3H0UORE,MVRL57065,M & N PICCOLI PTY LTD,1,company;service,1
1326,1-3C74VFO,MVRL56382,M & R Autoservice (NSW) Pty Ltd,1,company;service,1
1327,1-3JKFH2S,MVRL57556,M B Automotive Services Pty Ltd,1,company;service,1
1328,1-2LYDDIC,MVRL54197,M B Mechanic Pty Ltd,1,company;service,1
1329,1-3BXZFU8,MVRL56370,M H MECHANICAL SERVICES PTY LTD,1,company;service,1
1330,1-3QJCH0M,MVRL59687,M J L AUTOMOTIVE PTY LTD,1,company;service,1
1331,1-1RQDEHV,MVRL52614,M T Automotive Pty Ltd,1,company;service,1
1332,1-1B2PVUM,MVRL51676,M V Eckersley Pty Ltd,1,company;service,1
1333,1-2WBQXHD,MVRL54558,M&B Nominees Pty Ltd,1,company;service,1
1334,1-3XQDV94,MVRL60918,M.G. SERVICE GROUP PTY LTD,1,company;service,1
1335,1-2GRVEO4,MVRL53819,MAAS Repairs Pty Ltd,1,company;service,1
1336,1-3QJSN7S,MVRL59835,MAC AUTO PTY LTD,1,company;service,1
1337,1-3YP7PD2,MVRL61056,Macarthur Brothers Automotive Pty Ltd,1,company;service,1
1338,1-3UW14BI,MVRL60507,MACARTHUR GRANGE AUTOMOTIVE SERVICES PTY LTD,1,company;service,1
1339,1-47KR4X4,MVRL62403,MACKENZIE & CO AUTOMOTIVE PTY LTD,1,company;service,1
1340,1-36Z5IEX,MVRL55704,Macri Motors Pty Ltd,1,company;service,1
1341,1-3Q4NJDG,MVRL59704,MAE AUTOMOTIVE PTY LTD,1,company;service,1
1342,1-1KGRK61,MVRL52099,Mak Automotive Pty Ltd,1,company;service,1
1343,1-49NX62C,MVRL62619,MALIF AUTO GROUP PTY LIMITED,1,company;service,1
1344,1-3KR7A7A,MVRL58193,MALNEW PTY LTD,1,company;service,1
1345,1-4EWMDYU,MVRL63612,MANEX MOTOR VEHICLE REPAIR PTY LTD.,1,company;service,1
1346,1-3KXF738,MVRL58162,MANLY MECHANIC PTY LTD.,1,company;service,1
1347,1-49O8O14,MVRL62708,MANNA HILL GROUP PTY LTD,1,company;service,1
1348,1-48UE044,MVRL62534,MANNING AUTOMOTIVE PTY LTD,1,company;service,1
1349,1-XTH-1037,MVRL44273,Manning Mechanical Services Pty Ltd,1,company;service,1
1350,1-XSI-1796,MVRL14714,Manning Motors Pty Ltd,1,company;service,1
1351,1-14WPWRV,MVRL50969,Manning Valley Automotive Pty Ltd,1,company;service,1
1352,1-4F3WMG2,MVRL63660,MANNY'S GARAGE PTY LTD,1,company;service,1
1353,1-3K35G12,MVRL57919,Manoleen Trading Pty Ltd,1,company;service,1
1354,1-26O47DP,MVRL53416,Mark Fast Repairs Pty Ltd,1,company;service,1
1355,1-XT3-2994,MVRL28226,Mark Harrison Automotive Services Pty. Ltd.,1,company;service,1
1356,1-3N03UOQ,MVRL58742,MARKY MARK AUTO PTY LTD,1,company;service,1
1357,1-XTH-333,MVRL4310,Maroubra Automotive Refinishers Pty Ltd,1,company;service,1
1358,1-2GA3T11,MVRL53816,Maroubra Bay Garage Pty Ltd,1,company;service,1
1359,1-3LEB9O2,MVRL58329,MARULAN AND DISTRICT AUTOMOTIVE PTY LTD,1,company;service,1
1360,1-3R5Q45Y,MVRL59825,Marvarlis Automotives Pty Ltd,1,company;service,1
1361,1-4GIVZVO,MVRL63869,MARVEN MECHANIC PTY LTD,1,company;service,1
1362,1-4FQ2NIQ,MVRL63764,MASCOT MECHANICAL PTY LTD,1,company;service,1
1363,1-XSI-2915,MVRL17253,Mastascan Mechanical Repairs Pty Ltd,1,company;service,1
1364,1-3MY3W1O,MVRL58749,Master Technician Services Pty Ltd,1,company;service,1
1365,1-3JLCO9Q,MVRL57522,MAT'S MECHANICS PTY LTD,1,company;service,1
1366,1-3H4PWXG,MVRL57087,MATHARU AUTO CARE PTY LTD,1,company;service,1
1367,1-490FTDO,MVRL62506,MATIO AUTO REPAIR PTY LTD,1,company;service,1
1368,1-3DFKY0U,MVRL56520,MATT GATES AUTOMOTIVE PTY LTD,1,company;service,1
1369,1-4EXBDA4,MVRL63626,MATT LITTLE SERVICES PTY LTD,1,company;service,1
1370,1-3F47JLQ,MVRL56936,MATT SIMS NORTH ALBURY AUTOMOTIVE PTY LTD,1,company;service,1
1371,1-13N4X6L,MVRL50809,Matthew Harding Mechanical Repairs Pty Ltd,1,company;service,1
1372,1-XT3-4560,MVRL31485,Maucor Pty Ltd,1,company;service,1
1373,1-26G0U7D,MVRL53400,Mavric Carlo Pty. Ltd,1,company;service,1
1374,1-4D745R4,MVRL63465,MAX D MECHANICAL SERVICES PTY LTD,1,company;service,1
1375,1-4GPMMZK,MVRL64034,MAX EURO AUTO PTY LTD,1,company;service,1
1376,1-XSI-3041,MVRL17551,Max Oddi Automotive Repairs Pty Ltd,1,company;service,1
1377,1-XTB-50,MVRL32545,Maxpro Pty Ltd,1,company;service,1
1378,1-2UQN017,MVRL54548,Mayfield Mufflers Pty Ltd,1,company;service,1
1379,1-1S0O2ND,MVRL52615,MB Lismore Pty Ltd,1,company;service,1
1380,1-KSJJIV,MVRL48982,MB Mechanical Repairs Pty Ltd,1,company;service,1
1381,1-3ISRZ55,MVRL57298,MC Automotive Services Pty Ltd,1,company;service,1
1382,1-3RBQE80,MVRL60056,McAlister Motors Pty Limited,1,company;service,1
1383,1-XTB-3735,MVRL40175,Mccano Pty Ltd,1,company;service,1
1384,1-J9C5GK,MVRL48699,McCloy Automotive Pty Ltd,1,company;service,1
1385,1-1C90AYF,MVRL51893,McDonald Automotive Services Pty Ltd,1,company;service,1
1386,1-41R689O,MVRL61539,MCEVOY MOTORS PTY LTD,1,company;service,1
1387,1-3PHVRFG,MVRL59508,MCGRATH MECHANICAL PTY LTD,1,company;service,1
1388,1-4FL21DS,MVRL63713,McGraths Hill Automotive Pty Ltd,1,company;service,1
1389,1-4AYMJ82,MVRL62792,MD TOTAL CAR CARE PTY LTD,1,company;service,1
1390,1-BCACXI,MVRL47950,Mecano Repairs Pty Ltd,1,company;service,1
1391,1-45VFI1U,MVRL62086,MECH CULTURE PTY LTD,1,company;service,1
1392,1-3MKUC0M,MVRL58602,MECHANICAL PROFESSIONAL SERVICES PTY LTD,1,company;service,1
1393,1-3JJUO8Q,MVRL57549,MECHANICAL SAFETY SOLUTIONS PTY LTD,1,company;service,1
1394,1-4HI8BMY,MVRL64121,MECHANICS BY MB PTY LTD,1,company;service,1
1395,1-3CQU8YM,MVRL56472,MEDICAR NSW PTY LTD,1,company;service,1
1396,1-3SYC3I6,MVRL60179,MEDOWIE CAR CARE PLUS PTY LTD,1,company;service,1
1397,1-XTH-677,MVRL43634,Medowie Motors Pty Ltd,1,company;service,1
1398,1-391S54,MVRL45858,Meek Automotive Pty LTd,1,company;service,1
1399,1-13OEGKP,MVRL50832,Meher International Pty Ltd,1,company;service,1
1400,1-XT3-2482,MVRL27108,Meldeck Pty Ltd,1,company;service,1
1401,1-37ZD42Z,MVRL55840,MELLING MECHANICAL PTY LTD,1,company;service,1
1402,1-103BCYF,MVRL50558,Memorial Automotive Service Centre Pty Ltd,1,company;service,1
1403,1-XTB-1888,MVRL37097,Menke Auto Renewals Pty Ltd,1,company;service,1
1404,1-4AYI8A0,MVRL62852,Menzies Auto Group Pty Ltd,1,company;service,1
1405,1-3Q4TOGW,MVRL59558,Merenz Automotive Pty Ltd,1,company;service,1
1406,1-3YL35KI,MVRL61029,Merewether Mechanical Pty Ltd,1,company;service,1
1407,1-1XMG3UX,MVRL52997,Meridian Garage Pty Ltd,1,company;service,1
1408,1-4ATBIK2,MVRL62839,Merken Automotive Pty Ltd,1,company;service,1
1409,1-XSI-486,MVRL11371,Mersec Pty Ltd,1,company;service,1
1410,1-3T1VMEE,MVRL60283,Mervyn's Automotive Pty Ltd,1,company;service,1
1411,1-96FSVJ,MVRL47697,Metcalfe Automotive Pty Ltd,1,company;service,1
1412,1-2N5FDIN,MVRL54418,Metro Auto Air Pty Ltd,1,company;service,1
1413,1-46VJ4UK,MVRL62200,MGA Motor Repairs Pty LTd,1,company;service,1
1414,1-3NCHY6J,MVRL58831,MGC Car Service Pty Ltd,1,company;service,1
1415,1-35NL88B,MVRL55485,MGL SPEED AUTO REPAIR PTY LTD,1,company;service,1
1416,1-3ZISCRQ,MVRL61219,MGR AUTO PTY LTD,1,company;service,1
1417,1-FUAV6T,MVRL48439,MH Auto Care Pty Ltd,1,company;service,1
1418,1-3FBVTZX,MVRL56941,Micar Care Pty Ltd,1,company;service,1
1419,1-XTB-2725,MVRL38573,Michael Bros Automotive Pty Ltd,1,company;service,1
1420,1-XTH-306,MVRL43041,Michael C Investments Pty Ltd,1,company;service,1
1421,1-XTB-2662,MVRL38478,Michelangelo Pty Ltd,1,company;service,1
1422,1-3AFKT90,MVRL56099,Micks Mechanical Repairs Pty Ltd,1,company;service,1
1423,1-40YFCTK,MVRL61368,MID CITY SERVICE CENTRE PTY LTD,1,company;service,1
1424,1-XSI-4347,MVRL20368,Mid-City Mechanical Repairs Pty Ltd,1,company;service,1
1425,1-446MWN8,MVRL61869,Midas Automotive Pty Ltd,1,company;service,1
1426,1-XTH-2484,MVRL7310,Middle Cove Motors Pty Ltd,1,company;service,1
1427,1-3KW2FLG,MVRL58035,MIG Investments Pty Ltd,1,company;service,1
1428,1-49RJONS,MVRL62624,MIGS MECHANICAL PTY LTD,1,company;service,1
1429,1-XEV2JZ,MVRL50382,Milano Mechanical Repairs Pty Ltd,1,company;service,1
1430,1-3KT23PC,MVRL58541,MILES AUTOMOTIVE REPAIRS PTY LTD,1,company;service,1
1431,1-1C8TILC,MVRL51552,Mills-Thom's Mechanical Repairs Pty Ltd,1,company;service,1
1432,1-XTH-1190,MVRL44550,Milltown Torch Pty Ltd,1,company;service,1
1433,1-42CDQ0C,MVRL61440,MILSPEC AUTOMOTIVE PTY LTD,1,company;service,1
1434,1-4II764W,MVRL64219,Minchinbury Mechanical Repair Pty Ltd,1,company;service,1
1435,1-3NGGA88,MVRL59001,MINT MOTORS PTY LTD,1,company;service,1
1436,1-4DBCMU2,MVRL63257,MITCH D BUSINESS PTY LTD,1,company;service,1
1437,1-4GJZ2MQ,MVRL63881,MITCHELL ARNISON PTY LTD,1,company;service,1
1438,1-4INZEL4,MVRL64209,MITCHELL ROAD MECHANICAL PTY LTD,1,company;service,1
1439,1-1VRINMV,MVRL52821,Mittagong Auto Tech Pty Ltd,1,company;service,1
1440,1-X6TTRW,MVRL50274,Mittagong Mechanical Pty Ltd,1,company;service,1
1441,1-XTB-3683,MVRL40094,Mixedmob Pty Ltd,1,company;service,1
1442,1-XTB-133,MVRL32708,MJ Brace Pty Ltd,1,company;service,1
1443,1-2NK73YZ,MVRL54414,MJAT Pty Ltd,1,company;service,1
1444,1-20RNTZN,MVRL53134,MJB Automotive Pty Ltd,1,company;service,1
1445,1-46ULDCI,MVRL62334,MJB FIELD SERVICE PTY LTD,1,company;service,1
1446,1-3WGQN5X,MVRL60902,MJN Automotive Pty Ltd,1,company;service,1
1447,1-448L40I,MVRL61852,MK AUTOCARE PTY LTD,1,company;service,1
1448,1-2FXTEKB,MVRL53748,MLI Group Pty Ltd,1,company;service,1
1449,1-28KJX0R,MVRL53505,MNB Automotive Pty Ltd,1,company;service,1
1450,1-3PJBCWM,MVRL59407,MNH GROUP PTY LTD,1,company;service,1
1451,1-132UQMX,MVRL50781,Modern Motors Dungog Pty Ltd,1,company;service,1
1452,1-XT3-2219,MVRL2653,Modern Motors Pty Ltd,1,company;service,1
1453,1-3NVOLXH,MVRL59091,Mohaar Mechanical Pty Ltd,1,company;service,1
1454,1-XT3-1848,MVRL25841,Moimac Pty Ltd,1,company;service,1
1455,1-3Q76PH4,MVRL59702,Mojo Automotive Pty Ltd,1,company;service,1
1456,1-34797DX,MVRL55274,Mona Vale Automotive Pty Ltd,1,company;service,1
1457,1-XTH-506,MVRL43324,Monaro Logging Services Pty Ltd,1,company;service,1
1458,1-12D91YO,MVRL50714,Monaro Mechanical Pty Ltd,1,company;service,1
1459,1-313ORW,MVRL45555,Monaro Mechanical Repairs Pty Ltd,1,company;service,1
1460,1-4EAYADE,MVRL63494,Montview Automotive Pty Ltd,1,company;service,1
1461,1-1642OK9,MVRL51050,Moro & Sons Automotive Pty Ltd,1,company;service,1
1462,1-4DK2564,MVRL63214,Morris Automotive Pty Ltd,1,company;service,1
1463,1-4BENJ1S,MVRL62693,Motive Auto Group Pty Ltd,1,company;service,1
1464,1-3YVV2XT,MVRL61042,Moto Trekkin Pty Ltd,1,company;service,1
1465,1-ND56XT,MVRL49240,Motoka Pty Ltd,1,company;service,1
1466,1-3TSY6LL,MVRL60381,MOTOR ONE GARAGE PTY LTD,1,company;service,1
1467,1-1L25R3E,MVRL52186,Motortorque Pty Ltd,1,company;service,1
1468,1-46O4ASI,MVRL62112,Mount Victoria Service Centre Pty Ltd,1,company;service,1
1469,1-3E71JX8,MVRL56636,MOUNTAINS AUTOMOTIVE PTY LTD,1,company;service,1
1470,1-4GG47R0,MVRL63820,Mourad Automotive Pty Ltd,1,company;service,1
1471,1-395W29J,MVRL55995,MR AUTO KEYS PTY LTD,1,company;service,1
1472,1-3K0KMGO,MVRL57785,Mr Car Service & Repair Pty Ltd,1,company;service,1
1473,1-4DU7FQF,MVRL63331,Mr. A.S. Motor Repairs Pty Ltd,1,company;service,1
1474,1-4B5UXNQ,MVRL62851,MRM Autos Pty Ltd,1,company;service,1
1475,1-4B987N2,MVRL62884,MRMD MECHANICAL SERVICES PTY LTD,1,company;service,1
1476,1-4FS96GH,MVRL63734,MRN Mechanical Service Pty Ltd,1,company;service,1
1477,1-17SCZCF,MVRL51261,MRT Automotive Pty Ltd,1,company;service,1
1478,1-3ODOESI,MVRL59078,MSARC PTY LTD,1,company;service,1
1479,1-3EH5G3M,MVRL56765,MSC MECHANICAL PTY LTD,1,company;service,1
1480,1-41ZG15M,MVRL61464,MSC Mechanical Repairs Pty Ltd,1,company;service,1
1481,1-4J8SFSM,MVRL64283,MT DRUITT SUSPENSION AND MECHANICAL CENTRE PTY LTD,1,company;service,1
1482,1-4FY7PJK,MVRL63778,MTC MECHANICAL PTY LTD,1,company;service,1
1483,1-3SXPAGE,MVRL60204,MTS MECHANICAL PTY LTD,1,company;service,1
1484,1-39L8V00,MVRL55953,Muras Automotive Pty Ltd,1,company;service,1
1485,1-38A651V,MVRL55873,MURPHY'S AUTO PTY LTD,1,company;service,1
1486,1-32ZAFT5,MVRL55125,MURWILLUMBAH EXHAUST & SERVICE CENTRE PTY LTD,1,company;service,1
1487,1-3W2DBQC,MVRL60662,Muswellbrook Automotive Services Pty Ltd,1,company;service,1
1488,1-4J9MBZE,MVRL64263,MUZZ AUTO & MECHANICAL PTY LTD,1,company;service,1
1489,1-45LMM50,MVRL61958,MVM SERVICING PTY LTD,1,company;service,1
1490,1-4EV29XQ,MVRL63608,MVP Auto Refinishing Pty Ltd,1,company;service,1
1491,1-XT3-2792,MVRL27844,MVR Motor Vehicle Repairers Pty Ltd,1,company;service,1
1492,1-32YISO5,MVRL55078,My Motors Brookvale Pty Ltd,1,company;service,1
1493,1-3KSTJ8M,MVRL58040,MY SPORTSCAR PTY LTD,1,company;service,1
1494,1-3K7YOAG,MVRL57832,MYCAR REPAIR CENTRE PTY. LTD,1,company;service,1
1495,1-36NIYD7,MVRL55690,N & G MECHANICAL REPAIRS PTY LTD,1,company;service,1
1496,1-3AVDOUY,MVRL56087,N & K Transmissions Pty Ltd,1,company;service,1
1497,1-XSI-4842,MVRL21425,N & N Automotives Pty Ltd,1,company;service,1
1498,1-3J8XNPP,MVRL57438,N and D Mechanical Pty Ltd,1,company;service,1
1499,1-4E84JMS,MVRL63441,N SQUARE MOTORS PTY LTD,1,company;service,1
1500,1-XTH-1062,MVRL44328,N V Motor Mechanical Repairs Pty Ltd,1,company;service,1
1501,1-3E73H1,MVRL45948,Nacs Automotive Pty Ltd,1,company;service,1
1502,1-3D31NO8,MVRL56481,Najeka Pty Ltd,1,company;service,1
1503,1-4DFFNX6,MVRL63274,NAMOI VALLEY AUTOMOTIVE PTY LTD,1,company;service,1
1504,1-1DIVERR,MVRL51612,Napier Investments NSW Pty Ltd,1,company;service,1
1505,1-3ANHMJ5,MVRL56246,Narromine Mechanical Pty Ltd,1,company;service,1
1506,1-44CZ42I,MVRL61884,NAT'S CAR CARE PTY LTD,1,company;service,1
1507,1-1Y9QGRV,MVRL52941,Navan Mechanical Services Pty Ltd,1,company;service,1
1508,1-35PF58D,MVRL55496,NAVIN AUTOMOTIVE SYSTEMS PTY LIMITED,1,company;service,1
1509,1-3BA1J4M,MVRL56284,NAVT Pty Ltd,1,company;service,1
1510,1-7EXNOI,MVRL47434,NBHVR Pty Limited,1,company;service,1
1511,1-48N1KCW,MVRL62497,NC Martin Services Pty Ltd,1,company;service,1
1512,1-XTB-4543,MVRL41686,Nealings Drilling & Mechanical Services Pty Ltd,1,company;service,1
1513,1-43HV1F8,MVRL61701,Neid Automotive Pty Ltd,1,company;service,1
1514,1-4CZZXEQ,MVRL63107,NEIL'S MECHANICAL REPAIRS PTY LTD,1,company;service,1
1515,1-XTB-4245,MVRL41106,Network Auto Pty Ltd,1,company;service,1
1516,1-44CSSE4,MVRL61762,New J & K Investment Pty Ltd,1,company;service,1
1517,1-766CJV,MVRL47328,New Start 10 Pty Ltd,1,company;service,1
1518,1-XTB-4809,MVRL42197,Newcastle Automotive Services Pty Ltd,1,company;service,1
1519,1-XSI-3894,MVRL19430,Newcastle Muffler Service Pty Ltd,1,company;service,1
1520,1-XTB-4624,MVRL41849,Newisb Pty Ltd,1,company;service,1
1521,1-4I74VA6,MVRL64044,Nexo Automotive Pty Ltd,1,company;service,1
1522,1-47N7PLC,MVRL62363,NEXT AUTO GROUP PTY LTD,1,company;service,1
1523,1-3XT7DOA,MVRL60952,NEXT GEN AUTO CARE PTY LTD,1,company;service,1
1524,1-4FRB660,MVRL63754,Nextgen Mechanical Pty Ltd,1,company;service,1
1525,1-4BUW92Q,MVRL62986,NFI AUTO PTY LTD,1,company;service,1
1526,1-XTH-824,MVRL43886,Niche Auto Systems Pty Ltd,1,company;service,1
1527,1-XT3-3061,MVRL28352,Nileras Pty Ltd,1,company;service,1
1528,1-2B7BOG1,MVRL53637,Nimrat Jass Pty Ltd,1,company;service,1
1529,1-4ETSLJ4,MVRL63634,NINETYNINE GROUP PTY LTD.,1,company;service,1
1530,1-2JOCJ13,MVRL53975,NK Management Pty Ltd,1,company;service,1
1531,1-2FDLHGZ,MVRL53738,NK Trades And Services Pty Ltd,1,company;service,1
1532,1-1XOM9K7,MVRL53046,Nkorkes Pty Ltd,1,company;service,1
1533,1-2KIJNYN,MVRL54097,NMR Mechanical Pty Ltd,1,company;service,1
1534,1-8QVXKD,MVRL47624,Noble Auto Repairs Pty Ltd,1,company;service,1
1535,1-3J66JHH,MVRL57566,Noble Auto Services Pty Ltd,1,company;service,1
1536,1-3YJUVES,MVRL61087,NOBLES MECHANICAL SERVICES PTY LTD,1,company;service,1
1537,1-XTH-3153,MVRL8906,Nodira Pty Ltd,1,company;service,1
1538,1-1RB2BC7,MVRL52572,Nordic Motor Pty Ltd,1,company;service,1
1539,1-4074W0M,MVRL61253,NORI AUTOS PTY LTD,1,company;service,1
1540,1-XTB-3081,MVRL39037,North Dubbo Motors Pty Ltd,1,company;service,1
1541,1-46FO55U,MVRL62305,NORTH HARBOUR AUTOMOTIVE PTY LTD,1,company;service,1
1542,1-4JJ3NDV,MVRL64290,North Haven Mechanical Pty Ltd,1,company;service,1
1543,1-1E4TZN6,MVRL51699,North Shore Automotive Pty Ltd,1,company;service,1
1544,1-47SIBJ6,MVRL62357,North Shore Hi-Tech Pty Ltd,1,company;service,1
1545,1-3TUICAC,MVRL60351,North Side Auto Works Pty Ltd,1,company;service,1
1546,1-47WZDKI,MVRL62536,NORTHERN BEACHES PRESTIGE AUTOCARE PTY LTD,1,company;service,1
1547,1-O1XR66,MVRL49333,Northern Rivers Mechanical Service Pty Ltd,1,company;service,1
1548,1-1K3G6MZ,MVRL52077,Northern Rivers Motors Pty Ltd,1,company;service,1
1549,1-3VCUNGY,MVRL60563,NORTHSHORE SERVICE CENTRE PTY LIMITED,1,company;service,1
1550,1-8Q4QEJ,MVRL47609,Northside Mechanical Pty Ltd,1,company;service,1
1551,1-4GFQWTC,MVRL63817,NORTHSIDE MECHANICAL WAGGA WAGGA PTY LTD,1,company;service,1
1552,1-3320CH7,MVRL55138,NORTHWEST AIRCRAFT COMPONENTS PTY. LIMITED,1,company;service,1
1553,1-3UMGF4O,MVRL60565,NOVA AUTO INNOVATIONS PTY LTD,1,company;service,1
1554,1-3LA9HGS,MVRL58264,NOVATECH AUTOBODY REPAIRS PTY LTD,1,company;service,1
1555,1-4EPBA50,MVRL63546,NOWRA MECHANICAL PTY LTD,1,company;service,1
1556,1-3JJX1Y5,MVRL57446,Nowra Motors Pty Ltd,1,company;service,1
1557,1-3JDM5NE,MVRL57477,NPC MECHANICAL PTY LIMITED,1,company;service,1
1558,1-3LZ4BWS,MVRL58452,NPW Services Pty Ltd,1,company;service,1
1559,1-XTH-576,MVRL43436,NRA Consultancy Pty Ltd,1,company;service,1
1560,1-3QUMLFW,MVRL59857,NRC Mullum Pty Ltd,1,company;service,1
1561,1-3MSICO2,MVRL58775,NS AUTOMOTIVE PTY LTD,1,company;service,1
1562,1-3AFKT3A,MVRL56094,NST Luxury Services Pty Ltd,1,company;service,1
1563,1-1ASAWS4,MVRL51608,NT Automotive Pty Ltd,1,company;service,1
1564,1-287FNVK,MVRL53461,Nu Tech Car Care Pty Ltd,1,company;service,1
1565,1-4799KO3,MVRL62202,Nuss Mechanical Pty Ltd,1,company;service,1
1566,1-3AWP3I4,MVRL56209,NUTS AND BOLTS AUTOMOTIVE PTY LTD,1,company;service,1
1567,1-1FYYL5M,MVRL51756,Nymeyer Automotive Pty Ltd,1,company;service,1
1568,1-4DX82FY,MVRL63356,NZ Auto Care Pty Ltd,1,company;service,1
1569,1-33IMKYO,MVRL55185,O'Connor Automotive Pty Ltd,1,company;service,1
1570,1-R89JZ9,MVRL49713,O'Halloran Management Services Pty. Ltd.,1,company;service,1
1571,1-XSI-2103,MVRL15453,O'Halloran Motors Pty Ltd,1,company;service,1
1572,1-XSI-4802,MVRL21352,O'Toole's Mechanical Repairs Pty Ltd,1,company;service,1
1573,1-2FML4SW,MVRL53765,Oakes Road Automotive Pty Limited,1,company;service,1
1574,1-XT3-403,MVRL22669,Oaks Automotive Pty Ltd,1,company;service,1
1575,1-4HJRMLJ,MVRL64265,Oatley Auto Centre (Syd) Pty Ltd,1,company;service,1
1576,1-NTSYJJ,MVRL49306,Octane Automotive Pty Ltd,1,company;service,1
1577,1-4FMUT18,MVRL64056,ODIN MOTORS GROUP PTY LTD,1,company;service,1
1578,1-3ISVOB4,MVRL57370,OG GARAGE PTY LTD,1,company;service,1
1579,1-XTB-570,MVRL34577,OHK Pty Ltd,1,company;service,1
1580,1-4GV5YL8,MVRL63997,OM AUTO REPAIRS PTY LTD,1,company;service,1
1581,1-28CKF07,MVRL53870,On Point Mechanics Pty Ltd,1,company;service,1
1582,1-3JTYR96,MVRL57659,On the Ball Automotive Pty Limited,1,company;service,1
1583,1-4G10T9A,MVRL63909,ON THE GO AUTO SOLUTIONS PTY LTD,1,company;service,1
1584,1-XTB-1711,MVRL36747,On The Road Automotive Pty Ltd,1,company;service,1
1585,1-4HBAJDA,MVRL64083,ONE STOP AUTO REPAIR AND TECHNICAL SOLUTION PTY LTD,1,company;service,1
1586,1-3UKW5M2,MVRL60602,One Touch Mechanical Pty Ltd,1,company;service,1
1587,1-KLEM6H,MVRL48938,One Up Group Pty Ltd,1,company;service,1
1588,1-1Y1QG65,MVRL52962,Onsite Maintenance Services Pty Limited,1,company;service,1
1589,1-654I6Y,MVRL47089,Onsite Mechanical Service Pty Ltd,1,company;service,1
1590,1-3NRGQI6,MVRL59089,ONTIME MECHANICAL SERVICES PTY LTD,1,company;service,1
1591,1-3OQSYJ0,MVRL59228,OPTIMUS INDUSTRIES PTY LTD,1,company;service,1
1592,1-44NVS6S,MVRL61825,Orange Auto Repairs Pty Ltd,1,company;service,1
1593,1-WISR5L,MVRL50157,Orange Automotive Pty Ltd,1,company;service,1
1594,1-2VROCLH,MVRL54615,Orion Auto's Pty Ltd,1,company;service,1
1595,1-XSI-4415,MVRL20505,Ortranto Pty Ltd,1,company;service,1
1596,1-4680LFA,MVRL62076,Oscell Services Pty Ltd,1,company;service,1
1597,1-3EUB96M,MVRL56799,OSELEC AUTO PTY LTD,1,company;service,1
1598,1-3QWSWTE,MVRL59871,OSHO Holdings Pty Ltd,1,company;service,1
1599,1-3VUU2WQ,MVRL60832,Out West Automotive Pty Ltd,1,company;service,1
1600,1-3QTTEH6,MVRL59784,Oxford Finance Pty Ltd,1,company;service,1
1601,1-31KO12Z,MVRL54933,OZ Demir Auto Pty Ltd,1,company;service,1
1602,1-3II7ED6,MVRL57219,OZCAR REPAIR PTY LTD,1,company;service,1
1603,1-1NF4T7I,MVRL52485,Ozipak Pty Ltd,1,company;service,1
1604,1-35J0ENP,MVRL55509,Oztek Mechanical Pty Ltd,1,company;service,1
1605,1-QSTMSE,MVRL49635,Oztrack Pty Ltd,1,company;service,1
1606,1-3ZR8KMM,MVRL61126,Ozzy Auto Service Pty Ltd,1,company;service,1
1607,1-VEO7D9,MVRL50038,P & E Frazier & Sons Pty Ltd,1,company;service,1
1608,1-452W6PU,MVRL61933,P & G Automotive Pty Ltd,1,company;service,1
1609,1-E88YLL,MVRL48255,P & S Cooper Pty Ltd,1,company;service,1
1610,1-3NZL6N8,MVRL59048,P & Y AUTO CARE PTY LTD,1,company;service,1
1611,1-A2HDLX,MVRL47875,P Grossi Pty Ltd,1,company;service,1
1612,1-4DWUDDY,MVRL63348,P&M Automotive Pty Ltd,1,company;service,1
1613,1-339N5V4,MVRL55210,P.A. Dalecos Pty Ltd,1,company;service,1
1614,1-1TS86A0,MVRL52719,P8 Auto Pty Ltd,1,company;service,1
1615,1-3J6OC64,MVRL57581,PACIFIC AUTO MECHANICAL PTY LTD,1,company;service,1
1616,1-4E88E5Q,MVRL63457,Pacific Automotive Services Pty Ltd,1,company;service,1
1617,1-27OUM1N,MVRL53534,Pacific Motors Holdings Pty Ltd,1,company;service,1
1618,1-14UFVB1,MVRL50938,Padstow Automotive Pty Ltd,1,company;service,1
1619,1-3QJGX6K,MVRL59772,Pamchar Pty Ltd,1,company;service,1
1620,1-4FW3NDO,MVRL63759,PANJAB MOTORS PTY LTD,1,company;service,1
1621,1-3MGRD80,MVRL58665,PANORAMA AUTOMOTIVE PTY LTD,1,company;service,1
1622,1-XTB-3471,MVRL39743,Panther Auto Service Pty Ltd,1,company;service,1
1623,1-3O7DMYX,MVRL59024,Panther Automotive Repairs Pty Ltd,1,company;service,1
1624,1-4DHNHNP,MVRL63155,PARK&HYUN PTY LTD,1,company;service,1
1625,1-XT3-2657,MVRL27527,Parkhurst Auto Repairs Pty Ltd,1,company;service,1
1626,1-3TBP7D6,MVRL60302,PAROS AUTO REPAIRS PTY LTD,1,company;service,1
1627,1-4DKU0L6,MVRL63326,PARRAMATTA AUTOMOTIVE HOLDINGS PTY LTD,1,company;service,1
1628,1-3835OV5,MVRL55861,PARRAMATTA AUTOMOTIVE PTY LTD,1,company;service,1
1629,1-XTB-4107,MVRL40883,Parramatta Automotives Services Pty Ltd,1,company;service,1
1630,1-39MWGGV,MVRL56012,PARRAMATTA BRAKE & CLUTCH SERVICE PTY LTD,1,company;service,1
1631,1-42V828H,MVRL61596,PARSONS REPAIR CENTRE PTY LTD,1,company;service,1
1632,1-2VTIOM,MVRL45439,Parthenios Pty Ltd,1,company;service,1
1633,1-46JD5UN,MVRL62218,Passfield Automotive Pty Limited,1,company;service,1
1634,1-49OBZHY,MVRL62696,PASSION GARAGE PTY LTD,1,company;service,1
1635,1-3HYNU8V,MVRL57144,Patamar Pty Ltd,1,company;service,1
1636,1-4C07Z24,MVRL63124,Pate & Vernooy Automotive Pty Ltd,1,company;service,1
1637,1-43PU4E4,MVRL61860,Patel Auto Services Centre Pty Ltd,1,company;service,1
1638,1-2JDML25,MVRL53940,Paterson Auto Garage Pty Ltd,1,company;service,1
1639,1-3GI0NXD,MVRL56904,PATRICK AUTO GROUP PTY LTD,1,company;service,1
1640,1-XTH-1648,MVRL5411,Pava Pty Ltd,1,company;service,1
1641,1-3C2PLQV,MVRL56353,PB Mechanical Pty Ltd,1,company;service,1
1642,1-XTH-558,MVRL43407,PDR Services Pty Ltd,1,company;service,1
1643,1-4B3W1DK,MVRL62978,PEAKHURST AUTO PTY LTD,1,company;service,1
1644,1-XT3-4920,MVRL32255,Pedders Shock Absorber Service Pty Ltd,1,company;service,1
1645,1-Z8LLQR,MVRL50564,Pedimek Pty Ltd,1,company;service,1
1646,1-XT3-778,MVRL23461,Penfold Automotive Services Pty Ltd,1,company;service,1
1647,1-J6GWI5,MVRL48724,Peninsula Auto Clinic Pty Ltd,1,company;service,1
1648,1-3PMTBHM,MVRL59653,PENINSULA AUTOMOTIVE CENTRE PTY LTD,1,company;service,1
1649,1-XT3-4830,MVRL32060,Peninsula Car Repairs Pty Ltd,1,company;service,1
1650,1-XT3-2469,MVRL27083,Peninsular Prestige Pty Ltd,1,company;service,1
1651,1-4BGXSHU,MVRL63049,PENRITH AUTO REPAIRS & MAINTENANCE PTY LTD,1,company;service,1
1652,1-2T5J31,MVRL45389,Penrith Steering Service Pty Ltd,1,company;service,1
1653,1-3JNJIAM,MVRL57624,Penstech Automotive Services Pty Ltd,1,company;service,1
1654,1-EA7WS3,MVRL48235,Perfection Automotive Pty Ltd,1,company;service,1
1655,1-XT3-4623,MVRL31612,Periloo Pty Ltd,1,company;service,1
1656,1-41FKM0C,MVRL61457,Perre's Brake & Mechanical Pty Ltd,1,company;service,1
1657,1-34NKFX8,MVRL55306,Pete Scott Automotive Pty Ltd,1,company;service,1
1658,1-DXCUC0,MVRL48155,Peter Cox Mechanical Repairs Pty Ltd,1,company;service,1
1659,1-XT3-4058,MVRL30425,Peter Mabey Car Care Pty Ltd,1,company;service,1
1660,1-XSI-3832,MVRL19288,Peter Mann Automotives Pty Ltd,1,company;service,1
1661,1-3R3I9CC,MVRL59829,Peter Norbury Motors (Walcha) Pty Ltd,1,company;service,1
1662,1-XTH-1205,MVRL448,Peter Warren Automotive Pty Ltd,1,company;service,1
1663,1-3L6SSXK,MVRL58207,PFT2478 PTY LTD,1,company;service,1
1664,1-XTB-130,MVRL32700,PG Motors Pty Ltd,1,company;service,1
1665,1-3L0CR42,MVRL58137,PHAM AUTOCARE PTY LTD,1,company;service,1
1666,1-3EP2OTI,MVRL56745,PHD Auto Services Pty Ltd,1,company;service,1
1667,1-3ATOHZM,MVRL56167,PHIL DYKES AUTOMOTIVE PTY LTD,1,company;service,1
1668,1-4EQBB8U,MVRL63606,Phil's Garage Pty Ltd,1,company;service,1
1669,1-2IZ45LJ,MVRL54062,Phillip Lim Automotive Pty Ltd,1,company;service,1
1670,1-XTB-4110,MVRL40886,Pilgrims Exhaust Centre Pty Ltd,1,company;service,1
1671,1-1JMH11E,MVRL52072,Pit Patrol Pty Ltd,1,company;service,1
1672,1-356MFIF,MVRL55453,PITTWATER AUTOMOTIVE PTY LTD,1,company;service,1
1673,1-4GI0IAI,MVRL63876,PJM INDUSTRIES PTY LTD,1,company;service,1
1674,1-4HHQ898,MVRL64108,PK AUTO AND MECHANICAL PTY LTD,1,company;service,1
1675,1-2N3XTXB,MVRL54422,PKG Motors Pty Ltd,1,company;service,1
1676,1-3SZR7HW,MVRL60306,PLATINUM AUTOMOTIVE WOLLONGONG PTY LTD,1,company;service,1
1677,1-3SF8S1Z,MVRL60052,Platinum Edge Automotive Pty Ltd,1,company;service,1
1678,1-3J66JJ1,MVRL57501,PLML Investments Pty. Ltd.,1,company;service,1
1679,1-31PCPB,MVRL45598,PMRT Pty Ltd,1,company;service,1
1680,1-3SLKK1Q,MVRL60251,Pointon Automotive Pty Ltd,1,company;service,1
1681,1-48293U8,MVRL62459,POLESTAR AUTOMOTIVE AUSTRALIA PTY LTD,1,company;service,1
1682,1-420H7BI,MVRL61541,Port Macquarie Brake & Automotive Pty Ltd,1,company;service,1
1683,1-4EGPJZ6,MVRL63499,PORT MACQUARIE TUNING & MECHANICAL PTY LTD,1,company;service,1
1684,1-EKE1MT,MVRL48269,Portlock Enterprises Pty Ltd,1,company;service,1
1685,1-4DW3T9E,MVRL63344,Powder Tanker Repairs Pty Ltd,1,company;service,1
1686,1-41ABM56,MVRL61456,Power Block Plus Pty Ltd,1,company;service,1
1687,1-1CWRZQR,MVRL51634,Powertech Group Pty Ltd,1,company;service,1
1688,1-94W3V0,MVRL47693,Prakash Automotive Services Pty Ltd,1,company;service,1
1689,1-3Q4TKC0,MVRL59705,Pratek Automotive Pty Ltd,1,company;service,1
1690,1-XTB-4014,MVRL40713,Precise Automotive Repairs Pty Ltd,1,company;service,1
1691,1-4B9RVQ6,MVRL62894,PRECISION AUTO AID PTY LTD,1,company;service,1
1692,1-3COYO8B,MVRL56393,Precision Automotive Services Pty Ltd,1,company;service,1
1693,1-4I3VHVA,MVRL64111,Precision Motors Pty Ltd,1,company;service,1
1694,1-XTB-2366,MVRL37893,Premier Motor Service Pty Ltd,1,company;service,1
1695,1-XTB-3966,MVRL40620,Prestige Auto Concierge Pty Ltd,1,company;service,1
1696,1-47WR894,MVRL62418,Prestige Auto Group Pty Ltd,1,company;service,1
1697,1-72I84L,MVRL47307,Prestige Auto Traders Australia Pty Ltd,1,company;service,1
1698,1-3CUVSOM,MVRL56500,PRESTIGE AUTOMOTIVE KEMPSEY PROPRIETARY LTD,1,company;service,1
1699,1-2LT4KPI,MVRL54191,Prestige Automotive Service Specialist Pty Limited,1,company;service,1
1700,1-QU7DIW,MVRL49667,Prestige Automotive Solutions Pty Ltd,1,company;service,1
1701,1-XTB-3127,MVRL39130,Prime Automotive Repairs Pty Ltd,1,company;service,1
1702,1-45AC7YM,MVRL61942,PRIME MECHANICAL REPAIRS PTY LTD,1,company;service,1
1703,1-XT3-1636,MVRL25410,Primrock Pty Ltd,1,company;service,1
1704,1-2KXM2IH,MVRL54154,Pringle Services Pty Ltd,1,company;service,1
1705,1-48Z1F3S,MVRL62504,PRO BM AUTO PTY LTD,1,company;service,1
1706,1-22CE9LL,MVRL53171,Pro Care Automotive Pty Ltd,1,company;service,1
1707,1-44W26Y2,MVRL61844,PRO TORK AUTOMOTIVE PTY LTD,1,company;service,1
1708,1-7G5GNU,MVRL47410,Pro-View Vehicle Inspections Pty Ltd,1,company;service,1
1709,1-3JAA8H9,MVRL57450,Prolect Turf Equipments Repairs Pty Ltd,1,company;service,1
1710,1-45M84DI,MVRL62006,PROMECH ONSITE REPAIRS PTY LTD,1,company;service,1
1711,1-453PGXS,MVRL61986,Prostreet Autocare Pty Ltd,1,company;service,1
1712,1-3NEI79K,MVRL58891,PROTUNE AUTOMOTIVE ULLADULLA PTY LTD,1,company;service,1
1713,1-2KXM3KD,MVRL54127,Pryor & Son Mechanical Repairs Pty Ltd,1,company;service,1
1714,1-482IN7M,MVRL62214,PSA AUTOMOTIVE PTY LTD,1,company;service,1
1715,1-3S47FAW,MVRL60062,PST Automotive Pty Ltd,1,company;service,1
1716,1-41GUFUI,MVRL61475,PT Auto Pty Ltd,1,company;service,1
1717,1-XTB-2214,MVRL37635,PT Precision Automotive Pty Ltd,1,company;service,1
1718,1-XTB-1954,MVRL37199,Pundit Motors Pty Ltd,1,company;service,1
1719,1-3KTNMJP,MVRL58013,Punjab Auto Care Pty Ltd,1,company;service,1
1720,1-XSI-1579,MVRL1423,Purnell Motors Pty Ltd,1,company;service,1
1721,1-37OHU3P,MVRL55798,QB MECHANICAL PTY LTD,1,company;service,1
1722,1-2JKVDA1,MVRL53943,Quan's Automotive Pty Ltd,1,company;service,1
1723,1-3P2I9NO,MVRL59393,QUEPPA PTY LTD,1,company;service,1
1724,1-2MKTVM,MVRL45226,Quinlan Bulk Pty Ltd,1,company;service,1
1725,1-45NBFCY,MVRL62004,QUIRINDI VEHICLE SERVICES PTY LTD,1,company;service,1
1726,1-3JZE0W6,MVRL57716,R & A Automotive Repairs Pty Ltd,1,company;service,1
1727,1-4448TVE,MVRL61774,R & C Mechanical Wollongong Pty Ltd,1,company;service,1
1728,1-XTB-4385,MVRL41353,R & D Automotive Pty Ltd,1,company;service,1
1729,1-XTH-59,MVRL42576,R & D Brown Automotive Pty Ltd,1,company;service,1
1730,1-QSTMNY,MVRL49634,R & G Repairs Pty Ltd,1,company;service,1
1731,1-XT3-1763,MVRL25679,R & G Vaccari Mechanical Repairs Pty Ltd,1,company;service,1
1732,1-2KJZ3R,MVRL45185,R & J Automotive Repair Pty Ltd,1,company;service,1
1733,1-1447Q82,MVRL50923,R & L Flanagan Pty Ltd,1,company;service,1
1734,1-2VY65P,MVRL45443,R & R Workshop Pty Ltd,1,company;service,1
1735,1-49M2H6E,MVRL62654,R & S DAVIS PTY LTD,1,company;service,1
1736,1-2Z3ZDPV,MVRL54778,R N AUTOMOTIVE PTY LTD,1,company;service,1
1737,1-XTH-1534,MVRL5181,R W & L E Perry Pty Ltd,1,company;service,1
1738,1-JVPM5Y,MVRL48847,R W S Auto Group Pty Ltd,1,company;service,1
1739,1-4IQMXPN,MVRL64218,R-Square Mechanical & Automotive Pty Ltd,1,company;service,1
1740,1-3M43HY6,MVRL58508,RA MECHANICAL REPAIRS PTY LTD,1,company;service,1
1741,1-1TU6CY8,MVRL52699,Racecourse Automotive Pty Ltd,1,company;service,1
1742,1-XTB-4824,MVRL42224,Racecourse Motors Pty Ltd,1,company;service,1
1743,1-3LTMHSQ,MVRL58408,Raco Motor Repairs Pty Ltd,1,company;service,1
1744,1-XTH-1102,MVRL44404,Raffs Advanced Automotive Pty Ltd,1,company;service,1
1745,1-3L5KN12,MVRL58075,Raim Group Pty Ltd,1,company;service,1
1746,1-XTH-182,MVRL42807,Ralphs Prestige Mechanical Services (Rpms) Pty Ltd,1,company;service,1
1747,1-4DFW30K,MVRL63196,RAMOSGROUP PTY LTD,1,company;service,1
1748,1-XTB-2543,MVRL38229,Rapid Auto Repair Pty Ltd,1,company;service,1
1749,1-4JKMX6K,MVRL64276,RAPID AUTO SERVICE CENTRE PTY. LTD.,1,company;service,1
1750,1-XTH-526,MVRL43363,Rapid Exhaust Systems Pty Ltd,1,company;service,1
1751,1-4ECNON4,MVRL63456,RAPID SMART REPAIRS PTY LTD,1,company;service,1
1752,1-3M5G2UH,MVRL58481,RASCL TRADERS PTY LTD,1,company;service,1
1753,1-J1Z53V,MVRL48697,Rats Auto Pty Ltd,1,company;service,1
1754,1-2A1I9KS,MVRL53542,Rawson Auto Repairs Pty Ltd,1,company;service,1
1755,1-1GH99CI,MVRL51812,Ray Benson Motors Pty Ltd,1,company;service,1
1756,1-2VWYKQG,MVRL54521,Ray Ferraris Automotive Pty Ltd,1,company;service,1
1757,1-3I4UAYA,MVRL57170,RAY PRESCOTT AUTOMOTIVE PTY LTD,1,company;service,1
1758,1-XTB-3298,MVRL39427,Raymec Services Pty Ltd,1,company;service,1
1759,1-2KF1421,MVRL54032,RAZ Auto Pty Ltd,1,company;service,1
1760,1-3WM9RKG,MVRL60834,RCN AUTO GROUP PTY LTD,1,company;service,1
1761,1-3UGLXVU,MVRL60566,Reconditioning Services Pty Ltd,1,company;service,1
1762,1-4E6VNOM,MVRL63437,RED DOG MECHANICAL SERVICE AND REPAIRS PTY LTD,1,company;service,1
1763,1-3C6UH0Z,MVRL56480,Redback Automotives Pty Ltd,1,company;service,1
1764,1-3PMFISI,MVRL59581,Redline Automatics & Mechanical Pty Ltd,1,company;service,1
1765,1-2VH8X4J,MVRL54476,Rees Automotive Repairs Pty Ltd,1,company;service,1
1766,1-1MGT9DC,MVRL52319,Regidel Pty Ltd,1,company;service,1
1767,1-XTB-2746,MVRL38602,Regina Auto Repairs Pty Ltd,1,company;service,1
1768,1-XTH-254,MVRL42946,Rego Check Pty Ltd,1,company;service,1
1769,1-36VF3UL,MVRL55686,Rekhi Mechanical Pty Ltd,1,company;service,1
1770,1-3TKJSDM,MVRL60305,Reliance Brakes Pty Ltd,1,company;service,1
1771,1-XT3-4034,MVRL30381,Reliant Motors Pty Ltd,1,company;service,1
1772,1-4C67OVM,MVRL62981,Relsov Pty Ltd,1,company;service,1
1773,1-XT3-4973,MVRL32358,Repair Special Vehicles Pty Ltd,1,company;service,1
1774,1-44KF5J2,MVRL61772,Repairco Pty Ltd,1,company;service,1
1775,1-42VOXHS,MVRL61733,REPAIRIFY AUSTRALIA PTY LTD,1,company;service,1
1776,1-4HIL42I,MVRL64103,REV UP GARAGE PTY LTD,1,company;service,1
1777,1-42G8BW9,MVRL61512,Revesby Motors Automotive Pty Ltd,1,company;service,1
1778,1-XT3-4620,MVRL31610,Revline Auto Tech Pty Ltd,1,company;service,1
1779,1-XT3-4780,MVRL31970,Revolution Automotive Repairs Pty Ltd,1,company;service,1
1780,1-15G8722,MVRL51010,Revolution Electronic Services Pty Ltd,1,company;service,1
1781,1-45I9MHY,MVRL62000,Reynolds Automotive Pty Ltd,1,company;service,1
1782,1-4FLF58Q,MVRL63799,RGME MECHANICAL PTY LTD,1,company;service,1
1783,1-3SSINBI,MVRL60255,RGW Mechanical Pty Ltd,1,company;service,1
1784,1-XT3-2424,MVRL27004,RH Automotive Pty Ltd,1,company;service,1
1785,1-4K0X9CN,MVRL64354,RHO Holdings Pty. Ltd.,1,company;service,1
1786,1-4C5P1KC,MVRL63047,RICHMOND AUTOMOTIVE PTY LTD,1,company;service,1
1787,1-42UW5S8,MVRL61685,Rig N Repair Trading Pty Ltd,1,company;service,1
1788,1-18RZ3GG,MVRL51400,Riggson Pty Ltd,1,company;service,1
1789,1-43BST7W,MVRL61676,Rigoli Services Pty Ltd,1,company;service,1
1790,1-43ULYA2,MVRL61795,RILEY STREET AUTOMOTIVE PTY LTD,1,company;service,1
1791,1-XT3-4982,MVRL32378,Ritlian Enterprises Pty Ltd,1,company;service,1
1792,1-3OCG96O,MVRL59170,RIVERINA AG REPAIRS PTY LTD,1,company;service,1
1793,1-4DQWJFA,MVRL63329,RIVERSTONE AUTO MASTERS PTY LTD,1,company;service,1
1794,1-13U4RU7,MVRL50901,Riverstone LPG Centre Pty Ltd,1,company;service,1
1795,1-11QCQJA,MVRL50676,Rivy Motors Pty Ltd,1,company;service,1
1796,1-42A0FTE,MVRL61550,RJ & K MCBRIEN PTY. LIMITED,1,company;service,1
1797,1-4XQOIF,MVRL46660,RJT Trans-Aust Pty Ltd,1,company;service,1
1798,1-XTB-4386,MVRL41354,RK & K Bailey Pty Ltd,1,company;service,1
1799,1-379B8AI,MVRL55729,RM & RM SERVICES PTY LTD,1,company;service,1
1800,1-4I0K3WC,MVRL64099,RMR Auto Pty Ltd,1,company;service,1
1801,1-4CWGBBI,MVRL63181,ROAD READY MECHANICAL PTY LTD,1,company;service,1
1802,1-49AKQEQ,MVRL62556,ROADWORTHY PTY LTD,1,company;service,1
1803,1-3H3W7MH,MVRL57064,Robinson Auto Repairs Pty Ltd,1,company;service,1
1804,1-16YAAWZ,MVRL51272,Roc Services (NSW) Pty Ltd,1,company;service,1
1805,1-4GF6XCS,MVRL63913,ROC'S AUTO WORKS PTY LIMITED,1,company;service,1
1806,1-45Z1FL,MVRL46405,Rocaja Pty Ltd,1,company;service,1
1807,1-XTB-3562,MVRL39923,Rocky Point Automotive Pty Ltd,1,company;service,1
1808,1-XTH-3060,MVRL8683,Rod Grogan Automotive Pty Ltd,1,company;service,1
1809,1-369K96X,MVRL55576,ROD'S CHASSIS REPAIRS PTY LTD,1,company;service,1
1810,1-4F403SA,MVRL63601,Rodway Vehicle Services Pty Ltd,1,company;service,1
1811,1-2ZN3UAB,MVRL54847,ROLLING STONE MECHANICAL PTY LTD,1,company;service,1
1812,1-46JD62B,MVRL62499,Rolshar Pty Ltd,1,company;service,1
1813,1-4ES93J2,MVRL63628,RONS MECHANICAL SERVICES PTY LTD,1,company;service,1
1814,1-XSI-3084,MVRL17654,Rosebery Steering Services Pty Ltd,1,company;service,1
1815,1-3CKU3L,MVRL45943,Rosedale Auto Service Pty Ltd,1,company;service,1
1816,1-1VEE2NR,MVRL52810,Ross Mechanical Services Pty Ltd,1,company;service,1
1817,1-3KDYD7O,MVRL57873,ROUND MEN AUTOMOTIVE PTY LTD,1,company;service,1
1818,1-4HP91NK,MVRL64026,Rouse Hill Automtive Pty Ltd,1,company;service,1
1819,1-3IWHRGJ,MVRL57443,Roving Mechanical Services Pty Ltd,1,company;service,1
1820,1-49XF7HO,MVRL62665,Roylances Automotive and Industrial Pty Ltd,1,company;service,1
1821,1-4I0NR0M,MVRL64185,RPM MECHANICAL NSW PTY LTD.,1,company;service,1
1822,1-430Q5QE,MVRL61510,RPR Mechanical Pty Ltd,1,company;service,1
1823,1-4AFIDOU,MVRL62755,RSB AUTOMOTIVE PTY LTD,1,company;service,1
1824,1-1KJQWN,MVRL45031,Rudi's Auto Services Pty Ltd,1,company;service,1
1825,1-IZA0UF,MVRL48647,Rustees Rod Shop Pty Ltd,1,company;service,1
1826,1-XT3-998,MVRL23961,Rutherford Mechanical Repairs Pty Ltd,1,company;service,1
1827,1-3N6YXL4,MVRL58840,Rutherford Motors Group Pty Limited,1,company;service,1
1828,1-3M24F5S,MVRL58495,RVR MOTOR REPAIRS PTY LIMITED,1,company;service,1
1829,1-3U6NDD6,MVRL60435,RW Brown Automotive Pty Ltd,1,company;service,1
1830,1-45RBAUW,MVRL61980,RYALL AUTOMOTIVE PTY LTD,1,company;service,1
1831,1-J91MGS,MVRL48704,Ryanz Repairs & Maintenance Pty Ltd,1,company;service,1
1832,1-22VL9JK,MVRL53247,Ryde Auto Services Pty Ltd,1,company;service,1
1833,1-3BOYB8O,MVRL56303,Rynwise Pty Ltd,1,company;service,1
1834,1-698M9B,MVRL47114,S & A Nazarian & Co Pty Ltd,1,company;service,1
1835,1-2P33HU,MVRL45286,S & I Automotive Services Pty Ltd,1,company;service,1
1836,1-1WQT28X,MVRL52922,S & J McCarthy Pty Limited,1,company;service,1
1837,1-463Y5KH,MVRL61979,S & J Mechanical Pty Ltd,1,company;service,1
1838,1-XSI-469,MVRL11328,S & K Swiney Enterprises Pty Ltd,1,company;service,1
1839,1-28QHDAH,MVRL53499,S & L Automotive Pty Ltd,1,company;service,1
1840,1-3ND5D65,MVRL58833,S & L Tidyman Pty Ltd,1,company;service,1
1841,1-1E78FMS,MVRL51644,S & N Radiator Pty Ltd,1,company;service,1
1842,1-XTH-2854,MVRL816,S & R Auto Action Car Repairs Pty Ltd,1,company;service,1
1843,1-XSI-1859,MVRL14858,S A Cali Mechanical Repairs Pty Ltd,1,company;service,1
1844,1-93BXRO,MVRL47668,S Menin Pty Ltd,1,company;service,1
1845,1-3HV112O,MVRL57213,S R Mechanical Repairs Pty Ltd,1,company;service,1
1846,1-45X48N2,MVRL62009,S&S AUTOMOTIVE (NSW) PTY LTD,1,company;service,1
1847,1-XTB-4348,MVRL41292,SA & R Biviano Holdings Pty Ltd,1,company;service,1
1848,1-3Z4RRO6,MVRL61086,SA Autos Pty Ltd,1,company;service,1
1849,1-1HU8ZF1,MVRL51835,Safer Steering & Shock Absorber Specialists NSW Pty Ltd,1,company;service,1
1850,1-44WVLQG,MVRL61846,SAI MOTOR WORKS PTY LTD,1,company;service,1
1851,1-481D0NU,MVRL62455,SAM & SONS MECHANICAL REPAIRS PTY LTD,1,company;service,1
1852,1-4FUP1VS,MVRL63766,SAM AND LEO PTY LTD,1,company;service,1
1853,1-32K9WV9,MVRL55101,SAM'S AUTOMOTIVE PTY LTD,1,company;service,1
1854,1-1IT152D,MVRL52020,Samartha Auto Repairs Pty Ltd,1,company;service,1
1855,1-39QKCJZ,MVRL56038,SAMLEX PTY LTD,1,company;service,1
1856,1-4EMCKIO,MVRL63595,SAMUELS MECHANICAL SERVICES PTY LTD,1,company;service,1
1857,1-JDGDNF,MVRL48731,Sandrock (QLD) Pty Ltd,1,company;service,1
1858,1-XSI-4540,MVRL20757,Sandy's Auto Repairs Pty Ltd,1,company;service,1
1859,1-4HCDZX0,MVRL64018,SAR Garage Auto Pty Ltd,1,company;service,1
1860,1-465LNNC,MVRL62156,SAT MECHANICAL PTY LTD,1,company;service,1
1861,1-3KJE56W,MVRL58099,SAVCORP HOLDINGS PTY LTD,1,company;service,1
1862,1-47XER68,MVRL62381,SB AUTO & INVESTMENTS PTY LTD,1,company;service,1
1863,1-4HD7TSG,MVRL64064,SBJ MECHANICAL PTY LTD,1,company;service,1
1864,1-3VXPZA2,MVRL60825,SCG Mechanical Pty Ltd,1,company;service,1
1865,1-4DZPRZ0,MVRL63429,SCHAEFER AUTOMOTIVE PTY LTD,1,company;service,1
1866,1-2J309W,MVRL45163,Schiemer Enterprises Pty Ltd,1,company;service,1
1867,1-24Y8OWZ,MVRL53351,Schwarz Motors Mechanical Pty Ltd,1,company;service,1
1868,1-3K6CIKK,MVRL57982,SCM AUTOMOTIVE PTY LTD,1,company;service,1
1869,1-2YMAWWR,MVRL54839,SCM MECHANICS PTY LTD,1,company;service,1
1870,1-41LJHCA,MVRL61509,SCONE MECHANIC SERVICE PTY LTD,1,company;service,1
1871,1-45ZKM1C,MVRL61956,Scottro Pty Ltd,1,company;service,1
1872,1-293GWYA,MVRL53503,Scotts Hydraulics Pty Ltd,1,company;service,1
1873,1-3ND8EZS,MVRL58823,SCOTTY'S SERVICE CENTRE PTY LTD,1,company;service,1
1874,1-4DGSTGS,MVRL63357,SEAFURY MOTORS PTY LTD,1,company;service,1
1875,1-1E91CYV,MVRL51666,Seb's Automotive Pty LTd,1,company;service,1
1876,1-45ZEJCP,MVRL61983,Sebelic Automotive Services Pty Ltd,1,company;service,1
1877,1-3WHUIZO,MVRL60795,SECOND STEP HOLDINGS PTY LTD,1,company;service,1
1878,1-3ZZ9W46,MVRL61175,SENJJ AUTOMOTIVE PTY LIMITED,1,company;service,1
1879,1-3F7R2G0,MVRL56754,Seoul Motors Repair Pty Ltd,1,company;service,1
1880,1-3PCTTW4,MVRL59617,SERVICE AU PTY LTD,1,company;service,1
1881,1-468YXV8,MVRL62022,Service Central Auto Pty Ltd,1,company;service,1
1882,1-3EMXME2,MVRL56801,SERVICE HAUS AUTO PTY LTD,1,company;service,1
1883,1-2WYEBH9,MVRL54643,SERVICE SHOP PTY LTD,1,company;service,1
1884,1-3Q93X96,MVRL59643,SERVICE8 PTY LTD,1,company;service,1
1885,1-4CYEG6I,MVRL63150,Servicing Coffs Coast Pty Ltd,1,company;service,1
1886,1-JCE4ZA,MVRL48715,Seven Stars Service Pty Ltd,1,company;service,1
1887,1-1GROHJX,MVRL51820,SFS Automotive Services Pty Ltd,1,company;service,1
1888,1-470ZBFM,MVRL62289,SG AUTO PTY LTD,1,company;service,1
1889,1-3CPC1UC,MVRL56437,SG MECHANICAL PTY LTD,1,company;service,1
1890,1-495R72K,MVRL62632,Shane Drury Automotive Pty Ltd,1,company;service,1
1891,1-3MWX16C,MVRL58814,Sharbai Pty Ltd,1,company;service,1
1892,1-1JF8MCT,MVRL52027,Sheather Mechanical Repairs Pty Ltd,1,company;service,1
1893,1-4DXDTXY,MVRL63358,Sheepy's Garage Pty Ltd,1,company;service,1
1894,1-2JJQFYP,MVRL53945,Shenaoji Motor Repair Pty Ltd,1,company;service,1
1895,1-3RVCGQE,MVRL60030,Shents Automotive Pty Ltd,1,company;service,1
1896,1-3XE64OA,MVRL60813,SHIFTERS AUTOMOTIVE PTY LTD,1,company;service,1
1897,1-3CJEGWE,MVRL56402,Shree Venkateshwara Pty Ltd,1,company;service,1
1898,1-1J7GVV0,MVRL52125,SI019 Pty Ltd,1,company;service,1
1899,1-XTB-4173,MVRL41002,Sid's Automotive Pty Ltd,1,company;service,1
1900,1-3Q09INA,MVRL59750,Sidhu Alignment Services Pty Ltd,1,company;service,1
1901,1-3JVDB4,MVRL46082,Sigeris Pty Ltd,1,company;service,1
1902,1-XT3-2129,MVRL26357,Silky Oak Pty Ltd,1,company;service,1
1903,1-4EF6BVD,MVRL63406,Silver Auto Servicing Specialist Pty Ltd,1,company;service,1
1904,1-3388CLJ,MVRL55186,SILVER LINING AUTOMOTIVE PTY LTD,1,company;service,1
1905,1-45Y1PPK,MVRL61985,SILVER SPANNER AUTOMOTIVE PTY LTD,1,company;service,1
1906,1-4BUXLXW,MVRL62982,SILVER STAR SERVICE CENTRE PTY LTD,1,company;service,1
1907,1-XTH-75,MVRL42613,Silverdale AutoCare Pty Ltd,1,company;service,1
1908,1-3G2QLZ9,MVRL57027,Silverstar Mechanical Pty Ltd,1,company;service,1
1909,1-2WLI21X,MVRL54604,Simba Service Centre Pty Ltd,1,company;service,1
1910,1-21WOVR9,MVRL53209,Simons Automotive Pty Ltd,1,company;service,1
1911,1-3PBSGHY,MVRL59396,Sin Jin Ryde Motors Pty Ltd,1,company;service,1
1912,1-1PF0ZIJ,MVRL52480,Singh Auto Pty Ltd,1,company;service,1
1913,1-1ZK4NEE,MVRL53318,Singh Mechanical & LPG Repairs Pty Ltd,1,company;service,1
1914,1-2FQSDC,MVRL45123,Singleton Motors Pty Ltd,1,company;service,1
1915,1-3Q2OUO0,MVRL59658,SIONE AND SONS PTY LTD,1,company;service,1
1916,1-4AS5KHA,MVRL63018,SJM AUTOCARE PTY LTD,1,company;service,1
1917,1-1Z34BUP,MVRL52970,SKAZA'S AUTOMOTIVE REPAIRS PTY LTD,1,company;service,1
1918,1-49WGWMN,MVRL62603,Skids Mechanical Services Pty Ltd,1,company;service,1
1919,1-4F38AQ8,MVRL63654,SKY STONE REPAIRS PTY LTD,1,company;service,1
1920,1-4D39YLU,MVRL63221,SKYLARK MOTOR WORKS PTY LTD,1,company;service,1
1921,1-4EKNKTY,MVRL63532,SKYLINE AUTO CLUB PTY. LTD,1,company;service,1
1922,1-XSI-3324,MVRL18167,Slievrue Pty Ltd,1,company;service,1
1923,1-38NYDAX,MVRL55920,SLS Mechanical Services Pty Ltd,1,company;service,1
1924,1-16JLZQJ,MVRL51244,Sman Pty Ltd,1,company;service,1
1925,1-3CM67N2,MVRL56445,SMART CHOICE MECHANICAL REPAIRS PTY LTD,1,company;service,1
1926,1-2EM7AG,MVRL45039,Smart Repair Australia Pty Ltd,1,company;service,1
1927,1-3OEG81I,MVRL59169,SMART TORQUE AUTOMOTIVE PTY LTD,1,company;service,1
1928,1-3XZQAMC,MVRL61022,Smiffa's Mechanical Pty Ltd,1,company;service,1
1929,1-3J6PSFS,MVRL57525,SMILE AUTO CARE PTY LTD,1,company;service,1
1930,1-34STVGJ,MVRL55361,Smith Automotive Services Pty Ltd,1,company;service,1
1931,1-47L22TE,MVRL62329,SMITH STREET AUTOMOTIVE PTY LTD,1,company;service,1
1932,1-43SIZFG,MVRL61654,Smith's Auto Centre (Gundagai) Pty Ltd,1,company;service,1
1933,1-XSI-220,MVRL10903,Smithfield Diff & Gearbox Specialist Pty Ltd,1,company;service,1
1934,1-3N94AYO,MVRL58912,Smiths Motor Garage Pty Ltd,1,company;service,1
1935,1-4JNWG0A,MVRL64388,SMK AUTOMOTIVE PTY LTD,1,company;service,1
1936,1-33XT0PL,MVRL55239,SN JOSHI PTY LTD,1,company;service,1
1937,1-XTB-895,MVRL35264,Snojen Pty Ltd,1,company;service,1
1938,1-3OJQHH8,MVRL59184,Snowy Gaming Services Pty Ltd,1,company;service,1
1939,1-3LNV60Y,MVRL58375,Snowy Mountains Mechanical Pty Ltd,1,company;service,1
1940,1-44Y98T6,MVRL61853,SOC AUTO PTY LIMITED,1,company;service,1
1941,1-3Q06JXC,MVRL59697,Something Mechanical Pty Ltd,1,company;service,1
1942,1-2WC51Z,MVRL45451,Soneex Pty Ltd,1,company;service,1
1943,1-4CO02Q6,MVRL63135,Sonic Autos Matraville Pty Ltd,1,company;service,1
1944,1-16Y6SHV,MVRL51233,South Bexley Service Centre Pty Ltd,1,company;service,1
1945,1-XTB-999,MVRL35492,South Coast Radiator Services Pty Ltd,1,company;service,1
1946,1-3W1DG42,MVRL60698,South Coast Road Service Pty Ltd,1,company;service,1
1947,1-4K04H7W,MVRL64397,South East Motors Pty Limited,1,company;service,1
1948,1-3PWWMBL,MVRL59551,South Star Car Service Centre Pty Ltd,1,company;service,1
1949,1-8SCYVZ,MVRL47632,South West Mechanical Repairs Pty Ltd,1,company;service,1
1950,1-4JYEP4Y,MVRL64394,Southern Highlands Automotive Pty Ltd,1,company;service,1
1951,1-361XQ0,MVRL45719,Southern Highlands Motors Pty Ltd,1,company;service,1
1952,1-4EH7JSY,MVRL63508,Southern Motor Works Pty Limited,1,company;service,1
1953,1-2MCCCIE,MVRL54237,Southern Sydney Mechanical Pty Ltd,1,company;service,1
1954,1-47EO9N4,MVRL62369,Southwest 60 Mechanical Pty Ltd,1,company;service,1
1955,1-3S4FOSC,MVRL60016,SP Mechanical Pty Ltd,1,company;service,1
1956,1-XTH-1165,MVRL44509,Spackman Auto Centre Pty Ltd,1,company;service,1
1957,1-XSI-3146,MVRL17786,Spackman Motors Pty Ltd,1,company;service,1
1958,1-3PREQ1I,MVRL59454,Spaner Industries Pty Ltd,1,company;service,1
1959,1-4CVRXL6,MVRL63171,SPARKS MECHANICAL PTY LTD,1,company;service,1
1960,1-3AI52HT,MVRL56136,Specialised Automotive Pty Ltd,1,company;service,1
1961,1-2FOW871,MVRL53733,Speedy Auto Centre Pty Ltd,1,company;service,1
1962,1-2V89LUD,MVRL54517,Speedy Auto Repairs Pty Ltd,1,company;service,1
1963,1-XTH-1167,MVRL44511,Speer Automotives Pty Ltd,1,company;service,1
1964,1-3QEQU8W,MVRL59703,SPINNING X AUTO PTY LTD,1,company;service,1
1965,1-3KR4F0O,MVRL57903,SPIRITEL HOLDINGS PTY LTD,1,company;service,1
1966,1-XT3-4140,MVRL30572,Springwood Car Care Pty Ltd,1,company;service,1
1967,1-4FHUK12,MVRL63706,SRA CORPORATION PTY LTD,1,company;service,1
1968,1-42ELWEJ,MVRL61729,SS Autocare Syd Pty Ltd,1,company;service,1
1969,1-3Y3PB5I,MVRL60945,ST Auto Repair Pty Ltd,1,company;service,1
1970,1-4DG392C,MVRL63238,ST. JOHN'S AUTOMOTIVES PTY LTD,1,company;service,1
1971,1-XTB-2948,MVRL10543,Stanarzo Pty Ltd,1,company;service,1
1972,1-Q84JI9,MVRL49584,Star Automotive Repairs Pty Ltd,1,company;service,1
1973,1-OSA2FX,MVRL49405,Stasi Automotive Repairers Pty Ltd,1,company;service,1
1974,1-38X4TGV,MVRL55938,STEEL MECHANICS PTY LTD,1,company;service,1
1975,1-2KLZ1H3,MVRL54059,Stellrah Pty Ltd,1,company;service,1
1976,1-4IL2CKC,MVRL64329,STEPHENSON'S AUTOS PTY LTD,1,company;service,1
1977,1-49Y3OV6,MVRL62640,Stepup Trading Pty Ltd,1,company;service,1
1978,1-XSI-1157,MVRL13152,Steve's Auto Group Pty Ltd,1,company;service,1
1979,1-4CW7040,MVRL63162,STEVE'S MD AUTOMOTIVE PTY LTD,1,company;service,1
1980,1-3OYYUV8,MVRL59586,STEVE'S SERVICE CENTRE PTY LTD,1,company;service,1
1981,1-1HMUHOD,MVRL51853,Steven Gray Pty Ltd,1,company;service,1
1982,1-XSI-4812,MVRL2137,Stevens & Brennan Automotive Services Pty Ltd,1,company;service,1
1983,1-XT3-4556,MVRL31479,Stewart Follows Automotive Pty Ltd,1,company;service,1
1984,1-XTH-942,MVRL44080,Stewarts Automotive Services Pty Ltd,1,company;service,1
1985,1-4BAOEDV,MVRL62895,STG AUTOMOTIVE PTY LTD,1,company;service,1
1986,1-XT3-2211,MVRL26519,Stirtons Automotive Services Pty Ltd,1,company;service,1
1987,1-42G8C3F,MVRL61506,Stitch's Automotive Pty Ltd,1,company;service,1
1988,1-XT3-4044,MVRL30405,Stopmaster Brake Service Pty Ltd,1,company;service,1
1989,1-316CW1I,MVRL54924,Strathfield Autobody Mechanical Pty Ltd,1,company;service,1
1990,1-4DZ46BG,MVRL63410,STREETING AUTOMOTIVE PTY LTD,1,company;service,1
1991,1-XT3-3002,MVRL28245,Strictly Automotive Pty Ltd,1,company;service,1
1992,1-2M7JH5,MVRL45447,Strictly Mechanics Pty Ltd,1,company;service,1
1993,1-479ND0S,MVRL62238,Stubbs Street Auto Brokers Pty Ltd,1,company;service,1
1994,1-XT3-2015,MVRL26140,Sudvan Pty Ltd,1,company;service,1
1995,1-XT3-234,MVRL22305,Sultans Automotive Repairs Pty Ltd,1,company;service,1
1996,1-4CR3ABW,MVRL63140,Summit Mechanical & Suspension Pty Ltd,1,company;service,1
1997,1-477BM9E,MVRL62303,Sun Auto Group Pty Ltd,1,company;service,1
1998,1-3WAM1Z0,MVRL60822,Super Auto Care National Pty Ltd,1,company;service,1
1999,1-XT3-3412,MVRL29082,Superior Automotive Services Pty Ltd,1,company;service,1
2000,1-3VC5EOU,MVRL60576,Superior Radiator Repairs Pty Ltd,1,company;service,1
2001,1-3XUG6EC,MVRL60935,Supreme Auto Services Pty Ltd,1,company;service,1
2002,1-4I0CPZK,MVRL64182,SUPREME AUTO SOLUTIONS PTY LTD,1,company;service,1
2003,1-3Y8MTIK,MVRL61012,SUSTAINABLE REPAIR GROUP PTY LTD,1,company;service,1
2004,1-XTH-1922,MVRL6026,Suttons Motors Chullora Pty Ltd,1,company;service,1
2005,1-XTH-617,MVRL4353,Suttons Motors Homebush Pty Ltd,1,company;service,1
2006,1-4FCJVPI,MVRL63703,SUTTOS AUTOMOTIVE PTY LTD,1,company;service,1
2007,1-3J8P0RM,MVRL57355,SVL MECHANICAL PTY LTD,1,company;service,1
2008,1-450ISC2,MVRL61876,Sydeny Eco Tuning Pty Ltd,1,company;service,1
2009,1-4I7RZVC,MVRL64251,Sydney Automatic Transmission Specialists Pty Ltd,1,company;service,1
2010,1-4F6AS1U,MVRL63675,Sydney CFR Auto Service Pty Ltd,1,company;service,1
2011,1-VVW7M6,MVRL50096,Sydney City Motor Repairs Pty Ltd,1,company;service,1
2012,1-XSI-946,MVRL12577,Sydney Clutch & Brake Exchange Pty Ltd,1,company;service,1
2013,1-3MYX532,MVRL58716,Sydney Mechanical Repairs Pty Ltd,1,company;service,1
2014,1-1Z5SYHA,MVRL53133,Sydney North Shore Automotive Pty Ltd,1,company;service,1
2015,1-4IJSAUA,MVRL64181,SYDNEY ROAD MECHANICAL SPECIALIST PTY LTD,1,company;service,1
2016,1-3JXY4YW,MVRL57755,SYDNEY WIDE AUTO SERVICES PTY LTD,1,company;service,1
2017,1-XT3-3796,MVRL29893,Sydney Wide European Autos Pty Limited,1,company;service,1
2018,1-3QEPXZ8,MVRL59782,SYDNEY'S BEST BRAKES AND STEERING SPECIALIST PTY LTD,1,company;service,1
2019,1-3VADPPR,MVRL60525,Sydwide Scrap Car Removal Pty Ltd,1,company;service,1
2020,1-XTB-316,MVRL33070,T & C Motor Repairs Pty Ltd,1,company;service,1
2021,1-54RC08,MVRL46755,T & D Autobody Repairs Pty Ltd,1,company;service,1
2022,1-45Z3OFS,MVRL62059,T & E MECHANICAL PTY LTD,1,company;service,1
2023,1-14KUYTK,MVRL51012,T & M Anderson Pty Ltd,1,company;service,1
2024,1-3TJBU7K,MVRL60387,T & S Automotive Repairs Pty Ltd,1,company;service,1
2025,1-XT3-1539,MVRL25190,T Johnstone Motors Pty Ltd,1,company;service,1
2026,1-XTH-479,MVRL43266,T K Motors Pty Ltd,1,company;service,1
2027,1-2CMHUYW,MVRL53789,T&A Mechanical Services Pty Ltd,1,company;service,1
2028,1-15P8F9H,MVRL51049,T&M Progress Pty Ltd,1,company;service,1
2029,1-48M6H3Y,MVRL62505,T&T REPAIRS PTY LTD,1,company;service,1
2030,1-27DVKXD,MVRL53451,T&T WORKS PTY LTD,1,company;service,1
2031,1-4IRAB2W,MVRL64224,T-Speed Mech Pty Ltd,1,company;service,1
2032,1-XTB-856,MVRL35185,TAG Automotive Pty Ltd,1,company;service,1
2033,1-1O16ZGI,MVRL52365,Taha Automotive Repairs Pty Ltd,1,company;service,1
2034,1-4BUNXJ4,MVRL63066,TAK CONSULTING SERVICES PTY LTD,1,company;service,1
2035,1-XTB-3226,MVRL39297,Tams Auto Care Pty Ltd,1,company;service,1
2036,1-3K3I1LS,MVRL57707,TAMWORTH AUTOMOTIVE SERVICES PTY LTD,1,company;service,1
2037,1-2LSMZ5A,MVRL54200,Tapit Pty Ltd,1,company;service,1
2038,1-3PE1WX9,MVRL59287,Target Automotive Pty Ltd,1,company;service,1
2039,1-3IYQ6UW,MVRL57303,Taurus Innovative Solutions Pty Ltd,1,company;service,1
2040,1-4HC6OF6,MVRL63996,Tauto Holdings Pty Ltd,1,company;service,1
2041,1-3ZEDZZO,MVRL61235,TBK Mechanical Pty Ltd,1,company;service,1
2042,1-3P2DEKM,MVRL59386,TCA Automotive Pty Ltd,1,company;service,1
2043,1-PIXD3E,MVRL49504,TCMC Holdings Pty Ltd,1,company;service,1
2044,1-1E2U048,MVRL51661,TCR Automotives Pty Ltd,1,company;service,1
2045,1-4EWQ3ON,MVRL63511,TDR Mechanical Pty Ltd,1,company;service,1
2046,1-3P1WAQ2,MVRL59636,Techtune Automotive Services Pty Ltd,1,company;service,1
2047,1-1J3U5F0,MVRL52021,Teralba Automotive Pty Ltd,1,company;service,1
2048,1-3ER0H8P,MVRL56919,Terrences Automotive Repairs Pty Ltd,1,company;service,1
2049,1-XSI-1755,MVRL14623,Terry Motors Pty Ltd,1,company;service,1
2050,1-4ETD1X0,MVRL63607,TEST MECHANICAL PTY LTD,1,company;service,1
2051,1-3NYJYEI,MVRL59025,TG Automotive Pty Ltd,1,company;service,1
2052,1-389VC01,MVRL55866,TGM CORP PTY LTD,1,company;service,1
2053,1-3KIXL7M,MVRL57899,THE CAR DOCTOR AUTOMOTIVE PTY LTD,1,company;service,1
2054,1-2K2LSVG,MVRL54022,The Complete Automotive Centre Pty Ltd,1,company;service,1
2055,1-XSI-2420,MVRL16166,The Hills Prestige Car Repairs Pty Ltd,1,company;service,1
2056,1-4IZ3KGI,MVRL64281,The Hunter Valley Mechanical Company Pty Ltd,1,company;service,1
2057,1-40YTB8S,MVRL61442,The Mechanic's Albury Pty Ltd,1,company;service,1
2058,1-XSI-2655,MVRL16663,The Motor Car Workshop Pty Ltd,1,company;service,1
2059,1-3J5D036,MVRL57430,THE PUDMAN ST. GARAGE PTY LIMITED,1,company;service,1
2060,1-WKB1LB,MVRL50179,The Scooter Den Pty Ltd,1,company;service,1
2061,1-3O6M0OK,MVRL59202,The Service Centre East Maitland Pty Ltd,1,company;service,1
2062,1-3HZ4MIU,MVRL57187,THE SERVICE CENTRE THORNTON PTY LIMITED,1,company;service,1
2063,1-26OFNLX,MVRL53408,The Toy Shop Automotive Imports Pty Ltd,1,company;service,1
2064,1-49LV4B4,MVRL62605,The Trans Residence Pty Ltd,1,company;service,1
2065,1-3RC5UR9,MVRL59885,The Workshop Automotive Repair Pty Ltd,1,company;service,1
2066,1-5QF8M7,MVRL47004,Thirlmere Auto Port Pty Ltd,1,company;service,1
2067,1-3E78YSJ,MVRL56708,THIRROUL AUTOMOTIVE SERVICES PTY LTD,1,company;service,1
2068,1-XTB-2652,MVRL3846,Thirroul Service Station Pty Ltd,1,company;service,1
2069,1-3PSYZGI,MVRL59783,THOMAS BRAKE AND CLUTCH SERVICES PTY LTD,1,company;service,1
2070,1-36629XF,MVRL55559,Thomas Mechanical Pty Ltd,1,company;service,1
2071,1-3YFZYMG,MVRL61001,Thomsen Automotive Pty Ltd,1,company;service,1
2072,1-3VUQLR6,MVRL60781,THORNTON INDUSTRIES PTY LTD,1,company;service,1
2073,1-3YPD7W0,MVRL61053,THP AUTOMOTIVE GRANVILLE PTY LTD,1,company;service,1
2074,1-4A1PUHM,MVRL62770,TI AUTOMOTIVE PTY LIMITED,1,company;service,1
2075,1-45DIW52,MVRL61973,Tibors Solutions Pty Ltd,1,company;service,1
2076,1-14T5MFO,MVRL50955,Tic  Automotive Services Pty Ltd,1,company;service,1
2077,1-4IPNDNS,MVRL64220,TIFOSI GARAGE PTY LTD,1,company;service,1
2078,1-4E1175W,MVRL63475,Times Attack Auto Pty Ltd,1,company;service,1
2079,1-3UV4PAG,MVRL60478,TIMES AUTOMOTIVE PTY LTD,1,company;service,1
2080,1-2UOYK9J,MVRL54428,Titan Auto Maintenance Pty Ltd,1,company;service,1
2081,1-4D4C7Q1,MVRL63015,TJC Mechanical Solutions Pty Ltd,1,company;service,1
2082,1-3H901ZK,MVRL57076,TJW AUTOMOTIVE SERVICES PTY LTD,1,company;service,1
2083,1-15O7MIT,MVRL51076,TK Group Pty Ltd,1,company;service,1
2084,1-40EL8WR,MVRL61310,TKM AUTOMOTIVE SERVICES PTY LTD,1,company;service,1
2085,1-34MAFQE,MVRL55365,TKM Services Pty Ltd,1,company;service,1
2086,1-3VJ7VTE,MVRL60616,TME SERVICES PTY LTD,1,company;service,1
2087,1-3PD9XFJ,MVRL59329,TNB AUTOHAUS PTY LTD,1,company;service,1
2088,1-4E83MQW,MVRL63442,TNT AUTO PTY LTD,1,company;service,1
2089,1-40S3RR6,MVRL61298,Tntmotive Pty Ltd,1,company;service,1
2090,1-XTH-756,MVRL43756,Todaro Prestige Auto Services Pty Ltd,1,company;service,1
2091,1-3P411W8,MVRL59304,TOM HARDWICK AUTOMOTIVE PTY LTD,1,company;service,1
2092,1-3AFYMW,MVRL45900,Tom Kendall Mechanical Repairs Pty Ltd,1,company;service,1
2093,1-XSI-1452,MVRL1391,Tom Moss Auto Repairs Pty Ltd,1,company;service,1
2094,1-IVMBAR,MVRL48634,Tom's Automotive Services Pty Ltd,1,company;service,1
2095,1-3Z1EY1K,MVRL61099,Tommys Garage Pty Ltd,1,company;service,1
2096,1-XTB-395,MVRL33215,Tomshar Mechanical Repairs Pty Ltd,1,company;service,1
2097,1-XTH-703,MVRL43681,Tony & Tony Pty Ltd,1,company;service,1
2098,1-3Y9EC4G,MVRL60965,Tony Darragh's Workshop Pty Ltd,1,company;service,1
2099,1-XSI-3527,MVRL18619,Tony McLaughlan Mechanical Pty Ltd,1,company;service,1
2100,1-XTH-775,MVRL43792,Tony Nelson Motors Pty Ltd,1,company;service,1
2101,1-MSY2Y1,MVRL49169,Tony's Service Centre Brookvale Pty Ltd,1,company;service,1
2102,1-3BVPAUK,MVRL56343,Tonys Auto Repair Service Pty Ltd,1,company;service,1
2103,1-3RC9IFH,MVRL59880,Toomey's Mechanical Service Pty Ltd,1,company;service,1
2104,1-4H5KDB4,MVRL63957,TOP CAR SERVICE PTY LTD,1,company;service,1
2105,1-3OPI6Q2,MVRL59246,TOP CLASS AUTO GROUP PTY LTD,1,company;service,1
2106,1-3WPML2Y,MVRL60764,TOP DEAD CENTRE MECHANICAL PTY LTD,1,company;service,1
2107,1-XTB-1697,MVRL36727,Top Marques Automotive Pty Ltd,1,company;service,1
2108,1-DXHHYH,MVRL48144,Top One Crew Pty Ltd,1,company;service,1
2109,1-38IDWKG,MVRL55899,Top Tech Automotive Pty Ltd,1,company;service,1
2110,1-4DA0DU4,MVRL63169,Top Tune Automotive Mosman Pty Ltd,1,company;service,1
2111,1-2KL4XQP,MVRL54112,Toppardi Enterprises Pty Ltd,1,company;service,1
2112,1-XTB-4217,MVRL41071,Toram G Pty Ltd,1,company;service,1
2113,1-1J0EI3B,MVRL51977,Toronto Brake & Clutch Pty Ltd,1,company;service,1
2114,1-XSI-4112,MVRL19839,Toskas Auto Centre Pty Ltd,1,company;service,1
2115,1-XSI-488,MVRL11375,Total Mechanical Service Pty Ltd,1,company;service,1
2116,1-3UQK2IA,MVRL60422,Touma Group Pty Ltd,1,company;service,1
2117,1-4DOJ3GI,MVRL63205,TP & VT Waterhouse Pty. Ltd.,1,company;service,1
2118,1-XSI-1692,MVRL14490,Tracquip Pty Ltd,1,company;service,1
2119,1-4FT2FF4,MVRL63666,Tracside Automotive Pty Ltd,1,company;service,1
2120,1-3HNG6DW,MVRL57164,TRANSITION AUTOMOTIVE PTY LTD,1,company;service,1
2121,1-37ELSD5,MVRL55755,Transmission Medic Pty Ltd,1,company;service,1
2122,1-3ZKZQTO,MVRL61130,Transmission Solutions Pty Ltd,1,company;service,1
2123,1-41FO1I6,MVRL61642,TREMBATH MECHANICAL PTY LTD,1,company;service,1
2124,1-G8318T,MVRL48479,TRG Automotive Pty Ltd,1,company;service,1
2125,1-XT3-2446,MVRL27049,Triggs Investments Pty Ltd,1,company;service,1
2126,1-2KGKQOL,MVRL54122,Trooper Lu's Garage Pty Ltd,1,company;service,1
2127,1-3FEI0HT,MVRL56901,TRP Mechanical Pty Ltd,1,company;service,1
2128,1-4IJVC0K,MVRL64203,TRT ENTERPRISES PTY LTD,1,company;service,1
2129,1-4EBQJI2,MVRL63469,True Torque Automotive Pty Ltd,1,company;service,1
2130,1-48QRNPG,MVRL62411,True Torque Mechanical Pty Ltd,1,company;service,1
2131,1-3MDWAOA,MVRL58610,TT AUTOCARE PTY LTD,1,company;service,1
2132,1-32W1PQ7,MVRL55091,Tuggerah Mechanical Services Pty Ltd,1,company;service,1
2133,1-2MVZVYB,MVRL54311,Tune Torque Pty Ltd,1,company;service,1
2134,1-39W8SE5,MVRL56289,TUNE WORKS NEWCASTLE PTY LTD,1,company;service,1
2135,1-2WMHAOR,MVRL54673,Turkoz Automotive Pty Ltd,1,company;service,1
2136,1-2L728JH,MVRL54108,Tweed Coast Motors Pty Ltd,1,company;service,1
2137,1-2VLOKMQ,MVRL54515,Twisted Spanners Automotive Services Pty Ltd,1,company;service,1
2138,1-3WDBIOA,MVRL60743,Tyson Zeidler Automotive Excellence Pty Ltd,1,company;service,1
2139,1-36Q0IQP,MVRL55669,Tytann Pty Ltd,1,company;service,1
2140,1-40ABQPI,MVRL61291,ULLADULLA SERVICE CENTRE PTY LTD,1,company;service,1
2141,1-1NF7O3G,MVRL52207,Ultimate Automotive Garage Pty Ltd,1,company;service,1
2142,1-3UB0DAW,MVRL60603,Ultimate Automotives Sydney Pty Ltd,1,company;service,1
2143,1-3EAJ2IY,MVRL56719,Ultra Automotive Pty Ltd,1,company;service,1
2144,1-2J2KJPX,MVRL53874,Ultra Tune Batemans Bay Pty Ltd,1,company;service,1
2145,1-360OZVZ,MVRL55665,Ultra Tune Transitions Pty Ltd,1,company;service,1
2146,1-3334WPJ,MVRL55232,UNITED AJ PTY LTD,1,company;service,1
2147,1-2ZJUI3I,MVRL54874,United Automotive Pty Ltd,1,company;service,1
2148,1-235SBXW,MVRL53200,Unity Auto Services Pty Ltd,1,company;service,1
2149,1-22SR8HI,MVRL53342,Universal Motors Group Pty Ltd,1,company;service,1
2150,1-4CRYJTY,MVRL63203,UNLIMITED AUTOMOTIVE PTY LTD,1,company;service,1
2151,1-XTB-2720,MVRL38570,V & G Motor Mechanic Repairs Pty Ltd,1,company;service,1
2152,1-A88N3P,MVRL47911,V. & M. Automotive Pty Ltd,1,company;service,1
2153,1-3K19QC,MVRL46098,Vallas Group Pty Ltd,1,company;service,1
2154,1-21GBDYJ,MVRL53095,Valley Service & Repairs Pty Ltd,1,company;service,1
2155,1-4H97Y8U,MVRL63960,VALLEY VIEW AUTOMOTIVE PTY LTD,1,company;service,1
2156,1-45HC7AE,MVRL62044,VAR AUTOMOTIVE EAST PTY LTD,1,company;service,1
2157,1-3ZEYDAZ,MVRL61112,VAR Automotive North Pty Ltd,1,company;service,1
2158,1-4JJEANK,MVRL64310,VARIETY SUPPLIES PTY LTD,1,company;service,1
2159,1-3QUEOWA,MVRL59858,VAWSER MOTORS PTY LTD,1,company;service,1
2160,1-NGPS3V,MVRL49279,Vee-Mech Services Pty Ltd,1,company;service,1
2161,1-3YYRHRW,MVRL61048,Vegcam Pty Ltd,1,company;service,1
2162,1-FSQ3BL,MVRL48404,Vehicle Maintenance Services Pty Ltd,1,company;service,1
2163,1-XTB-748,MVRL34967,Vehicle Preparation Service Pty Ltd,1,company;service,1
2164,1-3DEDWM8,MVRL56628,VEHICLE REPAIRHUB PTY LIMITED,1,company;service,1
2165,1-10QL2UV,MVRL50616,Vehtech Pty Ltd,1,company;service,1
2166,1-XT3-4785,MVRL31978,Velcress Pty Ltd,1,company;service,1
2167,1-41TFCGC,MVRL61465,VIAAN AUSTRALIA PTY LTD,1,company;service,1
2168,1-4CDZQKE,MVRL62906,Vidlers Automotive Industries Pty Ltd,1,company;service,1
2169,1-XSI-1937,MVRL1506,Vikim Pty Ltd,1,company;service,1
2170,1-XTB-3594,MVRL39977,Vim Tech Automotive Engineers Pty Ltd,1,company;service,1
2171,1-3KYFAH7,MVRL58083,Vince Williams Mechanical Repairs Pty Ltd,1,company;service,1
2172,1-4BADY9Q,MVRL62964,Vinckx Mechanical Pty Ltd,1,company;service,1
2173,1-32XC7XL,MVRL55102,VIP Auto Repairs Australia Pty Ltd,1,company;service,1
2174,1-3O0WC8P,MVRL59063,Volks Mechanical Pty Ltd,1,company;service,1
2175,1-1YPYPDB,MVRL53008,VTT Investments Co Pty Ltd,1,company;service,1
2176,1-3NA3QGX,MVRL58865,VVG Services NSW Pty Ltd,1,company;service,1
2177,1-XTH-2956,MVRL8418,W E Simmons Pty Ltd,1,company;service,1
2178,1-1WRHM4V,MVRL52877,W.A. & K.E. Vardanega Mechanical Repairs Pty Limited,1,company;service,1
2179,1-4F9IXY6,MVRL63661,WAE (NSW) PTY LTD,1,company;service,1
2180,1-3KIW5YW,MVRL57994,Wagga Auto Group Pty Ltd,1,company;service,1
2181,1-3ZYMBFO,MVRL61170,Wagga City Auto Centre Pty Ltd,1,company;service,1
2182,1-1UYW3GJ,MVRL52901,Wagga Motors Pty Ltd,1,company;service,1
2183,1-XT3-2920,MVRL28091,Wairua Holdings Pty Ltd,1,company;service,1
2184,1-XTB-733,MVRL34929,Walker Automotive Services Pty Ltd,1,company;service,1
2185,1-XTB-1038,MVRL35548,Wallsend Automotive Pty Ltd,1,company;service,1
2186,1-44W4UUA,MVRL61962,Wally Armstrong Automotive Services Pty Ltd,1,company;service,1
2187,1-XT3-4091,MVRL3047,Ward Motors (Griffith) Pty Ltd,1,company;service,1
2188,1-3NR1IHA,MVRL59076,WARD'S AUTO SUPPLIES PTY LTD,1,company;service,1
2189,1-3ZUT4MG,MVRL61275,WARNERS BAY MECHANICAL PTY LTD,1,company;service,1
2190,1-XTB-4075,MVRL40837,Warriewood Automotive Services Pty Ltd,1,company;service,1
2191,1-4EYFQKG,MVRL63622,WATCH INVESTMENTS PTY LTD,1,company;service,1
2192,1-3PJAA7U,MVRL59398,WATERS ENTERPRISES PTY LTD,1,company;service,1
2193,1-1QUKCGJ,MVRL52561,Waters Mechanical Repairs Pty Ltd,1,company;service,1
2194,1-2KUA52P,MVRL54104,Watton Mechanical Pty Ltd,1,company;service,1
2195,1-2MEJ81Z,MVRL54248,Wayne Baxters Workshop Pty Ltd,1,company;service,1
2196,1-3OIO18G,MVRL59173,WCAE PTY LTD,1,company;service,1
2197,1-36FOAXD,MVRL55608,WEBSPEC PTY LTD,1,company;service,1
2198,1-3ONSVN2,MVRL59322,WEBSTERS MECHANICAL PTY LTD,1,company;service,1
2199,1-XT3-2777,MVRL27808,Weller Automotive Pty Ltd,1,company;service,1
2200,1-T37RFT,MVRL49807,Wes Ellis Automotive Pty Ltd,1,company;service,1
2201,1-4BWWB2E,MVRL62766,WEST AUTOSHOP AND REPAIRS PTY LTD,1,company;service,1
2202,1-243436B,MVRL53241,West Cowra Auto Pty Ltd,1,company;service,1
2203,1-4ILHINS,MVRL64211,WEST GOSFORD MECHANICAL PTY LTD,1,company;service,1
2204,1-121KD38,MVRL50706,West Trans Service (NSW) Pty Ltd,1,company;service,1
2205,1-22HPZ9Y,MVRL53188,West Wyalong Service & Repairs Pty Ltd,1,company;service,1
2206,1-1QKD5MZ,MVRL52479,Westend Mechanical Pty Ltd,1,company;service,1
2207,1-XT3-2888,MVRL28028,Westend Pty Ltd,1,company;service,1
2208,1-3VGH9ED,MVRL60587,Western Brakes Pty Ltd,1,company;service,1
2209,1-XTB-1206,MVRL35824,Western Clutch Service Pty Ltd,1,company;service,1
2210,1-XTB-4347,MVRL41290,Western Pit Stop Automotive Pty Ltd,1,company;service,1
2211,1-XTB-4337,MVRL41271,Western Region Automotive Pty Ltd,1,company;service,1
2212,1-39RWF2L,MVRL56041,WESTERN SYDNEY AUTO GROUP PTY LIMITED,1,company;service,1
2213,1-40CBDHW,MVRL61337,Western Sydney Automotive Pty Ltd,1,company;service,1
2214,1-1KD4F6F,MVRL52138,Western Sydney Mechanical Pty Ltd,1,company;service,1
2215,1-1QLZL7I,MVRL52527,WESTERN SYDNEY REPAIR CENTRE PTY LTD,1,company;service,1
2216,1-3YU45IA,MVRL61043,WESTLAKES MECHANICAL PTY LTD,1,company;service,1
2217,1-XTH-1007,MVRL44211,Westside Automatic Service Centre Pty Ltd,1,company;service,1
2218,1-3P6Z5W8,MVRL59434,WESTSIDE AUTOMOTIVE PTY LIMITED,1,company;service,1
2219,1-XT3-2388,MVRL26912,Wetherill Park Automotive Services Pty Ltd,1,company;service,1
2220,1-XTB-1728,MVRL36781,Wettone Management Services Pty Ltd,1,company;service,1
2221,1-XTH-2129,MVRL6472,WH Gay Pty Ltd,1,company;service,1
2222,1-XTB-4341,MVRL41283,Wheres Wally Mechanic Pty Ltd,1,company;service,1
2223,1-3S16C54,MVRL60042,WHITER'S SOUTHERN MOTORS PTY LTD,1,company;service,1
2224,1-XTH-1162,MVRL44505,Whitlee Pty Ltd,1,company;service,1
2225,1-4G9TP0Q,MVRL63801,WIGHTMAN ENTERPRISES 1 PTY LTD,1,company;service,1
2226,1-XTB-1725,MVRL36776,Wilkes Holdings (NSW) Pty Ltd,1,company;service,1
2227,1-34F651Z,MVRL55396,WILLIAM GREGORY PTY LTD,1,company;service,1
2228,1-XTB-3669,MVRL4007,Williams & Wood Auto Repairs Pty Ltd,1,company;service,1
2229,1-36QZW8N,MVRL55671,Williams and Cooke Automotive Pty Ltd,1,company;service,1
2230,1-XTH-3150,MVRL8899,Williams Motors (Broken Hill) Pty Ltd,1,company;service,1
2231,1-3YOR9ZY,MVRL61054,Willtrish Pty Ltd,1,company;service,1
2232,1-40CGKUW,MVRL61274,Winchester Mechanical Pty Ltd,1,company;service,1
2233,1-4J4R4AG,MVRL64293,Windemere's Automotive Pty Ltd,1,company;service,1
2234,1-3NWH6G2,MVRL59118,WINDSOR EXHAUST SYSTEMS PTY LTD,1,company;service,1
2235,1-3T6MKEU,MVRL60228,Wing Tai Automotive  Pty Ltd,1,company;service,1
2236,1-4I1QN6Q,MVRL64089,WINGHAM MECHANICAL PTY LTD,1,company;service,1
2237,1-45UY91J,MVRL61928,Wip's Auto Repairs Pty Ltd,1,company;service,1
2238,1-XTH-537,MVRL43374,Wizard Automotive Systems Pty Ltd,1,company;service,1
2239,1-3W09924,MVRL60732,Wizard Mechanical Australia Pty Ltd,1,company;service,1
2240,1-3COKHPE,MVRL56455,WJ AUTOMOTIVE PTY LTD,1,company;service,1
2241,1-44N6X5Y,MVRL62014,WM Euro Automotive Pty Ltd,1,company;service,1
2242,1-1LCALTP,MVRL52178,Wolfsburg Motors Pty. Limited,1,company;service,1
2243,1-1OI2F63,MVRL52448,Wollondilly Mechanical Service Pty Ltd,1,company;service,1
2244,1-40HXUV4,MVRL61329,WOLLONGONG AUTOMOTIVE SERVICES PTY LTD,1,company;service,1
2245,1-YI0O6P,MVRL50413,Wollongong Prestige Automotive Pty Ltd,1,company;service,1
2246,1-XTB-4559,MVRL41724,Woodmill Automotive Pty Ltd,1,company;service,1
2247,1-WB2HSR,MVRL50137,World Class Automotive Pty Ltd,1,company;service,1
2248,1-36CSR9J,MVRL55602,World Network Pty Ltd,1,company;service,1
2249,1-C62R5J,MVRL47996,WORNER HOLDINGS PTY LTD,1,company;service,1
2250,1-3CHYHHU,MVRL56556,WORTHINGTON PRESTIGE AUTOBODY REPAIRS PTY LTD,1,company;service,1
2251,1-3SBFIMM,MVRL60126,Wright Auto Group Pty Ltd,1,company;service,1
2252,1-4GSBG3Q,MVRL63992,WRW Automotive Services Pty Ltd,1,company;service,1
2253,1-4DCNJ08,MVRL63305,WS Auto Care Pty Ltd,1,company;service,1
2254,1-XTH-2522,MVRL7403,Wyong Radiator Repairs Pty Ltd,1,company;service,1
2255,1-46CUB4C,MVRL62138,X & Z ENTERPRISES PTY LTD,1,company;service,1
2256,1-1NF0AA4,MVRL52305,X-Five Aus Pty Limited,1,company;service,1
2257,1-49PHI9M,MVRL62824,Xanthi Transmissions Liverpool Pty Ltd,1,company;service,1
2258,1-3EBDDD8,MVRL56683,Xceed Autos Pty Ltd,1,company;service,1
2259,1-49KOT3A,MVRL62685,Xtreme Mods and Mechanical Services Pty Ltd,1,company;service,1
2260,1-3NMVFGY,MVRL58964,YAGOONA AUTOMOTIVE PTY LTD,1,company;service,1
2261,1-XT3-79,MVRL21926,Yagoona Motor Repairs Pty Ltd,1,company;service,1
2262,1-48QF33U,MVRL62415,YDR Hospitality Group Pty Ltd,1,company;service,1
2263,1-3GY0X5O,MVRL57066,Yong 168 Pty Ltd,1,company;service,1
2264,1-U4QJA5,MVRL49912,Young Motors (NSW) Pty Ltd,1,company;service,1
2265,1-41QOLD0,MVRL61607,Your Automotive Centre (Aus) Pty Ltd,1,company;service,1
2266,1-4GHVOUC,MVRL63875,YP PARTNERS PTY LTD,1,company;service,1
2267,1-3D5RHHN,MVRL56631,YUNI AUTO SERVICES PTY LTD,1,company;service,1
2268,1-4H62ZY4,MVRL63979,Z J Mechanical Repairs Pty Ltd,1,company;service,1
2269,1-3JTK6Z5,MVRL57619,Z&S AUTOMOTIVE PTY LTD,1,company;service,1
2270,1-XTB-4799,MVRL42179,Z.O.M. Pty Ltd,1,company;service,1
2271,1-3A94SD8,MVRL56078,Z1 Automotive Repair Pty Ltd,1,company;service,1
2272,1-XT3-428,MVRL22716,Zamoame Pty Ltd,1,company;service,1
2273,1-XTB-1090,MVRL35634,Zappala Investments Pty Ltd,1,company;service,1
2274,1-383J3QH,MVRL55878,ZARATE MECHANICS PTY LTD,1,company;service,1
2275,1-3P1IU16,MVRL59313,ZENI MECHANICS SERVICES PTY LIMITED,1,company;service,1
2276,1-XSI-4232,MVRL20101,ZF Services Australia Pty Ltd,1,company;service,1
2277,1-4FAMS7I,MVRL63705,Zhilian New Energy Zeekr Auto Service (Sydney) Pty Ltd,1,company;service,1
2278,1-4DDDLF0,MVRL63476,Zhilian New Energy ZK Auto (Sydney) Pty Ltd,1,company;service,1
2279,1-4EISJ8I,MVRL63624,ZIAD MECHANICAL REPAIRS PTY LTD,1,company;service,1
2280,1-44600CO,MVRL61855,ZIC Service Centre Pty Ltd,1,company;service,1
2281,1-4DB9XNG,MVRL63261,ZIELKE AUTOMOTIVE PTY LTD,1,company;service,1
2282,1-39MUGVX,MVRL56016,ZOOM MECHANICAL PTY LTD,1,company;service,1
2283,1-4D9MKK6,MVRL63215,ZOSSIMAS GROUP PTY LTD,1,company;service,1
2284,1-XSI-3763,MVRL19149,Bridgestone Australia Ltd,2,company;uninformative,5
2285,1-UGW0X6,MVRL49945,Bridgestone Australia Ltd,2,company;uninformative,5
2286,1-XTB-4320,MVRL41234,McCarroll's Of Moss Vale Pty Ltd,2,company;uninformative,5
2287,1-XTH-736,MVRL43725,Alweal Pty. Limited,2,company;uninformative,3
2288,1-3AFZ3M,MVRL45907,Clint Stacey Pty Ltd,2,company;uninformative,3
2289,1-3AGN57,MVRL45910,Clint Stacey Pty Ltd,2,company;uninformative,3
2290,1-XSI-1243,MVRL13351,Houma Holdings Pty Ltd,2,company;uninformative,3
2291,1-XTB-60,MVRL32562,Houma Holdings Pty Ltd,2,company;uninformative,3
2292,1-XTB-4934,MVRL42426,K & C Industries Pty Ltd,2,company;uninformative,3
2293,1-XTB-4935,MVRL42427,K & C Industries Pty Ltd,2,company;uninformative,3
2294,1-XTB-1792,MVRL36910,K &C Industries Pty Ltd,2,company;uninformative,3
2295,1-3N3XTG,MVRL46138,Moorefield Investments Pty Ltd,2,company;uninformative,3
2296,1-3N3XPR,MVRL46139,Moorefield Investments Pty Ltd,2,company;uninformative,3
2297,1-5EWRD4,MVRL46895,Moorefield Investments Pty Ltd,2,company;uninformative,3
2298,1-3JMWK5I,MVRL57628,AEH YOUNG PTY LTD,2,company;uninformative,2
2299,1-46W2RDU,MVRL62351,AEH YOUNG PTY LTD,2,company;uninformative,2
2300,1-5DD6ML,MVRL46878,Autonexus Pty Ltd,2,company;uninformative,2
2301,1-XTB-1713,MVRL36749,Axprey Pty Ltd,2,company;uninformative,2
2302,1-561LQR,MVRL46764,B K Power Solutions Pty Ltd,2,company;uninformative,2
2303,1-3RDLNOI,MVRL59982,Fonz Moto Pty Ltd,2,company;uninformative,2
2304,1-3VLSBN2,MVRL60660,Fonz Moto Pty Ltd,2,company;uninformative,2
2305,1-XTH-731,MVRL43717,Haulers & Fallers Pty Ltd,2,company;uninformative,2
2306,1-XTH-732,MVRL43718,Haulers & Fallers Pty Ltd,2,company;uninformative,2
2307,1-D6BO1S,MVRL48086,Jacabella Pty Ltd,2,company;uninformative,2
2308,1-XT3-2902,MVRL28045,Macsif Pty Limited,2,company;uninformative,2
2309,1-XTB-702,MVRL34859,Macsif Pty Ltd,2,company;uninformative,2
2310,1-XTH-2586,MVRL7532,Max Orman (Holdings) Pty Ltd,2,company;uninformative,2
2311,1-XTH-2587,MVRL7533,Max Orman (Holdings) Pty Ltd,2,company;uninformative,2
2312,1-XUC-2445,MVRL42380,Nicalds Pty Ltd,2,company;uninformative,2
2313,1-XTB-2378,MVRL37909,R & D Lo Surdo Pty Ltd,2,company;uninformative,2
2314,1-XTB-3180,MVRL39220,R & D Lo Surdo Pty Ltd,2,company;uninformative,2
2315,1-351EJJ,MVRL45692,Rivenlee Pty Ltd,2,company;uninformative,2
2316,1-351EKA,MVRL45693,Rivenlee Pty Ltd,2,company;uninformative,2
2317,1-XTB-3554,MVRL3991,Spice Enterprises Pty Ltd,2,company;uninformative,2
2318,1-3N3VLP,MVRL46198,Spice Enterprises Pty Ltd,2,company;uninformative,2
2319,1-XTH-852,MVRL43925,T&M Holdings Pty Limited,2,company;uninformative,2
2320,1-XTH-855,MVRL43928,T&M Holdings Pty Limited,2,company;uninformative,2
2321,1-XSI-4907,MVRL21557,TANC Pty Ltd,2,company;uninformative,2
2322,1-XSI-38,MVRL10098,The Brown & Hurley Group Pty Ltd,2,company;uninformative,2
2323,1-XT3-2648,MVRL27482,VDL Group Pty Ltd,2,company;uninformative,2
2324,1-XT3-2785,MVRL27831,(GB's) Mini and Moke World Pty Ltd,2,company;uninformative,1
2325,1-48179GG,MVRL62421,1HD Group Pty Ltd,2,company;uninformative,1
2326,1-3OQNTIG,MVRL59213,2 Transform Group Pty Ltd,2,company;uninformative,1
2327,1-4BB0KH6,MVRL62907,20B Pty Ltd,2,company;uninformative,1
2328,1-3MU44Y2,MVRL58636,28 Bourke Road Pty Ltd,2,company;uninformative,1
2329,1-45YOYIH,MVRL61964,2NV Industries Pty Ltd,2,company;uninformative,1
2330,1-3V5KTJ2,MVRL60547,3RD'S PRODUCTIONS PTY LTD,2,company;uninformative,1
2331,1-2VPGDY,MVRL45407,4 2 Ring Pty Ltd,2,company;uninformative,1
2332,1-4ILFMHM,MVRL64206,445 WAGGA RD PTY LTD,2,company;uninformative,1
2333,1-4BLRPCE,MVRL63020,4K GILBERTS PTY LTD,2,company;uninformative,1
2334,1-3WVYWOI,MVRL60900,4K PRESTIGE PTY LIMITED,2,company;uninformative,1
2335,1-3GTXWAD,MVRL57290,6X6 Australia Pty Ltd,2,company;uninformative,1
2336,1-4GWRMQC,MVRL64128,A & A Fischer Pty Ltd,2,company;uninformative,1
2337,1-XTH-836,MVRL43906,A & A Macaulay Pty Ltd,2,company;uninformative,1
2338,1-2WZKSGB,MVRL54734,A & B JACKSON PTY LTD,2,company;uninformative,1
2339,1-XCVZ2T,MVRL50302,A & J Nelson Bay Pty Ltd,2,company;uninformative,1
2340,1-2K5Z90R,MVRL54043,A & J Steele Pty Ltd,2,company;uninformative,1
2341,1-218CQW9,MVRL53102,A & L Innovations Pty Ltd,2,company;uninformative,1
2342,1-3N568X6,MVRL58887,A & M HAMADACHE PTY. LIMITED,2,company;uninformative,1
2343,1-3FHH60W,MVRL56890,A & M Lloyd Pty Ltd,2,company;uninformative,1
2344,1-3P79ROL,MVRL59481,A and H Investments Australia Pty Ltd,2,company;uninformative,1
2345,1-WQ7B6C,MVRL50175,A I Cracka Pty Ltd,2,company;uninformative,1
2346,1-XTB-1696,MVRL36724,A J Bates Pty Ltd,2,company;uninformative,1
2347,1-XTB-622,MVRL34686,A L ZUES HOLDINGS PTY LTD,2,company;uninformative,1
2348,1-255K4AW,MVRL53366,A. H. Peters Pty Ltd,2,company;uninformative,1
2349,1-4GYN5U2,MVRL64052,A.C.N. 693 712 524 PTY LTD,2,company;uninformative,1
2350,1-3NPT63R,MVRL58933,A.S. Willow Vale Pty Ltd,2,company;uninformative,1
2351,1-3JBGHT4,MVRL57423,A.V. GAS INSTALLATIONS PTY LTD,2,company;uninformative,1
2352,1-345YCPV,MVRL55276,A1 Autohaus Pty Ltd,2,company;uninformative,1
2353,1-3SC2H3O,MVRL60053,A1 INVESTMENT HOLDINGS (AUS) PTY LTD,2,company;uninformative,1
2354,1-45QC3KO,MVRL61969,AAA ALL FOR CAR PTY LTD,2,company;uninformative,1
2355,1-197I77H,MVRL51415,AACPK Investments Pty Ltd,2,company;uninformative,1
2356,1-XTB-2990,MVRL38872,AAK Industries Pty Ltd,2,company;uninformative,1
2357,1-3PLNM1O,MVRL59641,AATISH & CJS RIDERSHARE ALL NEEDS GROUP PTY LTD,2,company;uninformative,1
2358,1-3HO8HSI,MVRL57107,AATISH CABS PTY LTD,2,company;uninformative,1
2359,1-4AI97XI,MVRL62776,AAV GROUP PTY LTD,2,company;uninformative,1
2360,1-3MP0WRU,MVRL58701,AAVET SOLUTIONS PTY. LTD.,2,company;uninformative,1
2361,1-XTH-1305,MVRL4762,Abalner Pty Ltd,2,company;uninformative,1
2362,1-3Q64O1A,MVRL59749,ABBEY MASCOT PTY LIMITED,2,company;uninformative,1
2363,1-31NQCG,MVRL45584,ABC Castles Pty Limited,2,company;uninformative,1
2364,1-4IN6X8M,MVRL64236,ABK GREEN DYNASTY PTY LTD,2,company;uninformative,1
2365,1-3SGZK70,MVRL60169,ABLE INVESTMENTS PTY. LTD.,2,company;uninformative,1
2366,1-3Q5ILFA,MVRL59571,Acclaim Automatics Australia Pty Ltd,2,company;uninformative,1
2367,1-3NPF4O0,MVRL59039,ACDC CONTRACTING PTY LTD,2,company;uninformative,1
2368,1-3JA04XA,MVRL57457,ACE CIVIL PTY LTD,2,company;uninformative,1
2369,1-3RTOZRY,MVRL60081,ACM TRADING PTY LTD,2,company;uninformative,1
2370,1-XTB-1279,MVRL35944,ACN 082 310 727 Pty Ltd,2,company;uninformative,1
2371,1-1S38N2T,MVRL52638,ACRC Enterprises Pty Ltd,2,company;uninformative,1
2372,1-3LJ3E90,MVRL58309,ACRONICAL PTY LTD,2,company;uninformative,1
2373,1-XS1HFZ,MVRL50328,Action Smart Group Pty Ltd,2,company;uninformative,1
2374,1-EX4AJZ,MVRL48323,AD & AG Pty Ltd,2,company;uninformative,1
2375,1-469A7B2,MVRL62026,ADAM AUTOGLASS PTY LIMITED,2,company;uninformative,1
2376,1-412CK9B,MVRL61270,Adams Family Collective Pty Ltd,2,company;uninformative,1
2377,1-4HQB1Z,MVRL46497,Adamstown Car Doctors Pty Ltd,2,company;uninformative,1
2378,1-3YF0SF4,MVRL60982,ADAS CALIBRATION PTY LTD,2,company;uninformative,1
2379,1-44QROT0,MVRL61935,Adas Solutions Australia Pty Ltd,2,company;uninformative,1
2380,1-19HX8V8,MVRL51429,Adluc Holdings Pty Ltd,2,company;uninformative,1
2381,1-1VBRTZT,MVRL52766,Adrenalin Off-Road Centre Pty Ltd,2,company;uninformative,1
2382,1-2Q7RGN,MVRL45313,Adtrans Sydney Pty Ltd,2,company;uninformative,1
2383,1-31PZAL2,MVRL54975,ADV Moto Pty Ltd,2,company;uninformative,1
2384,1-XTB-853,MVRL35177,Advanced Autotec Pty Ltd,2,company;uninformative,1
2385,1-3QDSD3I,MVRL59770,ADVANCED DRIVER SYSTEMS PTY LTD,2,company;uninformative,1
2386,1-3IQ7RN0,MVRL57509,ADVANCED KITCHEN COATINGS PTY LTD,2,company;uninformative,1
2387,1-3NLB9FC,MVRL59085,ADVENTURE POWERSPORTS & OUTDOOR PTY LTD,2,company;uninformative,1
2388,1-3JHMBZM,MVRL57541,Adwish Pty Ltd,2,company;uninformative,1
2389,1-XTB-2353,MVRL37863,AE Woods Investments Pty Ltd,2,company;uninformative,1
2390,1-3CQRYNK,MVRL56432,AEH COWRA PTY LTD,2,company;uninformative,1
2391,1-4E6A7O4,MVRL63413,AEH FORBES PTY LTD,2,company;uninformative,1
2392,1-4E6BKIG,MVRL63412,AEH PARKES PTY LTD,2,company;uninformative,1
2393,1-3AMQSHX,MVRL56150,AEH WEST WYALONG PTY LTD,2,company;uninformative,1
2394,1-3DE4NXI,MVRL56648,Aerial Access Australia Pty Ltd,2,company;uninformative,1
2395,1-3FN1I1Y,MVRL56869,AERO IMAGE GROUP PTY LTD,2,company;uninformative,1
2396,1-3K0F5QJ,MVRL57804,AFF Properties No 1 Pty Ltd,2,company;uninformative,1
2397,1-40PIRO6,MVRL61321,AFSJ INDUSTRIES PTY LTD,2,company;uninformative,1
2398,1-XTB-1482,MVRL36303,Agriland Pty Ltd,2,company;uninformative,1
2399,1-XTB-4743,MVRL42066,Agrino Pty Ltd,2,company;uninformative,1
2400,1-QX8EBU,MVRL49650,Aionio Pty Ltd,2,company;uninformative,1
2401,1-1KD0MBT,MVRL52143,Aircomp Pty Ltd,2,company;uninformative,1
2402,1-XT3-1422,MVRL24925,Airtask Pty Ltd,2,company;uninformative,1
2403,1-3UH3CMW,MVRL60570,Ajade Enterprises Pty Ltd,2,company;uninformative,1
2404,1-41H3D4C,MVRL61421,AJE CORP PTY LTD,2,company;uninformative,1
2405,1-3G56HQT,MVRL56900,AJH Industries Pty Ltd,2,company;uninformative,1
2406,1-1D32FWJ,MVRL51632,Ajjam Pty Limited,2,company;uninformative,1
2407,1-365P42J,MVRL55533,Akebono Pty Ltd,2,company;uninformative,1
2408,1-4I0LKQK,MVRL64184,Akro Automobile Pty Ltd,2,company;uninformative,1
2409,1-4AGQZOY,MVRL62832,AKT SONS PTY LTD,2,company;uninformative,1
2410,1-1G5L7UM,MVRL51841,Albert So Pty Ltd,2,company;uninformative,1
2411,1-3YK4QXE,MVRL61028,Albjay Management Pty Ltd,2,company;uninformative,1
2412,1-31ZPZ8R,MVRL55068,ALEIRA ENTERPRISES PTY LTD,2,company;uninformative,1
2413,1-3GWW3IQ,MVRL57192,ALEXANDER COOPER INVESTMENTS PTY LTD,2,company;uninformative,1
2414,1-XSI-3295,MVRL18091,Alexander Perrie & Co Pty Ltd,2,company;uninformative,1
2415,1-4BKI0OW,MVRL63083,Alexandria Bespoke Pty Ltd,2,company;uninformative,1
2416,1-4AW5G1G,MVRL62869,ALFAKON PTY LTD,2,company;uninformative,1
2417,1-3PE6EXY,MVRL59317,Alfocam Pty Ltd,2,company;uninformative,1
2418,1-XTB-2539,MVRL38226,Align Right (NSW) Pty Ltd,2,company;uninformative,1
2419,1-42E2OK8,MVRL61877,ALL BARRED UP PTY LIMITED,2,company;uninformative,1
2420,1-XYJ1DJ,MVRL50401,All Drive Subaroo Pty Ltd,2,company;uninformative,1
2421,1-4DY4FE0,MVRL63394,All Equipment Solutions Pty Ltd,2,company;uninformative,1
2422,1-45I7LCC,MVRL62033,All Hose & Hydraulics Pty Ltd,2,company;uninformative,1
2423,1-IVKGP6,MVRL48622,Allisek Pty Ltd,2,company;uninformative,1
2424,1-36YZPS3,MVRL55709,ALLSON MANAGEMENT PTY LTD,2,company;uninformative,1
2425,1-3GJRVHX,MVRL57172,AllStain Machining Pty Ltd,2,company;uninformative,1
2426,1-67BF13,MVRL47123,Almighty Industries Pty Ltd,2,company;uninformative,1
2427,1-3J4ZOJK,MVRL57504,Alpen Holdings Pty Ltd,2,company;uninformative,1
2428,1-IV9684,MVRL48616,Alpha Group Australia (NSW) Pty Ltd,2,company;uninformative,1
2429,1-3JSRUZ9,MVRL57600,Alpha Omega Pty Ltd,2,company;uninformative,1
2430,1-3F5VLUK,MVRL56828,ALPHATEX INDUSTRIES PTY LTD,2,company;uninformative,1
2431,1-4HB2U00,MVRL64012,ALSR Pty Ltd,2,company;uninformative,1
2432,1-XSI-2772,MVRL1692,Alto Artarmon Pty Ltd,2,company;uninformative,1
2433,1-4G64TLY,MVRL63824,ALTO PENNANT HILLS NO2 PTY LTD,2,company;uninformative,1
2434,1-XSI-2697,MVRL16746,Alto Pennant Hills Pty Ltd,2,company;uninformative,1
2435,1-4DBO16U,MVRL63253,ALTO WOLLONGONG PTY LTD,2,company;uninformative,1
2436,1-JMQ6V7,MVRL49008,ALTORA AG PTY LTD,2,company;uninformative,1
2437,1-4HTR3OK,MVRL64140,AM AUTOWORKS PTY LTD,2,company;uninformative,1
2438,1-6621N6,MVRL47098,AMA Group Solutions Pty Ltd,2,company;uninformative,1
2439,1-3VE0CFE,MVRL60629,AMD Co Pty Ltd,2,company;uninformative,1
2440,1-4JJ5N3O,MVRL64260,AMG Headquarters Eighteen Pty Ltd,2,company;uninformative,1
2441,1-439HBZU,MVRL61689,AMG Headquarters Fourteen Pty Ltd,2,company;uninformative,1
2442,1-XTH-113,MVRL42687,AMG Windsor Pty Ltd,2,company;uninformative,1
2443,1-40TO3K1,MVRL61471,Amko Group Holdings Pty Ltd,2,company;uninformative,1
2444,1-327DM9N,MVRL55021,AMORE CARS PTY LTD,2,company;uninformative,1
2445,1-3LHRSYY,MVRL58295,AMORE MOTORE PTY LTD,2,company;uninformative,1
2446,1-42IQZX6,MVRL61555,AMR Canley Vale Pty Ltd,2,company;uninformative,1
2447,1-XSI-4443,MVRL20562,AMSE Pty Ltd,2,company;uninformative,1
2448,1-1LAG0AL,MVRL52254,Amtek Pty Limited,2,company;uninformative,1
2449,1-3R86AIT,MVRL59869,AMV Management Pty Ltd,2,company;uninformative,1
2450,1-3OUI8VA,MVRL59248,ANALOG MACHINE COMPANY PTY LTD,2,company;uninformative,1
2451,1-XSI-2626,MVRL16605,Andco (1970) Pty Ltd,2,company;uninformative,1
2452,1-1THAWK5,MVRL52721,Andlach Pty Ltd,2,company;uninformative,1
2453,1-5VY31K,MVRL47028,Andrea Motori Pty Ltd,2,company;uninformative,1
2454,1-XTB-90,MVRL32633,Annlyn Pty Ltd,2,company;uninformative,1
2455,1-XTB-2373,MVRL3790,Antella & Lloyd Pty Ltd,2,company;uninformative,1
2456,1-3US2M4U,MVRL60606,AOM SYDNEY PTY LTD,2,company;uninformative,1
2457,1-32NXQ11,MVRL55074,AP WAREHOUSE PTY LTD,2,company;uninformative,1
2458,1-36KQHYX,MVRL55634,APEX AUTOHAUS PTY LTD,2,company;uninformative,1
2459,1-4JCNJIY,MVRL64377,APO Coffs Harbour Pty Ltd,2,company;uninformative,1
2460,1-4IZTKV2,MVRL64269,APO Kempsey Pty Ltd,2,company;uninformative,1
2461,1-2W24PLG,MVRL54571,AR & AH Pty Ltd,2,company;uninformative,1
2462,1-3EZ39OD,MVRL56841,ARB Brookvale Pty Ltd,2,company;uninformative,1
2463,1-XSI-4634,MVRL20955,ARB Corporation Ltd,2,company;uninformative,1
2464,1-3F7R2D1,MVRL57003,ARB NARELLAN (SOUTH WEST SYDNEY) PTY LTD,2,company;uninformative,1
2465,1-1YPTGSR,MVRL53076,ARB Wagga Pty Ltd,2,company;uninformative,1
2466,1-Q0PQFF,MVRL49568,Arbabi Pty Ltd,2,company;uninformative,1
2467,1-VR7NQ4,MVRL50075,Arbee Trading Pty Ltd,2,company;uninformative,1
2468,1-XSI-4424,MVRL20526,Archbold Industries Pty Ltd,2,company;uninformative,1
2469,1-4H8TUU6,MVRL64013,Ariana Group Holdings Pty Ltd,2,company;uninformative,1
2470,1-4ILFP1U,MVRL64213,ARK FIBREGLASS PTY LTD,2,company;uninformative,1
2471,1-361JW49,MVRL55609,ARL AUSTRALIA PTY LTD,2,company;uninformative,1
2472,1-425ELCG,MVRL61530,ARRIVE MOTIVE PTY LTD,2,company;uninformative,1
2473,1-4DVERGE,MVRL63444,ARS ANYTIME CAR REMOVAL PTY LTD,2,company;uninformative,1
2474,1-3LKTSPS,MVRL58403,ART SKIN PTY LTD,2,company;uninformative,1
2475,1-32LE2CP,MVRL55093,ASG MELBOURNE PTY LTD,2,company;uninformative,1
2476,1-3LU1Y8D,MVRL58415,ASPARSS ENTERPRISES PTY LTD,2,company;uninformative,1
2477,1-3Z51REL,MVRL61124,Asset Vegetation Management Pty Ltd,2,company;uninformative,1
2478,1-XTB-2008,MVRL37280,ASSK Investments Pty Ltd,2,company;uninformative,1
2479,1-7RIGYL,MVRL47523,ATB Morton Pty Ltd,2,company;uninformative,1
2480,1-3OQ4WIC,MVRL59208,ATLAS AUTOBODY PTY LIMITED,2,company;uninformative,1
2481,1-41891W4,MVRL61406,ATLAS BARBER CO PTY LTD,2,company;uninformative,1
2482,1-3I7DYPB,MVRL57206,Atmo Joe Pty Ltd,2,company;uninformative,1
2483,1-XTH-104,MVRL42666,Attard Holdings (NSW) Pty Ltd,2,company;uninformative,1
2484,1-3IMHW84,MVRL57433,AUS-1 INTERNATIONAL PTY LTD,2,company;uninformative,1
2485,1-3N1A9NU,MVRL58813,Ausmech Pty Ltd,2,company;uninformative,1
2486,1-4YR0UX,MVRL46872,Austlift Pty Ltd,2,company;uninformative,1
2487,1-XVV1VY,MVRL50354,Australia Longwell Motor Pty Ltd,2,company;uninformative,1
2488,1-4ARBH82,MVRL62789,AUSTRALIAN ALLOY INDUSTRIES PTY LTD,2,company;uninformative,1
2489,1-4DCALCO,MVRL63178,Australian Eco Adventures Pty Limited,2,company;uninformative,1
2490,1-1I4PYNB,MVRL51937,Australian Motor Homes Pty Ltd,2,company;uninformative,1
2491,1-3O6LT3Q,MVRL59247,Australian Native Landscapes Pty Limited,2,company;uninformative,1
2492,1-4FN14X4,MVRL63630,AUSTRALIAN PLASTIC MOULDINGS PTY LTD,2,company;uninformative,1
2493,1-XAA715,MVRL50292,Autochange Pty Ltd,2,company;uninformative,1
2494,1-XTB-1450,MVRL36264,Autofrost Pty Ltd,2,company;uninformative,1
2495,1-3ISFYWY,MVRL57350,AUTOHAUS DRUMMOYNE PTY LIMITED,2,company;uninformative,1
2496,1-XTH-2742,MVRL7895,Autohaus Hamilton Pty Ltd,2,company;uninformative,1
2497,1-4ES7O1Q,MVRL63567,AUTOHAUS NEWCASTLE PTY LTD,2,company;uninformative,1
2498,1-4ED1J5I,MVRL63513,AUTOHOME AUSTRALIA PTY LTD,2,company;uninformative,1
2499,1-1IQNT9X,MVRL51954,Autohop Pty Ltd,2,company;uninformative,1
2500,1-593HGR,MVRL46804,Autojoy Pty Ltd,2,company;uninformative,1
2501,1-XTB-2806,MVRL38720,Autolab Australia New Zealand Pty Ltd,2,company;uninformative,1
2502,1-3YKW6EA,MVRL61024,Automediks Pty Ltd,2,company;uninformative,1
2503,1-2V7WCU5,MVRL54500,Automobility Pty Ltd,2,company;uninformative,1
2504,1-3BBC5CQ,MVRL56176,Automoda Pty Ltd,2,company;uninformative,1
2505,1-29K30T6,MVRL53511,Autonet Group Pty Ltd,2,company;uninformative,1
2506,1-1LEJCJ3,MVRL52299,Autosports Prestige Pty Ltd,2,company;uninformative,1
2507,1-33V3G7P,MVRL55300,Autotek New South Wales Pty Ltd,2,company;uninformative,1
2508,1-4E023M4,MVRL63414,AUTOWORKS GROUP PTY LTD,2,company;uninformative,1
2509,1-4DLKEZW,MVRL63339,Autozap Pty Ltd,2,company;uninformative,1
2510,1-413DA8K,MVRL61468,Averos Brothers Pty Limited,2,company;uninformative,1
2511,1-XT3-3691,MVRL29648,Aviana Pty Ltd,2,company;uninformative,1
2512,1-4CJDT6Q,MVRL63093,Awaliam Pty Ltd,2,company;uninformative,1
2513,1-3IHYOI0,MVRL57495,AWCON PTY LTD,2,company;uninformative,1
2514,1-4IOLFAW,MVRL64207,Ayanuk Pty Ltd,2,company;uninformative,1
2515,1-3UOTJZ4,MVRL60681,Aymtoto Pty Ltd,2,company;uninformative,1
2516,1-XT3-2478,MVRL27100,B & E Doherty Pty Ltd,2,company;uninformative,1
2517,1-4709KJU,MVRL62172,B & H STEEL PTY LTD,2,company;uninformative,1
2518,1-LFS7NT,MVRL49090,B & M Investments (NSW) Pty Ltd,2,company;uninformative,1
2519,1-3MOLGR9,MVRL58622,B & S Glen Pty Ltd,2,company;uninformative,1
2520,1-3LIHHJJ,MVRL58285,B & W Commercials Pty Ltd,2,company;uninformative,1
2521,1-3P08IPK,MVRL59293,B W Btown Pty Ltd,2,company;uninformative,1
2522,1-45UMAQM,MVRL62020,B&B SPITERI CO. PTY LTD,2,company;uninformative,1
2523,1-XTH-1142,MVRL44479,B.L & A.E Hambrook Pty Ltd,2,company;uninformative,1
2524,1-3HW84DM,MVRL57093,BABYSAFE CHILD RESTRAINTS PTY LTD,2,company;uninformative,1
2525,1-4GKLLVQ,MVRL63889,Backpackercars Sydney Pty Ltd,2,company;uninformative,1
2526,1-41L4SUA,MVRL61567,Badra Ajaj Enterprises Pty Ltd,2,company;uninformative,1
2527,1-4D95DE6,MVRL63209,BAMFORD INDUSTRIES PTY LTD,2,company;uninformative,1
2528,1-4CV3V8U,MVRL63167,BANDIT INDUSTRIES AUSTRALIA PTY LTD,2,company;uninformative,1
2529,1-4JQYPV2,MVRL64315,Banksmeadow Prestige Pty Ltd,2,company;uninformative,1
2530,1-49OORW4,MVRL62676,BAR10 PTY LTD,2,company;uninformative,1
2531,1-XTH-505,MVRL43323,Barlud Pty Ltd,2,company;uninformative,1
2532,1-XT3-430,MVRL22719,Baromu Pty Ltd,2,company;uninformative,1
2533,1-XTB-34,MVRL32506,Barpan Pty Ltd,2,company;uninformative,1
2534,1-3MWDOQ4,MVRL58690,BARS N LIGHTS PTY LTD,2,company;uninformative,1
2535,1-3U7C3G8,MVRL60497,Bars N Racks Australiasia Pty Ltd,2,company;uninformative,1
2536,1-3PCMUB3,MVRL59496,Bars N Racks Sydney Pty Ltd,2,company;uninformative,1
2537,1-4AKBYN2,MVRL62814,BARTLETT-WILSON COLOUR WORX PTY LTD.,2,company;uninformative,1
2538,1-3DOX80E,MVRL56571,Batmac Constructions Pty Ltd,2,company;uninformative,1
2539,1-3PS9IRO,MVRL59516,Bazzi Enterprises Pty Ltd,2,company;uninformative,1
2540,1-1OSQI3R,MVRL52416,BB's Hydraulics Pty Ltd,2,company;uninformative,1
2541,1-37QP585,MVRL55824,BCSC GROUP PTY LTD,2,company;uninformative,1
2542,1-2VVWL7P,MVRL54531,Beaches RVS Pty. Ltd.,2,company;uninformative,1
2543,1-1U8YVH3,MVRL52747,Bean Industries Pty Ltd,2,company;uninformative,1
2544,1-XT3-3616,MVRL29486,Bedcorp Pty Ltd,2,company;uninformative,1
2545,1-377HJHZ,MVRL55727,Bedwal Pty Ltd,2,company;uninformative,1
2546,1-XTB-4232,MVRL41091,Bell Bird Investment Group Pty Ltd,2,company;uninformative,1
2547,1-3OZHMDA,MVRL59549,BELLBIRD CONNECTION PTY LTD,2,company;uninformative,1
2548,1-3JF56R,MVRL46219,Bengelo Investments Pty Ltd,2,company;uninformative,1
2549,1-XTH-1071,MVRL44350,Benjerbec Pty Limited,2,company;uninformative,1
2550,1-4ESRMD6,MVRL63503,BEROWRA TP PTY LTD,2,company;uninformative,1
2551,1-106EZOF,MVRL50793,Berry Howe Industries Pty Ltd,2,company;uninformative,1
2552,1-4BACIE0,MVRL62998,BGS Hydraulics Pty Ltd,2,company;uninformative,1
2553,1-4BEGU04,MVRL62942,BHHVR PTY LTD,2,company;uninformative,1
2554,1-XSI-4173,MVRL19963,Bibeki Pty Ltd,2,company;uninformative,1
2555,1-3LWFMLA,MVRL58435,Big Apple Imports Pty Ltd,2,company;uninformative,1
2556,1-4G7K64W,MVRL63782,BIMMERWERKS PTY LTD,2,company;uninformative,1
2557,1-2APV4DT,MVRL53638,BITR Enterprises Pty Limited,2,company;uninformative,1
2558,1-XT3-1970,MVRL26060,BJ & CR McAlister Pty Ltd,2,company;uninformative,1
2559,1-3RPR3UT,MVRL59945,BJ Industries Pty Ltd,2,company;uninformative,1
2560,1-3VA77OS,MVRL60527,BJK Management Pty Ltd,2,company;uninformative,1
2561,1-42CINGE,MVRL61593,BJL Trading Pty Ltd,2,company;uninformative,1
2562,1-4G8ZMM2,MVRL63846,BKTL GROUP PTY LTD,2,company;uninformative,1
2563,1-46HLTUC,MVRL62061,Blackies Power Equipment Pty Ltd,2,company;uninformative,1
2564,1-30MYNES,MVRL54916,Blackweld Industries Pty Ltd,2,company;uninformative,1
2565,1-4DK43Y6,MVRL63287,BLAKE'S TORQUE & TINKER PTY LTD,2,company;uninformative,1
2566,1-UFLIJV,MVRL49950,Blue Demon Enterprises Pty Ltd,2,company;uninformative,1
2567,1-3GOAVMO,MVRL57054,Blue Tongue RVS Pty Ltd,2,company;uninformative,1
2568,1-49VYQOG,MVRL63173,BLUE TORO GROUP PTY LTD,2,company;uninformative,1
2569,1-3N77LE4,MVRL58806,BLUESMAN PTY LTD,2,company;uninformative,1
2570,1-45DF1YC,MVRL61959,Blumech Pty Ltd,2,company;uninformative,1
2571,1-3L1S3DA,MVRL58145,BMC DEVELOPMENT COMPANY PTY LTD,2,company;uninformative,1
2572,1-3RP5AD6,MVRL60044,BMC PARTNERSHIP PTY LIMITED,2,company;uninformative,1
2573,1-XTB-3250,MVRL39340,BMWise (Sydney) Pty Ltd,2,company;uninformative,1
2574,1-FMB722,MVRL48390,Bob Jane Corporation Pty Ltd,2,company;uninformative,1
2575,1-2V76YR7,MVRL54516,Bob Powertech Pty Ltd,2,company;uninformative,1
2576,1-3UB1I8I,MVRL60579,Boex Pty Ltd,2,company;uninformative,1
2577,1-3ZF5LTG,MVRL61204,BOOLAROO OOT4WD PTY LTD,2,company;uninformative,1
2578,1-3AVDE6O,MVRL56195,Border Cabs Pty Ltd,2,company;uninformative,1
2579,1-3HJ7ZAO,MVRL57040,BORDERBM ALBURY PTY LTD,2,company;uninformative,1
2580,1-4D5U0P2,MVRL63122,BOURNELEC INVESTMENTS PTY LTD,2,company;uninformative,1
2581,1-4DI91A4,MVRL63323,BOVAN PTY LTD,2,company;uninformative,1
2582,1-3T0YZJ4,MVRL60378,Bower Hogan Group Pty Ltd,2,company;uninformative,1
2583,1-3N0VOGM,MVRL58762,BOZ CORP NSW PTY LTD,2,company;uninformative,1
2584,1-36CR10,MVRL45717,BPM Enterprises Pty Ltd,2,company;uninformative,1
2585,1-XTH-3242,MVRL9141,BPW Transpec Pty Ltd,2,company;uninformative,1
2586,1-2ZB8X19,MVRL54828,BR THOMPSON INVESTMENTS PTY LTD,2,company;uninformative,1
2587,1-3N1TUWQ,MVRL58766,BRADMECH PTY LIMITED,2,company;uninformative,1
2588,1-3F5HX6V,MVRL56826,Bradschell Pty Ltd,2,company;uninformative,1
2589,1-XTB-3701,MVRL40121,Bradshell Investments Pty Ltd,2,company;uninformative,1
2590,1-1OPZ2XJ,MVRL52408,BrambleWood Industries Pty Ltd,2,company;uninformative,1
2591,1-3X7L9LK,MVRL60850,Brian & Clive Jones Pty Ltd,2,company;uninformative,1
2592,1-2Y7Y9WU,MVRL54751,Brisuda Pty Ltd,2,company;uninformative,1
2593,1-3681TU,MVRL45688,Broken Hill Motor Co Pty Ltd,2,company;uninformative,1
2594,1-1642ONP,MVRL51107,Bronco Built Pty Ltd,2,company;uninformative,1
2595,1-RHTNSE,MVRL49716,Brookedale Contractors Pty Ltd,2,company;uninformative,1
2596,1-PBOHVX,MVRL49497,Brookvale Property Group Pty Ltd,2,company;uninformative,1
2597,1-3LO68BG,MVRL58386,BROOKVALE TP PTY LTD,2,company;uninformative,1
2598,1-XTB-2683,MVRL38510,Brymel Pty Ltd,2,company;uninformative,1
2599,1-439EL3N,MVRL61666,BST Total Pty Ltd,2,company;uninformative,1
2600,1-3ODWS3G,MVRL59083,BUKAWUY PTY LTD,2,company;uninformative,1
2601,1-3IIKVLI,MVRL57221,Busfurb Pty Ltd,2,company;uninformative,1
2602,1-3PVSL92,MVRL59568,BUSWAYS NORTH WEST PTY LTD,2,company;uninformative,1
2603,1-43MWXXW,MVRL61765,BUSWAYS OMR6 PTY LTD,2,company;uninformative,1
2604,1-40X1CIQ,MVRL61404,Busways R1 Pty Ltd,2,company;uninformative,1
2605,1-4BA5RE8,MVRL62908,BYFORD EQUIPMENT PTY. LTD.,2,company;uninformative,1
2606,1-61GQWY,MVRL47117,C & N Xenos Pty Ltd,2,company;uninformative,1
2607,1-XU2-2106,MVRL23536,C and O Chambers Pty Ltd,2,company;uninformative,1
2608,1-IYYK0H,MVRL48648,C J Lackey Pty Ltd,2,company;uninformative,1
2609,1-4GDYMG4,MVRL63859,C P Norbury Pty Ltd,2,company;uninformative,1
2610,1-3YFDMKC,MVRL60989,C&L WORX PTY LTD,2,company;uninformative,1
2611,1-STRAMU,MVRL49789,CA (NSW) Pty Ltd,2,company;uninformative,1
2612,1-XTB-4797,MVRL42173,Cadia Holdings Pty Limited,2,company;uninformative,1
2613,1-3VEL1IG,MVRL60634,Calmech Pty Ltd,2,company;uninformative,1
2614,1-4PN4NR,MVRL46559,Camdan Enterprises Pty Ltd,2,company;uninformative,1
2615,1-31XUURP,MVRL55004,CAMPBELLTOWN AUTOBODY PTY LTD,2,company;uninformative,1
2616,1-XTB-1384,MVRL36134,Cane Pty Ltd,2,company;uninformative,1
2617,1-3BHQAP8,MVRL56243,CANERO INDUSTRIES GROUP PTY LTD,2,company;uninformative,1
2618,1-3O010MY,MVRL59127,Cantas Group Pty Ltd,2,company;uninformative,1
2619,1-XTH-828,MVRL43892,Capital Construction Equipment Pty Ltd,2,company;uninformative,1
2620,1-35JXXK1,MVRL55569,CAPPA INDUSTRIES PTY LTD,2,company;uninformative,1
2621,1-430TYTA,MVRL61693,CAR GENIUS PTY LTD,2,company;uninformative,1
2622,1-1LC981T,MVRL52481,Car Health Pty Ltd,2,company;uninformative,1
2623,1-4DWHLJ8,MVRL63341,Car2Day Pty Ltd,2,company;uninformative,1
2624,1-3W61PRS,MVRL60675,Cara B Care Pty Ltd,2,company;uninformative,1
2625,1-XTB-3012,MVRL38905,Carline Gladesville Pty Ltd,2,company;uninformative,1
2626,1-4H1JD5A,MVRL64023,CARNAVALESCA PTY LTD,2,company;uninformative,1
2627,1-XN3C1I,MVRL50324,Carroll Corporate Pty Ltd,2,company;uninformative,1
2628,1-XTB-2273,MVRL37732,Carrolls Springs Pty Ltd,2,company;uninformative,1
2629,1-49IEVLC,MVRL62561,Carroom Pty Ltd,2,company;uninformative,1
2630,1-XTQ-2677,MVRL37020,Cars To Cabs Pty Ltd,2,company;uninformative,1
2631,1-XSI-4840,MVRL21420,Carwook Pty Ltd,2,company;uninformative,1
2632,1-3N3CNLT,MVRL58788,Carworx Pty Ltd,2,company;uninformative,1
2633,1-3OK9EDG,MVRL59186,Castlyn Pty Limited,2,company;uninformative,1
2634,1-473AYVU,MVRL62253,CATRIO PTY LTD,2,company;uninformative,1
2635,1-5F822R,MVRL46905,CCMAC Pty Ltd,2,company;uninformative,1
2636,1-XTB-686,MVRL34820,CCMG Pty Ltd,2,company;uninformative,1
2637,1-1A5CR94,MVRL51649,CDC NSW Blue Mountains Pty Ltd,2,company;uninformative,1
2638,1-LKMOCB,MVRL49093,CDC NSW Hunter Valley Pty Ltd,2,company;uninformative,1
2639,1-3ZAJ06Y,MVRL61073,CDC NSW Region 14 Pty Ltd,2,company;uninformative,1
2640,1-3Y4BIL7,MVRL61030,CDC NSW Region 4 Pty Ltd,2,company;uninformative,1
2641,1-XTH-1531,MVRL5175,CEC Swords Pty Ltd,2,company;uninformative,1
2642,1-41ZNPNI,MVRL61517,CEEPORT GROUP PTY LTD,2,company;uninformative,1
2643,1-3QBG75N,MVRL59695,Cejab Pty Ltd,2,company;uninformative,1
2644,1-3SXMF6Z,MVRL60166,Celmatt Pty Ltd,2,company;uninformative,1
2645,1-3LM55P8,MVRL58308,CENTRAL AUTOHAUS NSW PTY LIMITED,2,company;uninformative,1
2646,1-3PAJYSA,MVRL59477,CENTRAL COAST AUTOMATICS PTY LTD,2,company;uninformative,1
2647,1-47FDRTY,MVRL62278,Central Computers & CCTV Pty Ltd,2,company;uninformative,1
2648,1-XTB-3455,MVRL39714,Centrefire Pty Ltd,2,company;uninformative,1
2649,1-4RMGF7,MVRL46585,Ces Motor Trimming & Industrial Sewing Pty Ltd,2,company;uninformative,1
2650,1-20RUUHV,MVRL53249,Chaben Pty Ltd,2,company;uninformative,1
2651,1-3EH32II,MVRL56739,CHANGE PTY LTD,2,company;uninformative,1
2652,1-44QPOGU,MVRL61802,Charlie and Sons Enterprise Pty Ltd,2,company;uninformative,1
2653,1-3K8198U,MVRL57822,CHATRATH TRADING PTY LTD,2,company;uninformative,1
2654,1-XTB-3179,MVRL39218,Chatssco Pty Ltd,2,company;uninformative,1
2655,1-3SKN0NM,MVRL60198,CHATSWOOD PRESTIGE PTY LTD,2,company;uninformative,1
2656,1-3SD5YKQ,MVRL60103,CHAUDHARI BROTHERS PTY LTD,2,company;uninformative,1
2657,1-4G68ZPU,MVRL63821,CHEEKS BETWEEN SHEETS PTY LTD,2,company;uninformative,1
2658,1-3NCAO6G,MVRL58950,CHEF INDUSTRIES PTY LTD,2,company;uninformative,1
2659,1-XTB-4791,MVRL42162,Chopper (Cowra) Pty Ltd,2,company;uninformative,1
2660,1-3VO9HZF,MVRL60637,Chris M Jones Pty Ltd,2,company;uninformative,1
2661,1-3TKL7EU,MVRL60393,Chris O'Brien Enterprises Pty Ltd,2,company;uninformative,1
2662,1-XTB-1043,MVRL35555,Chris Spanner Works Pty Ltd,2,company;uninformative,1
2663,1-3PSSFWB,MVRL59509,City Autoglass Pty Ltd,2,company;uninformative,1
2664,1-4BE5EF6,MVRL62970,CIVILCAST PTY LTD,2,company;uninformative,1
2665,1-3VORVBW,MVRL60695,CJW Global Pty Ltd,2,company;uninformative,1
2666,1-3TMGGRD,MVRL60280,CKP Woodman Pty Ltd,2,company;uninformative,1
2667,1-3PAPJ0M,MVRL59578,CLARENCE CONNECTIONS PTY LTD,2,company;uninformative,1
2668,1-XTH-592,MVRL43466,Clarke Holdings Australia Pty Ltd,2,company;uninformative,1
2669,1-1W0RVD7,MVRL52903,Clarke Holdings Pty Ltd,2,company;uninformative,1
2670,1-20BFUS1,MVRL53026,Cleanairflow Solutions Pty Ltd,2,company;uninformative,1
2671,1-12WXPL2,MVRL50758,Cleen Lines Pty Ltd,2,company;uninformative,1
2672,1-3QB339O,MVRL59728,CLIPPED ASSIST PTY LTD,2,company;uninformative,1
2673,1-XTB-3531,MVRL39861,Club Assist Pty Ltd,2,company;uninformative,1
2674,1-34TQ6Y0,MVRL55362,CM & SM Fraser Pty Ltd,2,company;uninformative,1
2675,1-3AUNBZ8,MVRL56227,CMCMC1 PTY LIMITED,2,company;uninformative,1
2676,1-39NU9EV,MVRL56017,CMF WILLIAMS PTY LTD,2,company;uninformative,1
2677,1-GQKUWF,MVRL48536,CMRC Holdings Pty Ltd,2,company;uninformative,1
2678,1-3QFDHO6,MVRL59716,CMS ENDEAVOURS PTY LTD,2,company;uninformative,1
2679,1-3N2VFHS,MVRL58772,CNR BLOCK PTY LTD,2,company;uninformative,1
2680,1-48D5I38,MVRL62525,COAST & COUNTRY EXCAVATIONS PTY LTD,2,company;uninformative,1
2681,1-2FQSP2,MVRL45087,Coastwide Cars Pty Ltd,2,company;uninformative,1
2682,1-3LMMX26,MVRL58361,COFFS COAST HYDRAULICS PTY LTD,2,company;uninformative,1
2683,1-3PXDGPP,MVRL59591,Coffs Harbour OOT4WD Pty Limited,2,company;uninformative,1
2684,1-XTB-766,MVRL35009,Col Crawford Pty Ltd,2,company;uninformative,1
2685,1-X448DQ,MVRL50235,Collide A Scope Pty Ltd,2,company;uninformative,1
2686,1-XT3-2796,MVRL27858,Collier & Miller Pty Ltd,2,company;uninformative,1
2687,1-XTB-1214,MVRL35838,Colony Pty Ltd,2,company;uninformative,1
2688,1-1JIJ6Z9,MVRL52076,Colvol Pty. Ltd.,2,company;uninformative,1
2689,1-XTB-4535,MVRL41672,Comikado Pty Ltd,2,company;uninformative,1
2690,1-XTB-3345,MVRL39493,Complete Compliance Pty Ltd,2,company;uninformative,1
2691,1-43SWWTQ,MVRL61730,COMRIE CO PTY LTD,2,company;uninformative,1
2692,1-3717OHZ,MVRL55826,CONFIDENT AUSTRALIA PTY LTD,2,company;uninformative,1
2693,1-3A964JX,MVRL56321,CONQUARIE PTY LTD,2,company;uninformative,1
2694,1-266KB4Z,MVRL53356,Consulco 1418 Pty. Ltd.,2,company;uninformative,1
2695,1-XT3-4085,MVRL30460,Cooma Steel Co Pty Ltd,2,company;uninformative,1
2696,1-3PSXJ6A,MVRL59546,COPEBUILT PTY LTD,2,company;uninformative,1
2697,1-3WOHZM1,MVRL60802,Corang Pty Ltd,2,company;uninformative,1
2698,1-2M6K07U,MVRL54213,Corbin Pty Ltd,2,company;uninformative,1
2699,1-XTH-1052,MVRL44309,Cormat Industries Pty Ltd,2,company;uninformative,1
2700,1-3JW440W,MVRL57850,CORSA VELOCE PTY LTD,2,company;uninformative,1
2701,1-3YQP4SO,MVRL61065,Costi Corporation Pty Ltd,2,company;uninformative,1
2702,1-21B2QLQ,MVRL53216,Coulton and Sons Pty Ltd,2,company;uninformative,1
2703,1-XTB-4912,MVRL42375,Country Motor Company Pty Ltd,2,company;uninformative,1
2704,1-10L41T2,MVRL50620,CRJ Maintenance Pty Ltd,2,company;uninformative,1
2705,1-463AKLA,MVRL62037,CRONIN BROTHERS PTY LTD,2,company;uninformative,1
2706,1-3H0U3MU,MVRL57135,CRONULLA POWERSPORTS PTY LTD,2,company;uninformative,1
2707,1-4DFFFK2,MVRL63240,CROSSKILL INVESTMENTS PTY LTD,2,company;uninformative,1
2708,1-3VXMOZP,MVRL60610,CROSSPATHS GROUP PTY LTD,2,company;uninformative,1
2709,1-36ZM42H,MVRL55725,CROTHERS & HARTMANN PTY LTD,2,company;uninformative,1
2710,1-3IUEEHI,MVRL57336,CRUSADER NEWCASTLE PTY LTD,2,company;uninformative,1
2711,1-4ARPXO6,MVRL62805,CTFE PTY LTD,2,company;uninformative,1
2712,1-XSI-2505,MVRL16357,Cummins South Pacific Pty Ltd,2,company;uninformative,1
2713,1-1EKT0B4,MVRL51651,Curran Contracting Pty Ltd,2,company;uninformative,1
2714,1-3EYATEO,MVRL56744,CW Thompson Pty Ltd,2,company;uninformative,1
2715,1-1BCZSQA,MVRL51525,CWME Pty Ltd,2,company;uninformative,1
2716,1-XT3-1432,MVRL24958,D & F Palmer Pty Ltd,2,company;uninformative,1
2717,1-47LS3F6,MVRL62376,D & L WALTERS MANAGEMENT PTY LTD,2,company;uninformative,1
2718,1-XTH-1869,MVRL5868,D & R Differentials Pty Ltd,2,company;uninformative,1
2719,1-4BEEBT6,MVRL62939,D and J Carlon Investments Pty Ltd,2,company;uninformative,1
2720,1-42GAC1Y,MVRL61547,D and R Atterton Enterprise Pty Ltd,2,company;uninformative,1
2721,1-XTH-2158,MVRL6535,D E Lieschke & Son Pty Ltd,2,company;uninformative,1
2722,1-U4QIXP,MVRL49904,D K Fitzpatrick Pty Ltd,2,company;uninformative,1
2723,1-35PABWR,MVRL55515,D Maintenance Pty Ltd,2,company;uninformative,1
2724,1-7BM488,MVRL47376,D Moto Pty Ltd,2,company;uninformative,1
2725,1-3JGI95Y,MVRL57487,D&A TRADING PTY LTD,2,company;uninformative,1
2726,1-4E0S99A,MVRL63393,D&MWEBB PTY LTD,2,company;uninformative,1
2727,1-XTB-4541,MVRL41681,D-Lightful Illuminations Pty Ltd,2,company;uninformative,1
2728,1-3898WM7,MVRL55892,D.E.A GROUP PTY LTD,2,company;uninformative,1
2729,1-41M5UH0,MVRL61519,D.R. MOON & SON PTY. LIMITED,2,company;uninformative,1
2730,1-3RXOO4Y,MVRL60008,D3 Blue Pty Ltd,2,company;uninformative,1
2731,1-43AN4CS,MVRL61608,DAB 2170 PTY LTD,2,company;uninformative,1
2732,1-3TYZIH8,MVRL60465,Dack's Car & Head Centre Pty Ltd,2,company;uninformative,1
2733,1-27WD943,MVRL53448,Dacorsa Moto Pty Ltd,2,company;uninformative,1
2734,1-46BV06Q,MVRL62129,DAH CHEONG PTY LTD,2,company;uninformative,1
2735,1-XTB-2222,MVRL37645,Dahdah United Pty Ltd,2,company;uninformative,1
2736,1-XT3-4456,MVRL31238,Dahtone Corporation Pty Ltd,2,company;uninformative,1
2737,1-4K0Q66I,MVRL64361,Dakota Solutions Pty Ltd,2,company;uninformative,1
2738,1-XTH-2026,MVRL6269,Dal-Trans Pty Ltd,2,company;uninformative,1
2739,1-3SLEMJM,MVRL60223,Dalbrooke Pty Ltd,2,company;uninformative,1
2740,1-X37WNQ,MVRL50273,Damo Pty Ltd,2,company;uninformative,1
2741,1-4DMTA4C,MVRL63296,DAMO'S SPEED SHOP PTY LTD,2,company;uninformative,1
2742,1-3NVBPDF,MVRL59032,Dananddanna Pty Ltd,2,company;uninformative,1
2743,1-14VB5L5,MVRL51017,Dandan & Co Pty Ltd,2,company;uninformative,1
2744,1-40FX5I4,MVRL61677,Dandkob Pty Ltd,2,company;uninformative,1
2745,1-PTPT6G,MVRL49543,Dangar Pty Ltd,2,company;uninformative,1
2746,1-XTH-918,MVRL44038,Daniel John Galea Pty Ltd,2,company;uninformative,1
2747,1-3WJ9BW5,MVRL60725,Daniel Worth Contracting Pty Ltd,2,company;uninformative,1
2748,1-XTH-2717,MVRL7829,Danny Jones Pty Ltd,2,company;uninformative,1
2749,1-XTH-1067,MVRL44335,Danzcorp Pty Ltd,2,company;uninformative,1
2750,1-2JCXGD0,MVRL53953,Daris Power Pty Ltd,2,company;uninformative,1
2751,1-13O9JG8,MVRL50883,Darook Global Strategies Pty Ltd,2,company;uninformative,1
2752,1-3TFLXFS,MVRL60240,Dave Carter Pty Ltd,2,company;uninformative,1
2753,1-XT3-2231,MVRL26560,Davey & Olsen Pty Ltd,2,company;uninformative,1
2754,1-XTB-4007,MVRL40705,Davids Bodycraft Pty  Ltd,2,company;uninformative,1
2755,1-4DV5R4H,MVRL63340,Davis Link Pty Ltd,2,company;uninformative,1
2756,1-342GUYF,MVRL55368,DAVJO (NSW) PTY LTD,2,company;uninformative,1
2757,1-3MV2IL0,MVRL58746,Davpro Group Pty Ltd,2,company;uninformative,1
2758,1-2GO0U0N,MVRL53830,Dayencorp Pty Ltd,2,company;uninformative,1
2759,1-XTH-878,MVRL43962,DB & NKR Arandt Pty Ltd,2,company;uninformative,1
2760,1-4HSIT9Y,MVRL64143,DDR (NSW) PTY LTD,2,company;uninformative,1
2761,1-XTB-3381,MVRL39562,Decobrade Pty Ltd,2,company;uninformative,1
2762,1-4EVH9DG,MVRL63695,DELTA POWER & ENERGY (VALESPOINT) PTY LTD,2,company;uninformative,1
2763,1-3834Z8D,MVRL55856,Detabrown Pty Ltd,2,company;uninformative,1
2764,1-3I49YEC,MVRL57096,Detugi Pty Limited,2,company;uninformative,1
2765,1-3W3DHNS,MVRL60661,DF AUTOWORKS PTY LTD,2,company;uninformative,1
2766,1-39IJGVV,MVRL55979,DH & SC Pty Ltd,2,company;uninformative,1
2767,1-3RWEDOG,MVRL60074,Dhillon Al Hirz Pty Ltd,2,company;uninformative,1
2768,1-3SEBGM0,MVRL60213,Dhuson Pty Ltd,2,company;uninformative,1
2769,1-3DGB8E3,MVRL56654,Difran & Co Pty Ltd,2,company;uninformative,1
2770,1-1Y1FEWR,MVRL52957,Dinesh Corporation Pty Ltd,2,company;uninformative,1
2771,1-XT3-4475,MVRL31289,Ding-Goes Australia Pty Ltd,2,company;uninformative,1
2772,1-XSI-3104,MVRL177,Dinsdale Pty Ltd,2,company;uninformative,1
2773,1-4D4TCGG,MVRL63125,DJ and EJ O'Cass Pty Ltd,2,company;uninformative,1
2774,1-40FFIQQ,MVRL61482,DKM Ventures Pty Ltd,2,company;uninformative,1
2775,1-4FVB6X4,MVRL63744,DL CAPPLE & NJ CUMMINS PTY LTD,2,company;uninformative,1
2776,1-3MMI4M8,MVRL58546,DMP VENTURE PTY LTD,2,company;uninformative,1
2777,1-XT3-525,MVRL22931,Doctor Mak Pty Ltd,2,company;uninformative,1
2778,1-4FH17GO,MVRL63736,DODGSON GROUP PTY LTD,2,company;uninformative,1
2779,1-3M015H,MVRL46119,Dong In International Pty Ltd,2,company;uninformative,1
2780,1-2LWC8LT,MVRL54192,Donisand Pty Ltd,2,company;uninformative,1
2781,1-474DRKE,MVRL62159,DOREY FAMILY PTY. LTD.,2,company;uninformative,1
2782,1-N66QIF,MVRL49205,Double R Pty Ltd,2,company;uninformative,1
2783,1-2H9DP5,MVRL45114,Dr.Car Pty Ltd,2,company;uninformative,1
2784,1-23MFVA7,MVRL53220,Dratta Industries Pty Ltd,2,company;uninformative,1
2785,1-XT3-1381,MVRL24823,Draycat Pty Ltd,2,company;uninformative,1
2786,1-1RV5N5C,MVRL52604,DRC Group Pty Ltd,2,company;uninformative,1
2787,1-27WJ6DP,MVRL53501,Dream In Driveways Pty Ltd,2,company;uninformative,1
2788,1-41DPV8C,MVRL61449,Drew Grace Pty Ltd,2,company;uninformative,1
2789,1-1MH0LV9,MVRL52274,Drifta Camping Kitchens Pty Ltd,2,company;uninformative,1
2790,1-35TJZMV,MVRL55581,DRIVE AUTOBODY PTY LTD,2,company;uninformative,1
2791,1-3M5YRBC,MVRL58556,DRIVEN HOLDINGS PTY LIMITED,2,company;uninformative,1
2792,1-3QDWB5Y,MVRL59771,DS WILKS PACIFIC PTY LTD,2,company;uninformative,1
2793,1-4TATHG,MVRL46612,DTM Tamworth Pty Ltd,2,company;uninformative,1
2794,1-XTB-4249,MVRL41119,Duc Nguyen Pty Ltd,2,company;uninformative,1
2795,1-3K1GM5W,MVRL57745,DUCATI ANZ PTY LTD,2,company;uninformative,1
2796,1-4EWLUEY,MVRL63616,DUG DUG & CO PTY LTD,2,company;uninformative,1
2797,1-XSI-2672,MVRL16696,Duntika Pty Ltd,2,company;uninformative,1
2798,1-3Z9S6P8,MVRL61172,DUVALL & CO PTY LTD,2,company;uninformative,1
2799,1-4D06MTU,MVRL63230,DVN ATLANTIC PTY LTD,2,company;uninformative,1
2800,1-3425X3J,MVRL55257,Dynit Pty Ltd,2,company;uninformative,1
2801,1-3V9QF8M,MVRL60517,E & A Abdo Pty Ltd,2,company;uninformative,1
2802,1-40NJO2C,MVRL61301,E & A BEVAN PTY LTD,2,company;uninformative,1
2803,1-4DSQ81W,MVRL63327,E & Z Greening Pty Ltd,2,company;uninformative,1
2804,1-3PIU7AQ,MVRL59747,E. B. Mawson & Sons Pty Ltd,2,company;uninformative,1
2805,1-3BBFTMO,MVRL56282,Earthcruiser Pty Ltd,2,company;uninformative,1
2806,1-3MT8Z6G,MVRL58694,EASTS AUTOGLASS PTY LTD,2,company;uninformative,1
2807,1-18X47K3,MVRL51341,Eastwest UK Pty Limited,2,company;uninformative,1
2808,1-33DY0DD,MVRL55208,EAVLY PTY LTD,2,company;uninformative,1
2809,1-3ODOSVQ,MVRL59062,EBMX PTY LTD,2,company;uninformative,1
2810,1-3KIESE2,MVRL58177,Eco Blasting & Coating Pty Ltd,2,company;uninformative,1
2811,1-47CXPHG,MVRL62319,ECOSPARK ENERGY PTY LTD,2,company;uninformative,1
2812,1-3PL72PB,MVRL59479,"ED""S ONE STOP SHOP PTY LTD",2,company;uninformative,1
2813,1-3OAO5FI,MVRL59537,EDRON INDUSTRIES PTY LTD,2,company;uninformative,1
2814,1-XT3-2575,MVRL27310,Edseden Pty Ltd,2,company;uninformative,1
2815,1-3602VAR,MVRL55523,EFFORTLESS PTY LTD,2,company;uninformative,1
2816,1-XSI-832,MVRL123,EJ & WA Booth Pty Ltd,2,company;uninformative,1
2817,1-464EBVY,MVRL62119,EL TORO SRC PTY LTD,2,company;uninformative,1
2818,1-XTB-976,MVRL35441,Elchaars Pty Ltd,2,company;uninformative,1
2819,1-2WH33DT,MVRL54684,Eldridge Investments Pty Ltd,2,company;uninformative,1
2820,1-33C5GM8,MVRL55269,Eleanor & K Pty Ltd,2,company;uninformative,1
2821,1-14XZH9H,MVRL51006,Elite Autohaus Pty Ltd,2,company;uninformative,1
2822,1-3AS9CKI,MVRL56193,ELITE BIZ PTY LTD,2,company;uninformative,1
2823,1-XTH-2933,MVRL8305,Elite Enterprises Australia Pty Ltd,2,company;uninformative,1
2824,1-417HIJS,MVRL61397,ELLIOTT INDUSTRIES PTY. LTD.,2,company;uninformative,1
2825,1-32D7KQZ,MVRL55042,EMD Group Pty Ltd,2,company;uninformative,1
2826,1-47G9JXM,MVRL62307,EMD Motor Sport Pty Ltd,2,company;uninformative,1
2827,1-94W3YH,MVRL47694,Emdiem Pty Ltd,2,company;uninformative,1
2828,1-2582DTY,MVRL53332,Emerald Notion Pty Ltd,2,company;uninformative,1
2829,1-3P2G4PO,MVRL59575,EMM KAY PTY LTD,2,company;uninformative,1
2830,1-2FHCD05,MVRL53931,Endeavour Quality Cars Pty Ltd,2,company;uninformative,1
2831,1-3AD9I83,MVRL56118,Eneme Pty Ltd,2,company;uninformative,1
2832,1-3KN0HGK,MVRL58103,ENGINE CARBON & DPF SOLUTIONS AUSTRALIA PTY LTD,2,company;uninformative,1
2833,1-439FQ0T,MVRL61675,Engine First Pty Ltd,2,company;uninformative,1
2834,1-4FZAHV2,MVRL63815,EPHRAIM SYDNEY PTY. LTD.,2,company;uninformative,1
2835,1-3NVA909,MVRL59031,Epik Tipperz Pty Ltd,2,company;uninformative,1
2836,1-XT3-2877,MVRL28008,Eric Box Pty Ltd,2,company;uninformative,1
2837,1-38SVIHI,MVRL56026,Erinton Investments Pty Limited,2,company;uninformative,1
2838,1-48EBC1E,MVRL62437,ERV NSW PTY LTD,2,company;uninformative,1
2839,1-3WN5NLM,MVRL60842,Esbend Pty Ltd,2,company;uninformative,1
2840,1-XT3-4498,MVRL31349,Espiron Pty Ltd,2,company;uninformative,1
2841,1-3I7PERJ,MVRL57408,Etuners Group Pty Ltd,2,company;uninformative,1
2842,1-XTH-1297,MVRL4698,Eurell's Pty Ltd,2,company;uninformative,1
2843,1-3TQ6IHA,MVRL60365,Euro Village Pty Ltd,2,company;uninformative,1
2844,1-40JEHA0,MVRL61335,EUROCOLD (NSW) PTY LTD,2,company;uninformative,1
2845,1-4EDYMRA,MVRL63515,EUROHAUS PRESTIGE SOUTH SYDNEY PTY LTD,2,company;uninformative,1
2846,1-3507RXJ,MVRL55401,EUROPEAN AUTOSPORTS PTY LTD,2,company;uninformative,1
2847,1-3L3LO0C,MVRL58157,EUROPEAN AUTOWERKS PTY LTD,2,company;uninformative,1
2848,1-392KMOV,MVRL55925,European Car Centre Pty Ltd,2,company;uninformative,1
2849,1-XTB-3139,MVRL39153,European Specialists Pty Ltd,2,company;uninformative,1
2850,1-12HLW44,MVRL50750,Event Vehicles Australia Pty Ltd,2,company;uninformative,1
2851,1-XSI-3030,MVRL17530,Explorer Pty Ltd,2,company;uninformative,1
2852,1-474M1OW,MVRL62164,EXPRESS VEHICLE COMPLIANCE PTY LTD,2,company;uninformative,1
2853,1-443VS4B,MVRL61721,Express Waste Pty. Limited,2,company;uninformative,1
2854,1-ELNKE1,MVRL48261,Extra Mile Pty Ltd,2,company;uninformative,1
2855,1-49D7RTK,MVRL62550,EXTREME OFFGRID ACCESSORIES PTY LTD,2,company;uninformative,1
2856,1-XTH-2412,MVRL7096,Ezeko Pty Ltd,2,company;uninformative,1
2857,1-XTB-4072,MVRL40828,F & R Smyth (Holdings) Pty Ltd,2,company;uninformative,1
2858,1-4JJ0FG6,MVRL64371,F & S UNTERWEGER PTY LTD,2,company;uninformative,1
2859,1-3JI69PY,MVRL57904,FABMECK PTY LTD,2,company;uninformative,1
2860,1-3C0TEDY,MVRL56358,Family Lahood Pty Ltd,2,company;uninformative,1
2861,1-41I5SXK,MVRL61405,FAPM PTY LTD,2,company;uninformative,1
2862,1-3UFN2D,MVRL46224,Farchione Pty Ltd,2,company;uninformative,1
2863,1-3HS306I,MVRL57161,Farronato Bros Pty Ltd,2,company;uninformative,1
2864,1-39M8E8P,MVRL56022,FARRUGIA GLOBAL ENTERPRISES PTY LTD,2,company;uninformative,1
2865,1-3NG30WM,MVRL58903,FASTEASY PTY LTD,2,company;uninformative,1
2866,1-47IFE2E,MVRL62395,FC4L PTY LTD,2,company;uninformative,1
2867,1-3O63YX6,MVRL59438,FDS PTY LTD,2,company;uninformative,1
2868,1-3LRW1BY,MVRL58905,FEATON LOCKSMITHS PTY LTD,2,company;uninformative,1
2869,1-16JWCMJ,MVRL51197,Fenoru Pty Ltd,2,company;uninformative,1
2870,1-3SMU5TC,MVRL60249,FES Enterprises Pty Ltd,2,company;uninformative,1
2871,1-XTB-1708,MVRL36742,Final Stage Enhancements Pty Ltd,2,company;uninformative,1
2872,1-1G5LMC8,MVRL51783,Finneran Holdings Pty Ltd,2,company;uninformative,1
2873,1-3DVNIBH,MVRL56616,Finpost Pty Ltd,2,company;uninformative,1
2874,1-3SYC32M,MVRL60370,Firestone Nominees Pty Ltd,2,company;uninformative,1
2875,1-XTB-1026,MVRL35535,Fitzies Culcairn Pty Ltd,2,company;uninformative,1
2876,1-3WJEB3N,MVRL60713,Fixera Management Pty Ltd,2,company;uninformative,1
2877,1-4GM9I32,MVRL63925,FLEETMARK NSW PTY LTD,2,company;uninformative,1
2878,1-47DQY6Y,MVRL62361,FLEETMOTIVE PTY LTD,2,company;uninformative,1
2879,1-3AA6YD3,MVRL56030,Fleetserve Pty Ltd,2,company;uninformative,1
2880,1-3Y3MXYA,MVRL60946,FLEXIGLASS CHALLENGE PTY LTD,2,company;uninformative,1
2881,1-4EQC4KN,MVRL63625,Flota Pty Ltd,2,company;uninformative,1
2882,1-1GYOH3L,MVRL51837,Flynnella Holdings Pty Ltd,2,company;uninformative,1
2883,1-2JOE675,MVRL54051,Foley Investments Australia Pty Ltd,2,company;uninformative,1
2884,1-44NLS4A,MVRL61818,Forage Wholefoods Pty Ltd,2,company;uninformative,1
2885,1-3KW3SP8,MVRL58244,FORBES SMALL ENGINE SPECIALISTS PTY LTD,2,company;uninformative,1
2886,1-2YEWGDZ,MVRL54768,Formtrans Pty Ltd,2,company;uninformative,1
2887,1-4DPUYGW,MVRL63403,FORSTER GROUP TRADING PTY LTD,2,company;uninformative,1
2888,1-3DP0RU2,MVRL56597,FORTADE GROUP PTY LTD,2,company;uninformative,1
2889,1-4689BEC,MVRL62030,FOUR CELL PTY LTD,2,company;uninformative,1
2890,1-4BKHP92,MVRL62842,Fourtune 8 Pty Ltd,2,company;uninformative,1
2891,1-4A6AT5A,MVRL62747,Fox and Anchor Pty Ltd,2,company;uninformative,1
2892,1-4A4WIL0,MVRL62741,FOXY ENDEAVOURS PTY LTD,2,company;uninformative,1
2893,1-3J427W8,MVRL57419,Frank G Berriman Pty Ltd,2,company;uninformative,1
2894,1-5IRXYP,MVRL46944,Franks Mufflers Pty Ltd,2,company;uninformative,1
2895,1-4SK0VG,MVRL46600,Fritsch Bros Pty Ltd,2,company;uninformative,1
2896,1-XTB-577,MVRL34597,Frolad Pty Ltd,2,company;uninformative,1
2897,1-3N6IDMB,MVRL58800,Frome Street Investments No 77 Pty Ltd,2,company;uninformative,1
2898,1-4D8NQZU,MVRL63211,FSC AUTOMOBILES PTY LTD,2,company;uninformative,1
2899,1-XTH-1248,MVRL4564,Fulan Pty Ltd,2,company;uninformative,1
2900,1-VHXRHY,MVRL50097,Full Harvest Pty Ltd,2,company;uninformative,1
2901,1-3KT971K,MVRL58506,FULTON HOGAN INDUSTRIES PTY LTD,2,company;uninformative,1
2902,1-3JXPMUW,MVRL57754,FURNEYS BUILDING & PLUMBING SUPPLIES PTY LTD,2,company;uninformative,1
2903,1-XTB-2735,MVRL38587,Fynroad Pty Ltd,2,company;uninformative,1
2904,1-3S3QG4Y,MVRL60015,G & A Young Pty Ltd,2,company;uninformative,1
2905,1-XTH-1153,MVRL44497,G & D Knight Pty Ltd,2,company;uninformative,1
2906,1-XTB-4373,MVRL41337,G & D Osborne Pty Ltd,2,company;uninformative,1
2907,1-45QKLGC,MVRL61926,G & L Nahlous Pty Ltd,2,company;uninformative,1
2908,1-3K06IGA,MVRL57768,G & M Bechara Pty Ltd,2,company;uninformative,1
2909,1-XTB-106,MVRL3266,G & M Cochrane & Sons Pty Ltd,2,company;uninformative,1
2910,1-XTH-2802,MVRL8035,G & O Industries Pty Ltd,2,company;uninformative,1
2911,1-3QGMQLA,MVRL59710,G & T GILBERT PTY LTD,2,company;uninformative,1
2912,1-XTB-4422,MVRL41439,G D Pye Pty Ltd,2,company;uninformative,1
2913,1-XTB-4394,MVRL41370,G J Chesterfield Enterprises Pty Ltd,2,company;uninformative,1
2914,1-3XP43PO,MVRL60906,Gabko Pty Ltd,2,company;uninformative,1
2915,1-4BHQS2J,MVRL62711,GAC Port MacQuarie Pty Ltd,2,company;uninformative,1
2916,1-3W024LJ,MVRL60671,Galano ( Australia ) Pty Ltd,2,company;uninformative,1
2917,1-409S36O,MVRL61269,Galaxso Pty Ltd,2,company;uninformative,1
2918,1-4DFEUQ4,MVRL63174,Galdgun Pty Ltd,2,company;uninformative,1
2919,1-XSI-203,MVRL10837,Gall Bros Enterprises Pty Ltd,2,company;uninformative,1
2920,1-42E2OYE,MVRL61830,GAMISETA INVESTMENTS PTY LTD,2,company;uninformative,1
2921,1-3JDL986,MVRL57587,GAOLONE PTY. LIMITED,2,company;uninformative,1
2922,1-3QYLUVO,MVRL59854,GAQ PTY LTD,2,company;uninformative,1
2923,1-489E1D0,MVRL62514,GARTH FARMING PTY LTD,2,company;uninformative,1
2924,1-3WLN2B2,MVRL60746,Gary Savva Investments Pty Ltd,2,company;uninformative,1
2925,1-40ZD9MG,MVRL61439,Gascan Sams Pty Limited,2,company;uninformative,1
2926,1-3KB6TBD,MVRL57862,GAVCO GROUP PTY LTD,2,company;uninformative,1
2927,1-2MJ7CWR,MVRL54239,Gavlane Pty Ltd,2,company;uninformative,1
2928,1-3OJNF1E,MVRL59294,GB Vehicle Building Pty Ltd,2,company;uninformative,1
2929,1-49TBMMW,MVRL62657,GBS Trading Pty Ltd,2,company;uninformative,1
2930,1-48SACRU,MVRL62445,GC & MJ Stimson Pty Ltd,2,company;uninformative,1
2931,1-4B8V370,MVRL62885,GEARIE INVESTMENTS PTY LIMITED,2,company;uninformative,1
2932,1-XTB-26,MVRL32489,Gedara Pty Ltd,2,company;uninformative,1
2933,1-4CVSIKQ,MVRL63128,GEE&TEE INDUSTRIES PTY LTD,2,company;uninformative,1
2934,1-3Y0TVKM,MVRL60997,GEERING-UP PTY LTD,2,company;uninformative,1
2935,1-UPVUGH,MVRL50824,Geeves Enterprises Pty Ltd,2,company;uninformative,1
2936,1-3ZDCEMA,MVRL61128,Gegabyte Pty Ltd,2,company;uninformative,1
2937,1-1FK0XMC,MVRL51696,Gem (Aust) Pty Ltd,2,company;uninformative,1
2938,1-403IC2U,MVRL61239,GEM CARS PTY LTD,2,company;uninformative,1
2939,1-3CO19K6,MVRL56583,GEORGE & THE TWINS PTY LTD,2,company;uninformative,1
2940,1-3N6FWMS,MVRL58939,George's Pit Stop Pty Ltd,2,company;uninformative,1
2941,1-3D3QIMK,MVRL56425,Georges Automatics Pty Ltd,2,company;uninformative,1
2942,1-3OKVNM8,MVRL59155,Geranda Pty Ltd,2,company;uninformative,1
2943,1-XT3-4364,MVRL31063,Germanos Bros Pty Ltd,2,company;uninformative,1
2944,1-33BXORB,MVRL55176,Get Assessed Pty Ltd,2,company;uninformative,1
2945,1-31JCWB4,MVRL54980,Get U Going Pty Ltd,2,company;uninformative,1
2946,1-3IXDOQ2,MVRL57295,GETITDONE4U PTY LTD,2,company;uninformative,1
2947,1-451NA0G,MVRL61903,GH Dhaliwal Pty Ltd,2,company;uninformative,1
2948,1-3G0AOU2,MVRL56882,GILLIES ENTERPRISES (QLD) PTY LTD,2,company;uninformative,1
2949,1-3PC10B2,MVRL59345,GJ N Sons Pty Ltd,2,company;uninformative,1
2950,1-XTH-1139,MVRL44472,GL & R Adams Pty Ltd,2,company;uninformative,1
2951,1-XT3-1522,MVRL25148,Gladetron Pty Ltd,2,company;uninformative,1
2952,1-3MXYPOI,MVRL58787,GLAMWORN PTY LTD,2,company;uninformative,1
2953,1-XTH-815,MVRL43867,Glenorie Prestige Pty Ltd,2,company;uninformative,1
2954,1-48FDHU2,MVRL62390,GLM AUTOBODY PTY LTD,2,company;uninformative,1
2955,1-44OP066,MVRL61930,GLOBAL BUSINESS CORPORATION PTY LTD,2,company;uninformative,1
2956,1-3UBJ786,MVRL60583,GLOBAL CARS AUS PTY LTD,2,company;uninformative,1
2957,1-XSI-2643,MVRL16643,Glowbex Pty Ltd,2,company;uninformative,1
2958,1-WZ8PF3,MVRL50285,Glowjade Pty Ltd,2,company;uninformative,1
2959,1-48CK168,MVRL62521,GMLA PTY LTD,2,company;uninformative,1
2960,1-3LH5T22,MVRL58248,GNMG PTY LTD,2,company;uninformative,1
2961,1-3P1GXCG,MVRL59279,Golden West Holdings Pty Limited,2,company;uninformative,1
2962,1-XTB-4923,MVRL42396,Goodspanner Pty Ltd,2,company;uninformative,1
2963,1-5257QW,MVRL46703,Goulburn Motor Investments Pty Ltd,2,company;uninformative,1
2964,1-4JNRWQS,MVRL64385,GRABBO'S TRAIL AND TRACK INVESTMENTS PTY LTD,2,company;uninformative,1
2965,1-TVGE2X,MVRL49867,Gramcal Nominess Pty Ltd,2,company;uninformative,1
2966,1-XTH-975,MVRL44143,Granbasi Pty Ltd,2,company;uninformative,1
2967,1-3525ADL,MVRL55355,Grant Engineered Pty Ltd,2,company;uninformative,1
2968,1-47KEJ8M,MVRL62279,GREASE PTY LTD,2,company;uninformative,1
2969,1-43BANBW,MVRL61669,GREEN BROS BLACKSMITHS PTY LTD,2,company;uninformative,1
2970,1-3P89QIR,MVRL59463,Greencars Sydney Pty Ltd,2,company;uninformative,1
2971,1-46BXC7G,MVRL62128,Greenway Motor Company Pty Ltd,2,company;uninformative,1
2972,1-40WRZ88,MVRL61383,Greg Sims Group Pty Ltd,2,company;uninformative,1
2973,1-XT3-3699,MVRL29666,Gregory & Vicky Evans Family Pty Ltd,2,company;uninformative,1
2974,1-ZM7CHD,MVRL50483,Greljo Pty Ltd,2,company;uninformative,1
2975,1-3KK81DO,MVRL58092,GREYROCK ENTERPRISES PTY LTD,2,company;uninformative,1
2976,1-4EO15OW,MVRL63637,GROFTY INDUSTRIES AUSTRALIA PTY LTD,2,company;uninformative,1
2977,1-3NSQNNS,MVRL59052,GRUNTAS BASH AND BOG PTY LTD,2,company;uninformative,1
2978,1-3ZQYQQK,MVRL61122,GS6 Quantum Pty Ltd,2,company;uninformative,1
2979,1-238BE8O,MVRL53185,GSGL Pty Ltd,2,company;uninformative,1
2980,1-3PLHOBR,MVRL59459,GTMR Pty Ltd,2,company;uninformative,1
2981,1-4AZKP9G,MVRL62886,GUILDFORD MECHANIX PTY LTD,2,company;uninformative,1
2982,1-BZEKCL,MVRL47965,Gunrad Industries Pty Ltd,2,company;uninformative,1
2983,1-1NF71ZB,MVRL52836,Gurunanak Works Pty Ltd,2,company;uninformative,1
2984,1-3P2TR3A,MVRL59341,GUSMEL PTY LTD,2,company;uninformative,1
2985,1-3GJRVMA,MVRL57153,Guy Maruca Pty Ltd,2,company;uninformative,1
2986,1-3MLECZC,MVRL58841,GWR AUSTRALIA PTY LTD,2,company;uninformative,1
2987,1-3NC3HUG,MVRL58890,H & T STOVE PTY LTD,2,company;uninformative,1
2988,1-1QW6IAB,MVRL52639,H A Jacob & Sons Proprietary Limited,2,company;uninformative,1
2989,1-2MZ6JBT,MVRL54324,H E & M E Morris Pty Ltd,2,company;uninformative,1
2990,1-2MZ8YXB,MVRL54306,H Iori & Sons Pty Ltd,2,company;uninformative,1
2991,1-XTH-1982,MVRL6151,Habib Bros Pty Ltd,2,company;uninformative,1
2992,1-3OGMDYW,MVRL59073,Haconby Pty Ltd,2,company;uninformative,1
2993,1-XTH-3076,MVRL8713,Hado Pty Ltd,2,company;uninformative,1
2994,1-434RLJ4,MVRL61630,Hakim Group Pty Ltd,2,company;uninformative,1
2995,1-4HG0PCU,MVRL64039,HALLT PTY LTD,2,company;uninformative,1
2996,1-XT3-4566,MVRL31493,Hammond Conversions Pty Ltd,2,company;uninformative,1
2997,1-12YKGU6,MVRL50782,Hans Oversnow Pty Ltd,2,company;uninformative,1
2998,1-1LE5YB3,MVRL53405,Hapini Pty Ltd,2,company;uninformative,1
2999,1-3LTK8TO,MVRL58552,HARNESS MASTER NSW PTY LIMITED,2,company;uninformative,1
3000,1-2LGBJFP,MVRL54408,Harsiddhi Trading Pty Ltd,2,company;uninformative,1
3001,1-XTB-3827,MVRL40343,Harvey Black Group Pty Ltd,2,company;uninformative,1
3002,1-4CK0CZ6,MVRL63108,Harvok NSW Pty Ltd,2,company;uninformative,1
3003,1-3NGYN6E,MVRL59126,HASSA PTY LTD,2,company;uninformative,1
3004,1-323770F,MVRL55005,Haus of Brown Pty Ltd,2,company;uninformative,1
3005,1-OZ9SAB,MVRL49446,Hausfeld Contracting Pty Ltd,2,company;uninformative,1
3006,1-4BP3TQQ,MVRL62874,HAWKESBURY HOLDINGS PTY LTD,2,company;uninformative,1
3007,1-4BSXBQG,MVRL62845,Hawkey Group Pty Ltd,2,company;uninformative,1
3008,1-47NZ9L0,MVRL62368,HD LEGACY PTY LTD,2,company;uninformative,1
3009,1-3QNEC2O,MVRL59908,Heathfare Pty Ltd,2,company;uninformative,1
3010,1-XTH-962,MVRL44118,Hermes Enterprises Pty Ltd,2,company;uninformative,1
3011,1-4I5WPNM,MVRL64166,HI TECH MUFFLERS AUST. PTY LTD,2,company;uninformative,1
3012,1-32BVS63,MVRL55117,HI-TEC VEHICLE MANAGEMENT PTY LTD,2,company;uninformative,1
3013,1-3THMMDE,MVRL60261,HIDRIVE GROUP PTY LTD,2,company;uninformative,1
3014,1-XTB-558,MVRL3448,Hill Fitzsimmons Pty Ltd,2,company;uninformative,1
3015,1-LKMO56,MVRL49057,Hillsbus Co Pty Ltd,2,company;uninformative,1
3016,1-4519OWE,MVRL61982,HK Dynamics Pty Ltd,2,company;uninformative,1
3017,1-313GCSW,MVRL55012,HL & JA Pty Ltd,2,company;uninformative,1
3018,1-XT3-4341,MVRL31007,HL & JH Gale Pty Ltd,2,company;uninformative,1
3019,1-KSUMOJ,MVRL48987,HMR Australia Pty Ltd,2,company;uninformative,1
3020,1-2XOYDXP,MVRL54698,HNHL PTY LTD,2,company;uninformative,1
3021,1-36VXJ1V,MVRL55707,HODGINS & SONS PTY LTD,2,company;uninformative,1
3022,1-XTB-3306,MVRL39439,Hollywood Grove Pty Ltd,2,company;uninformative,1
3023,1-PN4KSK,MVRL49521,Homealloy (NSW) Pty Ltd,2,company;uninformative,1
3024,1-4BS7KGS,MVRL63021,Honbits Holdings Pty Ltd,2,company;uninformative,1
3025,1-3WK2HUK,MVRL60821,HONFOOK POWER HYDRAULICS PTY LTD,2,company;uninformative,1
3026,1-ISV1ZG,MVRL48630,Hori International Trading Pty Ltd,2,company;uninformative,1
3027,1-474Z1DK,MVRL62306,HORIZON EARLY LANDCRUISERS PTY LTD,2,company;uninformative,1
3028,1-192005J,MVRL51710,Hort Enterprises Pty Ltd,2,company;uninformative,1
3029,1-XTB-1250,MVRL35888,Hose Hydraulics Pty Ltd,2,company;uninformative,1
3030,1-68MD0Q,MVRL47210,Hottes Investments Australia Pty Ltd,2,company;uninformative,1
3031,1-1O2VCH8,MVRL52360,House Genie Pty. Ltd.,2,company;uninformative,1
3032,1-4I5LQ4Q,MVRL64009,HOWCROFT AND CO PTY LTD,2,company;uninformative,1
3033,1-3M20PGQ,MVRL58522,HR FORESTRY PTY LIMITED,2,company;uninformative,1
3034,1-42FXM3A,MVRL61542,HSP Industries Pty Ltd,2,company;uninformative,1
3035,1-35ZQK1J,MVRL55520,HSR SOUTHERN CROSS PTY LTD,2,company;uninformative,1
3036,1-3EW7ZKY,MVRL56796,HTV Trading Pty Ltd,2,company;uninformative,1
3037,1-28K99ND,MVRL53482,Hughali Pty Ltd,2,company;uninformative,1
3038,1-4CO2HB4,MVRL62913,Humeson Pty Ltd,2,company;uninformative,1
3039,1-3BOZZYI,MVRL56477,HUNTER READYMIXED CONCRETE PTY LTD,2,company;uninformative,1
3040,1-1DKSJKM,MVRL51714,Hunter United Car Centre Pty Ltd,2,company;uninformative,1
3041,1-4J0FTMA,MVRL64261,HUSH BYRON BAY PTY LTD,2,company;uninformative,1
3042,1-4110KWG,MVRL61484,HUTCHH PTY LTD,2,company;uninformative,1
3043,1-ZW28BP,MVRL50573,HWKB Pty Ltd,2,company;uninformative,1
3044,1-2N7YKR6,MVRL54341,Hyepride Pty Ltd,2,company;uninformative,1
3045,1-XTB-1501,MVRL36337,Hymix Australia Pty Ltd,2,company;uninformative,1
3046,1-45I2CBM,MVRL61998,Hyperboostautos Pty Ltd,2,company;uninformative,1
3047,1-3X6IKDQ,MVRL60837,HYPERTECHNICAL PTY LTD,2,company;uninformative,1
3048,1-E81I90,MVRL48182,I.F & L.J Fisher Pty Ltd,2,company;uninformative,1
3049,1-4EGDNZE,MVRL63578,IAE Investments Pty Ltd,2,company;uninformative,1
3050,1-28HVV09,MVRL53456,Ichiban Imports Pty Ltd,2,company;uninformative,1
3051,1-3SVYKEO,MVRL60186,IGROWTH PTY LTD,2,company;uninformative,1
3052,1-4AX8QLC,MVRL62823,IIAC PTY LTD,2,company;uninformative,1
3053,1-XSI-710,MVRL11953,Ilenon Pty Ltd,2,company;uninformative,1
3054,1-3ZO1IJ3,MVRL61096,Image Conversions Pty Ltd,2,company;uninformative,1
3055,1-XTB-3607,MVRL40001,Imports It Pty Ltd,2,company;uninformative,1
3056,1-4DFEUDF,MVRL63177,In Motion (Aust) Pty Ltd,2,company;uninformative,1
3057,1-3KTA6RY,MVRL58319,INCO GROUP PTY LTD,2,company;uninformative,1
3058,1-XTB-76,MVRL32605,Industrial Replacements Pty Ltd,2,company;uninformative,1
3059,1-1ARY7J3,MVRL51583,Ingle Square Pty Ltd,2,company;uninformative,1
3060,1-3JD3AI8,MVRL57715,INNCONTROL PTY LTD,2,company;uninformative,1
3061,1-38WMXO7,MVRL55967,INNOV8 EQUIPMENT PTY LTD,2,company;uninformative,1
3062,1-4BY5HU8,MVRL63170,INSPECT BUY DRIVE PTY LTD,2,company;uninformative,1
3063,1-4BE25YY,MVRL62749,INSPECT MY VEHICLE PTY LTD,2,company;uninformative,1
3064,1-JP280H,MVRL48779,International Autohaus Pty Ltd,2,company;uninformative,1
3065,1-3QWVM8N,MVRL59786,INTERSTATE GROUP PTY LTD,2,company;uninformative,1
3066,1-XTH-535,MVRL43371,Ironbarn Pty Ltd,2,company;uninformative,1
3067,1-3SR6V6I,MVRL60168,IRONBIN PTY LTD,2,company;uninformative,1
3068,1-XTB-4061,MVRL40800,Isaacs Corporation Pty Ltd,2,company;uninformative,1
3069,1-3J2PAZK,MVRL57580,Ismail Trading Pty Ltd,2,company;uninformative,1
3070,1-6UIO3Q,MVRL47274,Italian Automobiles Group Pty Ltd,2,company;uninformative,1
3071,1-3NRE5EI,MVRL59011,IW & AM BENNETT PTY LTD,2,company;uninformative,1
3072,1-3LDV71S,MVRL58181,J & B HOLDINGS PTY LTD,2,company;uninformative,1
3073,1-3AL3QQF,MVRL56165,J & C HEWITT PTY LTD,2,company;uninformative,1
3074,1-XTH-2683,MVRL774,J & C Hill Pty Ltd,2,company;uninformative,1
3075,1-23BJP7R,MVRL53308,J & C Land Consulting Pty Ltd,2,company;uninformative,1
3076,1-PD6CSF,MVRL49474,J & C Patterson Pty Ltd,2,company;uninformative,1
3077,1-XTB-4154,MVRL40979,J & D Attard Holdings Pty Ltd,2,company;uninformative,1
3078,1-4GJYNLM,MVRL63880,J & G ASPHALT & CIVIL CONTRACTORS PTY LTD,2,company;uninformative,1
3079,1-43TDT6U,MVRL61845,J & G Excavations & Asphalting (NSW) Pty Ltd,2,company;uninformative,1
3080,1-3ZQS9RA,MVRL61119,J & M Pedavoli Pty Ltd,2,company;uninformative,1
3081,1-XT3-4116,MVRL3052,J & V Dalla Pty Ltd,2,company;uninformative,1
3082,1-4DKEPJB,MVRL63220,J H Built Pty Ltd,2,company;uninformative,1
3083,1-34CUDHZ,MVRL55328,J K HOSES PTY LTD,2,company;uninformative,1
3084,1-3HK975O,MVRL56977,J K WILLIAMS CONTRACTING PTY LTD,2,company;uninformative,1
3085,1-3U61TM0,MVRL60364,J Murphy Investment Holdings Pty Ltd,2,company;uninformative,1
3086,1-485VH2W,MVRL62480,J&B C ENTERPRISES PTY LIMITED,2,company;uninformative,1
3087,1-3SV30OU,MVRL60258,J. SUNDERLAND AND M. CEO PTY LTD,2,company;uninformative,1
3088,1-DSFZZJ,MVRL48125,J.J. O'Connor & Sons Pty Ltd,2,company;uninformative,1
3089,1-O71K4N,MVRL49366,Jac Daniel Pty Ltd,2,company;uninformative,1
3090,1-1Y3EU1O,MVRL53195,Jacana Manufacturing Group Pty Ltd,2,company;uninformative,1
3091,1-XT3-3008,MVRL28256,Jack Hillermans Pty Ltd,2,company;uninformative,1
3092,1-3KOXJB4,MVRL58028,JAGTRACK PTY LIMITED,2,company;uninformative,1
3093,1-FYJTU8,MVRL48449,Jamikka Pty Ltd,2,company;uninformative,1
3094,1-XSI-4932,MVRL21600,Janart Holdings Pty Ltd,2,company;uninformative,1
3095,1-4GRKLYW,MVRL63987,JANDRIVE PTY LTD,2,company;uninformative,1
3096,1-2XM0917,MVRL54744,Jats Rial Pty Ltd,2,company;uninformative,1
3097,1-12N46YY,MVRL50751,JB Diagnostics Pty Ltd,2,company;uninformative,1
3098,1-4IGWQEY,MVRL64205,JB ENTERPRISES & CO PTY LTD,2,company;uninformative,1
3099,1-3BSNQRN,MVRL56295,JDMyard Pty Ltd,2,company;uninformative,1
3100,1-40MM6O0,MVRL61265,JE & AG Brown Pty Ltd,2,company;uninformative,1
3101,1-3VGQ1D4,MVRL60639,Jeddah Association Pty Ltd,2,company;uninformative,1
3102,1-XSI-4130,MVRL19875,Jelaba Pty Ltd,2,company;uninformative,1
3103,1-XSI-2814,MVRL17017,Jelbart Dawson Co Pty Ltd,2,company;uninformative,1
3104,1-34K3R11,MVRL55341,JEN ADELONG PTY LTD,2,company;uninformative,1
3105,1-1PMG74T,MVRL52489,JES Family Pty Ltd,2,company;uninformative,1
3106,1-2FK1T89,MVRL53755,Jescor Holdings Pty Ltd,2,company;uninformative,1
3107,1-XTB-1348,MVRL36068,Jesson Investments Pty Ltd,2,company;uninformative,1
3108,1-842MOS,MVRL47582,JGW Industries Pty Ltd,2,company;uninformative,1
3109,1-37RLBJL,MVRL55814,JHP INDUSTRIES PTY LTD,2,company;uninformative,1
3110,1-3Q76BL0,MVRL59755,JJHT Pty Ltd,2,company;uninformative,1
3111,1-3FJIWJP,MVRL56985,JJTN Pty Ltd,2,company;uninformative,1
3112,1-4B408M0,MVRL62979,JK KEEVIL PTY LTD,2,company;uninformative,1
3113,1-3DV3IAW,MVRL56619,JKR INDUSTRIES PTY LIMITED,2,company;uninformative,1
3114,1-3VCJ7UW,MVRL60651,JMM PRODUCTS PTY LIMITED,2,company;uninformative,1
3115,1-328MW1Y,MVRL55011,JMP Motorworks Pty Ltd,2,company;uninformative,1
3116,1-3RBMC22,MVRL59920,JNA Developments Pty Ltd,2,company;uninformative,1
3117,1-48RE1D2,MVRL62439,JNR A1 PTY LTD,2,company;uninformative,1
3118,1-15G9LK5,MVRL51032,John Cully Pty Ltd,2,company;uninformative,1
3119,1-QYDUX3,MVRL49651,John E Hogan Pty Ltd,2,company;uninformative,1
3120,1-XSI-3839,MVRL1930,John L Pierce Pty Ltd,2,company;uninformative,1
3121,1-44C7CCU,MVRL61754,Johnston Business Nominees Pty Ltd,2,company;uninformative,1
3122,1-3IDY68W,MVRL57260,JOLE AUSTRALIA PTY LTD,2,company;uninformative,1
3123,1-45Y5U9W,MVRL61989,JONES UNITED PTY LTD,2,company;uninformative,1
3124,1-47R7JIC,MVRL62242,JONKIR 2 PTY LTD,2,company;uninformative,1
3125,1-3BXG09S,MVRL56479,Josinet Pty Ltd,2,company;uninformative,1
3126,1-2KQAJU0,MVRL54120,Jost Australia Pty Ltd,2,company;uninformative,1
3127,1-43T1SPY,MVRL61776,Joyia Seven Stars Pty Ltd,2,company;uninformative,1
3128,1-47AWCTR,MVRL62237,JP Ayoub Pty Ltd,2,company;uninformative,1
3129,1-2VZTLQA,MVRL54529,JP's Autoparts Pty Ltd,2,company;uninformative,1
3130,1-427MUKO,MVRL61656,Jpat Dcal Pty Ltd,2,company;uninformative,1
3131,1-T7NBCP,MVRL49824,JPH1 Pty Ltd,2,company;uninformative,1
3132,1-3ZBFGHK,MVRL61091,JPIC Pty Ltd,2,company;uninformative,1
3133,1-3M29RUW,MVRL58453,JR Love Pty Ltd,2,company;uninformative,1
3134,1-2A4BFT5,MVRL53639,JRB Group Pty Ltd,2,company;uninformative,1
3135,1-10FLWHP,MVRL50584,JS & KL Bratfield Pty Ltd,2,company;uninformative,1
3136,1-3NFMUJ2,MVRL58995,JSC & CO PTY LTD,2,company;uninformative,1
3137,1-35PABLQ,MVRL55627,JTH Pty Ltd,2,company;uninformative,1
3138,1-2ATW645,MVRL53646,Julacs Pty Ltd,2,company;uninformative,1
3139,1-469E1LY,MVRL62040,Juliet Industries Pty Ltd,2,company;uninformative,1
3140,1-XTH-1128,MVRL44449,Jumakilow Pty Ltd,2,company;uninformative,1
3141,1-XT3-1564,MVRL2523,Junee Buses Pty Ltd,2,company;uninformative,1
3142,1-41GI3WS,MVRL61326,Just Engine Management Pty Ltd,2,company;uninformative,1
3143,1-4G7GKO2,MVRL63790,JUST LV'S PTY LTD,2,company;uninformative,1
3144,1-2FYVN5S,MVRL53742,JW & JM Evans Pty Ltd,2,company;uninformative,1
3145,1-3XGIOBY,MVRL60864,JYW Pty Ltd,2,company;uninformative,1
3146,1-4EA40FM,MVRL63613,K-DRIVE PTY LTD,2,company;uninformative,1
3147,1-4G8ZATM,MVRL63810,K.B. JESSER & M.J. PERKS PTY LTD,2,company;uninformative,1
3148,1-47S490,MVRL46349,KA & VK Stubbs Pty Ltd,2,company;uninformative,1
3149,1-6FEFGG,MVRL47162,Kablan Mowad & Sons Pty Ltd,2,company;uninformative,1
3150,1-4IP86US,MVRL64210,Kaga Telecom Pty Ltd,2,company;uninformative,1
3151,1-3EKR1YI,MVRL56910,Kailos International Pty Ltd,2,company;uninformative,1
3152,1-18KSYQA,MVRL51850,Kaisam Holdings Pty Ltd,2,company;uninformative,1
3153,1-3RA5UMC,MVRL59942,KAJA FAMILY PTY LTD.,2,company;uninformative,1
3154,1-XT3-1098,MVRL24165,Kakinga Holdings Pty Ltd,2,company;uninformative,1
3155,1-3N0UN8W,MVRL58763,KALTECH INDUSTRIES PTY LTD,2,company;uninformative,1
3156,1-3TANB13,MVRL60234,Kapeller Pty Ltd,2,company;uninformative,1
3157,1-197099P,MVRL51361,Kara Kar Holdings Pty Ltd,2,company;uninformative,1
3158,1-4G48X54,MVRL63845,Kararwal Enterprises Pty Ltd,2,company;uninformative,1
3159,1-XTB-4905,MVRL42357,Karedav Pty Ltd,2,company;uninformative,1
3160,1-43ATGI4,MVRL61659,KARFIXING PTY LTD,2,company;uninformative,1
3161,1-36JR4VT,MVRL55657,Karian Enterprises Pty Ltd,2,company;uninformative,1
3162,1-XTB-4011,MVRL40709,Karlin & Co Pty Ltd,2,company;uninformative,1
3163,1-XTB-351,MVRL33139,Karmart Pty Ltd,2,company;uninformative,1
3164,1-41JS9R6,MVRL61526,Karo Corp Pty Ltd,2,company;uninformative,1
3165,1-XT3-1336,MVRL24708,Kasdell Pty Ltd,2,company;uninformative,1
3166,1-XT3-474,MVRL228,Kass Group Pty Ltd,2,company;uninformative,1
3167,1-31AJ3Q7,MVRL54958,Kaufline Investments Pty Limited,2,company;uninformative,1
3168,1-XTH-202,MVRL42842,KBEA Investments Pty Ltd,2,company;uninformative,1
3169,1-1L0EVYW,MVRL52259,KCAR Holdings Pty Ltd,2,company;uninformative,1
3170,1-7O7DX1,MVRL47474,KCN Holdings Pty Ltd,2,company;uninformative,1
3171,1-ZH3MIK,MVRL50494,Kel Campbell Pty Ltd,2,company;uninformative,1
3172,1-3IVU868,MVRL57322,Kellbell Hydraulics Pty Ltd,2,company;uninformative,1
3173,1-4IQFOMK,MVRL64222,KEMBUL PTY LTD,2,company;uninformative,1
3174,1-XSI-3124,MVRL17743,Kemsim Pty Ltd,2,company;uninformative,1
3175,1-352MVOH,MVRL55415,KENBUS PTY LTD,2,company;uninformative,1
3176,1-2ZNA1T9,MVRL54851,Kendrick Powersports Pty Ltd,2,company;uninformative,1
3177,1-XTB-3416,MVRL39635,Kensaw Pty Ltd,2,company;uninformative,1
3178,1-4GPK964,MVRL63951,KENTIER PTY LTD,2,company;uninformative,1
3179,1-48BK7BI,MVRL62519,KENWAY & CLARK COWRA PTY LTD,2,company;uninformative,1
3180,1-3LOLCKS,MVRL58339,KENWAY & CLARK GUNNEDAH PTY LTD,2,company;uninformative,1
3181,1-3LUSPXY,MVRL58407,Kenway & Clark Inverell Pty Ltd,2,company;uninformative,1
3182,1-XSI-3581,MVRL18731,Kenway & Clark Pty Ltd,2,company;uninformative,1
3183,1-3LULRDY,MVRL58406,Kenway & Clark Wee Waa Pty Ltd,2,company;uninformative,1
3184,1-48BKGO6,MVRL62515,Kenway & Clark Young Pty Ltd,2,company;uninformative,1
3185,1-XTB-3097,MVRL39068,Kenwell International Pty Ltd,2,company;uninformative,1
3186,1-2MH6A3T,MVRL54294,Keolis Downer Hunter Pty Ltd,2,company;uninformative,1
3187,1-3PFMVNU,MVRL59507,KEOLIS DOWNER NORTHERN BEACHES PTY LTD,2,company;uninformative,1
3188,1-4J6PAQO,MVRL64343,KEYSTONE ASSET GROUP PTY LTD,2,company;uninformative,1
3189,1-XTB-4755,MVRL42084,Khanian Pty Ltd,2,company;uninformative,1
3190,1-42E00QS,MVRL61645,Khattra Group Pty Ltd,2,company;uninformative,1
3191,1-YLTV2F,MVRL50449,Kilby's Heating & Cooling Pty Ltd,2,company;uninformative,1
3192,1-XT3-2302,MVRL26704,Kildarius Pty Ltd,2,company;uninformative,1
3193,1-3088O2J,MVRL54871,KILGORAN PTY. LTD.,2,company;uninformative,1
3194,1-3MS35RG,MVRL59365,Killaboost Pty Ltd,2,company;uninformative,1
3195,1-3I5RU3Z,MVRL57194,Kings Park Prestige Pty Ltd,2,company;uninformative,1
3196,1-3TQJCWS,MVRL60359,Kinni Pty Ltd,2,company;uninformative,1
3197,1-3P1G8IY,MVRL59471,Kizjass Pty Ltd,2,company;uninformative,1
3198,1-20RNRQL,MVRL53156,Klein Group Pty Ltd,2,company;uninformative,1
3199,1-3H9YSDG,MVRL57125,KLG PTY LIMITED,2,company;uninformative,1
3200,1-3K88VO0,MVRL57896,KMG HOLDINGS (AUST) PTY LTD,2,company;uninformative,1
3201,1-PII6WL,MVRL49513,KNB Industries Pty Ltd,2,company;uninformative,1
3202,1-470NE8,MVRL46415,Knott Investments Pty Ltd,2,company;uninformative,1
3203,1-36Y8A0J,MVRL55806,Kolo Pty Ltd,2,company;uninformative,1
3204,1-48TYI74,MVRL62511,KOOLKOTE PTY LTD,2,company;uninformative,1
3205,1-428GAPE,MVRL61727,Kovacs Enterprises Pty Ltd,2,company;uninformative,1
3206,1-3XJZIKQ,MVRL60904,KR HORN INVESTMENTS PTY LTD,2,company;uninformative,1
3207,1-33V15PL,MVRL55270,Kreative Enterprises Pty Ltd,2,company;uninformative,1
3208,1-3MRUB56,MVRL59015,KREUTZBERGER CONTRACTING PTY LTD,2,company;uninformative,1
3209,1-49XJAPY,MVRL62594,Krijan Group Pty Ltd,2,company;uninformative,1
3210,1-48S87DQ,MVRL62441,KRP PTY LTD,2,company;uninformative,1
3211,1-2MQBF5Q,MVRL54305,KTM Australia Pty Ltd,2,company;uninformative,1
3212,1-3LUONG2,MVRL58417,KUSTOM MUSCLE PTY LTD,2,company;uninformative,1
3213,1-XTB-2483,MVRL38120,KVK Engine Recondition Pty Ltd,2,company;uninformative,1
3214,1-46CMDJS,MVRL62101,KYLE GROUP PTY LTD,2,company;uninformative,1
3215,1-3LMPJ0E,MVRL58422,Kyle's Conversions Pty Ltd,2,company;uninformative,1
3216,1-3OB2CRK,MVRL59163,L&P BEDFORD PTY LTD,2,company;uninformative,1
3217,1-2WJV7L7,MVRL54636,LA PORTE LOCK & KEY PTY. LTD.,2,company;uninformative,1
3218,1-3YQT4UH,MVRL61064,LADEX CONSTRUCTION GROUP PTY LTD,2,company;uninformative,1
3219,1-3SRWTCS,MVRL60124,Lagoon Industries Pty Limited,2,company;uninformative,1
3220,1-4CKWTBG,MVRL63062,LAL SDSS PTY LTD,2,company;uninformative,1
3221,1-3F0EPW7,MVRL56755,Lambley Pty Ltd,2,company;uninformative,1
3222,1-3J2K47O,MVRL57398,Lancaster Enterprises (NSW) Pty Ltd,2,company;uninformative,1
3223,1-3RV5TTK,MVRL60067,LANEWAY CONTRACTING PTY LTD,2,company;uninformative,1
3224,1-XT3-4875,MVRL32162,Langford Furniture Pty Ltd,2,company;uninformative,1
3225,1-3EY5R6Q,MVRL56984,LC ENGINES PTY. LTD.,2,company;uninformative,1
3226,1-3Y1SAFS,MVRL60966,Ldae Pty Ltd,2,company;uninformative,1
3227,1-4HDPVN6,MVRL64065,LDM COLLECTIVE PTY LTD,2,company;uninformative,1
3228,1-XTB-1427,MVRL36215,LE Stewart Investments Pty Ltd,2,company;uninformative,1
3229,1-XSI-3394,MVRL1833,Lean & Bennett Pty Ltd,2,company;uninformative,1
3230,1-XTH-2049,MVRL631,Ledabow Pty Ltd,2,company;uninformative,1
3231,1-3QM2XHQ,MVRL59906,LEE HIVE PTY LTD,2,company;uninformative,1
3232,1-3Y2WRQU,MVRL60973,LEEBAEK PTY LTD,2,company;uninformative,1
3233,1-XTB-897,MVRL35276,Leinta Pty Ltd,2,company;uninformative,1
3234,1-XSI-1255,MVRL13392,Lemrij Pty Ltd,2,company;uninformative,1
3235,1-3RWM1DQ,MVRL59980,Lentini Enterprise Pty Ltd,2,company;uninformative,1
3236,1-3T1J6UG,MVRL60379,Lewis Ag Pty Limited,2,company;uninformative,1
3237,1-2WFB1KB,MVRL54622,Lex of Central Coast Pty Ltd,2,company;uninformative,1
3238,1-4DNQGJ8,MVRL63314,LGC GROUP HOLDINGS PTY LTD,2,company;uninformative,1
3239,1-16JN8LO,MVRL51265,Licon Prestige Pty Ltd,2,company;uninformative,1
3240,1-BTOH4J,MVRL48019,Liebherr - Australia Pty Ltd,2,company;uninformative,1
3241,1-XTB-3083,MVRL39042,Lifeguard Cessnock Pty Ltd,2,company;uninformative,1
3242,1-XSI-4567,MVRL20813,Lifum Pty Ltd,2,company;uninformative,1
3243,1-3US3E0Q,MVRL60607,LIMA AUSTRALIA PTY LIMITED,2,company;uninformative,1
3244,1-571F4Z,MVRL46779,Linacre Enterprises Pty Ltd,2,company;uninformative,1
3245,1-XTB-2240,MVRL37681,Lindsay Brothers Holdings Pty Ltd,2,company;uninformative,1
3246,1-XTB-2615,MVRL38374,Lindvest Pty Ltd,2,company;uninformative,1
3247,1-49YV390,MVRL62557,LINESTR8 PTY LTD,2,company;uninformative,1
3248,1-XT3-2589,MVRL27343,Linfox Australia Pty Ltd,2,company;uninformative,1
3249,1-37EWF03,MVRL55768,Lintip Pty Ltd,2,company;uninformative,1
3250,1-XTB-4810,MVRL42198,Linvista Pty Ltd,2,company;uninformative,1
3251,1-4H0CF74,MVRL64015,LITEMAN AUSTRALIA PTY LTD,2,company;uninformative,1
3252,1-129W89N,MVRL50788,LIZAZ PTY LTD,2,company;uninformative,1
3253,1-37EAB13,MVRL55757,LJ & JL LORD PTY LTD,2,company;uninformative,1
3254,1-14TKNAZ,MVRL50926,Loadmass Pty Ltd,2,company;uninformative,1
3255,1-3NYJONZ,MVRL59055,Loadrail Pty Ltd,2,company;uninformative,1
3256,1-4E6E8NA,MVRL63433,Local Autoglass Pty Ltd,2,company;uninformative,1
3257,1-3C04L28,MVRL56383,LOCKSMITHS 24HRS ALL AREAS PTY LTD,2,company;uninformative,1
3258,1-3MHAR6D,MVRL58588,Lockyer Industrial Pty Ltd,2,company;uninformative,1
3259,1-49XFBS4,MVRL62723,LOMBARDI NOMINEES PTY LTD,2,company;uninformative,1
3260,1-XTH-3380,MVRL95,Lonebu Pty Ltd,2,company;uninformative,1
3261,1-RAGRL3,MVRL49698,Loose Cannon Pty Ltd,2,company;uninformative,1
3262,1-3CVHBM4,MVRL56536,LORCRAW PTY LTD,2,company;uninformative,1
3263,1-QS3J55,MVRL49621,Lorian Enterprises Pty Ltd,2,company;uninformative,1
3264,1-XTB-4418,MVRL4143,Loweth Pty Ltd,2,company;uninformative,1
3265,1-4G9PIPZ,MVRL63774,LPSVR GROUP PTY LTD,2,company;uninformative,1
3266,1-4GPUP1I,MVRL63903,LSR TRADING PTY LIMITED,2,company;uninformative,1
3267,1-427DV8A,MVRL61535,Lucky Moto Pty Ltd,2,company;uninformative,1
3268,1-3I8J41G,MVRL57216,LUEM PTY LTD,2,company;uninformative,1
3269,1-1RUTOGT,MVRL52625,Lustre Glo No.2 Pty Ltd,2,company;uninformative,1
3270,1-3NDPQ1I,MVRL58929,LUXOR AUSTRALIA PTY LTD,2,company;uninformative,1
3271,1-XT3-3469,MVRL29186,Lyndra Holdings Pty Ltd,2,company;uninformative,1
3272,1-3T5XQ7Q,MVRL60363,M & B Vilches Pty Ltd,2,company;uninformative,1
3273,1-XTB-214,MVRL32867,M & C Mortimer Pty Ltd,2,company;uninformative,1
3274,1-3PA7DZ6,MVRL59490,M & F PRESTIGE PTY LTD,2,company;uninformative,1
3275,1-J5D390,MVRL48663,M & K Smart PTY LTD,2,company;uninformative,1
3276,1-3ZQK92Y,MVRL61159,M & K SUTTON INVESTMENT CO PTY LTD,2,company;uninformative,1
3277,1-46J86WO,MVRL62106,M & M Ridley Pty Ltd,2,company;uninformative,1
3278,1-42PUJWC,MVRL61589,M & M Zaouk Pty Ltd,2,company;uninformative,1
3279,1-XTH-1825,MVRL5784,M & P Lloyd Pty Ltd,2,company;uninformative,1
3280,1-3TINI2G,MVRL60474,M & S Blackie Pty Ltd,2,company;uninformative,1
3281,1-3Y7EURO,MVRL61058,M & S Industries Co Pty Ltd,2,company;uninformative,1
3282,1-3QXYHNI,MVRL59968,M & T HIPWELL PTY LTD,2,company;uninformative,1
3283,1-2UNDVCA,MVRL54451,M C Spanner Pty Ltd,2,company;uninformative,1
3284,1-XT3-3170,MVRL28570,M E D ( Aust) Pty Ltd,2,company;uninformative,1
3285,1-2P302QX,MVRL54441,M H B Prestige Pty Ltd,2,company;uninformative,1
3286,1-3L6RVXI,MVRL58203,M HUSSAIN PTY LTD,2,company;uninformative,1
3287,1-XT3-1088,MVRL24142,M L Wray  & Co Pty Ltd,2,company;uninformative,1
3288,1-3JS133M,MVRL57598,M M Ditton Pty Ltd,2,company;uninformative,1
3289,1-XTB-3687,MVRL40102,M R B Autobodies Pty Ltd,2,company;uninformative,1
3290,1-2X9PDV1,MVRL54669,M&M Trinity Pty Ltd,2,company;uninformative,1
3291,1-3X7M83Z,MVRL60868,M.D. Conversions Pty Ltd,2,company;uninformative,1
3292,1-3PDQ9I0,MVRL59462,M.H. My Hiep Pty Ltd,2,company;uninformative,1
3293,1-3S03LBI,MVRL60011,M.P. AUTOHAUS PTY LTD,2,company;uninformative,1
3294,1-XT3-4646,MVRL31652,MA Murphy Pty Ltd,2,company;uninformative,1
3295,1-1CGU45M,MVRL51602,MAAS Group Holdings Pty Ltd,2,company;uninformative,1
3296,1-3LRT1V8,MVRL58382,MAC Deisal Pty Ltd,2,company;uninformative,1
3297,1-3P7DMK1,MVRL59489,Macarthur Autobody Pty Ltd,2,company;uninformative,1
3298,1-4D9PB1Q,MVRL63210,MACARTHUR HYDRAULICS TAIL LIFT PTY LTD,2,company;uninformative,1
3299,1-2WIAKJ3,MVRL54569,Machina Magica Pty Ltd,2,company;uninformative,1
3300,1-3P90UM0,MVRL59627,MACHINE MAINTENANCE SOLUTIONS PTY LTD,2,company;uninformative,1
3301,1-4IG2BZS,MVRL64161,MACHOP SOLUTIONS PTY LTD,2,company;uninformative,1
3302,1-3PYUMEQ,MVRL59740,MACNOCH PTY LTD,2,company;uninformative,1
3303,1-XTB-2460,MVRL38078,MacPhersons Pty Ltd,2,company;uninformative,1
3304,1-41A58HO,MVRL61485,MACROOM PTY LTD,2,company;uninformative,1
3305,1-XSI-2761,MVRL16889,Mactoy Pty Ltd,2,company;uninformative,1
3306,1-J016P0,MVRL48802,Magnum N.S.W. Pty Ltd,2,company;uninformative,1
3307,1-XSI-4293,MVRL20244,Mailfert-Landolfi Holdings Pty Ltd,2,company;uninformative,1
3308,1-3MSHQ76,MVRL58774,MAIN RELIEF HYDRAULICS PTY LTD,2,company;uninformative,1
3309,1-420TW98,MVRL61628,MAITLAND4WD PTY LTD,2,company;uninformative,1
3310,1-SPK96J,MVRL49793,Major Enterprises Australia Pty Ltd,2,company;uninformative,1
3311,1-45XV7R2,MVRL61988,MAKHDOOM HOLDINGS PTY LTD,2,company;uninformative,1
3312,1-MBAE6I,MVRL49136,Maleya Pty Ltd,2,company;uninformative,1
3313,1-XTB-720,MVRL34906,Malfact Pty Ltd,2,company;uninformative,1
3314,1-XT3-4815,MVRL32028,Maloso Pty Ltd,2,company;uninformative,1
3315,1-XTB-238,MVRL32907,Manheim Pty Ltd,2,company;uninformative,1
3316,1-XTB-2239,MVRL37680,Manly Valley Pty Ltd,2,company;uninformative,1
3317,1-XTB-235,MVRL32904,Mannell Group Pty Ltd,2,company;uninformative,1
3318,1-1JRXZJ7,MVRL52093,Manning Valley Motor Holdings Pty Ltd,2,company;uninformative,1
3319,1-4DQEQHE,MVRL63325,Mardino Pty Ltd,2,company;uninformative,1
3320,1-XTB-3647,MVRL40049,Marendy Enterprises Pty Limited,2,company;uninformative,1
3321,1-U5DR8J,MVRL49898,Marriott Tree Equipment Pty Ltd,2,company;uninformative,1
3322,1-3PWO4YC,MVRL59565,MARTEK PTY LTD,2,company;uninformative,1
3323,1-3O5JD65,MVRL59245,Martin Farming Co Pty Ltd,2,company;uninformative,1
3324,1-4ELDZFC,MVRL63556,MARTLAND HOLDINGS PTY LTD,2,company;uninformative,1
3325,1-49JM6FY,MVRL62606,MARVICK HOLDING PTY. LIMITED,2,company;uninformative,1
3326,1-3HV7B4W,MVRL57121,Masarela Pty Ltd,2,company;uninformative,1
3327,1-1QDFVWE,MVRL52419,Masri Trading Pty Ltd,2,company;uninformative,1
3328,1-3Y2YNIU,MVRL60970,MAT WIDDISON PTY LTD,2,company;uninformative,1
3329,1-3P840PJ,MVRL59468,Matade Pty Ltd,2,company;uninformative,1
3330,1-DT670J,MVRL48152,Matt Boyd Pty Ltd,2,company;uninformative,1
3331,1-1H21E0I,MVRL51898,Matt Molloy Pty Ltd,2,company;uninformative,1
3332,1-3J0TZ08,MVRL57400,MAVIES ENTERPRISES PTY LTD,2,company;uninformative,1
3333,1-FETS3H,MVRL48361,Maxiquip Australia Pty Ltd,2,company;uninformative,1
3334,1-A6N7QJ,MVRL47857,MC 31 Pty Ltd,2,company;uninformative,1
3335,1-3OBWM16,MVRL59117,MCB Partners Aust Pty Ltd,2,company;uninformative,1
3336,1-40S9M8I,MVRL61371,MCCUTCHEON AGRI PTY LTD,2,company;uninformative,1
3337,1-XTH-525,MVRL43361,MCG Pty Ltd,2,company;uninformative,1
3338,1-3ZUJR15,MVRL61135,McIntosh MCK Pty Ltd,2,company;uninformative,1
3339,1-XTH-542,MVRL43379,MCM Sutherland Pty Ltd,2,company;uninformative,1
3340,1-35GIMZZ,MVRL55459,MCPHERSON FT PTY LTD,2,company;uninformative,1
3341,1-4GG865O,MVRL63851,MCWRIGHT GROUP PTY LTD,2,company;uninformative,1
3342,1-49Z1SIS,MVRL62617,MDS FAMILY (NSW) PTY LTD,2,company;uninformative,1
3343,1-4E3EYNO,MVRL63289,Meadowworks Pty Ltd,2,company;uninformative,1
3344,1-4FK7U8U,MVRL63763,MEC DIRECT PTY LTD,2,company;uninformative,1
3345,1-3KTRUB4,MVRL58110,Mechanika Pty Ltd,2,company;uninformative,1
3346,1-3PIU4OA,MVRL59763,Mechlec Group Pty Ltd,2,company;uninformative,1
3347,1-2A1I116,MVRL53568,Mediatel Australia Pty Limited,2,company;uninformative,1
3348,1-1LQURMR,MVRL52250,Megadent Australia Pty Ltd,2,company;uninformative,1
3349,1-478PESS,MVRL62286,MEHRAZ PTY LTD,2,company;uninformative,1
3350,1-XTB-3210,MVRL39269,Melc Pty Ltd,2,company;uninformative,1
3351,1-2PIWOH,MVRL45340,Melray Enterprises Pty Ltd,2,company;uninformative,1
3352,1-XT3-3242,MVRL28741,Menzagopian Family Holdings Pty Ltd,2,company;uninformative,1
3353,1-43KQZ31,MVRL61649,Meridian Industries Pty Ltd,2,company;uninformative,1
3354,1-3PE5N3Q,MVRL59387,MERRICK GROUP PTY LTD,2,company;uninformative,1
3355,1-20Z15T3,MVRL53105,Metele Pty. Ltd.,2,company;uninformative,1
3356,1-321ICW5,MVRL54974,Metl Pty Ltd,2,company;uninformative,1
3357,1-42YVHCE,MVRL61588,MEXANDER PARK INVESTMENTS PTY LTD,2,company;uninformative,1
3358,1-M22SB4,MVRL49127,MFour Investments Pty Ltd,2,company;uninformative,1
3359,1-3DNMIUG,MVRL56558,MGC (NSW) PTY LTD,2,company;uninformative,1
3360,1-42VSUBS,MVRL61679,MHL GROUP (AUST) PTY LTD,2,company;uninformative,1
3361,1-ZJP5KN,MVRL50560,MHVP Pty Ltd,2,company;uninformative,1
3362,1-XSI-4150,MVRL19914,Mica Group Pty Ltd,2,company;uninformative,1
3363,1-1J3W1MM,MVRL52052,Micallef Investments Group Pty Ltd,2,company;uninformative,1
3364,1-4IJZ03A,MVRL64115,Micallef Motor Co Pty Ltd,2,company;uninformative,1
3365,1-2WBAT3R,MVRL54613,Michael Ashton Pty Ltd,2,company;uninformative,1
3366,1-3TPC6MS,MVRL60374,Michael Harb Enterprises Pty Ltd,2,company;uninformative,1
3367,1-49H81FU,MVRL62607,MICHAEL SAPIENZA PTY LTD,2,company;uninformative,1
3368,1-3NYOF3Z,MVRL59092,Micjamhay Pty Ltd,2,company;uninformative,1
3369,1-2MKBSF9,MVRL54280,Midland Pty Ltd,2,company;uninformative,1
3370,1-XTB-30,MVRL325,Mike Blewitt Pty Ltd,2,company;uninformative,1
3371,1-L8TCM4,MVRL49045,Mikhael & Co Pty Ltd,2,company;uninformative,1
3372,1-3EI0Z2I,MVRL56808,Milfred Pty Ltd,2,company;uninformative,1
3373,1-1D32FRD,MVRL51631,Miller & Griggs Pty Ltd,2,company;uninformative,1
3374,1-3EKLM82,MVRL56781,MILMUR PTY LTD,2,company;uninformative,1
3375,1-43FTDR8,MVRL61716,Minespec NSW Pty Ltd,2,company;uninformative,1
3376,1-XTB-4170,MVRL4100,Minford Pty Ltd,2,company;uninformative,1
3377,1-XTH-1730,MVRL5615,Miranda Autobody Pty Ltd,2,company;uninformative,1
3378,1-XSI-84,MVRL10238,Mitata Investments Pty Ltd,2,company;uninformative,1
3379,1-456DEN4,MVRL61987,Mitchell's Refinishing Pty Ltd,2,company;uninformative,1
3380,1-15ZL1BF,MVRL51189,Mitrock Pty Ltd,2,company;uninformative,1
3381,1-PGY3NP,MVRL49484,Mitton Bros. Pty. Ltd,2,company;uninformative,1
3382,1-3CNYFL9,MVRL56411,Mixdup Pty Ltd,2,company;uninformative,1
3383,1-XT3-471,MVRL22795,MJ & CL Taylor Pty Ltd,2,company;uninformative,1
3384,1-48DRU25,MVRL62427,MJAC Contracting Pty Ltd,2,company;uninformative,1
3385,1-3Q0C1BQ,MVRL59574,MNDS GROUP PTY LTD,2,company;uninformative,1
3386,1-2UO8J3,MVRL45428,MNP Group Pty Ltd,2,company;uninformative,1
3387,1-XTH-590,MVRL43460,Modatech Pty Ltd,2,company;uninformative,1
3388,1-3CQ64D6,MVRL56468,MODFLOW PTY LTD,2,company;uninformative,1
3389,1-4FAJPS8,MVRL63721,MODIFIED EXPLORER PTY LTD,2,company;uninformative,1
3390,1-3TYGE2Q,MVRL60448,Mohring Group Pty Ltd,2,company;uninformative,1
3391,1-C2V7S3,MVRL48063,Molesworth Pty Ltd,2,company;uninformative,1
3392,1-XTB-4465,MVRL41525,Momec Pty Ltd,2,company;uninformative,1
3393,1-13AM2NX,MVRL50828,Monitor Industries Pty Ltd,2,company;uninformative,1
3394,1-4FX6YE8,MVRL63795,MOORE'S TOURS COMPANY PTY LTD,2,company;uninformative,1
3395,1-3X3DPZC,MVRL60882,MORTIMER CO PTY LTD,2,company;uninformative,1
3396,1-1LEGYX5,MVRL52471,Mosman Prestige Cars Pty Ltd,2,company;uninformative,1
3397,1-248MZ4T,MVRL53386,Motaone Pty Ltd,2,company;uninformative,1
3398,1-2AE1OMD,MVRL53588,Motasil Pty Ltd,2,company;uninformative,1
3399,1-37MNIWJ,MVRL55821,MOTOCITY WOLLONGONG PTY LTD,2,company;uninformative,1
3400,1-ZEUXE8,MVRL50565,Motohub Pty Ltd,2,company;uninformative,1
3401,1-3VO9HHC,MVRL60586,Motor Bodyshop Solutions Pty Ltd,2,company;uninformative,1
3402,1-XTH-1778,MVRL5698,Motor Care Pty Ltd,2,company;uninformative,1
3403,1-43NIM68,MVRL61792,Motor Renn Werks Pty Ltd,2,company;uninformative,1
3404,1-FG0GEZ,MVRL48369,Motormatics Pty Ltd,2,company;uninformative,1
3405,1-1RSK2RS,MVRL52637,Motormotive Pty Ltd,2,company;uninformative,1
3406,1-37HSR25,MVRL55779,Motorone Autobody Pty Ltd,2,company;uninformative,1
3407,1-XTH-729,MVRL43713,Motorserve Pty Ltd,2,company;uninformative,1
3408,1-XTB-4362,MVRL41320,Motorworks Pty Ltd,2,company;uninformative,1
3409,1-2T5J5U,MVRL45390,Motoshop Pty Ltd,2,company;uninformative,1
3410,1-1K9IHJP,MVRL52455,Motoxtremesport Pty Limited,2,company;uninformative,1
3411,1-4E2E56Y,MVRL63506,MOUNT THORLEY OPERATIONS PTY LIMITED,2,company;uninformative,1
3412,1-XTB-3308,MVRL39440,Mountain Goats Pty Ltd,2,company;uninformative,1
3413,1-XSI-295,MVRL11068,Moxile Pty Ltd,2,company;uninformative,1
3414,1-458G35I,MVRL61838,MPB PTY LTD,2,company;uninformative,1
3415,1-3DJTV8M,MVRL56552,MPSR GROUP PTY LTD,2,company;uninformative,1
3416,1-41LXNNO,MVRL61407,MR & TL PTY LTD,2,company;uninformative,1
3417,1-3NIC5LW,MVRL58963,Mr Autosports Pty Ltd,2,company;uninformative,1
3418,1-4JJUKIW,MVRL64282,MR PD & R PTY LTD,2,company;uninformative,1
3419,1-4EGRVEI,MVRL63492,MRC DEVELOPMENTS PTY LTD,2,company;uninformative,1
3420,1-3IQDWZW,MVRL57381,MTA GROUP AUSTRALIA PTY LTD,2,company;uninformative,1
3421,1-4CB71TU,MVRL63086,MTQ ENGINE SYSTEMS PTY LTD,2,company;uninformative,1
3422,1-3VP3W6O,MVRL60739,MTRAX PTY LTD,2,company;uninformative,1
3423,1-3JIA7WK,MVRL57531,MTSCC PTY LTD,2,company;uninformative,1
3424,1-3E168DF,MVRL56582,Muller & Muller Dural Pty Ltd,2,company;uninformative,1
3425,1-3GJLWO0,MVRL57071,Multiquip Pty Ltd,2,company;uninformative,1
3426,1-4HXHID6,MVRL64057,Munza Pty Ltd,2,company;uninformative,1
3427,1-XSI-3255,MVRL18018,Murgas Pty Ltd,2,company;uninformative,1
3428,1-XT3-2919,MVRL28090,Murrumbidgee Irrigation Ltd,2,company;uninformative,1
3429,1-3VZGN3I,MVRL60731,Muscle Car Worx Pty Ltd,2,company;uninformative,1
3430,1-478MY6S,MVRL62247,Musclehire Pty Ltd,2,company;uninformative,1
3431,1-35SS4VP,MVRL55516,Muswellmotive Pty Ltd,2,company;uninformative,1
3432,1-24680KT,MVRL53278,MV Agusta Parramatta Pty Ltd,2,company;uninformative,1
3433,1-4E0LJ6A,MVRL63431,MW TOOLBOX MANUFACTURING (NSW) PTY LTD,2,company;uninformative,1
3434,1-4EH9ONI,MVRL63528,MY ASSISTANCE PTY LTD,2,company;uninformative,1
3435,1-45OPJ2U,MVRL62067,MY AUTOZONE PTY LTD,2,company;uninformative,1
3436,1-3H7F1SO,MVRL57126,MYEXIM GROUP PTY LTD,2,company;uninformative,1
3437,1-3MHEYKE,MVRL58623,MYKOLAI PTY LTD,2,company;uninformative,1
3438,1-4DK1060,MVRL63298,MYLAB GROUP PTY LTD,2,company;uninformative,1
3439,1-3AV881O,MVRL56188,N & J BARNES PTY LTD,2,company;uninformative,1
3440,1-3IEX9VQ,MVRL57318,N & M Pizzingrilli Pty Ltd,2,company;uninformative,1
3441,1-2XALWF1,MVRL54663,N Hendricks Pty Ltd,2,company;uninformative,1
3442,1-40NNG3A,MVRL61300,N&A MANUFACTURING PTY LTD,2,company;uninformative,1
3443,1-3NWXOS6,MVRL59121,N&G PRESTIGE PTY LTD,2,company;uninformative,1
3444,1-3TCNG4C,MVRL60256,N.E.S. PTY. LIMITED,2,company;uninformative,1
3445,1-4IYVQ9M,MVRL64279,N.K.Sharma Pty Ltd,2,company;uninformative,1
3446,1-XTB-2680,MVRL38508,N.M. Owen Pty Ltd,2,company;uninformative,1
3447,1-3JIG12U,MVRL57488,NA GROUP PTY LTD,2,company;uninformative,1
3448,1-XSI-465,MVRL11315,Nadana Pty Ltd,2,company;uninformative,1
3449,1-VNXO8H,MVRL50083,Nader Group Convenience Pty Ltd,2,company;uninformative,1
3450,1-XTB-237,MVRL32906,Nader Group Pty Ltd,2,company;uninformative,1
3451,1-3B50ULU,MVRL56225,NAIKOMBA PTY LTD,2,company;uninformative,1
3452,1-1MR891I,MVRL52272,Nairav Pty Ltd,2,company;uninformative,1
3453,1-4E2JNUW,MVRL63365,Narayan Family Investments Pty Ltd,2,company;uninformative,1
3454,1-2GY2M99,MVRL53862,Nathan Quinn Investments Pty Ltd,2,company;uninformative,1
3455,1-3E3PUS2,MVRL56705,NATRAD WAGGA PTY LTD,2,company;uninformative,1
3456,1-3KCQC2Y,MVRL58073,NAUTIQUE CENTRAL NSW PTY LTD,2,company;uninformative,1
3457,1-3LQEJQK,MVRL58372,NAVE FORTE PTY LTD,2,company;uninformative,1
3458,1-15VF0DF,MVRL51269,Navpark Pty Ltd,2,company;uninformative,1
3459,1-3Z6E4CU,MVRL61151,NEA Management Pty Ltd,2,company;uninformative,1
3460,1-XUC-2437,MVRL42359,Nevacc Australia Pty Ltd,2,company;uninformative,1
3461,1-3F1LOHY,MVRL56789,New Centenary Pty Limited,2,company;uninformative,1
3462,1-DO575D,MVRL48196,New Prototype Pty Ltd,2,company;uninformative,1
3463,1-1MAKMW5,MVRL52340,New Twin Hitech Pty Ltd,2,company;uninformative,1
3464,1-3JIEDNO,MVRL57585,NEWCASTLE CARMOTIVE PTY LTD,2,company;uninformative,1
3465,1-1IL5OFN,MVRL51961,Newcastle Independent Elevators Pty Ltd,2,company;uninformative,1
3466,1-3ZF59ES,MVRL61146,Newcastle OOT4WD Pty Ltd,2,company;uninformative,1
3467,1-1N1UVVQ,MVRL52338,Neysie Enterprises Pty Ltd,2,company;uninformative,1
3468,1-3ZFXUSU,MVRL61225,NEYSIE GROUP PTY LTD,2,company;uninformative,1
3469,1-1BRHJVA,MVRL51508,NEYSIE PTY LTD,2,company;uninformative,1
3470,1-4C8DI4K,MVRL63176,NICHOLLSCURRA PTY LTD,2,company;uninformative,1
3471,1-XSI-2196,MVRL15693,Nikitaras Holdings Pty Ltd,2,company;uninformative,1
3472,1-2FN5O41,MVRL53734,Nippon Imports Pty Ltd,2,company;uninformative,1
3473,1-3SZRZ88,MVRL60372,Nirojan Pty Ltd,2,company;uninformative,1
3474,1-3NSSWXP,MVRL59065,NJ Maclean Pty Ltd,2,company;uninformative,1
3475,1-3T2I9PI,MVRL60290,NJP Pty Ltd,2,company;uninformative,1
3476,1-3CLVJAO,MVRL56488,NM & AA FOLEY CONTRACTING PTY LTD,2,company;uninformative,1
3477,1-37B878Z,MVRL55760,NME SOLUTIONS PTY LTD,2,company;uninformative,1
3478,1-3M9P096,MVRL58569,NO EVADENTS PTY LTD,2,company;uninformative,1
3479,1-3TW9G32,MVRL60398,Nolemonz Pty Ltd,2,company;uninformative,1
3480,1-3P8T1IA,MVRL59676,NOOR & SONS CORPORATE PTY LTD,2,company;uninformative,1
3481,1-3HGBVUR,MVRL57113,Noppen Air Pty Ltd,2,company;uninformative,1
3482,1-9KJPIQ,MVRL47755,Norrie Pastoral & Livestock Pty Ltd,2,company;uninformative,1
3483,1-3E8B2D4,MVRL56657,NORRIS ENDEAVOURS PTY LTD,2,company;uninformative,1
3484,1-3A0OYQ7,MVRL56063,NORSI PTY LTD,2,company;uninformative,1
3485,1-47R1QCC,MVRL62650,NORSKCO PTY LTD,2,company;uninformative,1
3486,1-2JSB31P,MVRL53960,North Glennie Pty Ltd,2,company;uninformative,1
3487,1-XTH-3435,MVRL9650,North Shore Cement & Sand Pty Ltd,2,company;uninformative,1
3488,1-XTB-736,MVRL34938,North Star Serve Pty Ltd,2,company;uninformative,1
3489,1-4HZXEJN,MVRL63976,Northern Rivers European Pty Ltd,2,company;uninformative,1
3490,1-XTB-4763,MVRL42098,Noterush Pty Ltd,2,company;uninformative,1
3491,1-3LXSA4A,MVRL58500,NOVA PITSTOP PTY LTD,2,company;uninformative,1
3492,1-LJM7MF,MVRL49102,Novocastrian Scaffolding & Access Equipment Pty Ltd,2,company;uninformative,1
3493,1-3S7HUEK,MVRL59994,Nowjay Pty Ltd,2,company;uninformative,1
3494,1-3T0WR2Q,MVRL60222,NSGF Pty Ltd,2,company;uninformative,1
3495,1-XTB-4328,MVRL41249,NST Investment Pty Ltd,2,company;uninformative,1
3496,1-48U4BUM,MVRL62389,NSW CABS PTY LTD,2,company;uninformative,1
3497,1-3OK9Y0O,MVRL59258,NU LOOK FINISHING PTY LTD,2,company;uninformative,1
3498,1-PD92NH,MVRL49476,Nustad Pty Ltd,2,company;uninformative,1
3499,1-3PX3PDM,MVRL59690,O'Brien Aluminium Pty Ltd,2,company;uninformative,1
3500,1-3WJ9CI2,MVRL60845,O'CONNOR ENTERPRISES PTY LTD,2,company;uninformative,1
3501,1-2VI7OKU,MVRL54477,O'leary Industries Pty Ltd,2,company;uninformative,1
3502,1-4BNHXZO,MVRL62846,Obieco Australia Pty Ltd,2,company;uninformative,1
3503,1-4EJP6H1,MVRL64312,Oc Car Pty Ltd,2,company;uninformative,1
3504,1-15F5NUH,MVRL51029,Ocean Beach TP Pty Ltd,2,company;uninformative,1
3505,1-XT3-4842,MVRL32081,Oltoy Pty Ltd,2,company;uninformative,1
3506,1-18VJEUX,MVRL51412,Omk Investments Pty Ltd,2,company;uninformative,1
3507,1-DYA1Y2,MVRL48148,On All 4's Pty Ltd,2,company;uninformative,1
3508,1-3Y6FMOA,MVRL60985,ON TARGET ADAS PTY LTD,2,company;uninformative,1
3509,1-2JE2P5W,MVRL53907,Onetrak Pty Ltd,2,company;uninformative,1
3510,1-5HJYAR,MVRL46931,Ongmac Trading Pty Ltd,2,company;uninformative,1
3511,1-1NUAZBY,MVRL52507,Onsite Express Maintenance Pty Ltd,2,company;uninformative,1
3512,1-369KR6P,MVRL55644,OPPIEUP PTY LIMITED,2,company;uninformative,1
3513,1-3N70GFK,MVRL58689,OPW (Australia) Pty Ltd,2,company;uninformative,1
3514,1-37N8JNB,MVRL55823,Organise Pty Ltd,2,company;uninformative,1
3515,1-394GYLR,MVRL56124,ORIGIN ENERGY ERARING PTY LIMITED,2,company;uninformative,1
3516,1-31VLOBN,MVRL55080,OURTOPIA INTERNATIONAL PTY LTD,2,company;uninformative,1
3517,1-4FFM6BG,MVRL63691,OUT WEST CONTRACTING PTY LTD,2,company;uninformative,1
3518,1-3QB9B0Y,MVRL59691,OUTBACK ENTERPRISES AUST PTY LTD,2,company;uninformative,1
3519,1-3ZV15PO,MVRL61277,OVERLANDER HOLDINGS PTY LTD,2,company;uninformative,1
3520,1-3QWRBDC,MVRL59806,Owers Nominees Pty Ltd,2,company;uninformative,1
3521,1-PR6U0J,MVRL49549,Ozacardi Holdings Pty Ltd,2,company;uninformative,1
3522,1-XTB-1237,MVRL35869,OzCar Pty Ltd,2,company;uninformative,1
3523,1-ZN1Z8C,MVRL50503,Ozzop Pty Ltd,2,company;uninformative,1
3524,1-46IWHY0,MVRL62194,P & B Said Holdings Pty Ltd,2,company;uninformative,1
3525,1-3D1NSAH,MVRL56497,P & K Bozicevic Pty Ltd,2,company;uninformative,1
3526,1-XTB-734,MVRL34931,P & L Riviere Enterprises Pty Ltd,2,company;uninformative,1
3527,1-PA9L10,MVRL49486,P & L Universe Holdings Pty Ltd,2,company;uninformative,1
3528,1-184X98Y,MVRL51423,P V Pirlo Investments Pty Ltd,2,company;uninformative,1
3529,1-Y3XNW3,MVRL50375,P. J. Flynn Pty Ltd,2,company;uninformative,1
3530,1-4DKUET4,MVRL63320,P.G. & S. LINEHAUL PTY LTD,2,company;uninformative,1
3531,1-3OYYJVY,MVRL59325,PACORTECH PTY LTD,2,company;uninformative,1
3532,1-XTH-282,MVRL43003,Pakridge Pty Ltd,2,company;uninformative,1
3533,1-XSI-3441,MVRL1845,Palfey Pty Ltd,2,company;uninformative,1
3534,1-432TZJW,MVRL61605,Palmira Holdings Group Pty Ltd,2,company;uninformative,1
3535,1-3Z0HLNK,MVRL61273,Pambier Pty Ltd,2,company;uninformative,1
3536,1-42QJZHX,MVRL61644,Panik Management Pty Ltd,2,company;uninformative,1
3537,1-3M6CBT7,MVRL58559,PAPT Pty Ltd,2,company;uninformative,1
3538,1-3CL2HVO,MVRL56415,Parcelle Pty Ltd,2,company;uninformative,1
3539,1-3OPDCRK,MVRL59217,PARKERS REFINISHERS PTY. LTD.,2,company;uninformative,1
3540,1-489AW0O,MVRL62231,PAS Autobody Pty Ltd,2,company;uninformative,1
3541,1-4FFHLZW,MVRL63674,PATRA INDUSTRIES PTY LTD,2,company;uninformative,1
3542,1-3GI3ZWN,MVRL56878,PATTOY PTY LTD,2,company;uninformative,1
3543,1-356LJ41,MVRL55478,Paul Edwards Industries Pty Ltd,2,company;uninformative,1
3544,1-3XPMLG9,MVRL60886,Paul Menz Pty Ltd,2,company;uninformative,1
3545,1-3YEJJWR,MVRL60995,Paul Newby Pty Ltd,2,company;uninformative,1
3546,1-3L1A5J,MVRL46116,Paul Nielsen Pty Ltd,2,company;uninformative,1
3547,1-XTB-4151,MVRL40971,Paula Gresham Pty Ltd,2,company;uninformative,1
3548,1-364T3JZ,MVRL55555,Paull and Warner - NSW Pty Ltd,2,company;uninformative,1
3549,1-7HRB0O,MVRL47433,Pauls Automatics Pty Ltd,2,company;uninformative,1
3550,1-41QKPHF,MVRL61420,PBSR ONE Pty Ltd,2,company;uninformative,1
3551,1-3JVPVQO,MVRL57767,PDR AUTOHOUSE PTY LTD,2,company;uninformative,1
3552,1-R5G353,MVRL49702,PDR Perfection Pty Ltd,2,company;uninformative,1
3553,1-3H67E6,MVRL46090,Peacock & Moskwa Enterprises Pty Ltd,2,company;uninformative,1
3554,1-47MKJ4I,MVRL62417,PEDDERS TAMWORTH PTY LTD,2,company;uninformative,1
3555,1-2IUISGU,MVRL53993,Penrith Powersports Pty Ltd,2,company;uninformative,1
3556,1-XTB-616,MVRL34674,Penske Australia Pty Ltd,2,company;uninformative,1
3557,1-2BOR3C1,MVRL53664,People On The Move Pty Ltd,2,company;uninformative,1
3558,1-4B9I82W,MVRL62707,Perfect Autobody Sydney Pty Ltd,2,company;uninformative,1
3559,1-DINLV5,MVRL48093,Perfect Run Japan Pty Ltd,2,company;uninformative,1
3560,1-XTB-3596,MVRL39985,Peter & Diana Hubbard Pty Ltd,2,company;uninformative,1
3561,1-3Z5U9YI,MVRL61113,PETERSON AND PARLETT PTY LTD,2,company;uninformative,1
3562,1-3MR2LEK,MVRL58682,PETHER AG PTY LTD,2,company;uninformative,1
3563,1-454ADKI,MVRL61936,Pettit Autoworks Pty Ltd,2,company;uninformative,1
3564,1-4I17X24,MVRL64183,PH & AJ CO. PTY LIMITED,2,company;uninformative,1
3565,1-XTB-3894,MVRL40471,Phantom One Enterprises Pty Ltd,2,company;uninformative,1
3566,1-XT3-4508,MVRL3136,Phil O'Sullivan Pty Ltd,2,company;uninformative,1
3567,1-40UN7NW,MVRL61317,PHILLIPS CONCEPTS PTY LTD,2,company;uninformative,1
3568,1-OXK5P7,MVRL49442,Pickles Auctions Pty. Limited,2,company;uninformative,1
3569,1-3P13OLM,MVRL59298,PIRTEK (GOULBURN) PTY LTD,2,company;uninformative,1
3570,1-XTB-1225,MVRL35852,Pirtek (Hunter Valley) Pty Ltd,2,company;uninformative,1
3571,1-4FDN8OU,MVRL63715,PJ'S CHEAPER CHOICE PTY LIMITED,2,company;uninformative,1
3572,1-1TN7S4R,MVRL52679,PJKK Pty Ltd,2,company;uninformative,1
3573,1-15R1IT4,MVRL51064,PJL Group Pty Ltd,2,company;uninformative,1
3574,1-45G1J2C,MVRL61906,PK KASHMIR PTY LTD,2,company;uninformative,1
3575,1-45IXSFG,MVRL61946,PKMC EAST COAST PTY LIMITED,2,company;uninformative,1
3576,1-3W4F082,MVRL60823,PLAIN BOX PTY LTD,2,company;uninformative,1
3577,1-3ERZM36,MVRL56723,PLANET UTE PTY. LTD.,2,company;uninformative,1
3578,1-1903IQ1,MVRL51381,Platinum PDR Australia Pty Ltd,2,company;uninformative,1
3579,1-2VLI7LJ,MVRL54549,PNJ Holdings Pty Ltd,2,company;uninformative,1
3580,1-298ZAXO,MVRL53594,Pokerplus Pty Ltd,2,company;uninformative,1
3581,1-XTB-107,MVRL32660,Polgage Pty Ltd,2,company;uninformative,1
3582,1-3Z7KBD0,MVRL61167,POO CARTERS PTY LTD,2,company;uninformative,1
3583,1-4EI3VUY,MVRL63627,PORSCHA HAUS PTY LTD,2,company;uninformative,1
3584,1-XEPG4E,MVRL50278,Port Macquarie Automatics Pty Ltd,2,company;uninformative,1
3585,1-BTOGZ3,MVRL48398,Power Beyond Hydraulics No 2 Pty Ltd,2,company;uninformative,1
3586,1-36T2TN7,MVRL55748,Powerboats Pty Ltd,2,company;uninformative,1
3587,1-J9CPEZ,MVRL48718,Powerdown Australia Pty Ltd,2,company;uninformative,1
3588,1-37C3699,MVRL55744,PR TECHNOLOGY PTY LTD,2,company;uninformative,1
3589,1-2N8E3KO,MVRL54345,Practical Trading Pty Ltd,2,company;uninformative,1
3590,1-3PO2IZW,MVRL59366,PRANAY PTY LTD,2,company;uninformative,1
3591,1-3I14ULW,MVRL57200,PRANCER PTY LTD,2,company;uninformative,1
3592,1-XTH-60,MVRL42580,Precise Autocraft Pty Ltd,2,company;uninformative,1
3593,1-1PYKVFP,MVRL52634,Predl Pty Ltd,2,company;uninformative,1
3594,1-XTB-3764,MVRL40223,Prestige Autosalon Pty Ltd,2,company;uninformative,1
3595,1-Q8220W,MVRL49601,Prestige Vehicle Compliancing Pty Ltd,2,company;uninformative,1
3596,1-3L5OHEU,MVRL58199,PRIDE PRESTIGE PTY LIMITED,2,company;uninformative,1
3597,1-XTB-1504,MVRL36339,Prime Car Products Pty Ltd,2,company;uninformative,1
3598,1-4I0TLD7,MVRL64106,Primo Car Removal Pty Ltd,2,company;uninformative,1
3599,1-4EFLH4Y,MVRL63487,PRO BUILT INDUSTRIES PTY LTD,2,company;uninformative,1
3600,1-1EPYHB1,MVRL51695,Pro-Axle Newcastle Pty Ltd,2,company;uninformative,1
3601,1-2A572CL,MVRL53577,Procar Pty Limited,2,company;uninformative,1
3602,1-XT3-819,MVRL23563,Procare Pty Ltd,2,company;uninformative,1
3603,1-XTB-3907,MVRL40503,Procycles (Hornsby) Pty Ltd,2,company;uninformative,1
3604,1-4HRC1Z8,MVRL64135,PROFLEX SOLUTIONS PTY LTD,2,company;uninformative,1
3605,1-42MUFF6,MVRL61662,Project Overlander Pty Ltd,2,company;uninformative,1
3606,1-9JHRNJ,MVRL47750,Promine Contracting Pty Ltd,2,company;uninformative,1
3607,1-31DP7KJ,MVRL54930,Prosperare Pty Ltd,2,company;uninformative,1
3608,1-2BI2625,MVRL53677,Protection Barriers Pty Ltd,2,company;uninformative,1
3609,1-1L45I6B,MVRL52183,Protoblast Company Pty Ltd,2,company;uninformative,1
3610,1-3LMTE2I,MVRL58369,PROTRACK PTY LTD,2,company;uninformative,1
3611,1-XTH-3454,MVRL970,Proven Products Pty Ltd,2,company;uninformative,1
3612,1-4IGNA12,MVRL64112,PSALTIS TRADING PTY LTD,2,company;uninformative,1
3613,1-42RCAX2,MVRL61650,PSC (Aust) Pty Ltd,2,company;uninformative,1
3614,1-XXL25E,MVRL50414,PT Western Plains Pty Ltd,2,company;uninformative,1
3615,1-3AG3291,MVRL56100,Pumuni Pty Ltd,2,company;uninformative,1
3616,1-3ZTLTXE,MVRL61191,PURNELL ADVENTURE PTY LTD,2,company;uninformative,1
3617,1-XTH-3470,MVRL9736,Purtill Bros Nominees Pty Ltd,2,company;uninformative,1
3618,1-22STXEJ,MVRL53161,PW & J Pty Ltd,2,company;uninformative,1
3619,1-3BPQ3TI,MVRL56272,PWH Enterprises Pty Ltd,2,company;uninformative,1
3620,1-448O3X8,MVRL61865,Q-ONE-FIVE PTY LTD,2,company;uninformative,1
3621,1-XT3-3119,MVRL28479,Qantas Airways Ltd,2,company;uninformative,1
3622,1-4B9Z3RV,MVRL62737,QMC Better Together Pty Ltd,2,company;uninformative,1
3623,1-XTB-2858,MVRL38808,QMGN Pty Ltd,2,company;uninformative,1
3624,1-1XHFKBO,MVRL53104,Quicktech (Aust) Pty Ltd,2,company;uninformative,1
3625,1-4D5E15C,MVRL63249,R & E CO PTY LTD,2,company;uninformative,1
3626,1-3SDD7UA,MVRL60180,R BECKINGHAM PTY LIMITED,2,company;uninformative,1
3627,1-XTB-1228,MVRL3586,R C Barber & Son Pty Ltd,2,company;uninformative,1
3628,1-XSI-2704,MVRL16764,R E Grady Pty Ltd,2,company;uninformative,1
3629,1-18SNCZ9,MVRL51375,R G Tomkins Holding Pty Ltd,2,company;uninformative,1
3630,1-XTH-2885,MVRL8217,R J Nuss Removals Pty Ltd,2,company;uninformative,1
3631,1-7JI6IY,MVRL47442,R&N Adventures Pty Ltd,2,company;uninformative,1
3632,1-3R9YC54,MVRL60004,R.T. SYSTEMS PTY LTD,2,company;uninformative,1
3633,1-3I9JY24,MVRL57255,RACEONLY PTY LTD,2,company;uninformative,1
3634,1-1EYGN7L,MVRL51725,Racman Pty Ltd,2,company;uninformative,1
3635,1-XTB-1287,MVRL35960,Racwil Pty Ltd,2,company;uninformative,1
3636,1-XTB-3979,MVRL40655,Radiant Bodies Pty Ltd,2,company;uninformative,1
3637,1-2WS9OAL,MVRL54681,Rainbow Group Pty Ltd,2,company;uninformative,1
3638,1-3LLG8BO,MVRL58269,RAJAB INDUSTRIES PTY LTD,2,company;uninformative,1
3639,1-4HXHZUO,MVRL63995,RAJOYAN & SON PTY LTD,2,company;uninformative,1
3640,1-3P9KGRB,MVRL59512,Ralph Family Holdings Pty Ltd,2,company;uninformative,1
3641,1-422E4QW,MVRL61490,RALPHYS (NSW) PTY LTD,2,company;uninformative,1
3642,1-406EO1A,MVRL61285,RAMADGE FAMILY INVESTMENTS PTY LTD,2,company;uninformative,1
3643,1-41LTRI6,MVRL61495,Ramico Pty Ltd,2,company;uninformative,1
3644,1-4CNLQ8U,MVRL63126,Ramornie Rivers Pastoral Pty Ltd,2,company;uninformative,1
3645,1-4A1TT9M,MVRL62771,Ranea Holdings Pty Ltd,2,company;uninformative,1
3646,1-XSI-1516,MVRL14057,Rantselle Pty Ltd,2,company;uninformative,1
3647,1-3KBMUMG,MVRL58227,RAVS COMPLETE SOLUTIONS PTY. LTD.,2,company;uninformative,1
3648,1-3O9I622,MVRL59282,RAYER TRADING PTY LTD,2,company;uninformative,1
3649,1-3PSWKVA,MVRL59664,Raytons (NSW) Pty Limited,2,company;uninformative,1
3650,1-49AT26Y,MVRL62631,RC & FM Hemmings Pty Ltd,2,company;uninformative,1
3651,1-3LJIEIO,MVRL58334,RDO Equipment Pty Ltd,2,company;uninformative,1
3652,1-23M4JY5,MVRL53363,Real Steel Group Pty Ltd,2,company;uninformative,1
3653,1-3NS6SK,MVRL46158,Rebbeck Investment Holdings Pty Ltd,2,company;uninformative,1
3654,1-3ABHX4X,MVRL56145,Rebell Holdings Pty Ltd,2,company;uninformative,1
3655,1-4DD57OI,MVRL63152,REBORN AUTOGROUP PTY LTD,2,company;uninformative,1
3656,1-38ETWNZ,MVRL55903,Recreational Vehicles Pty Ltd,2,company;uninformative,1
3657,1-377P769,MVRL55766,RED BRAND PTY LTD,2,company;uninformative,1
3658,1-42VGSYO,MVRL61734,RED IS RED PTY LTD,2,company;uninformative,1
3659,1-4GRJV9S,MVRL63989,Redlen Group Pty Ltd,2,company;uninformative,1
3660,1-352FLD7,MVRL55423,Redwade Pty Ltd,2,company;uninformative,1
3661,1-3N6LN1C,MVRL58801,REEDBUILD PTY LTD,2,company;uninformative,1
3662,1-XT3-4754,MVRL31917,Reg Osborn Pty Ltd,2,company;uninformative,1
3663,1-4F9DIKA,MVRL63694,REGIONAL QUARRIES & CONCRETE PTY LIMITED,2,company;uninformative,1
3664,1-42ZE5L8,MVRL61583,Reglou Pty Ltd,2,company;uninformative,1
3665,1-2KE851T,MVRL54058,Reliance Motor Co Pty Ltd,2,company;uninformative,1
3666,1-2A273K5,MVRL53675,Reliance Motor Engineers Pty Ltd,2,company;uninformative,1
3667,1-4GRJQ8Y,MVRL63988,Remaint Pty Ltd,2,company;uninformative,1
3668,1-3MS7FYU,MVRL58768,REMAP SOLUTIONS PTY LTD,2,company;uninformative,1
3669,1-3Y7JT9O,MVRL60979,Ren & Den Pty Ltd,2,company;uninformative,1
3670,1-48UXCUW,MVRL62426,RENCO CONTRACTING PTY LTD,2,company;uninformative,1
3671,1-MNF9QJ,MVRL49166,Renno 2 Pty Ltd,2,company;uninformative,1
3672,1-2WGZH8U,MVRL54644,Reno Australia Pty Ltd,2,company;uninformative,1
3673,1-4DQ2R5F,MVRL63411,Rentawheel Pty Ltd,2,company;uninformative,1
3674,1-3RDHLU1,MVRL59878,Rentserv Pty Ltd,2,company;uninformative,1
3675,1-35IZSEV,MVRL55461,Resto Pros Pty Ltd,2,company;uninformative,1
3676,1-3PF4PX4,MVRL59384,RESTO WORX CONTRACTING PTY LTD,2,company;uninformative,1
3677,1-35QS6XD,MVRL55493,RETRENCHED PTY LTD,2,company;uninformative,1
3678,1-41TWP30,MVRL61640,Reux Holdings Pty Ltd,2,company;uninformative,1
3679,1-3PI09FO,MVRL59577,REVIVED RIDES PTY LTD,2,company;uninformative,1
3680,1-4KC6GC4,MVRL64393,REVLINE PTY LTD,2,company;uninformative,1
3681,1-4D5FO3U,MVRL63311,REVVIN MOTOR SPORTS PTY LTD,2,company;uninformative,1
3682,1-474JYGK,MVRL62592,REXIS PTY LTD,2,company;uninformative,1
3683,1-3IZQDYA,MVRL57497,RFCUSTOMS PTY LTD,2,company;uninformative,1
3684,1-XTB-3044,MVRL38968,RFD Australia Pty Ltd,2,company;uninformative,1
3685,1-3JW5DIK,MVRL57701,RG & RI Brunsdon Pty Ltd,2,company;uninformative,1
3686,1-3KDEFGI,MVRL57939,RICH RIVER AUTOBODY PTY. LTD.,2,company;uninformative,1
3687,1-3EN9JCA,MVRL56681,Rickmel Pty. Ltd.,2,company;uninformative,1
3688,1-XT3-993,MVRL23953,Rico Recovery Systems Aust Pty Ltd,2,company;uninformative,1
3689,1-3QR7EMY,MVRL59818,Ride Care Pty LTD,2,company;uninformative,1
3690,1-3ZR0S4P,MVRL61158,Riders Choice Pty Ltd,2,company;uninformative,1
3691,1-3DVUJX6,MVRL56531,Riders Highway Pty Ltd,2,company;uninformative,1
3692,1-X5WJX2,MVRL50255,Riding Rubber Pty Ltd,2,company;uninformative,1
3693,1-1VTZ0NZ,MVRL52819,Risker Pty Ltd,2,company;uninformative,1
3694,1-42VUCFU,MVRL61578,RIV TRANS PTY LTD,2,company;uninformative,1
3695,1-458UE05,MVRL62055,Riverina Co-operative Society Ltd,2,company;uninformative,1
3696,1-XSI-1962,MVRL15102,Rivtoy Pty Ltd,2,company;uninformative,1
3697,1-4KLF0IQ,MVRL64331,RJF AUTOSPORT PTY LTD,2,company;uninformative,1
3698,1-K4HUX7,MVRL48877,RJP Enterprises Pty Ltd,2,company;uninformative,1
3699,1-45R53NM,MVRL62108,RKL Investment Pty Ltd,2,company;uninformative,1
3700,1-2Z356NZ,MVRL54836,RM & KS PTY LTD,2,company;uninformative,1
3701,1-4DEWET8,MVRL63316,RMHD Pty Ltd,2,company;uninformative,1
3702,1-4F13FDS,MVRL63611,RNK AUTOMATIC PTY LTD,2,company;uninformative,1
3703,1-1096POB,MVRL50576,Road & Rural Mechancial Pty Ltd,2,company;uninformative,1
3704,1-3LQQ0N0,MVRL58342,ROAD TRACK AND TRAIL POWERSPORTS PTY LTD,2,company;uninformative,1
3705,1-XTB-2977,MVRL38852,Roadchill Management Pty Ltd,2,company;uninformative,1
3706,1-XTB-1491,MVRL36322,Robson Civil Projects Pty Ltd,2,company;uninformative,1
3707,1-XSI-2663,MVRL16677,Roger Moore Pty Ltd,2,company;uninformative,1
3708,1-2GD6W2M,MVRL53817,Rolem Pty Ltd,2,company;uninformative,1
3709,1-3DZU9HS,MVRL56625,Rolisa Pty Ltd,2,company;uninformative,1
3710,1-3E91N3M,MVRL56952,ROLLERS AUSTRALIA PTY LIMITED,2,company;uninformative,1
3711,1-XTH-119,MVRL42701,Romafra Pty Limited,2,company;uninformative,1
3712,1-4CABMD2,MVRL63058,ROMANO CARTAGE PTY. LIMITED,2,company;uninformative,1
3713,1-38F2OYX,MVRL55907,ROSS CONTRACTING PTY LTD,2,company;uninformative,1
3714,1-XTB-4219,MVRL41073,Rossam Pty Ltd,2,company;uninformative,1
3715,1-XSI-1554,MVRL14159,Rotary Motion Pty Ltd,2,company;uninformative,1
3716,1-35VTK3,MVRL45706,Rotormaster Pty Ltd,2,company;uninformative,1
3717,1-43NBIQE,MVRL61653,Rover Cats Pty Ltd,2,company;uninformative,1
3718,1-3QRBGA9,MVRL59843,Royale Wetherill Park Pty Ltd,2,company;uninformative,1
3719,1-XTB-4578,MVRL41757,Royans Dubbo Pty Ltd,2,company;uninformative,1
3720,1-XTB-2726,MVRL38575,Royans Newcastle Pty Ltd,2,company;uninformative,1
3721,1-XTH-1642,MVRL5399,Royans Wagga Pty Ltd,2,company;uninformative,1
3722,1-4IXDQYQ,MVRL64273,RPM DUBBO PTY LTD,2,company;uninformative,1
3723,1-153SZ57,MVRL50980,Rud Pty Ltd,2,company;uninformative,1
3724,1-45KMKVC,MVRL62150,RUFF TERRAIN PTY LTD,2,company;uninformative,1
3725,1-3H2RKZ6,MVRL57110,RURAL 4 X 4 PTY LTD,2,company;uninformative,1
3726,1-1JF6BP4,MVRL51968,Rusty Holdings Pty Ltd,2,company;uninformative,1
3727,1-3SEOOHE,MVRL60217,Rutherford OOT4WD Pty Ltd,2,company;uninformative,1
3728,1-3VPSJNJ,MVRL60656,RVCT Pty Ltd,2,company;uninformative,1
3729,1-45K55JQ,MVRL62152,RW & LA FLETCHER PTY LTD,2,company;uninformative,1
3730,1-473R8G4,MVRL62320,RWO CONTRACTING PTY LTD,2,company;uninformative,1
3731,1-1RFQHNI,MVRL52636,RXI Group Pty Ltd,2,company;uninformative,1
3732,1-4867C84,MVRL62233,S & B Buchanan Pty Ltd,2,company;uninformative,1
3733,1-4BBI5JG,MVRL62865,S & B Gordon Pty Ltd,2,company;uninformative,1
3734,1-42Z9FWD,MVRL61631,S & D Dixon Pty Ltd,2,company;uninformative,1
3735,1-3EC9VDP,MVRL56774,S & J Morrison Pty Ltd,2,company;uninformative,1
3736,1-3X9FXSP,MVRL60833,S & M Grima Holdings Pty Ltd,2,company;uninformative,1
3737,1-4C09WR0,MVRL63111,S & N GALLAGHER HOLDINGS PTY LTD,2,company;uninformative,1
3738,1-245K6W7,MVRL53407,S & R Morrison Pty Ltd,2,company;uninformative,1
3739,1-3VUAULP,MVRL60611,S Twins Pty Ltd,2,company;uninformative,1
3740,1-43E5KVC,MVRL61824,S.C.L FIELD PTY LTD,2,company;uninformative,1
3741,1-3JFX9AK,MVRL57534,S.J. READ PTY LTD,2,company;uninformative,1
3742,1-XT3-4478,MVRL31299,Saab Tech Pty Ltd,2,company;uninformative,1
3743,1-33N2D8H,MVRL55245,SAE AVIATION PTY LIMITED,2,company;uninformative,1
3744,1-14U6LN9,MVRL50959,Sah No 1 Pty Ltd,2,company;uninformative,1
3745,1-XTB-236,MVRL32905,Sahag Pty Ltd,2,company;uninformative,1
3746,1-479QCF6,MVRL62388,SAKS VENTURES PTY LTD,2,company;uninformative,1
3747,1-3KL7VNY,MVRL57909,SALAZAR ENTERPRISE PTY. LTD.,2,company;uninformative,1
3748,1-3EGYM4W,MVRL56803,SAMURAI STI PTY LTD,2,company;uninformative,1
3749,1-XTH-1377,MVRL4840,Sandersons Eastern Suburbs Pty Ltd,2,company;uninformative,1
3750,1-13VPNF7,MVRL50885,Sapphire Nu-Pulse Pty Ltd,2,company;uninformative,1
3751,1-1XRN0FP,MVRL52942,Sar Industries Pty Ltd,2,company;uninformative,1
3752,1-37K1JG3,MVRL55778,SARAMIMA PTY LTD,2,company;uninformative,1
3753,1-4I4QJVC,MVRL64096,Sash & Ray Pty Ltd,2,company;uninformative,1
3754,1-XTH-681,MVRL43643,SB & KR Rogers Pty Ltd,2,company;uninformative,1
3755,1-19I8E94,MVRL51504,Schurig Holdings Pty Ltd,2,company;uninformative,1
3756,1-48QJK7K,MVRL62346,SCL SYDNEY NO.1 PTY LTD,2,company;uninformative,1
3757,1-4DPUV8S,MVRL63385,SCMEM PTY LTD,2,company;uninformative,1
3758,1-3HU3CZI,MVRL57118,Scooter Central Pty Ltd,2,company;uninformative,1
3759,1-3JL6V8I,MVRL57586,SCOOTER COMMUTER PTY. LTD,2,company;uninformative,1
3760,1-1BRFB22,MVRL51641,Scooter Zone Pty Ltd,2,company;uninformative,1
3761,1-40XVV0K,MVRL61352,SCOOTERING PTY LTD,2,company;uninformative,1
3762,1-4A371DE,MVRL62524,SCOTCHELS PTY LTD,2,company;uninformative,1
3763,1-2X6BC9V,MVRL54658,Scozzafava Pty Ltd,2,company;uninformative,1
3764,1-35JSWTP,MVRL55539,Scuderia Eastern Suburbs Pty Ltd,2,company;uninformative,1
3765,1-35J6DVR,MVRL55501,SCUDERIA FOLIGNI PTY LTD,2,company;uninformative,1
3766,1-4CWXVJI,MVRL63184,SDB BYRNE PTY LTD,2,company;uninformative,1
3767,1-3VKS038,MVRL60538,SELDOM SEEN GROUP PTY LTD,2,company;uninformative,1
3768,1-3GJQKQF,MVRL57158,Select Quarry Materials Pty Ltd,2,company;uninformative,1
3769,1-1VC6PG3,MVRL52813,Semco Australia Pty Ltd,2,company;uninformative,1
3770,1-49G6V6C,MVRL62649,Semper Hi Fi Pty Ltd,2,company;uninformative,1
3771,1-44A1ZL4,MVRL61783,SEN FAMILY INVESTMENTS PTY LTD,2,company;uninformative,1
3772,1-2ZNHKTN,MVRL54865,SERENDIP HOLDINGS (NSW) PTY LTD,2,company;uninformative,1
3773,1-Q6H5DM,MVRL49576,Servco Australia Chatswood Pty Ltd,2,company;uninformative,1
3774,1-364UQZP,MVRL55580,SERVCO AUSTRALIA TAMWORTH PTY LTD,2,company;uninformative,1
3775,1-3MYF8S4,MVRL58736,SET UP CAMP PTY LTD,2,company;uninformative,1
3776,1-40KAQTQ,MVRL61306,Setnell Pty Ltd,2,company;uninformative,1
3777,1-1X1T8UT,MVRL52948,SFX Holdings Pty Ltd,2,company;uninformative,1
3778,1-140OFUY,MVRL50842,SG & AM Hamilton Pty Ltd,2,company;uninformative,1
3779,1-3FYB1HX,MVRL56924,SGM Corporation Pty Ltd,2,company;uninformative,1
3780,1-3ZMA3RY,MVRL61181,SHANNON & SHAK PTY LTD,2,company;uninformative,1
3781,1-3C2WSR6,MVRL56372,Sharma Hendley Pty Ltd,2,company;uninformative,1
3782,1-1V1R47D,MVRL52799,Sharmas Investments Australia Pty Ltd,2,company;uninformative,1
3783,1-2FU7J2,MVRL45110,Shatte Holdings Pty Ltd,2,company;uninformative,1
3784,1-49JOGMA,MVRL62692,SHEEHAN HOLDINGS PTY LTD,2,company;uninformative,1
3785,1-3PAAVS2,MVRL59362,SHELLY BEACH M PTY LTD,2,company;uninformative,1
3786,1-3PAAWCM,MVRL59363,SHELLY BEACH SC PTY LTD,2,company;uninformative,1
3787,1-3CRWFTW,MVRL56475,SHIFTRIGHT PTY LTD,2,company;uninformative,1
3788,1-3CMF7Y2,MVRL56489,SHMR PTY LTD,2,company;uninformative,1
3789,1-4BNHW2A,MVRL63055,Shri Dutt Pty Ltd,2,company;uninformative,1
3790,1-XTB-1239,MVRL35870,Sidetron Pty Ltd,2,company;uninformative,1
3791,1-3LJV8R0,MVRL58273,SIEBOD PTY LIMITED,2,company;uninformative,1
3792,1-4H4HGDS,MVRL64041,SierraTek Global Pty Ltd,2,company;uninformative,1
3793,1-3AYG1EJ,MVRL56218,Silverwater Prestige Autobody Pty Ltd,2,company;uninformative,1
3794,1-4FAOFYL,MVRL63639,Simon Michael Pty Ltd,2,company;uninformative,1
3795,1-XTB-4913,MVRL42376,Simple Pty Ltd,2,company;uninformative,1
3796,1-30R06S,MVRL45535,Simply Sports Cars Pty Ltd,2,company;uninformative,1
3797,1-OIKH4P,MVRL49409,Simply Subaroo Pty Ltd,2,company;uninformative,1
3798,1-1OFBC1R,MVRL52627,Simran07 Investments Pty Ltd,2,company;uninformative,1
3799,1-XTB-910,MVRL35303,Sinclair Components Pty Ltd,2,company;uninformative,1
3800,1-3P9JZYY,MVRL59255,SINISTAR ENTERPRISES PTY LTD,2,company;uninformative,1
3801,1-3QNVWAX,MVRL59738,Sinlogic Australia Pty Ltd,2,company;uninformative,1
3802,1-R6B7G4,MVRL49691,Sioust Pty Ltd,2,company;uninformative,1
3803,1-4GAMSQS,MVRL63789,SJJ INDUSTRIES PTY LTD,2,company;uninformative,1
3804,1-3YJ0ZKS,MVRL61014,Skaf Group Australia Pty Ltd,2,company;uninformative,1
3805,1-4AZ9L0U,MVRL62811,SKEWES FAMILY BUSINESS PTY LTD,2,company;uninformative,1
3806,1-XTB-4264,MVRL41145,Skillern Holdings Pty Ltd,2,company;uninformative,1
3807,1-41F40XC,MVRL61472,Skilton & Bell Pty Ltd,2,company;uninformative,1
3808,1-487CPCQ,MVRL62486,SKS HOSSAIN PTY. LTD.,2,company;uninformative,1
3809,1-4EC46F4,MVRL63485,SKYBUS (NSW) PTY LTD,2,company;uninformative,1
3810,1-4D66LR2,MVRL63157,SLN SRI LAXMII NARAYANN PTY LTD,2,company;uninformative,1
3811,1-3X5WTC0,MVRL60863,SMART AVR PTY LTD,2,company;uninformative,1
3812,1-183H4SE,MVRL51320,Smartfix Investments Pty Ltd,2,company;uninformative,1
3813,1-3ZSNF8M,MVRL61183,SMITH'S SPEED WORKS PTY LTD,2,company;uninformative,1
3814,1-3NC5VJ6,MVRL58925,SMITHSONIAN FIVE PTY LTD,2,company;uninformative,1
3815,1-436X03U,MVRL61707,SMK MAINTENANCE PTY LTD,2,company;uninformative,1
3816,1-3CAXLS,MVRL45951,SMK Trading Pty Ltd,2,company;uninformative,1
3817,1-3IV4X5K,MVRL57282,SMP Musico Holdings Pty Ltd,2,company;uninformative,1
3818,1-3QGHEX0,MVRL59634,SN Casey Pty Ltd,2,company;uninformative,1
3819,1-33AVEJ9,MVRL55141,SNG Solution Pty Ltd,2,company;uninformative,1
3820,1-QWX2QU,MVRL49661,Snowlist Pty Ltd,2,company;uninformative,1
3821,1-3WAX5R4,MVRL60714,SOL IMPORTS PTY LIMITED,2,company;uninformative,1
3822,1-2LT83B3,MVRL54304,Soundwaves Incar Technology Pty Limited,2,company;uninformative,1
3823,1-M806W6,MVRL49144,Southern Eclipse Pty Ltd,2,company;uninformative,1
3824,1-1JQG1NN,MVRL52078,Southern Engine Reconditioning Pty Ltd,2,company;uninformative,1
3825,1-240OEJV,MVRL53242,Southern Eurotech Pty Ltd,2,company;uninformative,1
3826,1-3RAHKHK,MVRL59874,SOUTHERN EXPLOSIVES SUPPLIES PTY LIMITED,2,company;uninformative,1
3827,1-XT3-3729,MVRL29721,Southmark Pty Ltd,2,company;uninformative,1
3828,1-XTB-44,MVRL32529,Southside Agencies (Lismore) Pty Ltd,2,company;uninformative,1
3829,1-45AQAXG,MVRL61843,SOUTHSUB PTY LTD,2,company;uninformative,1
3830,1-2LGJN33,MVRL54278,Spactl Pty Ltd,2,company;uninformative,1
3831,1-3PU676W,MVRL59590,SPADES CORPORATION PTY. LTD.,2,company;uninformative,1
3832,1-3M10DR8,MVRL58470,SPANNERWORX BLACKTOWN PTY LTD,2,company;uninformative,1
3833,1-4I7T416,MVRL64250,Sparked Installations Pty Ltd,2,company;uninformative,1
3834,1-3L9ZB3W,MVRL58237,SPARKLE SOLUTIONS NSW PTY. LTD.,2,company;uninformative,1
3835,1-XTB-2532,MVRL38214,Spec-R Pty Ltd,2,company;uninformative,1
3836,1-42ZA6IU,MVRL61635,Specar Pty Ltd,2,company;uninformative,1
3837,1-34MQL21,MVRL55304,SPEED AUSTRALIA PTY LTD,2,company;uninformative,1
3838,1-4A4HCWT,MVRL62549,Speedfab Pty Ltd,2,company;uninformative,1
3839,1-3THPWR3,MVRL60362,Speedotune Pty Ltd,2,company;uninformative,1
3840,1-XT3-747,MVRL23393,Spillane Pty Ltd,2,company;uninformative,1
3841,1-3IZ93OW,MVRL57311,SPITHA PTY LTD,2,company;uninformative,1
3842,1-3WKZW16,MVRL60820,SPRADBROW FAMILY PTY LTD,2,company;uninformative,1
3843,1-4628EUK,MVRL62153,SPS ADVANCED TECHNOLOGY PTY LTD,2,company;uninformative,1
3844,1-XTB-2443,MVRL38048,Spyder Manufacturers Pty Ltd,2,company;uninformative,1
3845,1-XTH-814,MVRL43865,SS Spargo Pty Ltd,2,company;uninformative,1
3846,1-3ED2DHS,MVRL56773,Ssjim Pty Ltd,2,company;uninformative,1
3847,1-48TBEZI,MVRL62518,STAR CLASS AUSTRALIA PTY LTD,2,company;uninformative,1
3848,1-4GCH3MU,MVRL63972,Starcorp Holdings (Penrith) Pty Ltd,2,company;uninformative,1
3849,1-XTB-891,MVRL35258,Steer Straight Pty Ltd,2,company;uninformative,1
3850,1-48NJBRC,MVRL62429,STELLA ROCK PTY LTD,2,company;uninformative,1
3851,1-XTB-3507,MVRL39805,Stephen Hurley Investments Pty Ltd,2,company;uninformative,1
3852,1-3S4R336,MVRL60101,Steve and Lams Pty Ltd,2,company;uninformative,1
3853,1-3NIDAMU,MVRL58899,STEVE HORVAT PTY LTD,2,company;uninformative,1
3854,1-XTB-684,MVRL34818,Stewart Drummond Pty Ltd,2,company;uninformative,1
3855,1-XSI-3603,MVRL18788,Stewart Wilkins Rallying Pty Ltd,2,company;uninformative,1
3856,1-41OHGFW,MVRL61399,STHRN X PTY LTD,2,company;uninformative,1
3857,1-49HE7L7,MVRL62623,Stingrae Pty Ltd,2,company;uninformative,1
3858,1-4GL9XLK,MVRL63892,STINTWORK PTY LTD,2,company;uninformative,1
3859,1-XT3-2634,MVRL27438,STKEL INVESTMENTS PTY LTD,2,company;uninformative,1
3860,1-4FT4HPA,MVRL63825,Stockers & Partridge Pty. Limited,2,company;uninformative,1
3861,1-2G800SZ,MVRL53801,Stockmaster Pty Ltd,2,company;uninformative,1
3862,1-48JVSH,MVRL46384,Stonham Pty Ltd,2,company;uninformative,1
3863,1-3SB2OAG,MVRL60214,Stormchasers International Pty Ltd,2,company;uninformative,1
3864,1-XTB-1402,MVRL36163,Straight Steer Pty Ltd,2,company;uninformative,1
3865,1-3ZSCCX6,MVRL61143,STRIPSAFE PTY LIMITED,2,company;uninformative,1
3866,1-3HXAUBA,MVRL57190,Subie Doctor Pty Ltd,2,company;uninformative,1
3867,1-3ZGL4GQ,MVRL61074,Subiepac Pty Ltd,2,company;uninformative,1
3868,1-2G2G5WB,MVRL53823,Subisolution Pty. Ltd.,2,company;uninformative,1
3869,1-2VUQN59,MVRL54519,Suncamper Pty Ltd,2,company;uninformative,1
3870,1-1JM5RCR,MVRL52113,Sunglaze Pty Ltd,2,company;uninformative,1
3871,1-XSI-3906,MVRL19450,Supermix Concrete Pty Ltd,2,company;uninformative,1
3872,1-2KT2VQJ,MVRL54071,Supermotive Pty Ltd,2,company;uninformative,1
3873,1-4GFLI0U,MVRL63868,SUPPLY CHAIN WORX PTY LTD,2,company;uninformative,1
3874,1-482UJ42,MVRL62641,SURE THING FINANCE PTY. LTD,2,company;uninformative,1
3875,1-4A87YZQ,MVRL62844,SV SYDNEY PTY LTD,2,company;uninformative,1
3876,1-2M15U8B,MVRL54357,Swale Hydraulics Pty Ltd,2,company;uninformative,1
3877,1-P8JB7L,MVRL49465,SWF Pty Ltd,2,company;uninformative,1
3878,1-46A85SP,MVRL62201,Sydney Commercials Australia Pty Ltd,2,company;uninformative,1
3879,1-XTH-238,MVRL42916,Sydney Metro Fairings Pty Ltd,2,company;uninformative,1
3880,1-38TOUE1,MVRL55956,SYDNEY PRESTIGE AUTOBODY AUS PTY LTD,2,company;uninformative,1
3881,1-4EKYRJ6,MVRL63536,SYDNEY TAIL LIFTS PTY LTD,2,company;uninformative,1
3882,1-3TTMJAC,MVRL60326,SYKES GROUP PTY LTD,2,company;uninformative,1
3883,1-41Q1XT5,MVRL61467,T & J Elias Pty Ltd,2,company;uninformative,1
3884,1-IRTQK1,MVRL48607,T & J Holdings Pty Ltd,2,company;uninformative,1
3885,1-3ZHLHVK,MVRL61257,T & L MEHIC PTY LTD,2,company;uninformative,1
3886,1-3JNMFOV,MVRL57593,T & O Co Pty Ltd,2,company;uninformative,1
3887,1-3A4M778,MVRL56074,T & R Solutions Pty Ltd,2,company;uninformative,1
3888,1-34COHXB,MVRL55327,T & W ASSOCIATES PTY LTD,2,company;uninformative,1
3889,1-44AGNJS,MVRL61788,T REID & J REID PTY LTD,2,company;uninformative,1
3890,1-XTB-3481,MVRL39761,T T H Industries Pty Ltd,2,company;uninformative,1
3891,1-XTH-563,MVRL43416,T W Jones Pty Ltd,2,company;uninformative,1
3892,1-1OUX5A3,MVRL52469,T-One Autohouse Pty Ltd,2,company;uninformative,1
3893,1-474EB2W,MVRL62155,T-SPEED PTY. LIMITED,2,company;uninformative,1
3894,1-4A3AF45,MVRL62584,T-Technique Pty Ltd,2,company;uninformative,1
3895,1-3LQTT1U,MVRL58379,T.H. SHERIDAN GROUP PTY LTD,2,company;uninformative,1
3896,1-3OPXAN6,MVRL59224,T.J. & R.F. FORDHAM PTY LTD,2,company;uninformative,1
3897,1-4DCFP1Y,MVRL63134,TAG BEGA PTY LIMITED,2,company;uninformative,1
3898,1-XTB-4660,MVRL41940,Talberg Holdings Pty Ltd,2,company;uninformative,1
3899,1-TI181R,MVRL49847,Tamworth Car Doctors Pty Ltd,2,company;uninformative,1
3900,1-1NFETCZ,MVRL52596,Tawson Pty Ltd,2,company;uninformative,1
3901,1-1X4MVTA,MVRL52918,Taylor's of Bungendore Pty Limited,2,company;uninformative,1
3902,1-4IN9SRA,MVRL64238,TB & KL MARSHALL PTY. LTD.,2,company;uninformative,1
3903,1-3OV8G49,MVRL59148,TEAM GLOBAL EXPRESS PTY LTD,2,company;uninformative,1
3904,1-9ATUNZ,MVRL47714,Tech Sense International Pty Ltd,2,company;uninformative,1
3905,1-3V4AV3C,MVRL60521,Tefco Pty Ltd,2,company;uninformative,1
3906,1-35MYPZZ,MVRL55497,Tefol Pty Ltd,2,company;uninformative,1
3907,1-XT3-900,MVRL23738,Telrof Pty Ltd,2,company;uninformative,1
3908,1-3N0DVA4,MVRL58793,Tenite Pty Ltd,2,company;uninformative,1
3909,1-3XR0ZYC,MVRL60939,Teonamar Pty Ltd,2,company;uninformative,1
3910,1-200FIMT,MVRL53127,Terex Australia Pty Ltd,2,company;uninformative,1
3911,1-2LUEQN5,MVRL54196,Terrigal Cab Co Pty Ltd,2,company;uninformative,1
3912,1-2VEX5J,MVRL45453,The Autodoc Pty Ltd,2,company;uninformative,1
3913,1-4GS0BYG,MVRL63990,The Car Collaborative Pty Limited,2,company;uninformative,1
3914,1-4DZX8C4,MVRL63445,The Direction Group (Aust) Pty Ltd,2,company;uninformative,1
3915,1-4AFVPVS,MVRL62744,THE EWIN FAMILY PTY LTD,2,company;uninformative,1
3916,1-3PQ37R7,MVRL59418,The General Muffler Co Pty Ltd,2,company;uninformative,1
3917,1-3XGQSZI,MVRL60865,THE HAPPY DAYS TRADING COMPANY PTY LTD,2,company;uninformative,1
3918,1-XTB-1056,MVRL35578,The Pit Exchange Pty Ltd,2,company;uninformative,1
3919,1-1E8RVMZ,MVRL51643,The Purple Lion Group Pty Ltd,2,company;uninformative,1
3920,1-43FSW8O,MVRL61711,The Russell Clan Pty Ltd,2,company;uninformative,1
3921,1-3TZJY8M,MVRL60433,Thelb Pty Ltd,2,company;uninformative,1
3922,1-346IOIV,MVRL55311,Thermofreez Pty Ltd,2,company;uninformative,1
3923,1-13BPTLN,MVRL50820,Thomas Paul Constructions Pty Ltd,2,company;uninformative,1
3924,1-3VBAFEU,MVRL60585,TIADAN PTY LTD,2,company;uninformative,1
3925,1-24HLCHV,MVRL53317,Tiban Pty Ltd,2,company;uninformative,1
3926,1-2JDUBH5,MVRL53906,Tiger Partners Pty Ltd,2,company;uninformative,1
3927,1-3OGJIR2,MVRL59103,Timothy Lhuede Pty Ltd,2,company;uninformative,1
3928,1-LTPTVQ,MVRL49091,Tip Top Equipment Pty Ltd,2,company;uninformative,1
3929,1-2XC8PR,MVRL45490,Tipmods Pty Ltd,2,company;uninformative,1
3930,1-3J40HGA,MVRL57427,TITAN (AUST) PTY. LTD.,2,company;uninformative,1
3931,1-3MCAPCU,MVRL58658,TITANMAC PTY LTD,2,company;uninformative,1
3932,1-1XMYXQZ,MVRL53055,TJ & LE Ryan Pty Ltd,2,company;uninformative,1
3933,1-3VN2YB0,MVRL60715,TJM ALBURY PTY LTD,2,company;uninformative,1
3934,1-2XUZZS1,MVRL54725,TK & DA LUCKMAN PTY LTD,2,company;uninformative,1
3935,1-423PZRI,MVRL61528,TLMR PTY LIMITED,2,company;uninformative,1
3936,1-3ODPHTI,MVRL59079,TM CONSOLIDATED PTY LIMITED,2,company;uninformative,1
3937,1-3XC1YAG,MVRL60812,TMPL INDUSTRIES PTY LTD,2,company;uninformative,1
3938,1-XTB-912,MVRL35306,TMS Investment Group Pty Ltd,2,company;uninformative,1
3939,1-XT3-3583,MVRL29418,Todd Williams Pty Ltd,2,company;uninformative,1
3940,1-398T8QB,MVRL56025,Toddina Pty Ltd,2,company;uninformative,1
3941,1-XSI-2966,MVRL17369,Togsan Pty Ltd,2,company;uninformative,1
3942,1-2WY64Y7,MVRL54639,Tokcorp Pty Ltd,2,company;uninformative,1
3943,1-4GX7EL4,MVRL64130,TOMIC CORP ENTERPRISES PTY LTD,2,company;uninformative,1
3944,1-3WAQCP6,MVRL60777,Tomorrow Vibes Pty Ltd,2,company;uninformative,1
3945,1-427YFBQ,MVRL61614,Tonnads Pty Ltd,2,company;uninformative,1
3946,1-4GSMP5Y,MVRL63993,Tony West Family Holdings Pty Limited,2,company;uninformative,1
3947,1-4EJBH36,MVRL63525,TOONGABBIE ENERGY PTY LTD,2,company;uninformative,1
3948,1-487CXVO,MVRL62517,TOP COAT ALBURY PTY LTD,2,company;uninformative,1
3949,1-45TW888,MVRL62244,Topside Maintenance Pty Ltd,2,company;uninformative,1
3950,1-4JELXJY,MVRL64390,TORQUING IT UP PTY LIMITED,2,company;uninformative,1
3951,1-3LZT7IQ,MVRL58509,TOTAL ABILITY PTY LTD,2,company;uninformative,1
3952,1-3JF1UNS,MVRL57576,TOTAL AG SOLUTIONS PTY LTD,2,company;uninformative,1
3953,1-3II1DGK,MVRL57425,TOUCAN INDUSTRIAL PTY LTD,2,company;uninformative,1
3954,1-30ZKCXL,MVRL55037,Tough Gear Pty Ltd,2,company;uninformative,1
3955,1-3R7CH9O,MVRL59915,TOUKLEY TP PTY LTD,2,company;uninformative,1
3956,1-XSI-3647,MVRL18882,Tozari Pty Ltd,2,company;uninformative,1
3957,1-2WQQGVB,MVRL54718,TPSR GROUP PTY LTD,2,company;uninformative,1
3958,1-XT3-3531,MVRL29329,TR & MR Allen Pty Ltd,2,company;uninformative,1
3959,1-XTB-4171,MVRL41001,TRA Holdings Pty Ltd,2,company;uninformative,1
3960,1-XT3-739,MVRL23376,Tracserv Pty Ltd,2,company;uninformative,1
3961,1-6T1HZ2,MVRL47254,Tradecore Industries Pty Ltd,2,company;uninformative,1
3962,1-41C0SMM,MVRL61572,TRAFFIC DNA PTY LIMITED,2,company;uninformative,1
3963,1-XSI-4313,MVRL20295,Traikwing Pty Ltd,2,company;uninformative,1
3964,1-3XMZCR2,MVRL60928,TRAILCAR PTY. LIMITED,2,company;uninformative,1
3965,1-4EUBE7E,MVRL63588,TRANATION ENTERPRISES PTY LTD,2,company;uninformative,1
3966,1-4J5JES0,MVRL64340,Transalloy Pty Ltd,2,company;uninformative,1
3967,1-3NFKZ58,MVRL58820,TransCool (NSW) Pty Ltd,2,company;uninformative,1
3968,1-3RNZ7X6,MVRL59972,TRANSDEV JOHN HOLLAND BUSES (NSW) PTY LTD,2,company;uninformative,1
3969,1-5TNFJT,MVRL47019,Transtar Linehaul Pty Ltd,2,company;uninformative,1
3970,1-XSI-3103,MVRL17697,Trascok Pty Ltd,2,company;uninformative,1
3971,1-3VWVD0R,MVRL60704,Traxnrimz Maintenance Pty Ltd,2,company;uninformative,1
3972,1-14O4EI0,MVRL50956,Trazblend Pty Ltd,2,company;uninformative,1
3973,1-16A7KAW,MVRL51171,Treads Kincumber Pty Ltd,2,company;uninformative,1
3974,1-4DXR9MG,MVRL63360,Treehouse Trading Pty Ltd,2,company;uninformative,1
3975,1-4390B0S,MVRL61661,Tregoose Pty Ltd,2,company;uninformative,1
3976,1-3SWKQ7I,MVRL60170,TRENT AUSTRALIA PTY LTD,2,company;uninformative,1
3977,1-5XHE0F,MVRL47039,Trent Martin Holdings Pty Ltd,2,company;uninformative,1
3978,1-FM5LJS,MVRL48378,Trim Rite Pty Ltd,2,company;uninformative,1
3979,1-435BLDW,MVRL61657,TROJAN WAKE SKI AND SNOW PTY LTD,2,company;uninformative,1
3980,1-3S89ZMO,MVRL60019,Trojap Pty Ltd,2,company;uninformative,1
3981,1-XT3-2585,MVRL27336,Trymac Pty Limited,2,company;uninformative,1
3982,1-363I5R7,MVRL55565,TSH CONTRACTING PTY LTD,2,company;uninformative,1
3983,1-3ZN5DH8,MVRL61332,TSNR PTY LTD,2,company;uninformative,1
3984,1-YVGXF9,MVRL50491,Tuckervision Pty Ltd,2,company;uninformative,1
3985,1-XTH-819,MVRL43874,Tuffy Mufflers Pty Ltd,2,company;uninformative,1
3986,1-2XNH9CN,MVRL54682,Tuffy Toned A1 Pty Ltd,2,company;uninformative,1
3987,1-J3BSL3,MVRL48670,Tunehouse Pty Ltd,2,company;uninformative,1
3988,1-XT3-1836,MVRL25822,Tunorale Pty Limited,2,company;uninformative,1
3989,1-XTH-1664,MVRL5457,Tuntrent Pty Ltd,2,company;uninformative,1
3990,1-4E60WBW,MVRL63426,Turner CNC Innovations Pty Ltd,2,company;uninformative,1
3991,1-4B5ZFQ9,MVRL62887,Tutt Bryant Group Limited,2,company;uninformative,1
3992,1-40COO1O,MVRL61276,TWENTYSIX FIFTY INDUSTRIES PTY LTD,2,company;uninformative,1
3993,1-3YFMMGC,MVRL60990,TWG COFFS HARBOUR NO1 PTY LTD,2,company;uninformative,1
3994,1-3YFL8VC,MVRL60991,TWG COFFS HARBOUR NO2 PTY LTD,2,company;uninformative,1
3995,1-46WHT7E,MVRL62198,TWO LIONS HOLDINGS PTY LTD,2,company;uninformative,1
3996,1-3LD0GME,MVRL58307,TWOTECH PTY LTD,2,company;uninformative,1
3997,1-XTB-4476,MVRL41543,Tyler Mecklem Pty Ltd,2,company;uninformative,1
3998,1-XTB-977,MVRL35442,Tzavaras & Sons Pty Ltd,2,company;uninformative,1
3999,1-3ZR0RXQ,MVRL61161,U-Go Mobility Pty Ltd,2,company;uninformative,1
4000,1-4FAPDY8,MVRL63692,UBERTYRES PTY LTD,2,company;uninformative,1
4001,1-XTH-2670,MVRL7713,Udanna Holdings Pty Ltd,2,company;uninformative,1
4002,1-2PU71D,MVRL45321,Uhaul NSW Pty Ltd,2,company;uninformative,1
4003,1-KZ9S52,MVRL49007,Ulan Water Pty Ltd,2,company;uninformative,1
4004,1-3DU2ZHC,MVRL56690,Ulladulla Engine Reconditioning Pty Ltd,2,company;uninformative,1
4005,1-4CR07OK,MVRL63088,Ultimate Impressions Group Pty Ltd,2,company;uninformative,1
4006,1-1TU8AYJ,MVRL52663,Ultimate Refinishes Pty Ltd,2,company;uninformative,1
4007,1-455W954,MVRL61963,ULTRAFAB PTY LIMITED,2,company;uninformative,1
4008,1-XTH-523,MVRL43358,Unidane Pty Ltd,2,company;uninformative,1
4009,1-459P3TY,MVRL61938,Unique Mufflers Belmore Pty Ltd,2,company;uninformative,1
4010,1-3CII3A6,MVRL56427,UNITED AUTOSPORTS PTY LTD,2,company;uninformative,1
4011,1-ZRUDMK,MVRL50524,United Car Solutions Pty Ltd,2,company;uninformative,1
4012,1-3L9VZS2,MVRL58232,UNITY AUSTRALIA PTY LTD,2,company;uninformative,1
4013,1-XT3-2311,MVRL2673,Uphill Pty Ltd,2,company;uninformative,1
4014,1-2ACG9AZ,MVRL53696,Ute Force Pty Ltd,2,company;uninformative,1
4015,1-XT3-4113,MVRL30514,V & D Staltare Management Pty Ltd,2,company;uninformative,1
4016,1-XTB-3892,MVRL40466,V & R Panuccio Pty Ltd,2,company;uninformative,1
4017,1-3KPHWPC,MVRL58252,V.A.R Crows Nest Pty Ltd,2,company;uninformative,1
4018,1-4E0V410,MVRL63409,Vabrod Pty Ltd,2,company;uninformative,1
4019,1-IVNNKJ,MVRL48667,Vacvator Pty Ltd,2,company;uninformative,1
4020,1-3Z2BZKU,MVRL61101,VAE Group Pty Ltd,2,company;uninformative,1
4021,1-4DWYKSI,MVRL63343,Valley AG & Industrial Pty Ltd,2,company;uninformative,1
4022,1-4DE0UBM,MVRL63251,Valley Motor Auctions Pty Ltd,2,company;uninformative,1
4023,1-XTB-4823,MVRL42223,Van & Ute Extras Australia Pty Ltd,2,company;uninformative,1
4024,1-93U9UW,MVRL47698,Van Vision Direct Pty Ltd,2,company;uninformative,1
4025,1-3XNOIBM,MVRL60912,VANCRAFT AUSTRALIA PTY LTD,2,company;uninformative,1
4026,1-2ZUC3BL,MVRL54863,VANSHTECH PTY LTD,2,company;uninformative,1
4027,1-40XTGZC,MVRL61366,VARTULI ENTERPRISES PTY LTD,2,company;uninformative,1
4028,1-417CLTU,MVRL61408,VASILE ATA PTY LTD,2,company;uninformative,1
4029,1-XTH-1059,MVRL44321,Vasile Holdings Pty Ltd,2,company;uninformative,1
4030,1-1JZR4LN,MVRL52012,Vasiliou Associates Pty Ltd,2,company;uninformative,1
4031,1-XTH-1419,MVRL4929,Vatlos Pty Ltd,2,company;uninformative,1
4032,1-378AW0,MVRL45818,Vawdrey Australia (NSW) Pty Ltd,2,company;uninformative,1
4033,1-3NCJ5IY,MVRL58970,VB AUSTRALASIA PTY LTD,2,company;uninformative,1
4034,1-3N3XNS,MVRL46137,Vecc's Cylinder Heads Pty Ltd,2,company;uninformative,1
4035,1-XUSZ3R,MVRL50539,Vehicle Accessory Specialists Pty Ltd,2,company;uninformative,1
4036,1-3Q3142,MVRL46244,Vehicle Color Design Centre Pty Ltd,2,company;uninformative,1
4037,1-3E1D4IM,MVRL56759,Vellex Pty Ltd,2,company;uninformative,1
4038,1-4JPSJYK,MVRL64365,VELOCE MOTOWORKS PTY LTD,2,company;uninformative,1
4039,1-46GHXDK,MVRL62161,VEZAR PTY LTD,2,company;uninformative,1
4040,1-XT3-3586,MVRL29424,Vickea Pty Ltd,2,company;uninformative,1
4041,1-3MUFEJG,MVRL58692,VIIA Pty Ltd,2,company;uninformative,1
4042,1-XT3-612,MVRL2312,Viktree Pty Ltd,2,company;uninformative,1
4043,1-3ONO6AE,MVRL59286,VINCE ORGAN PTY LTD,2,company;uninformative,1
4044,1-4FFU8Y8,MVRL63729,Vincent-Glover Holdings Pty Ltd,2,company;uninformative,1
4045,1-XSI-4108,MVRL19832,Vinden Pty Ltd,2,company;uninformative,1
4046,1-4AK5O3G,MVRL62730,Vivid Autobody Pty Ltd,2,company;uninformative,1
4047,1-45BIXO4,MVRL61939,VKA GTS PTY LTD,2,company;uninformative,1
4048,1-K3M0WJ,MVRL48871,Volgren Australia Pty Ltd,2,company;uninformative,1
4049,1-3E2TFHQ,MVRL56568,Volksmuller Group Pty Ltd,2,company;uninformative,1
4050,1-XTH-2571,MVRL7490,W Clark & Sons Pty Ltd,2,company;uninformative,1
4051,1-XTH-2706,MVRL7801,W G Harris & Sons Pty Ltd,2,company;uninformative,1
4052,1-3LP0870,MVRL58353,W T H Pty Ltd,2,company;uninformative,1
4053,1-XTH-215,MVRL42873,Waehaua Pty Ltd,2,company;uninformative,1
4054,1-3EIZ5GG,MVRL56737,Warwick Enterprises Pty Ltd,2,company;uninformative,1
4055,1-4902ZMC,MVRL62583,WASI ENTERPRISES PTY LTD,2,company;uninformative,1
4056,1-XTH-2799,MVRL8024,Watermin Drillers Pty Limited,2,company;uninformative,1
4057,1-496CF3A,MVRL62588,Watson Contracting Pty Ltd,2,company;uninformative,1
4058,1-XTB-3710,MVRL40137,Wazngill Pty Ltd,2,company;uninformative,1
4059,1-9KPPME,MVRL47804,WCCG Pty Ltd,2,company;uninformative,1
4060,1-QZ63NR,MVRL49680,Wealthmark Australia Pty Ltd,2,company;uninformative,1
4061,1-XTH-818,MVRL43873,Webasto Thermo & Comfort Australia Pty Ltd,2,company;uninformative,1
4062,1-1K6X5PJ,MVRL52656,Webtec Pty. Ltd.,2,company;uninformative,1
4063,1-XSI-1993,MVRL15197,Wedrill Pty Ltd,2,company;uninformative,1
4064,1-3ADACAF,MVRL56091,Weiyi Australia Pty Ltd,2,company;uninformative,1
4065,1-3GAWN60,MVRL56980,WELDON PARK NOMINEES PTY LTD,2,company;uninformative,1
4066,1-XTB-2083,MVRL37392,Weldtruck Pty Ltd,2,company;uninformative,1
4067,1-SUWZM2,MVRL49780,Welenco Pty Ltd,2,company;uninformative,1
4068,1-1GQ0X1U,MVRL51814,Wesbro Pty Ltd,2,company;uninformative,1
4069,1-3MXMTIC,MVRL58750,WEST TEC ZONE PTY LTD,2,company;uninformative,1
4070,1-3TL5JSE,MVRL60304,West Trans Pty Ltd,2,company;uninformative,1
4071,1-XTB-3841,MVRL40367,Westrac Pty Ltd,2,company;uninformative,1
4072,1-XTH-168,MVRL42785,White/King Wollongong Pty Ltd,2,company;uninformative,1
4073,1-JQ2B49,MVRL48789,Whittaker Contracting Pty Ltd,2,company;uninformative,1
4074,1-16CW891,MVRL53275,Wicks & Parker Pty Ltd,2,company;uninformative,1
4075,1-426FJGC,MVRL61698,Will Fix Pty Ltd,2,company;uninformative,1
4076,1-1GCJBVH,MVRL51786,Wingclip Pty Ltd,2,company;uninformative,1
4077,1-XTH-3383,MVRL9512,Wingrim Pty Ltd,2,company;uninformative,1
4078,1-3U7ICJU,MVRL60495,Wingruby Pty Ltd,2,company;uninformative,1
4079,1-218SUZY,MVRL53116,Winpeg Pty Ltd,2,company;uninformative,1
4080,1-3NHS5HY,MVRL58973,Wishart Group Pty Ltd,2,company;uninformative,1
4081,1-3K78ZII,MVRL57866,Withers Enterprises Pty Ltd,2,company;uninformative,1
4082,1-4AQJ604,MVRL62831,WJ MATTHEWS TRADING PTY LTD,2,company;uninformative,1
4083,1-2PPKKW5,MVRL54377,WJAuto Pty Ltd,2,company;uninformative,1
4084,1-4GPWYBG,MVRL63904,Woden Pty Ltd,2,company;uninformative,1
4085,1-XTB-3393,MVRL39590,Woelms Pty Ltd,2,company;uninformative,1
4086,1-45DCPAK,MVRL62034,Wollongong 4 X4 & Outdoor Pty  Ltd,2,company;uninformative,1
4087,1-3CXWEKQ,MVRL56562,WOODBURY CIVIL PTY LIMITED,2,company;uninformative,1
4088,1-2ZF0VPV,MVRL54838,WORK REST PLAY HERE PTY LTD,2,company;uninformative,1
4089,1-47FYE0K,MVRL62180,WORXLINK PTY. LTD.,2,company;uninformative,1
4090,1-3J4EO0U,MVRL57393,WPT GROUP PTY LIMITED,2,company;uninformative,1
4091,1-37MINCT,MVRL55797,WR 1 PTY LTD,2,company;uninformative,1
4092,1-4D9QEEY,MVRL63213,WRIGHTWAY TBD PTY LTD,2,company;uninformative,1
4093,1-3JWEWOG,MVRL57706,WSDS AUSTRALIA PTY LTD,2,company;uninformative,1
4094,1-38AU797,MVRL55884,WWAE PTY LTD,2,company;uninformative,1
4095,1-3X6JBPM,MVRL60829,WYATT TJM WAGGA PTY LTD,2,company;uninformative,1
4096,1-3R7CKBY,MVRL59916,WYONG TP PTY LTD,2,company;uninformative,1
4097,1-XTB-4833,MVRL42237,Xerex Yeung Pty Ltd,2,company;uninformative,1
4098,1-XTB-2171,MVRL37555,Xfyre Pty Ltd,2,company;uninformative,1
4099,1-169CJ5Y,MVRL51190,Y & K Holdings Pty. Ltd.,2,company;uninformative,1
4100,1-47E3PMO,MVRL62264,Yabbara Pty Ltd,2,company;uninformative,1
4101,1-XT3-4993,MVRL32414,Yahoon Pty Ltd,2,company;uninformative,1
4102,1-XSI-1380,MVRL13725,Yamaha Motor Australia Pty Ltd,2,company;uninformative,1
4103,1-XTB-4467,MVRL41528,Yascamrin Pty Ltd,2,company;uninformative,1
4104,1-4BA3XCQ,MVRL62926,Yasia Holdings Pty Limited,2,company;uninformative,1
4105,1-3UGDDUV,MVRL60522,YMCD Pty Ltd,2,company;uninformative,1
4106,1-47ZG0F2,MVRL62331,YOLO W PTY LTD,2,company;uninformative,1
4107,1-1DXHH86,MVRL51670,Yong Hong Holdings Pty Ltd,2,company;uninformative,1
4108,1-3CFRFZJ,MVRL56334,York Road Automatics Pty Ltd,2,company;uninformative,1
4109,1-47R952A,MVRL62419,YOUNG CAR MART AUSTRALIA PTY LTD,2,company;uninformative,1
4110,1-49WHG06,MVRL62620,YOUNG WT PTY LTD,2,company;uninformative,1
4111,1-4IL7KUJ,MVRL64138,Younger Contracting Pty Ltd,2,company;uninformative,1
4112,1-492N4VQ,MVRL62465,YSS ENTERPRISE HOLDINGS PTY LTD,2,company;uninformative,1
4113,1-3KSSZNC,MVRL57931,YYum Pty Ltd,2,company;uninformative,1
4114,1-4J0T20A,MVRL64296,ZAAF GROUP OF COMPANIES PTY LTD,2,company;uninformative,1
4115,1-2JFFBN7,MVRL53916,Zannho Pty Ltd,2,company;uninformative,1
4116,1-390SL8Z,MVRL55954,ZARAH HOLDINGS PTY LTD,2,company;uninformative,1
4117,1-C317WE,MVRL48010,Zashima Pty Ltd,2,company;uninformative,1
4118,1-3W54XY,MVRL46247,Zax All Kars Pty Ltd,2,company;uninformative,1
4119,1-49W450A,MVRL62674,ZE GROUP PTY LTD,2,company;uninformative,1
4120,1-4F1OO3I,MVRL63621,ZENITH AUTOHAUS PTY LTD,2,company;uninformative,1
4121,1-3OYS8GW,MVRL59237,Zero Capital Investment Pty Ltd,2,company;uninformative,1
4122,1-16VFSF8,MVRL51243,Zhongie Motor Pty Ltd,2,company;uninformative,1
4123,1-3V8U1LA,MVRL60539,ZML CONTRACTING PTY LTD,2,company;uninformative,1
4124,1-437RA4Y,MVRL61717,ZOEY ENTERPRISES PTY LTD,2,company;uninformative,1
4125,1-AABQG4,MVRL47882,Zuma Cycles Pty Ltd,2,company;uninformative,1
4126,1-3KSGSD4,MVRL58053,Graeme Ducksbury,3,sole_trader;service,2
4127,1-XU2-4070,MVRL29313,Nick Rouggos,3,sole_trader;service,2
4128,1-XUC-1576,MVRL38696,Owen Patrick Bull,3,sole_trader;service,2
4129,1-3WHNHH3,MVRL60843,Owen Patrick Bull,3,sole_trader;service,2
4130,1-XUC-723,MVRL35697,Rocco Junior Zoccali,3,sole_trader;service,2
4131,1-2PZQ9YN,MVRL54391,Aaron Christopher Nardi,3,sole_trader;service,1
4132,1-42E7053,MVRL61569,Aaron James Knox,3,sole_trader;service,1
4133,1-LXQU3J,MVRL49118,Aaron James Morgan,3,sole_trader;service,1
4134,1-1GTG0RM,MVRL51799,Aaron James Semmler,3,sole_trader;service,1
4135,1-385MDSP,MVRL55849,Abanoub Lundi,3,sole_trader;service,1
4136,1-3LS2RQC,MVRL58404,Abbas Ali,3,sole_trader;service,1
4137,1-3MKIKJW,MVRL58860,Abboud Melki Zeino,3,sole_trader;service,1
4138,1-3LH3HOF,MVRL58229,Abdelwahab Kassem,3,sole_trader;service,1
4139,1-XTX-429,MVRL43956,Abdul Rahim Khan,3,sole_trader;service,1
4140,1-3JXH4I0,MVRL57742,Abdulla Sabir Faraj,3,sole_trader;service,1
4141,1-1QUCMA4,MVRL52567,Abrahem Melkei,3,sole_trader;service,1
4142,1-3TPRY2O,MVRL60323,Adam Daniel Potts,3,sole_trader;service,1
4143,1-3KCRJH8,MVRL58097,Adam James Mc Kenna,3,sole_trader;service,1
4144,1-QFDFFR,MVRL49606,Adam John Glew,3,sole_trader;service,1
4145,1-3JRHUDA,MVRL57609,Adam Kamaledine,3,sole_trader;service,1
4146,1-44R5LSK,MVRL61917,Adam Leigh McKinlay,3,sole_trader;service,1
4147,1-23AWI0Y,MVRL53248,Adam Leslie Sampson,3,sole_trader;service,1
4148,1-XUC-231,MVRL33058,Adam Luke Berghofer,3,sole_trader;service,1
4149,1-3QP6SRY,MVRL59863,Adam Richard Alexander Knock,3,sole_trader;service,1
4150,1-3DBM9F,MVRL45955,Adam Scott Prowse,3,sole_trader;service,1
4151,1-484E9FA,MVRL62469,Adam Thomas Trevor,3,sole_trader;service,1
4152,1-3Z6EFJM,MVRL61088,Adam Travis Brutton,3,sole_trader;service,1
4153,1-1XBTKV9,MVRL53175,Adam Troy Williams,3,sole_trader;service,1
4154,1-3A510B,MVRL45864,Adam William Thomas,3,sole_trader;service,1
4155,1-3IBJ59B,MVRL57185,Adnan Roiel,3,sole_trader;service,1
4156,1-36TKV7X,MVRL55687,Adrian Ghilardi,3,sole_trader;service,1
4157,1-XUC-2210,MVRL41322,Adrian Harrison,3,sole_trader;service,1
4158,1-2LDKKKP,MVRL54144,Adrian Irwin Smith,3,sole_trader;service,1
4159,1-XTN-4411,MVRL27335,Adrian Moore,3,sole_trader;service,1
4160,1-XTQ-2814,MVRL37374,Ahmad Assaad,3,sole_trader;service,1
4161,1-367G36B,MVRL55546,Ahmad Elahmad,3,sole_trader;service,1
4162,1-3HW2LIX,MVRL57031,Ahmad Kaddour,3,sole_trader;service,1
4163,1-3F4FSDN,MVRL56916,Ahmad Roude,3,sole_trader;service,1
4164,1-XTX-250,MVRL43454,Ahmad Sabra,3,sole_trader;service,1
4165,1-3TZFOGM,MVRL60407,Ahmed Abokarsh,3,sole_trader;service,1
4166,1-1J2M0DR,MVRL52064,Ahmet Nitelik,3,sole_trader;service,1
4167,1-6S2RVR,MVRL47241,Ahmet Uzunoglu,3,sole_trader;service,1
4168,1-4GC1WJK,MVRL63843,Ajeel Hayaf Khalaf Hassan,3,sole_trader;service,1
4169,1-2QF3NW,MVRL45298,Ajit Narayan,3,sole_trader;service,1
4170,1-XTQ-4327,MVRL40926,Alan Douglas Wood,3,sole_trader;service,1
4171,1-XTQ-2154,MVRL35829,Alan Gourlay,3,sole_trader;service,1
4172,1-XTX-326,MVRL43657,Alan Joseph Vella,3,sole_trader;service,1
4173,1-XTQ-4461,MVRL41279,Albert Isaac,3,sole_trader;service,1
4174,1-LL5AP5,MVRL49076,Alexander Osipovich,3,sole_trader;service,1
4175,1-39MT42U,MVRL56142,Alexander Patrick Ross,3,sole_trader;service,1
4176,1-XTN-2367,MVRL21075,Alexandros Athanasoulas,3,sole_trader;service,1
4177,1-XTN-1382,MVRL18074,Alfio Guglielmino,3,sole_trader;service,1
4178,1-30TQMPK,MVRL54888,Alfred Arenelli,3,sole_trader;service,1
4179,1-1VVSB81,MVRL52846,Ali El Masri,3,sole_trader;service,1
4180,1-3LVZR6G,MVRL58447,Ali Matar,3,sole_trader;service,1
4181,1-1Z8520U,MVRL53042,Ali Reza Eftikhari,3,sole_trader;service,1
4182,1-4GQ62UK,MVRL63921,Alireza Moradtabrizi,3,sole_trader;service,1
4183,1-3LXQA35,MVRL58377,Allan John Perkins,3,sole_trader;service,1
4184,1-XTQ-983,MVRL31724,Alpay Kopra,3,sole_trader;service,1
4185,1-2KXFB7B,MVRL54111,Alvin Moodley,3,sole_trader;service,1
4186,1-3K36JFD,MVRL57776,Ambrose Abraham Jefferson Cleaven,3,sole_trader;service,1
4187,1-XTQ-2426,MVRL36485,Amedeo Avati,3,sole_trader;service,1
4188,1-XTN-2388,MVRL21130,Amon Aslan,3,sole_trader;service,1
4189,1-XTQ-2143,MVRL35788,Anamalai Pillay,3,sole_trader;service,1
4190,1-ZGZ6UM,MVRL50543,Andrei Sevciuc,3,sole_trader;service,1
4191,1-3ZGW8DM,MVRL61261,Andrew Charles Danastasi,3,sole_trader;service,1
4192,1-XTN-2192,MVRL20535,Andrew Charles Dodd,3,sole_trader;service,1
4193,1-3NIIDKO,MVRL59019,Andrew Demetriou,3,sole_trader;service,1
4194,1-XTN-3994,MVRL25939,Andrew G Crosbie,3,sole_trader;service,1
4195,1-XTQ-4283,MVRL40808,Andrew Jeremy Gardner,3,sole_trader;service,1
4196,1-2J337DH,MVRL53878,Andrew Lloyd Tate,3,sole_trader;service,1
4197,1-3K2FYJ3,MVRL57757,Andrew Michael Byrnes,3,sole_trader;service,1
4198,1-449AX1S,MVRL61785,Andrew Nahlous,3,sole_trader;service,1
4199,1-49NSQ2D,MVRL62384,Andrew Peter Asmanis,3,sole_trader;service,1
4200,1-XU2-2751,MVRL25395,Andrew Simon March,3,sole_trader;service,1
4201,1-4IXWCAK,MVRL64246,Andrew Stephen Cooper,3,sole_trader;service,1
4202,1-IXSDOF,MVRL48649,Andrew William Barnett,3,sole_trader;service,1
4203,1-XUC-1431,MVRL38179,Andrew William Graham,3,sole_trader;service,1
4204,1-XU2-2523,MVRL24759,Angelo Torrisi,3,sole_trader;service,1
4205,1-17VXR8G,MVRL51280,Anh Kiet Thai,3,sole_trader;service,1
4206,1-XTX-3920,MVRL14270,Ann Shirley Seddon,3,sole_trader;service,1
4207,1-XTN-2646,MVRL21990,Anthony Bohdan Myk,3,sole_trader;service,1
4208,1-XTN-698,MVRL16015,Anthony Brown,3,sole_trader;service,1
4209,1-33XSD6F,MVRL55297,Anthony Gary Dobrich,3,sole_trader;service,1
4210,1-15Q25LH,MVRL51070,Anthony James Walker,3,sole_trader;service,1
4211,1-3BH7BPZ,MVRL56234,Anthony James Woods,3,sole_trader;service,1
4212,1-XTX-805,MVRL5049,Anthony John Plummer,3,sole_trader;service,1
4213,1-XTQ-933,MVRL31597,Anthony Joseph Edwards,3,sole_trader;service,1
4214,1-XTQ-2240,MVRL36043,Anthony Kanaan,3,sole_trader;service,1
4215,1-XTQ-4870,MVRL42263,Anthony Keith Whitmore,3,sole_trader;service,1
4216,1-XU2-3561,MVRL27714,Anthony Khattar,3,sole_trader;service,1
4217,1-383OKUB,MVRL55842,Anthony Michael Steinhour,3,sole_trader;service,1
4218,1-XU2-3149,MVRL26658,Anthony Neyle Patricks,3,sole_trader;service,1
4219,1-ZERPC7,MVRL50506,Anthony Paul George,3,sole_trader;service,1
4220,1-3I1FU6S,MVRL57179,Anthony Ronald Exton,3,sole_trader;service,1
4221,1-4DPE0DX,MVRL63259,Anthony Tagliavento,3,sole_trader;service,1
4222,1-10AB4GU,MVRL50595,Anthony Thomas Manning,3,sole_trader;service,1
4223,1-LSAM0T,MVRL49157,Anthony William Ellis,3,sole_trader;service,1
4224,1-XTQ-4833,MVRL42171,Antoine El-Kazzi,3,sole_trader;service,1
4225,1-5DOJOB,MVRL46870,Antonino Curcuruto,3,sole_trader;service,1
4226,1-4D2CAU8,MVRL63197,Antony Raymond Camilleri,3,sole_trader;service,1
4227,1-49H5TNM,MVRL62551,Arbab Javed,3,sole_trader;service,1
4228,1-XTN-2930,MVRL22855,Ari Aligiannis,3,sole_trader;service,1
4229,1-E4RPQG,MVRL48166,Arif Karamanli,3,sole_trader;service,1
4230,1-XTQ-150,MVRL29426,Armen Rostamians,3,sole_trader;service,1
4231,1-45HWRPU,MVRL61908,Arnoldus Marie Joseph Stoffels,3,sole_trader;service,1
4232,1-XTX-3864,MVRL14148,Arthur Circosta,3,sole_trader;service,1
4233,1-37GW7PJ,MVRL55775,Arthur Theo Meligonis,3,sole_trader;service,1
4234,1-3I8WZUO,MVRL57251,Arvin Gerodias,3,sole_trader;service,1
4235,1-XTQ-3040,MVRL37932,Arvin Karan,3,sole_trader;service,1
4236,1-4GH7ORQ,MVRL63769,Ashley Dale Powyer,3,sole_trader;service,1
4237,1-4B34DWS,MVRL62777,Ashley Stan Vaupotic,3,sole_trader;service,1
4238,1-XTQ-1801,MVRL34915,Ashraf Hassan,3,sole_trader;service,1
4239,1-XUC-1703,MVRL39170,Athanasios Papaconstantinou,3,sole_trader;service,1
4240,1-4BA18UA,MVRL62909,Badeh Shaddad,3,sole_trader;service,1
4241,1-1BF6BLB,MVRL52154,Bader Bazouni,3,sole_trader;service,1
4242,1-3MVHLIM,MVRL58649,Bailey Pritchard,3,sole_trader;service,1
4243,1-4HZT6KI,MVRL64072,Balin Hobart,3,sole_trader;service,1
4244,1-2A7INM4,MVRL53592,Barry Mark Goldthorpe,3,sole_trader;service,1
4245,1-3LFQFPE,MVRL58259,Bassem Ali El Kheir,3,sole_trader;service,1
4246,1-3PC9EK5,MVRL59368,Ben Colin Gately,3,sole_trader;service,1
4247,1-XTQ-2566,MVRL36813,Ben Douglas Ross,3,sole_trader;service,1
4248,1-4KDQCJA,MVRL64298,Benjaman Paul Greenhalgh,3,sole_trader;service,1
4249,1-3KNUYZE,MVRL57924,Benjamin Andrew Yacoub,3,sole_trader;service,1
4250,1-RD1WPU,MVRL49704,Benjamin Anthony McKenzie,3,sole_trader;service,1
4251,1-2ES2U71,MVRL53709,Benjamin David O'Loughlin,3,sole_trader;service,1
4252,1-41FANMY,MVRL61455,Benjamin Ellis,3,sole_trader;service,1
4253,1-2PPHIDL,MVRL54413,Benjamin Glen Barlow,3,sole_trader;service,1
4254,1-XU2-1979,MVRL23188,Benjamin James Biggs,3,sole_trader;service,1
4255,1-5PMPYI,MVRL47000,Benjamin Leeson,3,sole_trader;service,1
4256,1-2VMM1XX,MVRL54539,Benjamin Robert Black,3,sole_trader;service,1
4257,1-3E90JZK,MVRL56932,Benjamin William Sweeney,3,sole_trader;service,1
4258,1-XUC-566,MVRL35161,Benny Mario Attard,3,sole_trader;service,1
4259,1-3I5JF6,MVRL46048,Bernard Brodie,3,sole_trader;service,1
4260,1-XTQ-3591,MVRL39124,Bernard Michael Hunt,3,sole_trader;service,1
4261,1-1W0IH7D,MVRL52844,Bhajan Singh,3,sole_trader;service,1
4262,1-3GC44YP,MVRL56992,Bill Heuchmer,3,sole_trader;service,1
4263,1-29JOR0I,MVRL53606,Blake Maximillian Williams,3,sole_trader;service,1
4264,1-3N94212,MVRL58911,Blake Peter Matthews,3,sole_trader;service,1
4265,1-4FQ87HM,MVRL63731,Blake-Russell Carpenter,3,sole_trader;service,1
4266,1-XU2-3853,MVRL28645,Bob Stojanovski,3,sole_trader;service,1
4267,1-4DKNUYP,MVRL63239,Bradley James Holzmann,3,sole_trader;service,1
4268,1-XTQ-4235,MVRL40676,Bradley James Sayer,3,sole_trader;service,1
4269,1-XU2-4024,MVRL29183,Bradley John Lang,3,sole_trader;service,1
4270,1-3MT0MRG,MVRL58704,Bradley John Wright,3,sole_trader;service,1
4271,1-3JY5WVL,MVRL57730,Bradley Kenneth Campbell,3,sole_trader;service,1
4272,1-RKZHLB,MVRL49756,Bradley Mark Skinner,3,sole_trader;service,1
4273,1-XUC-2168,MVRL41120,Bradley Ross Noyes,3,sole_trader;service,1
4274,1-9Z4UAI,MVRL47821,Bradley Scott Tkac,3,sole_trader;service,1
4275,1-44M3MOU,MVRL61881,Bradley Shane Dymond,3,sole_trader;service,1
4276,1-3V3EEYA,MVRL60519,Brady Cole,3,sole_trader;service,1
4277,1-4CIDEXU,MVRL62914,Brandon Shale Skinner,3,sole_trader;service,1
4278,1-48BK33K,MVRL62520,Brendan James Jillett,3,sole_trader;service,1
4279,1-AG7WJV,MVRL47903,Brendon James Barnes,3,sole_trader;service,1
4280,1-3ZZWONC,MVRL61227,Brent Jordan Greg Peter Bull,3,sole_trader;service,1
4281,1-XTQ-3760,MVRL39531,Brenton Craig Stahl,3,sole_trader;service,1
4282,1-4AYYHG4,MVRL62967,Brett Andrew Kennedy,3,sole_trader;service,1
4283,1-47BDB4E,MVRL62350,Brett Andrew Parker,3,sole_trader;service,1
4284,1-4CLFE9Y,MVRL62934,Brett Anthony Friedrich,3,sole_trader;service,1
4285,1-40XTWOG,MVRL61396,Brett Anthony McFarland,3,sole_trader;service,1
4286,1-3TXR10G,MVRL60404,Brett Baldwin,3,sole_trader;service,1
4287,1-XTQ-3375,MVRL38615,Brett Gary O'Neill,3,sole_trader;service,1
4288,1-26NZYZ9,MVRL53432,Brett Laurence Currey,3,sole_trader;service,1
4289,1-PTRCN6,MVRL49544,Brett Leslie Sivewright,3,sole_trader;service,1
4290,1-44H356U,MVRL61833,Brett Robert Goolagong,3,sole_trader;service,1
4291,1-XTQ-931,MVRL31596,Brett Thomas,3,sole_trader;service,1
4292,1-1VW2SLJ,MVRL53109,Brian Stephen Everest,3,sole_trader;service,1
4293,1-3KHWXUE,MVRL57959,Bronson Arthur South,3,sole_trader;service,1
4294,1-XTQ-325,MVRL29901,Bruce Buchanan,3,sole_trader;service,1
4295,1-XTX-1894,MVRL8705,Bruce Edward Lewis,3,sole_trader;service,1
4296,1-3Q66DRS,MVRL59639,Bruce Edward Taylor,3,sole_trader;service,1
4297,1-7HFDH5,MVRL47441,Bruce Sidney Morrison,3,sole_trader;service,1
4298,1-3P4XY2I,MVRL59452,Bruce William Gillard,3,sole_trader;service,1
4299,1-3G3Q7VP,MVRL56822,Bruce William Sheaffe,3,sole_trader;service,1
4300,1-3BMJEVN,MVRL56273,Bruno Fragomeli,3,sole_trader;service,1
4301,1-1NFBVT0,MVRL52311,Bruno Vincent Monteleone,3,sole_trader;service,1
4302,1-2X9ISS1,MVRL54662,Caine Michael Newell,3,sole_trader;service,1
4303,1-2MHUFMV,MVRL54276,Cameron Ewen Mcpherson,3,sole_trader;service,1
4304,1-3KWDRED,MVRL58039,Can Boncukcular,3,sole_trader;service,1
4305,1-20E7D1U,MVRL53094,Carl George Climan,3,sole_trader;service,1
4306,1-16P8ZWV,MVRL51183,Chad Clarence Justin Spradbrow,3,sole_trader;service,1
4307,1-V30ABY,MVRL49993,Chad Steven Bussell,3,sole_trader;service,1
4308,1-XU2-1273,MVRL21248,Chalemoun Askarou,3,sole_trader;service,1
4309,1-489FG43,MVRL62359,Chanelle Kocoski,3,sole_trader;service,1
4310,1-3IHYPDL,MVRL57374,Charbel Taouk,3,sole_trader;service,1
4311,1-59U92R,MVRL46818,Charles Mario D'Aquino,3,sole_trader;service,1
4312,1-3CMARQK,MVRL56431,Charles William Martin,3,sole_trader;service,1
4313,1-XU2-4608,MVRL30936,Charlie Guardala,3,sole_trader;service,1
4314,1-XTN-3509,MVRL24558,Charlie Petralito,3,sole_trader;service,1
4315,1-XTQ-3762,MVRL39538,Cheng Thach,3,sole_trader;service,1
4316,1-3IFKGBQ,MVRL57168,Chong Huang Beh,3,sole_trader;service,1
4317,1-3VQ5VZS,MVRL60673,Chris Ian John Donnelly,3,sole_trader;service,1
4318,1-XUC-1685,MVRL39112,Chris Michael,3,sole_trader;service,1
4319,1-XUC-431,MVRL34738,Christopher Allan Riley,3,sole_trader;service,1
4320,1-391DYOI,MVRL55943,Christopher Darren Rees,3,sole_trader;service,1
4321,1-XTQ-263,MVRL29731,Christopher James Albertini,3,sole_trader;service,1
4322,1-XTN-4785,MVRL28415,Christopher John Feltham,3,sole_trader;service,1
4323,1-11QF0KG,MVRL50685,Christopher Lovas,3,sole_trader;service,1
4324,1-XUC-2854,MVRL44451,Christopher Neil Skelly,3,sole_trader;service,1
4325,1-3CI8S8W,MVRL56453,Christopher Ohannes Atesh,3,sole_trader;service,1
4326,1-13J72V4,MVRL50846,Christopher Ryan Peterson,3,sole_trader;service,1
4327,1-XU2-842,MVRL19991,Christopher Teuma,3,sole_trader;service,1
4328,1-3CWVT76,MVRL56524,Christopher Vasiliou,3,sole_trader;service,1
4329,1-3PLS9HG,MVRL59432,Chun Ki Johnny Lam,3,sole_trader;service,1
4330,1-3RYVZVI,MVRL60045,Claude Mary,3,sole_trader;service,1
4331,1-3AVA9R0,MVRL56221,Clinton Rong,3,sole_trader;service,1
4332,1-3P9BEVQ,MVRL59567,Cody Luke Dal Nevo,3,sole_trader;service,1
4333,1-2XFLH7T,MVRL54670,Cody Ronald McKay,3,sole_trader;service,1
4334,1-XU2-790,MVRL19794,Colin Andrew Bickley,3,sole_trader;service,1
4335,1-XTQ-4211,MVRL40615,Colin Barry Hatton,3,sole_trader;service,1
4336,1-3BJWIF2,MVRL56324,Colin Bing Wai Yuen,3,sole_trader;service,1
4337,1-XUC-949,MVRL36525,Colin Lewis,3,sole_trader;service,1
4338,1-3WE1HQW,MVRL60749,Colin Richard Derrick,3,sole_trader;service,1
4339,1-XTQ-954,MVRL31662,Con Daleris,3,sole_trader;service,1
4340,1-480T3XW,MVRL62299,Corey Kenneth Millar,3,sole_trader;service,1
4341,1-XUC-1123,MVRL37140,Corey Robert Bysouth,3,sole_trader;service,1
4342,1-3PB5WFI,MVRL59650,Craig Adam Marsh,3,sole_trader;service,1
4343,1-XUC-984,MVRL36646,Craig Andrew Duncan,3,sole_trader;service,1
4344,1-3LA9X5S,MVRL58291,Craig Anthony Spring,3,sole_trader;service,1
4345,1-727Q0V,MVRL47335,Craig Bradley Orchard,3,sole_trader;service,1
4346,1-XUC-537,MVRL35068,Craig Dare,3,sole_trader;service,1
4347,1-35F79Q9,MVRL55436,Craig Frederick Oehm,3,sole_trader;service,1
4348,1-9BQ7B6,MVRL47770,Craig Gregory Harvey,3,sole_trader;service,1
4349,1-XU2-4884,MVRL31928,Craig Ian Summerfield,3,sole_trader;service,1
4350,1-21IRBV9,MVRL53305,Craig Leslie Douglas,3,sole_trader;service,1
4351,1-XUC-426,MVRL34732,Craig Philip Harris,3,sole_trader;service,1
4352,1-XUC-1351,MVRL37952,Craig Ronald Francis,3,sole_trader;service,1
4353,1-13TCXRX,MVRL50839,Craig William Anderson,3,sole_trader;service,1
4354,1-3N0DO3T,MVRL58664,Craige Murray Noble,3,sole_trader;service,1
4355,1-3VD8N38,MVRL60627,Dale Thomas Rickards,3,sole_trader;service,1
4356,1-44GUINE,MVRL61746,Dallas Ronald Barnier Rose,3,sole_trader;service,1
4357,1-XTQ-2627,MVRL36920,Damian Lojszczyk,3,sole_trader;service,1
4358,1-48EXMJO,MVRL62377,Damien John Hodges,3,sole_trader;service,1
4359,1-169GWV1,MVRL51155,Daniel Bentick,3,sole_trader;service,1
4360,1-3NJD8DA,MVRL59082,Daniel Colin Landers,3,sole_trader;service,1
4361,1-29JNQ21,MVRL53533,Daniel Gregory Williams,3,sole_trader;service,1
4362,1-4HK4D89,MVRL63966,Daniel John Bennett,3,sole_trader;service,1
4363,1-15562WP,MVRL50991,Daniel Jon Blackhall,3,sole_trader;service,1
4364,1-XUC-1380,MVRL38025,Daniel Josep Borg,3,sole_trader;service,1
4365,1-1UOFUV3,MVRL52795,Daniel Joseph Matkovich,3,sole_trader;service,1
4366,1-1N0I0WE,MVRL52347,Daniel Jovanovic,3,sole_trader;service,1
4367,1-XUC-926,MVRL36426,Daniel Kim Wilson,3,sole_trader;service,1
4368,1-16HJD6H,MVRL51147,Daniel Lee Mitchell,3,sole_trader;service,1
4369,1-31SSI1F,MVRL54967,Daniel Lindsay Buttriss,3,sole_trader;service,1
4370,1-XTX-354,MVRL43747,Daniel Marc Kleinig,3,sole_trader;service,1
4371,1-13ZMYWZ,MVRL50859,Daniel McAlpine,3,sole_trader;service,1
4372,1-Y17D77,MVRL50397,Danny Christopher Vong,3,sole_trader;service,1
4373,1-3IYM5CU,MVRL57309,Danny Patrizi,3,sole_trader;service,1
4374,1-L5U3ZA,MVRL49031,Danual Stephen Casey,3,sole_trader;service,1
4375,1-3CVDKKE,MVRL56463,Daren Denzil Golding,3,sole_trader;service,1
4376,1-XTQ-566,MVRL30565,Darren Edward East,3,sole_trader;service,1
4377,1-XTN-3210,MVRL23709,Darren James Lucas,3,sole_trader;service,1
4378,1-3LY0138,MVRL58410,Darren Ross Gammidge,3,sole_trader;service,1
4379,1-XTQ-3232,MVRL38330,Darron Edward Good,3,sole_trader;service,1
4380,1-16OZLGF,MVRL51135,Daryl Gregory Goring,3,sole_trader;service,1
4381,1-3P6VZYK,MVRL59445,Dasinder Singh,3,sole_trader;service,1
4382,1-3N73J1I,MVRL58805,David Allan Bennett,3,sole_trader;service,1
4383,1-XTX-4985,MVRL17399,David Barry Sullivan,3,sole_trader;service,1
4384,1-106DKO7,MVRL50587,David Bonanno,3,sole_trader;service,1
4385,1-3PF5IWG,MVRL59335,David Brown,3,sole_trader;service,1
4386,1-XUC-1553,MVRL38614,David Cabrita Cavaco,3,sole_trader;service,1
4387,1-45I2RPY,MVRL61898,David Caletti,3,sole_trader;service,1
4388,1-1R192M6,MVRL52568,David Clive McLeay,3,sole_trader;service,1
4389,1-17SNO3K,MVRL51276,David Emanuel Buhajiar,3,sole_trader;service,1
4390,1-3L1OUHI,MVRL58175,David Ernest Jones,3,sole_trader;service,1
4391,1-XU2-1251,MVRL21196,David Frank Jones,3,sole_trader;service,1
4392,1-XU2-4697,MVRL31221,David Goodman,3,sole_trader;service,1
4393,1-XTN-4249,MVRL26796,David Grant Smith,3,sole_trader;service,1
4394,1-NIZEY8,MVRL49282,David Henry Tonkin,3,sole_trader;service,1
4395,1-3V1TWQU,MVRL60488,David James Allan,3,sole_trader;service,1
4396,1-XTQ-4112,MVRL40391,David James Mulligan,3,sole_trader;service,1
4397,1-3CFKQLF,MVRL56342,David John Borg,3,sole_trader;service,1
4398,1-2MVKCT,MVRL45224,David John Hamilton,3,sole_trader;service,1
4399,1-3DY3WSJ,MVRL56618,David John Pillidge,3,sole_trader;service,1
4400,1-4DNXX3K,MVRL63577,David John Spokes,3,sole_trader;service,1
4401,1-XTX-24,MVRL42731,David Joseph Donatiello,3,sole_trader;service,1
4402,1-XU2-4558,MVRL30758,David Joseph Mcmillan,3,sole_trader;service,1
4403,1-XTQ-1535,MVRL33083,David Keith Le Fort,3,sole_trader;service,1
4404,1-TFPJ6J,MVRL49842,David Leigh Riepon,3,sole_trader;service,1
4405,1-XU2-4161,MVRL29615,David Lindsay Harris,3,sole_trader;service,1
4406,1-3WTHBYI,MVRL60800,David Michael Pickvance,3,sole_trader;service,1
4407,1-XTN-4030,MVRL26063,David Morgan,3,sole_trader;service,1
4408,1-2F5WON,MVRL45054,David Myles McGinniss,3,sole_trader;service,1
4409,1-40TTSFO,MVRL61346,David Petrovic,3,sole_trader;service,1
4410,1-XU2-2003,MVRL23255,David Ross Mayberry,3,sole_trader;service,1
4411,1-XTX-1491,MVRL7505,David Slaughter,3,sole_trader;service,1
4412,1-3NLASQS,MVRL58948,David William Wheatley,3,sole_trader;service,1
4413,1-3K92UIJ,MVRL57853,Dean Douglas Lange,3,sole_trader;service,1
4414,1-4AZX72S,MVRL62838,Dean Eric Craig Williams,3,sole_trader;service,1
4415,1-3IUZXBY,MVRL57339,Dean John Hickman,3,sole_trader;service,1
4416,1-4D1MKUY,MVRL63189,Dean Robert Lucas,3,sole_trader;service,1
4417,1-2JTBF89,MVRL54024,Dean Robert Obrien,3,sole_trader;service,1
4418,1-XU2-4677,MVRL31151,Dennis Albert Hughey,3,sole_trader;service,1
4419,1-XU2-3162,MVRL26681,Dennis Girgilakis,3,sole_trader;service,1
4420,1-3RFPLPS,MVRL59922,Dennis Morales,3,sole_trader;service,1
4421,1-XTQ-2666,MVRL37010,Derek McLean,3,sole_trader;service,1
4422,1-T854DR,MVRL49823,Diea Djiaz,3,sole_trader;service,1
4423,1-3PN9HR0,MVRL59419,Diego Garcia,3,sole_trader;service,1
4424,1-1567H61,MVRL50986,Dimitrios Kalogeropoulos,3,sole_trader;service,1
4425,1-XUC-2039,MVRL40583,Djanko Erickson,3,sole_trader;service,1
4426,1-4DTE5Y0,MVRL63466,Domenico Mallamace,3,sole_trader;service,1
4427,1-3DPTDYM,MVRL56591,Donald Alfred Hutchinson,3,sole_trader;service,1
4428,1-3MOZS7N,MVRL58715,Donald Arthur Perry,3,sole_trader;service,1
4429,1-2BIH603,MVRL53740,Donald Steven McCarthy,3,sole_trader;service,1
4430,1-2MEAXT8,MVRL54264,Douglas James Kinder,3,sole_trader;service,1
4431,1-4AQSLX5,MVRL62764,Drew David Bennett,3,sole_trader;service,1
4432,1-XTQ-2383,MVRL36370,Duc Hai Van,3,sole_trader;service,1
4433,1-XTQ-4792,MVRL42085,Duc Hung Vo,3,sole_trader;service,1
4434,1-XUC-1462,MVRL38304,Duncan Clifton,3,sole_trader;service,1
4435,1-3TM8AWK,MVRL60282,Dustin Ryan Sidoruk,3,sole_trader;service,1
4436,1-3V5Y667,MVRL60528,Dwain Eric James Beadon,3,sole_trader;service,1
4437,1-3K43TF0,MVRL57833,Dylan John Matwijow,3,sole_trader;service,1
4438,1-1BXTM3L,MVRL51566,Dylan Kurt Elvis Perger,3,sole_trader;service,1
4439,1-3PA5ZAG,MVRL59309,Eddy Princic,3,sole_trader;service,1
4440,1-2MW01KK,MVRL54319,Edward George Mccomish,3,sole_trader;service,1
4441,1-1178SCT,MVRL50670,Edward John Carusi,3,sole_trader;service,1
4442,1-7W4TPY,MVRL47527,Edward John Olyslagers,3,sole_trader;service,1
4443,1-3LQZUIG,MVRL58355,Edward Langbehn,3,sole_trader;service,1
4444,1-22K8M69,MVRL53173,Edward Stephen Anderson,3,sole_trader;service,1
4445,1-XUC-4670,MVRL9027,Edward Tomasic,3,sole_trader;service,1
4446,1-3I4GZ3U,MVRL57249,Edwin Villarosa Zafra,3,sole_trader;service,1
4447,1-4NJBL3,MVRL46521,Elias Charara,3,sole_trader;service,1
4448,1-NE0BHX,MVRL49244,Elias Hanania,3,sole_trader;service,1
4449,1-3LQ9C08,MVRL58318,Elias Khzouz,3,sole_trader;service,1
4450,1-4EVN0E8,MVRL63609,Eligh Edward Mark Unwin,3,sole_trader;service,1
4451,1-XTX-594,MVRL44403,Emad Aref Yousef Fakhoury,3,sole_trader;service,1
4452,1-1MR1KF9,MVRL52291,Emad Maher Salib,3,sole_trader;service,1
4453,1-4JNDFEL,MVRL64374,Emelito Nacua,3,sole_trader;service,1
4454,1-XTN-4903,MVRL28746,Emmanuel Georpalidis,3,sole_trader;service,1
4455,1-31ZD4K3,MVRL54997,Emmet Langham,3,sole_trader;service,1
4456,1-3KFWLQ2,MVRL57875,En Ping Ge,3,sole_trader;service,1
4457,1-XU2-237,MVRL18177,Enzo Andreano,3,sole_trader;service,1
4458,1-XUC-474,MVRL34866,Eric J Turner,3,sole_trader;service,1
4459,1-341RAOF,MVRL55254,Eric Warren Sligar,3,sole_trader;service,1
4460,1-52NQV3,MVRL46712,Ernest Mhanna,3,sole_trader;service,1
4461,1-33BZJ49,MVRL55153,Ernesto Marco Capponi,3,sole_trader;service,1
4462,1-3PT9EYU,MVRL59527,Ethan Mills,3,sole_trader;service,1
4463,1-XTQ-482,MVRL30339,Evan Stuart Cox,3,sole_trader;service,1
4464,1-3G2QLUH,MVRL56973,Fakava Vaenuku,3,sole_trader;service,1
4465,1-XTN-4049,MVRL26113,Fausto Claudio Poletto,3,sole_trader;service,1
4466,1-1E74P91,MVRL51636,Ferass Malas,3,sole_trader;service,1
4467,1-XTQ-3417,MVRL38709,Ferda Altay,3,sole_trader;service,1
4468,1-21G8Z1H,MVRL53093,Fouad Bardouh,3,sole_trader;service,1
4469,1-5E92KO,MVRL46864,Fowad Elkssan Fowad,3,sole_trader;service,1
4470,1-XU2-4055,MVRL29272,Francesco Gidaro,3,sole_trader;service,1
4471,1-4ET2TJM,MVRL63568,Francis Vincent Cush Mason,3,sole_trader;service,1
4472,1-1CJG9XX,MVRL51571,Frank Anthony Simonetta,3,sole_trader;service,1
4473,1-XTQ-4418,MVRL41170,Frank Cirillo,3,sole_trader;service,1
4474,1-XTN-1627,MVRL18795,Frank Joseph Dutton,3,sole_trader;service,1
4475,1-XTN-3176,MVRL23608,Frank Paul Tedesco,3,sole_trader;service,1
4476,1-1Z5R6RF,MVRL53221,Fredrick Charles Shepherdson,3,sole_trader;service,1
4477,1-9WAZ7K,MVRL47808,Galeb Mohammad Majed,3,sole_trader;service,1
4478,1-UHOAVE,MVRL49927,Gareth William Shepherd,3,sole_trader;service,1
4479,1-XU2-3011,MVRL26284,Garnet Patterson,3,sole_trader;service,1
4480,1-XTN-471,MVRL15365,Garry John Lavender,3,sole_trader;service,1
4481,1-XTQ-4602,MVRL41618,Gary Bayramian,3,sole_trader;service,1
4482,1-4AFNUO,MVRL46393,Gary Frederick Griffin,3,sole_trader;service,1
4483,1-XU2-3455,MVRL27465,Gary James Shepherd,3,sole_trader;service,1
4484,1-XTQ-3528,MVRL38980,Gary John Brooks,3,sole_trader;service,1
4485,1-433U0D6,MVRL61652,Gary John Litson,3,sole_trader;service,1
4486,1-XTN-4454,MVRL27456,Gary Lister Hain,3,sole_trader;service,1
4487,1-XUC-288,MVRL33256,Gary Marshall,3,sole_trader;service,1
4488,1-XTX-924,MVRL5485,Gary Robert Walmsley,3,sole_trader;service,1
4489,1-470NCP,MVRL46339,Gary Ronald Ward,3,sole_trader;service,1
4490,1-2JZL9DH,MVRL53997,Gavin William Meuffels,3,sole_trader;service,1
4491,1-2UFUZ2,MVRL45406,Geoff Mark Whitbread,3,sole_trader;service,1
4492,1-3LAPX5C,MVRL58261,Geoffrey Robert Gadsden,3,sole_trader;service,1
4493,1-XTQ-4493,MVRL41364,George Adam,3,sole_trader;service,1
4494,1-3LZAW7G,MVRL58456,George Alexander Owens,3,sole_trader;service,1
4495,1-3U4KFNE,MVRL60485,George Dallas,3,sole_trader;service,1
4496,1-1JO65L4,MVRL52042,George Ernest Sikora,3,sole_trader;service,1
4497,1-XU2-4895,MVRL3195,George Kakakios,3,sole_trader;service,1
4498,1-41DFZBF,MVRL61349,George Kotoros,3,sole_trader;service,1
4499,1-2LV7RKO,MVRL54182,George Pasparakis,3,sole_trader;service,1
4500,1-XTQ-894,MVRL31505,George Roditis,3,sole_trader;service,1
4501,1-XUC-758,MVRL35833,George Stephen Kerrison,3,sole_trader;service,1
4502,1-3KZ1SNE,MVRL58168,Gerald Peter Magri,3,sole_trader;service,1
4503,1-XU2-3184,MVRL26749,Gerard Francis Allan,3,sole_trader;service,1
4504,1-XTQ-4626,MVRL41668,Gerard Leo Hundy,3,sole_trader;service,1
4505,1-2GD1F8Q,MVRL53800,Gia Cao,3,sole_trader;service,1
4506,1-117HETU,MVRL50632,Glen Cambell Fullerton,3,sole_trader;service,1
4507,1-XU2-3957,MVRL28952,Glen David Gilbert,3,sole_trader;service,1
4508,1-4F1CBPG,MVRL63623,Glen Dowling,3,sole_trader;service,1
4509,1-XUC-2285,MVRL41643,Glen Mark Wyborn,3,sole_trader;service,1
4510,1-3Q7JYAR,MVRL59708,Glen Mehmet,3,sole_trader;service,1
4511,1-3P38ME,MVRL46148,Glenn David Lambert,3,sole_trader;service,1
4512,1-3U5WM5L,MVRL60356,Glenn John Weekes,3,sole_trader;service,1
4513,1-XTX-261,MVRL43476,Glenn John White,3,sole_trader;service,1
4514,1-2RP96VJ,MVRL54396,Glenn Joseph Best,3,sole_trader;service,1
4515,1-XU2-1895,MVRL22945,Graeme Arthur Horner,3,sole_trader;service,1
4516,1-XUC-1096,MVRL37035,Graeme Lindsay Gillies,3,sole_trader;service,1
4517,1-9XEY9S,MVRL47835,Graham John Smith,3,sole_trader;service,1
4518,1-2L3VOF,MVRL45204,Graham Richard Passfield,3,sole_trader;service,1
4519,1-1LSJE5E,MVRL52195,Grant Albert Whipp,3,sole_trader;service,1
4520,1-3OWUQB8,MVRL59274,Grant Arthur Douglas,3,sole_trader;service,1
4521,1-218DXR1,MVRL53143,Grant John Tollis,3,sole_trader;service,1
4522,1-3HYNTXP,MVRL57348,Grant Leslie Eadie,3,sole_trader;service,1
4523,1-XTQ-1386,MVRL32679,Grant Michael Pickup,3,sole_trader;service,1
4524,1-5B8R3R,MVRL46850,Gray Woodhead,3,sole_trader;service,1
4525,1-XU2-4188,MVRL29671,Gregory Boyd Ormerod,3,sole_trader;service,1
4526,1-XU2-1551,MVRL22001,Gregory James Agustin,3,sole_trader;service,1
4527,1-XTQ-1290,MVRL32456,Gregory James Moreland,3,sole_trader;service,1
4528,1-3D9YJDY,MVRL56503,Gregory James Slade,3,sole_trader;service,1
4529,1-1VYFBE0,MVRL52801,Gregory James Woods,3,sole_trader;service,1
4530,1-53280N,MVRL46724,Gregory Keith McFarlane,3,sole_trader;service,1
4531,1-3OGD7UI,MVRL59166,Gregory Maxwell Perry,3,sole_trader;service,1
4532,1-XTN-842,MVRL16477,Gregory Thomas Forbes,3,sole_trader;service,1
4533,1-XTQ-2263,MVRL36097,Gregory William Love,3,sole_trader;service,1
4534,1-3VEA77Z,MVRL60505,Hadi Sayyh Fadil,3,sole_trader;service,1
4535,1-XTN-4322,MVRL27000,Hae Lin Yoon,3,sole_trader;service,1
4536,1-4J0YR6E,MVRL64201,Hariton Boladian,3,sole_trader;service,1
4537,1-XUC-717,MVRL35673,Hassan Chafic,3,sole_trader;service,1
4538,1-3P9C23K,MVRL59547,Hassan Yasin,3,sole_trader;service,1
4539,1-2K728T0,MVRL54030,Hayden Horst Kirk,3,sole_trader;service,1
4540,1-3W2N99G,MVRL60630,Hayden James Ramsay,3,sole_trader;service,1
4541,1-3NVD82O,MVRL59113,Hayden Kurt Graupner,3,sole_trader;service,1
4542,1-8QVXHA,MVRL47614,Haytham Bakri,3,sole_trader;service,1
4543,1-45GL8QO,MVRL61976,Heath Jonathan Perry,3,sole_trader;service,1
4544,1-1HG946S,MVRL51830,Henry Al-Ali,3,sole_trader;service,1
4545,1-6U4J3I,MVRL47259,Hettiarachchige Sirimanne,3,sole_trader;service,1
4546,1-3J4TEWF,MVRL57503,Holly-Jean Fitzgibbon,3,sole_trader;service,1
4547,1-3MTQ4UU,MVRL58688,Hristijan Mitkovski,3,sole_trader;service,1
4548,1-O3U56P,MVRL49340,Hristos Tsesmelis,3,sole_trader;service,1
4549,1-3RAD4P3,MVRL59897,Hussain Al-Kilany,3,sole_trader;service,1
4550,1-22NTTHM,MVRL53176,Hussain Muhammad,3,sole_trader;service,1
4551,1-4EHNY66,MVRL63599,Hussien Abdul Aziz Hammoud,3,sole_trader;service,1
4552,1-1DGVWN0,MVRL51600,Hussien Sabra,3,sole_trader;service,1
4553,1-XTQ-2583,MVRL36847,Hyunchul Kim,3,sole_trader;service,1
4554,1-3GAUWDR,MVRL56981,Ian George Knobbs,3,sole_trader;service,1
4555,1-XTX-635,MVRL44529,Ian James Jolly,3,sole_trader;service,1
4556,1-3DTYT8O,MVRL56617,Ian Leslie Armstrong,3,sole_trader;service,1
4557,1-XTN-3665,MVRL24953,Ian Reginald Wills,3,sole_trader;service,1
4558,1-XUC-2075,MVRL40702,Ian Shane Merrett,3,sole_trader;service,1
4559,1-XTX-559,MVRL44310,Ian Thomas Condon,3,sole_trader;service,1
4560,1-R73HNH,MVRL49685,Ihsan Ishak,3,sole_trader;service,1
4561,1-LZ8IBI,MVRL49177,Imad Ahmad Almoubayed,3,sole_trader;service,1
4562,1-XTQ-4572,MVRL41534,Imad Berjaoui,3,sole_trader;service,1
4563,1-3KTURG4,MVRL58149,Imran Yasin,3,sole_trader;service,1
4564,1-14KUZ20,MVRL51054,Inderpal Singh,3,sole_trader;service,1
4565,1-3VEBD0W,MVRL60631,Iraj Mohammad Valizadeh Seissan,3,sole_trader;service,1
4566,1-2V8O0VK,MVRL54450,Ireneo III Rosales Sundiam,3,sole_trader;service,1
4567,1-3Q3XP0O,MVRL59610,ISAAC JAMES HORWOOD NADEN,3,sole_trader;service,1
4568,1-3OQ3U3A,MVRL59230,Iztok Floridan,3,sole_trader;service,1
4569,1-4D8A4BE,MVRL63172,Jack Mcarthur Giudes,3,sole_trader;service,1
4570,1-3Y6ZVKK,MVRL61127,Jackson Peter Amey,3,sole_trader;service,1
4571,1-3ZP7S92,MVRL61201,Jacob Douglas Smith,3,sole_trader;service,1
4572,1-482H0YY,MVRL62449,Jacob Lusic,3,sole_trader;service,1
4573,1-XTQ-4005,MVRL40155,Jade Anthony Batchelor,3,sole_trader;service,1
4574,1-3UZUXNU,MVRL60502,Jake Maitland,3,sole_trader;service,1
4575,1-3MN9F8O,MVRL58605,Jake Robert Thorley,3,sole_trader;service,1
4576,1-453HC9E,MVRL61954,Jake Victor Ibbott-Cordi,3,sole_trader;service,1
4577,1-XTQ-3512,MVRL38944,James Allan Bell,3,sole_trader;service,1
4578,1-2W114SB,MVRL54603,James Allen Gambrill,3,sole_trader;service,1
4579,1-XTX-1869,MVRL8636,James Edwin Dawson,3,sole_trader;service,1
4580,1-AJOHU9,MVRL47936,James Frederick Robinson,3,sole_trader;service,1
4581,1-4DK24X8,MVRL63493,James Gerald O'donnell,3,sole_trader;service,1
4582,1-3TP7FAK,MVRL60344,James Keith Horne,3,sole_trader;service,1
4583,1-4IMNWZA,MVRL64215,James Michael Forrest,3,sole_trader;service,1
4584,1-XTX-2359,MVRL10059,James Michael Mckechnie,3,sole_trader;service,1
4585,1-3SAAGP2,MVRL60149,James Thomas Fisher,3,sole_trader;service,1
4586,1-3SR66X6,MVRL60151,James Trelawney O'Brien,3,sole_trader;service,1
4587,1-XUC-737,MVRL35736,James William Schuberg,3,sole_trader;service,1
4588,1-1Z8A53Q,MVRL52990,Jamie Brian Charlton,3,sole_trader;service,1
4589,1-3M3M234,MVRL58484,Jamie Feraty,3,sole_trader;service,1
4590,1-1FI239J,MVRL51733,Jamie Ian Moberget,3,sole_trader;service,1
4591,1-GJQMRE,MVRL48535,Jamie Philip Fancett,3,sole_trader;service,1
4592,1-XUC-680,MVRL35536,Jamie Todd Waterhouse,3,sole_trader;service,1
4593,1-3439NPR,MVRL55258,Jamshid Manoochehry,3,sole_trader;service,1
4594,1-24VUK9D,MVRL53307,Jared Brown,3,sole_trader;service,1
4595,1-XU2-3667,MVRL28041,Jason Anthony Micallef,3,sole_trader;service,1
4596,1-3RLOQ3A,MVRL60073,Jason Christopher Kosij,3,sole_trader;service,1
4597,1-OQCR1Z,MVRL49429,Jason John Thurgate,3,sole_trader;service,1
4598,1-XUC-2540,MVRL42836,Jason Lawrence Mcpherson,3,sole_trader;service,1
4599,1-3AA2EXG,MVRL56077,Jason Lee John Macdonald,3,sole_trader;service,1
4600,1-2LYWZHD,MVRL54269,Jason Mark Kurtz,3,sole_trader;service,1
4601,1-4DQJSTZ,MVRL63405,Jason Mark Robertson,3,sole_trader;service,1
4602,1-3LTYYV,MVRL46113,Jason Mathew Donohoe,3,sole_trader;service,1
4603,1-2KRXBRS,MVRL54107,Jason Mervyn Sharpe,3,sole_trader;service,1
4604,1-1AH3UGW,MVRL51374,Jason Michael Hunter King,3,sole_trader;service,1
4605,1-3SZ3RZ8,MVRL60257,Jason Philip Oakes,3,sole_trader;service,1
4606,1-XUC-1617,MVRL38881,Jason Thomas Whiffen-Briski,3,sole_trader;service,1
4607,1-2ZDF92X,MVRL54816,Jason William Davey,3,sole_trader;service,1
4608,1-3J9U1HH,MVRL57439,Jaxon Hayes,3,sole_trader;service,1
4609,1-47JT8L,MVRL46360,Jay Geoffrey Jones,3,sole_trader;service,1
4610,1-35PABK7,MVRL55590,Jay Peter White,3,sole_trader;service,1
4611,1-3LYZFLU,MVRL58391,Jayson Frederick Bousfield,3,sole_trader;service,1
4612,1-XU2-3255,MVRL26902,Jefferey Alan Foxman,3,sole_trader;service,1
4613,1-XU2-4604,MVRL30924,Jeffrey Alan Kane,3,sole_trader;service,1
4614,1-31TNP0,MVRL45588,Jeffrey Ian Bevington,3,sole_trader;service,1
4615,1-1VRL6SF,MVRL52781,Jeffrey Mark Biddle,3,sole_trader;service,1
4616,1-FR4RVL,MVRL48401,Jeffrey Robert Sleeman,3,sole_trader;service,1
4617,1-4EVZKFU,MVRL63631,Jeremiah Trotter,3,sole_trader;service,1
4618,1-O6ZMNS,MVRL49358,Jeremy Gilbert,3,sole_trader;service,1
4619,1-45RBG2,MVRL46343,Jeremy James Bierton,3,sole_trader;service,1
4620,1-3H86IV2,MVRL57099,Jeremy John Lever,3,sole_trader;service,1
4621,1-1BABOQM,MVRL51509,Jeremy Robert Charles Schalk,3,sole_trader;service,1
4622,1-2WZCRFN,MVRL54660,Jesse Clifford Kenworthy,3,sole_trader;service,1
4623,1-4DFJHEM,MVRL63604,Jesse Leo James Dawson,3,sole_trader;service,1
4624,1-3N30OYM,MVRL58821,Jessica Dorrington,3,sole_trader;service,1
4625,1-3UESNHO,MVRL60457,Jessica-Anne Siviour,3,sole_trader;service,1
4626,1-3INBUTR,MVRL57256,Jihad Ahmad Kaddour,3,sole_trader;service,1
4627,1-XUC-60,MVRL32488,Jim Loukis,3,sole_trader;service,1
4628,1-3IEI88A,MVRL57315,Jiries Wahhab,3,sole_trader;service,1
4629,1-3NWVS8K,MVRL59004,Joe Tony Carbone,3,sole_trader;service,1
4630,1-4FCERMA,MVRL63733,Joey Hamden,3,sole_trader;service,1
4631,1-3MHIY3G,MVRL58596,Johan Els,3,sole_trader;service,1
4632,1-XU2-4192,MVRL29690,John Alexander Crawford,3,sole_trader;service,1
4633,1-3ETQO9U,MVRL56776,John Anthony Hately,3,sole_trader;service,1
4634,1-XTQ-2270,MVRL36121,John Aouchan,3,sole_trader;service,1
4635,1-XTQ-4967,MVRL42597,John Arthur Brown,3,sole_trader;service,1
4636,1-XTN-3186,MVRL23638,John Carmichael,3,sole_trader;service,1
4637,1-1IFIYLH,MVRL51979,John Coulits,3,sole_trader;service,1
4638,1-XU2-2365,MVRL24304,John Francis Christie,3,sole_trader;service,1
4639,1-XTN-3828,MVRL25438,John Gerrit Kuiper,3,sole_trader;service,1
4640,1-21ZLSKH,MVRL53273,John Glenn,3,sole_trader;service,1
4641,1-XU2-2062,MVRL23430,John Joe Tahhan,3,sole_trader;service,1
4642,1-XTQ-2173,MVRL35877,John Joseph Cauchi,3,sole_trader;service,1
4643,1-XU2-1374,MVRL21521,John Kafes,3,sole_trader;service,1
4644,1-7RFWWK,MVRL47487,John Mark Chhor,3,sole_trader;service,1
4645,1-2IVQZCZ,MVRL53868,John Michael Hickey,3,sole_trader;service,1
4646,1-XU2-3824,MVRL28559,John Michael Lowe,3,sole_trader;service,1
4647,1-3FIF13,MVRL46040,John Neville Davis,3,sole_trader;service,1
4648,1-238HZTF,MVRL53197,John Patrick Tripodi,3,sole_trader;service,1
4649,1-1OX0DKM,MVRL52667,John Paul Thompson,3,sole_trader;service,1
4650,1-5EW5BU,MVRL46964,John Paul Yousif,3,sole_trader;service,1
4651,1-3Q7AWVU,MVRL59718,John Puccio,3,sole_trader;service,1
4652,1-XTN-4742,MVRL28268,John Raymond Grady,3,sole_trader;service,1
4653,1-4813C27,MVRL62404,John Robson Taplin,3,sole_trader;service,1
4654,1-XU2-1533,MVRL21953,John Stefanou,3,sole_trader;service,1
4655,1-3CFKQJT,MVRL56392,John Trifonas,3,sole_trader;service,1
4656,1-2LATJ9J,MVRL54215,John William Foster,3,sole_trader;service,1
4657,1-XTQ-529,MVRL30478,Johnny Cicuto,3,sole_trader;service,1
4658,1-XTQ-4756,MVRL41984,Johnny Tarabay,3,sole_trader;service,1
4659,1-437C2X8,MVRL61726,Jonas Spiropoulos,3,sole_trader;service,1
4660,1-1OXE7EV,MVRL52438,Jonathan Adam Patterson,3,sole_trader;service,1
4661,1-12ZZXF8,MVRL50776,Jonathan Fyans Bedggood,3,sole_trader;service,1
4662,1-3ECF1OW,MVRL56763,Jonathan Romuald Moti,3,sole_trader;service,1
4663,1-3Q0J8HG,MVRL59548,Jonathan Thomas Collins,3,sole_trader;service,1
4664,1-X3GV4O,MVRL50220,Jose Nicolas Urrutia,3,sole_trader;service,1
4665,1-XTQ-1872,MVRL35076,Joseph Anthony Zanotto,3,sole_trader;service,1
4666,1-7DOYTJ,MVRL47404,Joseph Carlino,3,sole_trader;service,1
4667,1-XUC-1009,MVRL36730,Joseph Challita,3,sole_trader;service,1
4668,1-XU2-4074,MVRL29324,Joseph Paul Degiorgio,3,sole_trader;service,1
4669,1-33BXOO7,MVRL55128,Joseph Paul Mansour,3,sole_trader;service,1
4670,1-1TU4RWD,MVRL52725,Joseph Richard Chapman,3,sole_trader;service,1
4671,1-1BEXY0Q,MVRL51491,Joshua Cato Piercy,3,sole_trader;service,1
4672,1-36532TL,MVRL55556,Joshua Charles Michael Gatt,3,sole_trader;service,1
4673,1-3E3CM8I,MVRL56695,Joshua Edward Haberle,3,sole_trader;service,1
4674,1-4MFXPP,MVRL46507,Joshua Feldman,3,sole_trader;service,1
4675,1-4DZPW0A,MVRL63423,Joshua John Bodel,3,sole_trader;service,1
4676,1-JJ7MPM,MVRL48755,Jozsef Simon,3,sole_trader;service,1
4677,1-3MCBIN0,MVRL58543,Julian Chi Hong Ti,3,sole_trader;service,1
4678,1-4DE0VQG,MVRL63216,Justin Edward Scivyer,3,sole_trader;service,1
4679,1-3YKQC4M,MVRL61016,Justin Patrick Ryan,3,sole_trader;service,1
4680,1-3Y6W4LY,MVRL60963,Kahlie Rose Marchello,3,sole_trader;service,1
4681,1-1VBR77Z,MVRL52814,Kamel Diab,3,sole_trader;service,1
4682,1-3OKU0DO,MVRL59189,Karl Richard Regener,3,sole_trader;service,1
4683,1-3TW3BPQ,MVRL60397,Kaveh Etesami,3,sole_trader;service,1
4684,1-3C5AQ0Y,MVRL56361,Keith Robert Reddacliff,3,sole_trader;service,1
4685,1-K3WIH2,MVRL48873,Keith Wu,3,sole_trader;service,1
4686,1-XTQ-2824,MVRL37405,Kenneth James Pearse,3,sole_trader;service,1
4687,1-34M19IR,MVRL55353,Kenneth James Pitman,3,sole_trader;service,1
4688,1-XTN-4193,MVRL26621,Kenneth John Albery,3,sole_trader;service,1
4689,1-XTX-2659,MVRL1080,Kenneth William Booth,3,sole_trader;service,1
4690,1-3H67NC,MVRL46028,Kenyi Chui,3,sole_trader;service,1
4691,1-3836H6L,MVRL55845,Kevin Allan Medlyn,3,sole_trader;service,1
4692,1-XTN-3213,MVRL23716,Kevin George Kotsapas,3,sole_trader;service,1
4693,1-N2QJAV,MVRL49208,Kevin James Cunningham,3,sole_trader;service,1
4694,1-3PFIDYQ,MVRL59659,Kevin Robert Ottey,3,sole_trader;service,1
4695,1-1TSJM9H,MVRL52690,Kevin William Reith,3,sole_trader;service,1
4696,1-3TQWX13,MVRL60300,Khaled Al Shammery,3,sole_trader;service,1
4697,1-1B4KJB1,MVRL51705,Khaled Alfar,3,sole_trader;service,1
4698,1-3RWT9S2,MVRL59992,Khoder Al-Mir,3,sole_trader;service,1
4699,1-3RU53AH,MVRL59939,Khyl Phillip Watts,3,sole_trader;service,1
4700,1-3UYO93G,MVRL60529,Kieran Steven Smith,3,sole_trader;service,1
4701,1-XUC-1663,MVRL39040,Kieren William James,3,sole_trader;service,1
4702,1-20LMHVZ,MVRL53091,Kimlong Thia,3,sole_trader;service,1
4703,1-3SJ9LS6,MVRL60190,Kirstin Margaret Stein,3,sole_trader;service,1
4704,1-XBBT1D,MVRL50265,Klane Cook,3,sole_trader;service,1
4705,1-3V5A1HM,MVRL60572,Kobi John Bradshaw,3,sole_trader;service,1
4706,1-XTQ-4776,MVRL42028,Koloman Vincze,3,sole_trader;service,1
4707,1-4IAR3P2,MVRL64170,Kristian Sebastian Di Salvo,3,sole_trader;service,1
4708,1-1Z0RKP7,MVRL52999,Kristopher Robin Hodges,3,sole_trader;service,1
4709,1-3P4PYV6,MVRL59150,Kurt Leslie Lahiff,3,sole_trader;service,1
4710,1-4BBA026,MVRL62940,Kyle William Harold Potter,3,sole_trader;service,1
4711,1-3HGLF58,MVRL57139,Kyle William Prior,3,sole_trader;service,1
4712,1-33DBS3X,MVRL55147,Lachlan Edward Downey,3,sole_trader;service,1
4713,1-XU2-3223,MVRL26829,Lance Churchill,3,sole_trader;service,1
4714,1-13VPNLQ,MVRL50896,Larry John Holt,3,sole_trader;service,1
4715,1-XU2-4985,MVRL32248,Larry Kacev,3,sole_trader;service,1
4716,1-3EDGVC6,MVRL56760,Lateef Faisal Abdul,3,sole_trader;service,1
4717,1-2VJ7GLK,MVRL54482,Laurie Frank Grima,3,sole_trader;service,1
4718,1-3PAYJW0,MVRL59301,Lee Trevor Dickens,3,sole_trader;service,1
4719,1-QSTMZI,MVRL49636,Leigh Howard Manning,3,sole_trader;service,1
4720,1-XTQ-3144,MVRL38145,Leith Rory Stockley,3,sole_trader;service,1
4721,1-XU2-107,MVRL17744,Leonard Alfred Royal,3,sole_trader;service,1
4722,1-48M25OY,MVRL62572,Leroy Charles Ward,3,sole_trader;service,1
4723,1-XTQ-3983,MVRL40085,Leslie James Hardie,3,sole_trader;service,1
4724,1-OM3DBO,MVRL49390,Leslie Thomas Irving,3,sole_trader;service,1
4725,1-NF6HZ1,MVRL49246,Levon Dallas Heyes,3,sole_trader;service,1
4726,1-484S8A2,MVRL62287,Liam Tyrrell Turriff,3,sole_trader;service,1
4727,1-37KCO37,MVRL55780,Louie Abdennour,3,sole_trader;service,1
4728,1-KVGOIX,MVRL48985,Lube Dimovski,3,sole_trader;service,1
4729,1-3GCD6DM,MVRL56928,Luciano Putzolu,3,sole_trader;service,1
4730,1-XTN-4039,MVRL26090,Luke Adam Stewart,3,sole_trader;service,1
4731,1-47D27YW,MVRL62240,Luke Anthony Fisher,3,sole_trader;service,1
4732,1-A83H5I,MVRL47861,Luke Anthony Michael Pendergast,3,sole_trader;service,1
4733,1-3CAUILG,MVRL56414,Luke John Franklin,3,sole_trader;service,1
4734,1-3OYSMFF,MVRL59306,Luke Marangoni,3,sole_trader;service,1
4735,1-3YEP53A,MVRL60980,Luke Peter Hayes,3,sole_trader;service,1
4736,1-39ESIL1,MVRL55980,Luke William Waites,3,sole_trader;service,1
4737,1-XUC-1910,MVRL40034,Magdi Abdelsayed,3,sole_trader;service,1
4738,1-49Y3OKP,MVRL62673,Mahmoud Abdul-Razzak,3,sole_trader;service,1
4739,1-3VZG9DD,MVRL60669,Malcolm Andrew Edwards,3,sole_trader;service,1
4740,1-XTN-4172,MVRL26568,Malcolm Drury,3,sole_trader;service,1
4741,1-32FR25P,MVRL55046,Malcolm George Elliot,3,sole_trader;service,1
4742,1-34GLL1,MVRL45694,Malcolm John Tierney,3,sole_trader;service,1
4743,1-XTX-4839,MVRL16986,Malek Chamoun,3,sole_trader;service,1
4744,1-XU2-4721,MVRL31290,Manuel Alcino Canas,3,sole_trader;service,1
4745,1-3EL84V4,MVRL56700,Manuel Saguid,3,sole_trader;service,1
4746,1-EE7A8N,MVRL48221,Manus Chatree,3,sole_trader;service,1
4747,1-1Z8A7P3,MVRL53049,Maqsood Mahommed,3,sole_trader;service,1
4748,1-XTQ-2777,MVRL37264,Marc A Fowler,3,sole_trader;service,1
4749,1-3N4DPTC,MVRL58794,Marc Desmond Alcock,3,sole_trader;service,1
4750,1-3LT9XZ4,MVRL58398,Mario Alexandre Belo,3,sole_trader;service,1
4751,1-129TBAL,MVRL50744,Marion Grasa,3,sole_trader;service,1
4752,1-1JPZT0A,MVRL52094,Mark Andrew Hastie,3,sole_trader;service,1
4753,1-2N2RD0N,MVRL54493,Mark Andrew Shields,3,sole_trader;service,1
4754,1-XUC-816,MVRL36066,Mark Andrew Waters,3,sole_trader;service,1
4755,1-J5GN4E,MVRL48738,Mark Anthony Loschivao,3,sole_trader;service,1
4756,1-1MPBPF1,MVRL52239,Mark Anthony McDonald,3,sole_trader;service,1
4757,1-XU2-1556,MVRL22016,Mark Burgmann,3,sole_trader;service,1
4758,1-39WQZY,MVRL45889,Mark Charles Roach,3,sole_trader;service,1
4759,1-XUC-2224,MVRL41385,Mark Edward Fraser,3,sole_trader;service,1
4760,1-3K71QLG,MVRL57813,Mark Gregory Turner,3,sole_trader;service,1
4761,1-XUC-3080,MVRL5012,Mark Harold Tallar,3,sole_trader;service,1
4762,1-15G72XW,MVRL51009,Mark Jason Vint,3,sole_trader;service,1
4763,1-2LK5C3U,MVRL54158,Mark Jason Whitbread,3,sole_trader;service,1
4764,1-3OLDOZY,MVRL59235,Mark John Carter,3,sole_trader;service,1
4765,1-12YJ03R,MVRL50825,Mark Joseph Wiesnet,3,sole_trader;service,1
4766,1-2GEHHEZ,MVRL53856,Mark Khouri,3,sole_trader;service,1
4767,1-3B26OMW,MVRL56190,Mark McGregor Leal,3,sole_trader;service,1
4768,1-3BDDPAU,MVRL56166,Mark Patrick Krug,3,sole_trader;service,1
4769,1-3L1C5K2,MVRL58142,Mark Phillip Jande,3,sole_trader;service,1
4770,1-XTQ-2695,MVRL37049,Mark Richard Birkett,3,sole_trader;service,1
4771,1-2GNP97C,MVRL53847,Mark Richard Hoyland,3,sole_trader;service,1
4772,1-42LYH2,MVRL46322,Mark Stephen Frost,3,sole_trader;service,1
4773,1-Q8ZT1J,MVRL49603,Mark Vincent Bartolo,3,sole_trader;service,1
4774,1-3KWRLQK,MVRL58045,Mark West,3,sole_trader;service,1
4775,1-10AVCUA,MVRL50581,Marko Nikolic,3,sole_trader;service,1
4776,1-OZE1OV,MVRL49441,Markus Manner,3,sole_trader;service,1
4777,1-45IZBNE,MVRL62077,Martin Lee Johnson,3,sole_trader;service,1
4778,1-4VA2JF,MVRL46641,Marwan Chami,3,sole_trader;service,1
4779,1-XTQ-4386,MVRL41082,Mathew Alexander Bartlett,3,sole_trader;service,1
4780,1-XTQ-2970,MVRL37740,Mathew Gregory Wiblen,3,sole_trader;service,1
4781,1-9B3YQW,MVRL47738,Mathew John Chaffey,3,sole_trader;service,1
4782,1-2IFWUQ,MVRL45131,Mathew John Foster-Newman,3,sole_trader;service,1
4783,1-P6C64O,MVRL49459,Mathew Phillip Downing,3,sole_trader;service,1
4784,1-3FB5C04,MVRL56967,Matthew  Anthony Andrews,3,sole_trader;service,1
4785,1-XUC-1329,MVRL37887,Matthew Alexander McClure,3,sole_trader;service,1
4786,1-XU2-2841,MVRL25715,Matthew Amos Bohman,3,sole_trader;service,1
4787,1-3V11L7Z,MVRL60649,Matthew Andrew Moore,3,sole_trader;service,1
4788,1-BUSPU0,MVRL47997,Matthew Darren Saunders,3,sole_trader;service,1
4789,1-26XUT8Y,MVRL53375,Matthew David Cavanagh,3,sole_trader;service,1
4790,1-45QONJI,MVRL62140,Matthew Edward Johnson,3,sole_trader;service,1
4791,1-3QK58RU,MVRL59827,Matthew Glen Garlick,3,sole_trader;service,1
4792,1-3O28DV8,MVRL59252,Matthew Graeme Henman,3,sole_trader;service,1
4793,1-3CJXEWC,MVRL56498,Matthew Jack Lesha,3,sole_trader;service,1
4794,1-2D2SGW3,MVRL53692,Matthew James Adams,3,sole_trader;service,1
4795,1-3VP49TW,MVRL60626,Matthew James Duckett,3,sole_trader;service,1
4796,1-3RY8HGO,MVRL59987,Matthew John Clarke,3,sole_trader;service,1
4797,1-3Q8HNG6,MVRL59677,Matthew John Guan,3,sole_trader;service,1
4798,1-2MKD1V7,MVRL54275,Matthew John Harvey,3,sole_trader;service,1
4799,1-SG5UX7,MVRL49778,Matthew John Maude,3,sole_trader;service,1
4800,1-3SAG1RO,MVRL60148,Matthew Kenneth Davis,3,sole_trader;service,1
4801,1-4QA9NI,MVRL46569,Matthew Kevin Colley,3,sole_trader;service,1
4802,1-XUC-1577,MVRL38701,Matthew Molinia,3,sole_trader;service,1
4803,1-22CL5JX,MVRL53192,Matthew Peter Degnan,3,sole_trader;service,1
4804,1-1LQGT2L,MVRL52221,Matthew Stuart Huckin,3,sole_trader;service,1
4805,1-44NGNOA,MVRL61829,Matthew Williams,3,sole_trader;service,1
4806,1-XTH-4925,MVRL13822,Maurice John Groves,3,sole_trader;service,1
4807,1-XTQ-770,MVRL31122,Max Craythorn,3,sole_trader;service,1
4808,1-XU2-287,MVRL18294,Maxwell George Reddie,3,sole_trader;service,1
4809,1-4BDCUGS,MVRL63005,Mazen Alameddine,3,sole_trader;service,1
4810,1-4DJH1M3,MVRL63218,Mekdad Talabani,3,sole_trader;service,1
4811,1-185VMY1,MVRL51288,Melchor Lopez,3,sole_trader;service,1
4812,1-XU2-3483,MVRL27520,Mervyn James Reed,3,sole_trader;service,1
4813,1-XUC-2706,MVRL43732,Michael Allan Brown,3,sole_trader;service,1
4814,1-6QSXQR,MVRL47219,Michael Andrew King,3,sole_trader;service,1
4815,1-XTX-4907,MVRL17159,Michael Bougoukas,3,sole_trader;service,1
4816,1-1LQHYYL,MVRL52184,Michael Bruce Eslick,3,sole_trader;service,1
4817,1-113JTX8,MVRL50663,Michael Bruce Large,3,sole_trader;service,1
4818,1-4EWTLA4,MVRL63583,Michael Casey McKinnon,3,sole_trader;service,1
4819,1-XU2-3421,MVRL27339,Michael Charalambu,3,sole_trader;service,1
4820,1-XTQ-340,MVRL29969,Michael David Newton,3,sole_trader;service,1
4821,1-3JT7JV3,MVRL57590,Michael Edwards,3,sole_trader;service,1
4822,1-XTN-4349,MVRL27075,Michael Elchaar,3,sole_trader;service,1
4823,1-1QFSLIZ,MVRL52504,Michael Harvey Baldwin,3,sole_trader;service,1
4824,1-270SDHM,MVRL53388,Michael James Butt,3,sole_trader;service,1
4825,1-XTN-4761,MVRL28357,Michael James Deanshaw,3,sole_trader;service,1
4826,1-XTX-509,MVRL44197,Michael John Baron,3,sole_trader;service,1
4827,1-131QDAC,MVRL50794,Michael John Billett,3,sole_trader;service,1
4828,1-9RFB2Z,MVRL47782,Michael John Carey,3,sole_trader;service,1
4829,1-3Q29BUG,MVRL59588,Michael John Coad,3,sole_trader;service,1
4830,1-356NBC9,MVRL55420,Michael John Hodges,3,sole_trader;service,1
4831,1-XUC-3832,MVRL6939,Michael John Liska,3,sole_trader;service,1
4832,1-XTN-4730,MVRL28237,Michael Kenneth Dooley,3,sole_trader;service,1
4833,1-3DX97YX,MVRL56607,Michael Nathanael,3,sole_trader;service,1
4834,1-39IN1MX,MVRL56023,Michael Ngo,3,sole_trader;service,1
4835,1-16HBLKX,MVRL51136,Michael Peter Arnett,3,sole_trader;service,1
4836,1-XU2-3593,MVRL27807,Michael Pilatos,3,sole_trader;service,1
4837,1-3VN0QT2,MVRL60693,Michael Randall Hines,3,sole_trader;service,1
4838,1-39XF97U,MVRL55987,Michael Robert Edwards,3,sole_trader;service,1
4839,1-XTQ-1619,MVRL33334,Michael Robert Harris,3,sole_trader;service,1
4840,1-3ELZJ32,MVRL56766,Michael Robert Seal,3,sole_trader;service,1
4841,1-3L9FUMO,MVRL58190,Michael Roy Mercer,3,sole_trader;service,1
4842,1-3Q4UBOG,MVRL59706,Michael Scott Ellis,3,sole_trader;service,1
4843,1-41MEPGC,MVRL61511,Michael Scott Wynd,3,sole_trader;service,1
4844,1-3G7L6B4,MVRL57030,Michael Siciliano,3,sole_trader;service,1
4845,1-3VJEC0K,MVRL60617,Michael Standen,3,sole_trader;service,1
4846,1-3D2K2NX,MVRL56644,Michael Stefan Ringbauer,3,sole_trader;service,1
4847,1-XTX-3270,MVRL12396,Michael Vincent Baker,3,sole_trader;service,1
4848,1-XTN-4452,MVRL27452,Micheal Tozzi,3,sole_trader;service,1
4849,1-FUK1D3,MVRL48415,Michel Azzi,3,sole_trader;service,1
4850,1-6U3MFE,MVRL47261,Michel Matar,3,sole_trader;service,1
4851,1-3SIES80,MVRL60199,Michelle Leanne Murnane,3,sole_trader;service,1
4852,1-3PUAH1S,MVRL59564,Milad Georges Farah,3,sole_trader;service,1
4853,1-2WS74SX,MVRL54661,MIN QI YANG,3,sole_trader;service,1
4854,1-9EBB6X,MVRL47744,Mina Mikhael,3,sole_trader;service,1
4855,1-3NHHI4M,MVRL58942,Mitchell Blake Billington,3,sole_trader;service,1
4856,1-45FKJFG,MVRL61977,Mitchell Glenn Arnison,3,sole_trader;service,1
4857,1-2LUGFT0,MVRL54177,Mitchell Ian Groves,3,sole_trader;service,1
4858,1-46H0ETE,MVRL62072,Mitchell Jay Mcgregor,3,sole_trader;service,1
4859,1-3N494Z0,MVRL58855,Mitchell Rodney Randall,3,sole_trader;service,1
4860,1-4C416D4,MVRL62904,Mitchell Ross Barr,3,sole_trader;service,1
4861,1-3E6UNJU,MVRL56711,Mohamad Labib Issa,3,sole_trader;service,1
4862,1-UKG3RN,MVRL49949,Mohamad Tamer,3,sole_trader;service,1
4863,1-49WZT0U,MVRL62622,Mohammad Ghazzawi,3,sole_trader;service,1
4864,1-3BJJIA0,MVRL56207,Mohammed Inzaam Azimullah,3,sole_trader;service,1
4865,1-3DOJO3S,MVRL56587,Mohsen Ahmad El-Zein,3,sole_trader;service,1
4866,1-XUC-3781,MVRL6832,Momchilo Sedlan,3,sole_trader;service,1
4867,1-3MY4OZC,MVRL58735,Moris Loulou,3,sole_trader;service,1
4868,1-XTX-184,MVRL43274,Mouharam Al Mawas,3,sole_trader;service,1
4869,1-4J83SKF,MVRL64225,Moussa Ismail,3,sole_trader;service,1
4870,1-XU2-4943,MVRL32117,Murray David Wignell,3,sole_trader;service,1
4871,1-XTN-2831,MVRL22517,Murray Rodney Brown,3,sole_trader;service,1
4872,1-XTQ-3714,MVRL39413,Nabil Tannous Abboud,3,sole_trader;service,1
4873,1-WS8RUS,MVRL50189,Nathan Andrew Evans,3,sole_trader;service,1
4874,1-J2NOFT,MVRL48666,Nathan Barry Johnston,3,sole_trader;service,1
4875,1-340E65,MVRL45647,Nathan Chong-Lit Hui,3,sole_trader;service,1
4876,1-36VKDUV,MVRL55685,Nathan John Disney,3,sole_trader;service,1
4877,1-XU2-2449,MVRL24545,Nathan John Fisher,3,sole_trader;service,1
4878,1-43RYYLQ,MVRL61688,Nathan Webster Van Raad,3,sole_trader;service,1
4879,1-40WZMGK,MVRL61400,Nathan William Gigliotti-Bagley,3,sole_trader;service,1
4880,1-48V2MFK,MVRL62251,Nazarit Askanian,3,sole_trader;service,1
4881,1-XUC-3976,MVRL727,Neil Charles Hutchinson,3,sole_trader;service,1
4882,1-XU2-3953,MVRL28938,Neil Christopher Anderson,3,sole_trader;service,1
4883,1-LLNDBR,MVRL49083,Neil Staniforth,3,sole_trader;service,1
4884,1-3SC1Y67,MVRL60050,Nerses Navasardian,3,sole_trader;service,1
4885,1-XTX-4938,MVRL1725,Neville Richard Fisher,3,sole_trader;service,1
4886,1-3YRRI5A,MVRL61081,Neville Thomas Bennett,3,sole_trader;service,1
4887,1-Y0H7XN,MVRL50363,Nicholas John Henry,3,sole_trader;service,1
4888,1-3AVGZQY,MVRL56153,Nicholas Johnson,3,sole_trader;service,1
4889,1-3BDSB4A,MVRL56315,Nicholas Kane O'Reilly,3,sole_trader;service,1
4890,1-3TBO20U,MVRL60392,Nicholas Kevin Bartholomew,3,sole_trader;service,1
4891,1-1EENBFK,MVRL51640,Nicholas Lyras,3,sole_trader;service,1
4892,1-3TLZ01A,MVRL60310,Nicholas Meola,3,sole_trader;service,1
4893,1-4DIHML1,MVRL63201,Nicholas Peter Talevski,3,sole_trader;service,1
4894,1-XTQ-1740,MVRL34730,Nicholas Ramon James,3,sole_trader;service,1
4895,1-3M6C17I,MVRL58587,Nicholas Sloane,3,sole_trader;service,1
4896,1-XTQ-410,MVRL30154,Nicholas Voulgaris,3,sole_trader;service,1
4897,1-3QJAPJM,MVRL59834,Nick Joseph Minnicino,3,sole_trader;service,1
4898,1-38H0GNA,MVRL55918,Nick Kritsotakis,3,sole_trader;service,1
4899,1-1247VFP,MVRL50688,Nick Nicolaou,3,sole_trader;service,1
4900,1-3IZ6VCY,MVRL57372,Nick Pidoulas,3,sole_trader;service,1
4901,1-XTQ-3116,MVRL38084,Nick Zamagias,3,sole_trader;service,1
4902,1-XUC-1671,MVRL39063,Nickolas Katsenos,3,sole_trader;service,1
4903,1-2N3M9RK,MVRL54367,Nicolas Giacomo Mastromauro,3,sole_trader;service,1
4904,1-XTX-470,MVRL44091,Nigel Patrick Chave,3,sole_trader;service,1
4905,1-179FTL4,MVRL51196,Nima Tamang,3,sole_trader;service,1
4906,1-XTX-3497,MVRL13067,Norman Khouri,3,sole_trader;service,1
4907,1-57D0YH,MVRL46835,Nour El Jammas,3,sole_trader;service,1
4908,1-XTQ-3267,MVRL38386,Ohaness Boyadjian,3,sole_trader;service,1
4909,1-XUC-1315,MVRL37844,Oliver Pecoski,3,sole_trader;service,1
4910,1-3PQNQNS,MVRL59446,Owen Michael Boyd,3,sole_trader;service,1
4911,1-316CVXU,MVRL54960,Ozkan Erten,3,sole_trader;service,1
4912,1-1B0NDOE,MVRL51458,Panagiotis Peter Synathis,3,sole_trader;service,1
4913,1-422706S,MVRL61488,Pasqualino Marzella,3,sole_trader;service,1
4914,1-21B6G73,MVRL53255,Patrick James Griffiths,3,sole_trader;service,1
4915,1-7IQAYU,MVRL47485,Patrick Karam,3,sole_trader;service,1
4916,1-4FNM45F,MVRL63712,Patrick Saelzle,3,sole_trader;service,1
4917,1-XUC-481,MVRL34882,Paul Anthony Don Howitt,3,sole_trader;service,1
4918,1-XUC-1709,MVRL39186,Paul Anthony Macnamara,3,sole_trader;service,1
4919,1-XU2-2245,MVRL23966,Paul Camilleri,3,sole_trader;service,1
4920,1-1J1ZBU8,MVRL52967,Paul Cook,3,sole_trader;service,1
4921,1-3OPBNIA,MVRL59441,Paul Edward McDonald,3,sole_trader;service,1
4922,1-44W0F2C,MVRL61813,Paul George Dipietro,3,sole_trader;service,1
4923,1-XUC-2870,MVRL44528,Paul George Nash,3,sole_trader;service,1
4924,1-XUC-2863,MVRL44510,Paul Grant Speer,3,sole_trader;service,1
4925,1-LCRBI4,MVRL49059,Paul Herbert Reichert,3,sole_trader;service,1
4926,1-XTQ-4639,MVRL41698,Paul John Adams,3,sole_trader;service,1
4927,1-XTX-1177,MVRL6411,Paul Richard Bramble,3,sole_trader;service,1
4928,1-3GP8MF3,MVRL57068,Paul Rudolf Guenzler,3,sole_trader;service,1
4929,1-XU2-4633,MVRL31030,Paul Schafer,3,sole_trader;service,1
4930,1-XUC-2825,MVRL44293,Paul Tynan Kelly,3,sole_trader;service,1
4931,1-XTQ-2797,MVRL37306,Paul Vernon Lucas,3,sole_trader;service,1
4932,1-21UDODV,MVRL53145,Paul Wayne Hopley,3,sole_trader;service,1
4933,1-XUC-1291,MVRL37748,Paul William Fredericks,3,sole_trader;service,1
4934,1-XTH-4257,MVRL12103,Paul William Solomon,3,sole_trader;service,1
4935,1-XU2-1172,MVRL20982,Peter Andrew Moxham,3,sole_trader;service,1
4936,1-1N6J4GO,MVRL52222,Peter Chanel Elise,3,sole_trader;service,1
4937,1-3IUUK0,MVRL46062,Peter Charles Riley,3,sole_trader;service,1
4938,1-XUC-1765,MVRL39409,Peter Cigliano,3,sole_trader;service,1
4939,1-XUC-3948,MVRL7224,Peter Gauci,3,sole_trader;service,1
4940,1-XTN-2231,MVRL20644,Peter George Hallworth,3,sole_trader;service,1
4941,1-428WT3O,MVRL61473,Peter Guldhammer Thomsen,3,sole_trader;service,1
4942,1-1JGSBHG,MVRL52014,Peter Jack Johnson,3,sole_trader;service,1
4943,1-3M66JI0,MVRL58586,Peter Jackowski,3,sole_trader;service,1
4944,1-XUC-223,MVRL33026,Peter James Bruem,3,sole_trader;service,1
4945,1-XUC-465,MVRL34851,Peter James Christie,3,sole_trader;service,1
4946,1-XU2-4327,MVRL30013,Peter James Lipski,3,sole_trader;service,1
4947,1-XTX-3488,MVRL13043,Peter James Mellon,3,sole_trader;service,1
4948,1-XTQ-4789,MVRL4207,Peter James Worsley,3,sole_trader;service,1
4949,1-XTN-4055,MVRL26138,Peter Jeffrey Boys,3,sole_trader;service,1
4950,1-3PHJIYI,MVRL59433,Peter John Mitchell,3,sole_trader;service,1
4951,1-3EL1ELH,MVRL56813,Peter John Napper,3,sole_trader;service,1
4952,1-4C3RQTK,MVRL62896,Peter John Richards,3,sole_trader;service,1
4953,1-4OLPSG,MVRL46588,Peter John Spalding,3,sole_trader;service,1
4954,1-3NDW65G,MVRL58923,Peter John Szep,3,sole_trader;service,1
4955,1-XTN-1981,MVRL19913,Peter Kiprovski,3,sole_trader;service,1
4956,1-XTN-3651,MVRL24916,Peter Mark Prezanis,3,sole_trader;service,1
4957,1-5KLFYN,MVRL46951,Peter Martin Prendergast,3,sole_trader;service,1
4958,1-2MOX3SH,MVRL54290,Peter Noble,3,sole_trader;service,1
4959,1-35YOFPU,MVRL55507,Peter Ross Sutherland,3,sole_trader;service,1
4960,1-23B7UYO,MVRL53191,Peter Taylor Layton,3,sole_trader;service,1
4961,1-XTN-2438,MVRL21283,Peter Vlahopoulos,3,sole_trader;service,1
4962,1-XUC-3739,MVRL6733,Peter Wayne Laws,3,sole_trader;service,1
4963,1-3SIG9I,MVRL46186,Phanomphone Yaboualy,3,sole_trader;service,1
4964,1-2VZJVZ2,MVRL54545,Philip Ignatius Parrin,3,sole_trader;service,1
4965,1-XTQ-136,MVRL29378,Philip James Palmieri,3,sole_trader;service,1
4966,1-4N6MPG,MVRL46656,Philip Lampard,3,sole_trader;service,1
4967,1-3LX65VU,MVRL58448,Philip Peter Smith,3,sole_trader;service,1
4968,1-XTX-4551,MVRL16152,Philip Sproston,3,sole_trader;service,1
4969,1-47EJZ02,MVRL62288,Phillip Martin D'Arro,3,sole_trader;service,1
4970,1-3GN0DDW,MVRL56986,Phillip Stanley Forrester,3,sole_trader;service,1
4971,1-J4J2IF,MVRL48661,Phillip Wayne Watterson,3,sole_trader;service,1
4972,1-XU2-2101,MVRL23522,Piero Zaccaria,3,sole_trader;service,1
4973,1-XTQ-1257,MVRL32379,Pierre Azzam,3,sole_trader;service,1
4974,1-XUC-180,MVRL32894,Pieter Charles Van Zyl,3,sole_trader;service,1
4975,1-3S8LJOY,MVRL60082,Poalo John Todarello,3,sole_trader;service,1
4976,1-XTQ-3902,MVRL39850,Praveen Chandra,3,sole_trader;service,1
4977,1-3LFL1M6,MVRL58243,Quoc Anh Vien,3,sole_trader;service,1
4978,1-276JOPO,MVRL53607,Rabih El-Eche,3,sole_trader;service,1
4979,1-XUC-1606,MVRL38825,Rafi Barzekian,3,sole_trader;service,1
4980,1-464P966,MVRL62039,Rahif Elassad,3,sole_trader;service,1
4981,1-1W6VLCV,MVRL52888,Ramy Raymond,3,sole_trader;service,1
4982,1-36J709K,MVRL55630,Ranjith Varadarajan,3,sole_trader;service,1
4983,1-36J2QD,MVRL45806,Rasheed Ahmed Hussein,3,sole_trader;service,1
4984,1-7GY99P,MVRL47468,Ravindra Dutt,3,sole_trader;service,1
4985,1-1YULVEX,MVRL52985,Raymond Denham Tyler,3,sole_trader;service,1
4986,1-3MX4MDM,MVRL58717,Raymond John Coleman,3,sole_trader;service,1
4987,1-XTN-1430,MVRL18201,Raymond John Rumble,3,sole_trader;service,1
4988,1-XU2-699,MVRL19459,Raymond John Smith,3,sole_trader;service,1
4989,1-XUC-589,MVRL35244,Raymond Seagrove,3,sole_trader;service,1
4990,1-3UEFRE,MVRL46220,Remzi Polozani,3,sole_trader;service,1
4991,1-38QHYVD,MVRL55919,Renjith Puthuppallil Mathew,3,sole_trader;service,1
4992,1-3JRMKN0,MVRL57614,Rex Hugh Ridley,3,sole_trader;service,1
4993,1-XTQ-4595,MVRL41598,Richard Allan Green,3,sole_trader;service,1
4994,1-XTQ-4195,MVRL40577,Richard George Holmes,3,sole_trader;service,1
4995,1-35H1J95,MVRL55460,Richard John Bennett,3,sole_trader;service,1
4996,1-XUC-1902,MVRL39989,Richard John Gray,3,sole_trader;service,1
4997,1-183A88H,MVRL51293,Richard Lawrence Miller,3,sole_trader;service,1
4998,1-3207XTH,MVRL54987,Richard Naboulsi,3,sole_trader;service,1
4999,1-4G02O44,MVRL63823,Richard Peter Steel,3,sole_trader;service,1
5000,1-3J08E4C,MVRL57347,Richard Robert Herring,3,sole_trader;service,1
5001,1-2ZUXW6B,MVRL54856,Rick Vincent Orlandi,3,sole_trader;service,1
5002,1-4A6GKQC,MVRL62760,Rickie Barry Bell,3,sole_trader;service,1
5003,1-4AGC21O,MVRL62768,Ricky Charles Laws,3,sole_trader;service,1
5004,1-1NFBVMM,MVRL52339,Robert Abdul-Jalil,3,sole_trader;service,1
5005,1-XUC-1469,MVRL38346,Robert Brotherton,3,sole_trader;service,1
5006,1-11GKQBQ,MVRL50671,Robert Craig Anderson,3,sole_trader;service,1
5007,1-4ER12A6,MVRL63597,Robert Dominic Santarossa,3,sole_trader;service,1
5008,1-KLHYC9,MVRL48963,Robert George Askew,3,sole_trader;service,1
5009,1-2LZIAUZ,MVRL54180,Robert Gerard Cook,3,sole_trader;service,1
5010,1-14VB5JZ,MVRL50960,Robert Glenn Schumacher,3,sole_trader;service,1
5011,1-XTN-4022,MVRL26036,Robert Hutchison,3,sole_trader;service,1
5012,1-3PTGXY4,MVRL59544,Robert James Cottrell,3,sole_trader;service,1
5013,1-3AFYUY,MVRL45896,Robert James Short,3,sole_trader;service,1
5014,1-XUC-2272,MVRL41586,Robert John Blyton,3,sole_trader;service,1
5015,1-XU2-3615,MVRL27883,Robert John Davis,3,sole_trader;service,1
5016,1-482CJAO,MVRL62387,Robert Kenneth Stephens,3,sole_trader;service,1
5017,1-4CH6FYQ,MVRL63040,Robert Stankovic,3,sole_trader;service,1
5018,1-3P4PURU,MVRL59355,Robert Walter Milloy,3,sole_trader;service,1
5019,1-XUC-2176,MVRL41157,Robert William Walker,3,sole_trader;service,1
5020,1-IUX9MT,MVRL48620,Rocco Daniel Dinaro,3,sole_trader;service,1
5021,1-20RVHA8,MVRL53068,Rocco Joseph Nardi,3,sole_trader;service,1
5022,1-XUC-4204,MVRL7912,Rodger James Barnes,3,sole_trader;service,1
5023,1-3G8QVAE,MVRL56921,Rodney James Trengrove,3,sole_trader;service,1
5024,1-39XG3F,MVRL45890,Rodney John Lee,3,sole_trader;service,1
5025,1-29421JY,MVRL53489,Rodney John Moran,3,sole_trader;service,1
5026,1-31XXUJS,MVRL55450,Rodney Jon Reeder,3,sole_trader;service,1
5027,1-3PEDXNI,MVRL59381,Rodney Lemon,3,sole_trader;service,1
5028,1-3AEXZKJ,MVRL56126,Rodney Makhlouf,3,sole_trader;service,1
5029,1-XUC-2238,MVRL41462,Rodney Michael Grima,3,sole_trader;service,1
5030,1-39TZK6P,MVRL56152,Rodney Oliver Dennis,3,sole_trader;service,1
5031,1-1Z1326E,MVRL52980,Rodney Paul Price,3,sole_trader;service,1
5032,1-1Y3JLXD,MVRL52960,Rodney Peter Aitcheson,3,sole_trader;service,1
5033,1-36152YX,MVRL55554,Roger Graham Whyborn,3,sole_trader;service,1
5034,1-432MVA,MVRL46311,Roger William Brown,3,sole_trader;service,1
5035,1-4278PP3,MVRL61533,Rohan Damien Okell,3,sole_trader;service,1
5036,1-XU2-2265,MVRL24047,Ronald Phillip Tokley,3,sole_trader;service,1
5037,1-XTQ-1899,MVRL35136,Ronnie Ghajar,3,sole_trader;service,1
5038,1-4GX912E,MVRL64051,Rory Waite,3,sole_trader;service,1
5039,1-XTN-3971,MVRL25846,Rosalyn Anderson,3,sole_trader;service,1
5040,1-3QN2LMM,MVRL59839,Ross Anthony Collins,3,sole_trader;service,1
5041,1-XTQ-2509,MVRL36674,Ross Davidson,3,sole_trader;service,1
5042,1-DWBWUG,MVRL48143,Ross Lloyd Jackson,3,sole_trader;service,1
5043,1-19M041G,MVRL51489,Rowen Lumsden,3,sole_trader;service,1
5044,1-YQHZIW,MVRL50447,Royce John Bailey,3,sole_trader;service,1
5045,1-XUC-83,MVRL32563,Rudolf Valentino Zaffino,3,sole_trader;service,1
5046,1-XUC-2617,MVRL43278,Rui Gang Li,3,sole_trader;service,1
5047,1-40BXE8,MVRL46281,Russell MacDougall Wilson,3,sole_trader;service,1
5048,1-D517EP,MVRL48089,Ryan Anthony Squires,3,sole_trader;service,1
5049,1-R68DW4,MVRL49679,Ryan Mitchell Vidal,3,sole_trader;service,1
5050,1-3XPHEKM,MVRL60915,Sachin Suneram,3,sole_trader;service,1
5051,1-3JFUMXW,MVRL57482,Sadegh Naddaf Melli,3,sole_trader;service,1
5052,1-3N9DLBE,MVRL59021,Safder Ali,3,sole_trader;service,1
5053,1-QA3F0B,MVRL49592,Saied Hardan,3,sole_trader;service,1
5054,1-XTQ-4934,MVRL42446,Salih Coban,3,sole_trader;service,1
5055,1-J9C55O,MVRL48717,Salvatore Silvestro,3,sole_trader;service,1
5056,1-XU2-2460,MVRL2458,Sam Christou,3,sole_trader;service,1
5057,1-XTQ-2211,MVRL35963,Sam Donatiello,3,sole_trader;service,1
5058,1-XTQ-4887,MVRL423,Sam Elawar,3,sole_trader;service,1
5059,1-4CNDVKQ,MVRL62991,Sam Jeroen F Golard,3,sole_trader;service,1
5060,1-XTQ-1867,MVRL35072,Sam Son,3,sole_trader;service,1
5061,1-3UMXTLC,MVRL60589,Sam Tuimafuiva Williams,3,sole_trader;service,1
5062,1-3LNJSF0,MVRL58336,Samantha Jo Ramsay,3,sole_trader;service,1
5063,1-2WAW5HL,MVRL54618,Sami Salman,3,sole_trader;service,1
5064,1-4AINY0A,MVRL62798,Samuel Jacob Creed,3,sole_trader;service,1
5065,1-3C6UH1X,MVRL56314,Samuel Joseph Fussell,3,sole_trader;service,1
5066,1-3F6N7B9,MVRL56894,Samuel Michael Lee,3,sole_trader;service,1
5067,1-3JRC3C8,MVRL57611,Sanel Sanjay Karan,3,sole_trader;service,1
5068,1-3PERB1I,MVRL59332,Sarkis Markarian,3,sole_trader;service,1
5069,1-1KETJDH,MVRL52115,Scott Aaron Vowles,3,sole_trader;service,1
5070,1-XTX-2484,MVRL10321,Scott Alfred Sciberras,3,sole_trader;service,1
5071,1-3ZB9W18,MVRL61157,Scott Angelo Avenoso,3,sole_trader;service,1
5072,1-XUC-1389,MVRL38064,Scott Chard,3,sole_trader;service,1
5073,1-2YYC0E5,MVRL54841,Scott Christopher Campbell,3,sole_trader;service,1
5074,1-XUC-2138,MVRL40943,Scott David Uden,3,sole_trader;service,1
5075,1-3KIT0UE,MVRL57891,Scott Gould,3,sole_trader;service,1
5076,1-3KVIQMO,MVRL58049,Scott James Palmer,3,sole_trader;service,1
5077,1-3E6TPHG,MVRL56634,Scott Jason Treble,3,sole_trader;service,1
5078,1-XTQ-73,MVRL29201,Scott Leigh Thomas,3,sole_trader;service,1
5079,1-1C6AZ5H,MVRL51543,Scott Parry,3,sole_trader;service,1
5080,1-47G9JTK,MVRL62179,Scott Stanford,3,sole_trader;service,1
5081,1-XUC-380,MVRL34591,Sean Matthew Power,3,sole_trader;service,1
5082,1-XUC-1571,MVRL38679,Sean Phillip Hannan,3,sole_trader;service,1
5083,1-XUC-1433,MVRL38185,Serhan Serhan,3,sole_trader;service,1
5084,1-3DDUAAQ,MVRL56600,SETH Joseph BREES,3,sole_trader;service,1
5085,1-3LR9E34,MVRL58384,Seyit Ahmet Sonmez,3,sole_trader;service,1
5086,1-18K4GE5,MVRL51349,Shalen Singh,3,sole_trader;service,1
5087,1-2GN7Y0R,MVRL53855,Shane Anthony Biddle,3,sole_trader;service,1
5088,1-FWP4YW,MVRL48432,Shane Francis George,3,sole_trader;service,1
5089,1-XU2-2427,MVRL24500,Shane Glen Rankin,3,sole_trader;service,1
5090,1-3P9UTMQ,MVRL59373,Shane Madison Halilovic,3,sole_trader;service,1
5091,1-XTQ-2170,MVRL35874,Shane Patrick Newstead,3,sole_trader;service,1
5092,1-3ERIGRU,MVRL56726,Shane Peter Andrews,3,sole_trader;service,1
5093,1-4DCWVWU,MVRL63315,Shane Steven Hastings,3,sole_trader;service,1
5094,1-37OJKRS,MVRL55885,Shannon Damien Tortell,3,sole_trader;service,1
5095,1-4IMVH98,MVRL64230,Shannon Paul Carr,3,sole_trader;service,1
5096,1-3MNYXHD,MVRL58619,Shishir Balkrishna Padhye,3,sole_trader;service,1
5097,1-3N2AXB2,MVRL58782,Simon John Paterson,3,sole_trader;service,1
5098,1-L6VYLB,MVRL49041,Simon Mokdassi,3,sole_trader;service,1
5099,1-2ZHT9SK,MVRL54891,Simon Zaman,3,sole_trader;service,1
5100,1-1GMLGM4,MVRL51824,Sivalingam Surendra,3,sole_trader;service,1
5101,1-30OC32J,MVRL54886,Soon Chul Hong,3,sole_trader;service,1
5102,1-3BQEACO,MVRL56349,Sotirios Strogylos,3,sole_trader;service,1
5103,1-4CGV7JA,MVRL62984,Stelios Kandros,3,sole_trader;service,1
5104,1-XTQ-1574,MVRL33198,Stephen Craig Davey,3,sole_trader;service,1
5105,1-3DNVSQG,MVRL56499,Stephen Craig Dawes,3,sole_trader;service,1
5106,1-XTN-1011,MVRL16994,Stephen Daff,3,sole_trader;service,1
5107,1-1MPTARO,MVRL52273,Stephen Edward Wills,3,sole_trader;service,1
5108,1-XTQ-4501,MVRL41379,Stephen Geoffrey Beale,3,sole_trader;service,1
5109,1-XTN-1776,MVRL19270,Stephen George Butler,3,sole_trader;service,1
5110,1-XTX-3559,MVRL13271,Stephen John Guest,3,sole_trader;service,1
5111,1-XU2-2895,MVRL25891,Stephen John Metcalf,3,sole_trader;service,1
5112,1-4NHT87,MVRL46528,Stephen Vece,3,sole_trader;service,1
5113,1-3KQ8T1M,MVRL58089,Stephen Zabaks,3,sole_trader;service,1
5114,1-TGNA6Y,MVRL49845,Steve Chehab,3,sole_trader;service,1
5115,1-439P0P8,MVRL61735,Steven Brown,3,sole_trader;service,1
5116,1-XTQ-1864,MVRL35063,Steven James Collins,3,sole_trader;service,1
5117,1-3KEEKG2,MVRL58023,Steven John Dodson,3,sole_trader;service,1
5118,1-L8TCDO,MVRL49046,Steven John Gunton,3,sole_trader;service,1
5119,1-QEL2QQ,MVRL49639,Steven Jones,3,sole_trader;service,1
5120,1-404BIEQ,MVRL61209,Steven Kalogeropoulos,3,sole_trader;service,1
5121,1-XU2-4085,MVRL29354,Steven Mark Saville,3,sole_trader;service,1
5122,1-RDIZNQ,MVRL49705,Steven Moshe,3,sole_trader;service,1
5123,1-OZC76A,MVRL49646,Steven Paul Lapham,3,sole_trader;service,1
5124,1-3TIHBFX,MVRL60325,Steven Psomas,3,sole_trader;service,1
5125,1-RBNFPY,MVRL49728,Stewart Harold Smithson,3,sole_trader;service,1
5126,1-BVU1PY,MVRL47975,Stuart Alexander Gordon,3,sole_trader;service,1
5127,1-XTQ-3207,MVRL38277,Stuart Andrew Willis,3,sole_trader;service,1
5128,1-9737CE,MVRL47699,Stuart Burton,3,sole_trader;service,1
5129,1-5AZUW6,MVRL47085,Stuart Isaac Roberts,3,sole_trader;service,1
5130,1-XUC-2011,MVRL40493,Stuart James Barnes,3,sole_trader;service,1
5131,1-31QSOHP,MVRL55007,Stuart James Henderson,3,sole_trader;service,1
5132,1-32376N1,MVRL55025,Stuart John Dean,3,sole_trader;service,1
5133,1-XU2-4631,MVRL31027,Stuart Warwick Martin,3,sole_trader;service,1
5134,1-XTQ-4352,MVRL40986,Sung Kyu Cho,3,sole_trader;service,1
5135,1-4SIJV3,MVRL46597,Sung Sook Jin,3,sole_trader;service,1
5136,1-18FPEC8,MVRL51316,Supawat Phaksuwan,3,sole_trader;service,1
5137,1-3MS9VNP,MVRL58663,Taljinder Singh,3,sole_trader;service,1
5138,1-2RMQJ9O,MVRL54440,Tee-Jay Sara,3,sole_trader;service,1
5139,1-AD1NVF,MVRL47895,Terence Dudley Arnull,3,sole_trader;service,1
5140,1-4P4UQN,MVRL46552,Terence Naidoo,3,sole_trader;service,1
5141,1-XUC-550,MVRL35118,Terry Anthony Peck,3,sole_trader;service,1
5142,1-26QUX3T,MVRL53552,Terry Karagiannis,3,sole_trader;service,1
5143,1-AHJRRW,MVRL47900,Terry Shane Cooper,3,sole_trader;service,1
5144,1-1ZB3T4V,MVRL53035,Thanh Tieu,3,sole_trader;service,1
5145,1-3MYSM66,MVRL58770,Thanh Tu Nguyen,3,sole_trader;service,1
5146,1-4LIQHX,MVRL46494,Theodore Emmanuel Poteris,3,sole_trader;service,1
5147,1-NCDIKL,MVRL49506,Theodore Reinecke Landman,3,sole_trader;service,1
5148,1-3MLVP66,MVRL58676,Theophilis Phillip Louloudias,3,sole_trader;service,1
5149,1-319BCP,MVRL45576,Thoai Quynh Trinh,3,sole_trader;service,1
5150,1-2LZJ6TH,MVRL54282,Thomas Emil Weyrich,3,sole_trader;service,1
5151,1-3ABP7PF,MVRL56259,Thomas Gil,3,sole_trader;service,1
5152,1-XTX-45,MVRL42813,Thomas Gregory Horne,3,sole_trader;service,1
5153,1-XU2-2212,MVRL23856,Thomas Hamilton Wilkinson,3,sole_trader;service,1
5154,1-3THX7XW,MVRL60294,Thomas White,3,sole_trader;service,1
5155,1-XU2-3903,MVRL28793,Timothy Economos,3,sole_trader;service,1
5156,1-1PIMXLJ,MVRL52633,Timothy James White,3,sole_trader;service,1
5157,1-4DXGJRC,MVRL63346,Timothy John Scanlon,3,sole_trader;service,1
5158,1-235R5RY,MVRL53298,Timothy Jon Ball,3,sole_trader;service,1
5159,1-3BQ5WVW,MVRL56333,Timothy Robert Maynard,3,sole_trader;service,1
5160,1-43W7YV8,MVRL61822,Todd Mitchell Lewis,3,sole_trader;service,1
5161,1-46HXJ6Y,MVRL62074,Todd Philip Ronning,3,sole_trader;service,1
5162,1-3I0Q0W0,MVRL57059,Tom Kavadas,3,sole_trader;service,1
5163,1-XQG8JA,MVRL50371,Tom Mihas,3,sole_trader;service,1
5164,1-XU2-1739,MVRL2255,Tom Stanizzo,3,sole_trader;service,1
5165,1-3PKBJCY,MVRL59619,Tomas Allan Clancy,3,sole_trader;service,1
5166,1-XU2-3388,MVRL27267,Tomislav Bartolac,3,sole_trader;service,1
5167,1-XTN-3033,MVRL23178,Tony Certoma,3,sole_trader;service,1
5168,1-XTX-396,MVRL43856,Tony Estephan,3,sole_trader;service,1
5169,1-XTQ-951,MVRL31653,Tony Issa,3,sole_trader;service,1
5170,1-79427R,MVRL47351,Tony Lavorato,3,sole_trader;service,1
5171,1-3LOYSA4,MVRL58365,Tony Mark Kennedy,3,sole_trader;service,1
5172,1-16P3MPF,MVRL51133,Tony Michael Ellery,3,sole_trader;service,1
5173,1-3TYQ3GK,MVRL60440,Tony Wayne Johnson,3,sole_trader;service,1
5174,1-XUC-1596,MVRL38792,Tony Zeaiter,3,sole_trader;service,1
5175,1-342ED26,MVRL55301,Travis Warrick Fisher,3,sole_trader;service,1
5176,1-IXN61W,MVRL48641,Trent Adrian Smith,3,sole_trader;service,1
5177,1-4H29HI2,MVRL63941,Trent Gordon Richard Burley,3,sole_trader;service,1
5178,1-XTQ-4791,MVRL42075,Trent William Peime,3,sole_trader;service,1
5179,1-3W389AO,MVRL60735,Trever Bradley Smith,3,sole_trader;service,1
5180,1-4E072WU,MVRL63336,Trevor John Martin,3,sole_trader;service,1
5181,1-3PE1XGD,MVRL59269,Tristan Parkinson,3,sole_trader;service,1
5182,1-3DO9SV2,MVRL56592,Troy Craig Bussey,3,sole_trader;service,1
5183,1-40O58XU,MVRL61260,Troy Haak,3,sole_trader;service,1
5184,1-3RJEV97,MVRL59893,Troy John Connolly,3,sole_trader;service,1
5185,1-XEPFY9,MVRL50301,Troy Martin Hale,3,sole_trader;service,1
5186,1-XU2-1841,MVRL22823,Troy Papadopoulos,3,sole_trader;service,1
5187,1-1AH4D91,MVRL51373,Troy Steven Craig,3,sole_trader;service,1
5188,1-3NB421K,MVRL58824,Troy Terrence Romer,3,sole_trader;service,1
5189,1-XTQ-3642,MVRL39239,Truong An Bui,3,sole_trader;service,1
5190,1-3OQY6PI,MVRL59104,Tyler Desmond Przerada,3,sole_trader;service,1
5191,1-48I3Y6F,MVRL62498,Ujjwal Shrestha,3,sole_trader;service,1
5192,1-1OLN3LX,MVRL52422,Umit Eren,3,sole_trader;service,1
5193,1-XUC-667,MVRL35490,Vahan Allan Tateossian,3,sole_trader;service,1
5194,1-218OSQQ,MVRL53092,Van Dong Nguyen,3,sole_trader;service,1
5195,1-XTQ-319,MVRL29865,Van Hoanh Duong,3,sole_trader;service,1
5196,1-2G25B9V,MVRL53860,Van Son Phan,3,sole_trader;service,1
5197,1-2VH5ZTA,MVRL54473,Van Thien Nguyen,3,sole_trader;service,1
5198,1-3CQQH3S,MVRL57070,Vasvi Vasfi,3,sole_trader;service,1
5199,1-1LQESIR,MVRL52199,Vedat Sonmez,3,sole_trader;service,1
5200,1-J67LQA,MVRL48702,Velimir Alavanja,3,sole_trader;service,1
5201,1-3KA2YX9,MVRL57993,Victor Karl Tapao Aro,3,sole_trader;service,1
5202,1-4DCQZ5E,MVRL63279,Vince Barbaro,3,sole_trader;service,1
5203,1-XTN-3352,MVRL24112,Vincenzo Melissari,3,sole_trader;service,1
5204,1-XU2-3282,MVRL26981,Vincenzo Murdocca,3,sole_trader;service,1
5205,1-XTQ-4280,MVRL40799,Vinh Doan Tran,3,sole_trader;service,1
5206,1-37QMDQR,MVRL55808,Wade Kenny,3,sole_trader;service,1
5207,1-1YKTMC2,MVRL53215,Walled Kana,3,sole_trader;service,1
5208,1-XTQ-3923,MVRL39891,Walter Joseph Phillips,3,sole_trader;service,1
5209,1-XUC-2563,MVRL42968,Warren Allen Markham,3,sole_trader;service,1
5210,1-XU2-3806,MVRL2852,Warren John Hart,3,sole_trader;service,1
5211,1-1H3OQ56,MVRL51953,Warren John Palmer,3,sole_trader;service,1
5212,1-XU2-4495,MVRL30579,Warren Stanley Moore,3,sole_trader;service,1
5213,1-23FYE1Z,MVRL53208,Warrick Kain Pike,3,sole_trader;service,1
5214,1-XUC-1402,MVRL38104,Warwick John Noon,3,sole_trader;service,1
5215,1-ELLYSH,MVRL48285,Wassim El-Kabbout,3,sole_trader;service,1
5216,1-2ARGXKV,MVRL53601,Wassim Zreik,3,sole_trader;service,1
5217,1-2YVSIXX,MVRL54830,Wayne Anthony Aplitt,3,sole_trader;service,1
5218,1-XTN-84,MVRL14279,Wayne Aylett,3,sole_trader;service,1
5219,1-3IUYF5L,MVRL57218,Wayne John Byrne,3,sole_trader;service,1
5220,1-XTQ-2431,MVRL36496,Wayne John Curley,3,sole_trader;service,1
5221,1-XTN-1600,MVRL18714,Wayne Kenneth Colquhoun,3,sole_trader;service,1
5222,1-XTX-1552,MVRL7683,Wayne Leslie Schulz,3,sole_trader;service,1
5223,1-XU2-32,MVRL17519,Wayne Mcarthur Manning,3,sole_trader;service,1
5224,1-XTX-3273,MVRL124,Wayne Phillip Broady,3,sole_trader;service,1
5225,1-4A1JQ8D,MVRL62663,Wayne Revell,3,sole_trader;service,1
5226,1-3FUXWOT,MVRL56883,Wayne Ronal McCallum,3,sole_trader;service,1
5227,1-XTH-3599,MVRL10062,Werner Karl,3,sole_trader;service,1
5228,1-XTX-452,MVRL44025,Wesley James Parker,3,sole_trader;service,1
5229,1-XTX-554,MVRL44300,Wessam Fahda,3,sole_trader;service,1
5230,1-XUC-1039,MVRL36840,Willem Fercher,3,sole_trader;service,1
5231,1-4EDIQ40,MVRL63517,William Brian Worthington,3,sole_trader;service,1
5232,1-WUQYZG,MVRL50194,William Charles Grima,3,sole_trader;service,1
5233,1-XTX-2461,MVRL10277,William Charles Smith,3,sole_trader;service,1
5234,1-3MVI7JL,MVRL58639,William Lyle Philp,3,sole_trader;service,1
5235,1-4I1PXVL,MVRL64242,William Michael Morrissey,3,sole_trader;service,1
5236,1-3FND8SK,MVRL56891,William Micheal Butterfield,3,sole_trader;service,1
5237,1-3DX97TJ,MVRL56823,Xuan Son Nguyen,3,sole_trader;service,1
5238,1-XU2-3677,MVRL28077,Yervant Jeff Yedalian,3,sole_trader;service,1
5239,1-XTQ-4942,MVRL42536,Younes Ismailpour,3,sole_trader;service,1
5240,1-2VEX4S,MVRL45427,Youssef Mahmoud,3,sole_trader;service,1
5241,1-62MMN1,MVRL47126,Yue Quan Li,3,sole_trader;service,1
5242,1-4FISSF6,MVRL63752,Zaccaria Raymond Wallace Johnson,3,sole_trader;service,1
5243,1-1WR0VKP,MVRL52923,Zatiye Metli,3,sole_trader;service,1
5244,1-4FIDNRD,MVRL63730,Zaya Bathyao Safar Safar,3,sole_trader;service,1
5245,1-3ZR4P9O,MVRL61133,Zeinolabedin Dorostkar,3,sole_trader;service,1
5246,1-2NVRM0D,MVRL54432,Zeyad Diab,3,sole_trader;service,1
5247,1-1KQL0L0,MVRL52181,Zhi Pan,3,sole_trader;service,1
5248,1-XSI-4762,MVRL21259,Australian Automotive Group Pty Ltd,4,company;service;excl_dealer,8
5249,1-XT3-2240,MVRL26580,Australian Automotive Group Pty Ltd,4,company;service;excl_dealer,8
5250,1-XT3-2409,MVRL26966,Australian Automotive Group Pty Ltd,4,company;service;excl_dealer,8
5251,1-XT3-2990,MVRL28214,Australian Automotive Group Pty Ltd,4,company;service;excl_dealer,8
5252,1-XT3-4760,MVRL31931,Australian Automotive Group Pty Ltd,4,company;service;excl_dealer;excl_tyres,8
5253,1-XTB-1570,MVRL36482,Australian Automotive Group Pty Ltd,4,company;service;excl_dealer,8
5254,1-XTH-1217,MVRL45,Australian Automotive Group Pty Ltd,4,company;service;excl_dealer,8
5255,1-3JEJ06,MVRL46074,Australian Automotive Group Pty Ltd,4,company;service;excl_dealer,8
5256,1-XSI-18,MVRL10058,Autopool Pty Ltd,4,company;excl_dealer,7
5257,1-XT3-3502,MVRL29259,Autopool Pty Ltd,4,company;excl_dealer,7
5258,1-XTB-1623,MVRL36598,Autopool Pty Ltd,4,company;excl_dealer,7
5259,1-XTB-3482,MVRL39765,Autopool Pty Ltd,4,company;excl_dealer,7
5260,1-XTH-584,MVRL43449,Autopool Pty Ltd,4,company;excl_dealer,7
5261,1-XTH-585,MVRL43450,Autopool Pty Ltd,4,company;excl_dealer,7
5262,1-XTH-587,MVRL43452,Autopool Pty Ltd,4,company;excl_dealer,7
5263,1-XSI-578,MVRL11631,S M A Motors Pty Ltd,4,company;service;excl_dealer,7
5264,1-XT3-3157,MVRL28548,S M A Motors Pty Ltd,4,company;service;excl_parts_towing,7
5265,1-XT3-4430,MVRL31186,S M A Motors Pty Ltd,4,company;service;excl_dealer,7
5266,1-XTB-4194,MVRL41037,S M A Motors Pty Ltd,4,company;service;excl_dealer,7
5267,1-5XHZLL,MVRL47103,S M A Motors Pty Ltd,4,company;service;excl_dealer,7
5268,1-XTB-2425,MVRL38017,Trivett Automotive Retail Pty Ltd,4,company;service;excl_dealer;excl_parts_towing,7
5269,1-XTB-3463,MVRL39731,Trivett Automotive Retail Pty Ltd,4,company;service;excl_dealer;excl_parts_towing,7
5270,1-2KJYXN,MVRL45189,Trivett Automotive Retail Pty Ltd,4,company;service;excl_dealer;excl_parts_towing,7
5271,1-2ZM5VI,MVRL45522,Trivett Automotive Retail Pty Ltd,4,company;service;excl_dealer;excl_parts_towing,7
5272,1-31IWX9,MVRL45596,Trivett Automotive Retail Pty Ltd,4,company;service;excl_dealer;excl_parts_towing,7
5273,1-31IWW8,MVRL45597,Trivett Automotive Retail Pty Ltd,4,company;service;excl_dealer;excl_parts_towing,7
5274,1-2ZNZUX8,MVRL54845,Trivett Automotive Retail Pty Ltd,4,company;service;excl_dealer;excl_parts_towing,7
5275,1-XTB-116,MVRL32678,Bridgestone Australia Ltd,4,company;excl_tyres,5
5276,1-328X2Q,MVRL45633,Bridgestone Australia Ltd,4,company;excl_tyres,5
5277,1-XT3-892,MVRL23718,McCarroll's Of Moss Vale Pty Ltd,4,company;excl_body,5
5278,1-XTB-1617,MVRL36580,McCarroll's Of Moss Vale Pty Ltd,4,company;excl_dealer,5
5279,1-XTB-2634,MVRL38413,McCarroll's Of Moss Vale Pty Ltd,4,company;excl_dealer,5
5280,1-XTH-1051,MVRL44305,McCarroll's Of Moss Vale Pty Ltd,4,company;excl_dealer,5
5281,1-XTH-294,MVRL43026,Paul Wakeling Motor Group Pty Ltd,4,company;excl_dealer,4
5282,1-XTH-295,MVRL43027,Paul Wakeling Motor Group Pty Ltd,4,company;excl_dealer,4
5283,1-XTH-297,MVRL43029,Paul Wakeling Motor Group Pty Ltd,4,company;excl_dealer,4
5284,1-XTH-298,MVRL43030,Paul Wakeling Motor Group Pty Ltd,4,company;excl_dealer,4
5285,1-KBN920,MVRL48894,STM TRUCKS & MACHINERY PTY LTD,4,company;excl_heavy,4
5286,1-KBU751,MVRL48895,STM TRUCKS & MACHINERY PTY LTD,4,company;excl_heavy,4
5287,1-KBU74J,MVRL48896,STM TRUCKS & MACHINERY PTY LTD,4,company;excl_heavy,4
5288,1-KBU741,MVRL48897,STM TRUCKS & MACHINERY PTY LTD,4,company;excl_heavy,4
5289,1-XT3-4856,MVRL32116,Alweal Pty Ltd,4,company;service;excl_body,3
5290,1-7MP1N3,MVRL47494,Alweal Pty. Limited,4,company;service;excl_body,3
5291,1-8Y6AWF,MVRL47684,Aussie Dent King Pty Ltd,4,company;excl_body,3
5292,1-8Y6AUF,MVRL47685,Aussie Dent King Pty Ltd,4,company;excl_body,3
5293,1-8Y3Q43,MVRL47686,Aussie Dent King Pty Ltd,4,company;excl_body,3
5294,1-XTB-1385,MVRL36137,Cessnock Automotive Sales Pty Ltd,4,company;service;excl_dealer,3
5295,1-XTB-2361,MVRL37881,Cessnock Automotive Sales Pty Ltd,4,company;service;excl_dealer,3
5296,1-2PIWJI,MVRL45322,Cessnock Automotive Sales Pty Ltd,4,company;service;excl_dealer,3
5297,1-XTB-4806,MVRL42190,Clint Stacey Pty Ltd,4,company;service;excl_electrical,3
5298,1-XTB-1619,MVRL36585,Houma Holdings Pty Ltd,4,company;excl_dealer,3
5299,1-XTB-1005,MVRL35504,Hunter Regional Tyres Pty Ltd,4,company;excl_tyres,3
5300,1-XTB-1797,MVRL36922,Hunter Regional Tyres Pty Ltd,4,company;service;excl_tyres,3
5301,1-XTB-4282,MVRL41176,Hunter Regional Tyres Pty Ltd,4,company;excl_tyres,3
5302,1-XTB-2421,MVRL38007,Inland Truck Centres Pty Ltd,4,company;excl_heavy,3
5303,1-XTB-2596,MVRL38329,Inland Truck Centres Pty Ltd,4,company;excl_heavy,3
5304,1-2KXGTVF,MVRL54103,Inland Truck Centres Pty Ltd,4,company;excl_heavy,3
5305,1-XT3-3265,MVRL28799,Lesilo Pty Ltd,4,company;excl_tyres;excl_electrical,3
5306,1-XTB-178,MVRL32796,Lesilo Pty Ltd,4,company;excl_tyres;excl_electrical,3
5307,1-XTB-2965,MVRL38832,Lesilo Pty Ltd,4,company;excl_tyres;excl_electrical,3
5308,1-XU2-453,MVRL18787,Lube Mobile Pty Ltd,4,company;service;excl_mobile,3
5309,1-XU2-4211,MVRL29742,Lube Mobile Pty Ltd,4,company;service;excl_mobile,3
5310,1-XTH-476,MVRL43260,Lube Mobile Pty Ltd,4,company;service;excl_mobile,3
5311,1-XSI-1053,MVRL12850,Nowra Truck & Tractor Repairs Pty Ltd,4,company;service;excl_heavy,3
5312,1-XTB-1692,MVRL36714,Nowra Truck & Tractor Repairs Pty Ltd,4,company;service;excl_heavy,3
5313,1-XTB-4003,MVRL40700,Nowra Truck & Tractor Repairs Pty Ltd,4,company;service;excl_heavy,3
5314,1-7R5PHF,MVRL47508,A1 Auto Electrical Service Pty Ltd,4,company;service;excl_electrical,2
5315,1-ADSOXI,MVRL47879,A1 Auto Electrical Service Pty Ltd,4,company;service;excl_electrical,2
5316,1-XTB-2079,MVRL37384,AMG Newcastle Pty Ltd,4,company;excl_dealer,2
5317,1-XTB-2081,MVRL37386,AMG Newcastle Pty Ltd,4,company;excl_dealer,2
5318,1-XTH-148,MVRL42760,Autonexus Pty Ltd,4,company;excl_heavy,2
5319,1-XT3-340,MVRL22520,Axprey Pty Ltd,4,company;excl_dealer,2
5320,1-561LS7,MVRL46765,B K Power Solutions Pty Ltd,4,company;excl_electrical,2
5321,1-BICRHJ,MVRL47952,Baxters Omnibus Sales & Service Pty Ltd,4,company;service;excl_dealer,2
5322,1-BIGJ8S,MVRL47953,Baxters Omnibus Sales & Service Pty Ltd,4,company;service;excl_dealer,2
5323,1-XTB-4918,MVRL42384,Bears Paintless Dent Repair Pty Ltd,4,company;service;excl_body,2
5324,1-2EFTEE,MVRL45040,Bears Paintless Dent Repair Pty Ltd,4,company;service;excl_body,2
5325,1-33AX4D3,MVRL55143,C & K AUTOMOTIVE GROUP PTY LTD,4,company;service;excl_dealer,2
5326,1-3ORNX8Q,MVRL59199,C & K AUTOMOTIVE GROUP PTY LTD,4,company;service;excl_dealer;excl_mobile,2
5327,1-XT3-3485,MVRL29217,Cardiff Car City Pty Ltd,4,company;service;excl_dealer,2
5328,1-XT3-3622,MVRL29495,Connors Fleet Maintenance Pty Ltd,4,company;excl_heavy,2
5329,1-XTB-738,MVRL34942,Connors Fleet Maintenance Pty Ltd,4,company;excl_heavy,2
5330,1-FG6JG6,MVRL48334,Daniel Bruce Vaughan,4,sole_trader;service;excl_specialty_vehicle,2
5331,1-DN8VUP,MVRL48087,Jacabella Pty Ltd,4,company;service;excl_heavy,2
5332,1-XTB-4586,MVRL41775,James Frizelles Automotive Group Pty Ltd,4,company;service;excl_dealer,2
5333,1-XTB-4587,MVRL41776,James Frizelles Automotive Group Pty Ltd,4,company;service;excl_dealer,2
5334,1-DAE2VV,MVRL48099,Johnson's Towing & Mechanical Pty Ltd,4,company;service;excl_parts_towing,2
5335,1-XTH-2861,MVRL8176,Johnson's Towing & Mechanical Pty Ltd,4,company;service;excl_parts_towing,2
5336,1-40EOTOY,MVRL61319,Joshua Basil Charles Klein,4,sole_trader;excl_tyres,2
5337,1-XT3-3882,MVRL30058,Komatsu Forklift Australia Pty Ltd,4,company;excl_heavy,2
5338,1-XT3-4172,MVRL30653,Komatsu Forklift Australia Pty Ltd,4,company;excl_heavy,2
5339,1-8G9GWS,MVRL47574,L & G Motor Group Pty Ltd,4,company;excl_dealer,2
5340,1-8FC32R,MVRL47575,L & G Motor Group Pty Ltd,4,company;excl_dealer,2
5341,1-XTH-212,MVRL42866,Lapo Pty Ltd,4,company;excl_dealer,2
5342,1-XTH-213,MVRL42867,Lapo Pty Ltd,4,company;excl_dealer,2
5343,1-XTB-4355,MVRL41310,Maitland City Motor Group Pty Ltd,4,company;excl_dealer,2
5344,1-XTH-223,MVRL42886,Maitland City Motor Group Pty Ltd,4,company;excl_dealer,2
5345,1-XT3-669,MVRL23226,Maitland Tyre Market Pty Ltd,4,company;excl_tyres,2
5346,1-3MI2AWW,MVRL58578,Maitland Tyre Market Pty Ltd,4,company;excl_tyres,2
5347,1-DI7GF8,MVRL48083,Mark Charles Robertson,4,sole_trader;excl_performance,2
5348,1-7DOYWC,MVRL47488,Michael South Engineering Pty Ltd,4,company;excl_performance,2
5349,1-9TC8GZ,MVRL47794,Michael South Engineering Pty Ltd,4,company;excl_performance,2
5350,1-XUC-971,MVRL36588,Nicalds Pty Ltd,4,company;excl_body,2
5351,1-XTB-2625,MVRL38394,Northside Truck And Tractor Repairs Pty Ltd,4,company;service;excl_heavy,2
5352,1-XTB-4526,MVRL41644,Northside Truck And Tractor Repairs Pty Ltd,4,company;service;excl_heavy,2
5353,1-XTB-2308,MVRL37792,Platinum Fleet Service Pty Ltd,4,company;service;excl_heavy,2
5354,1-XTH-325,MVRL43073,Platinum Fleet Service Pty Ltd,4,company;service;excl_heavy;excl_mobile,2
5355,1-XT3-1829,MVRL25809,Port Stephens Council,4,sole_trader;excl_other,2
5356,1-XTB-3884,MVRL40445,Port Stephens Council,4,sole_trader;excl_other,2
5357,1-XT3-3393,MVRL29031,Premium Tyre Service Pty Ltd,4,company;service;excl_tyres,2
5358,1-XTB-465,MVRL33330,Premium Tyre Service Pty Ltd,4,company;service;excl_tyres,2
5359,1-54A266,MVRL46726,Raystore Pty Ltd,4,company;service;excl_body,2
5360,1-14I4YLQ,MVRL50945,Scott Lindsay Walker,4,sole_trader;service;excl_parts_towing,2
5361,1-35IJJD,MVRL45681,Sharton Motors Pty Ltd,4,company;service;excl_dealer,2
5362,1-XTH-3421,MVRL9595,Sharton Motors Pty Ltd,4,company;service;excl_dealer,2
5363,1-XTH-892,MVRL43993,Sheps Earthmoving Repairs Pty Ltd,4,company;service;excl_heavy,2
5364,1-XTH-893,MVRL43994,Sheps Earthmoving Repairs Pty Ltd,4,company;service;excl_heavy,2
5365,1-XTB-4906,MVRL42360,South East Automotive Pty Ltd,4,company;service;excl_dealer,2
5366,1-XTB-4408,MVRL41401,South West Diesel Pty Ltd,4,company;excl_heavy,2
5367,1-JG3X6B,MVRL48778,South West Diesel Pty Ltd,4,company;excl_heavy,2
5368,1-1GTBHX3,MVRL51958,TANC Pty Ltd,4,company;service;excl_performance,2
5369,1-XTB-4565,MVRL41743,Terry Shields Pty Ltd,4,company;excl_dealer,2
5370,1-XTH-2010,MVRL6211,Terry Shields Pty Ltd,4,company;excl_dealer,2
5371,1-FTX8GN,MVRL48411,UPH Investments Pty Ltd,4,company;excl_dealer,2
5372,1-FTX8FV,MVRL48412,UPH Investments Pty Ltd,4,company;excl_dealer,2
5373,1-XTH-763,MVRL43772,VDL Group Pty Ltd,4,company;excl_performance,2
5374,1-4H5AJJU,MVRL64055,1 STOP SMASH REPAIRS PTY LTD,4,company;service;excl_body,1
5375,1-4CRI0SA,MVRL63118,1ST CHOICE AUTO ELECTRICS PTY LTD,4,company;service;excl_electrical,1
5376,1-43K0I7C,MVRL61720,1st Start Auto Electics Pty Ltd,4,company;service;excl_electrical,1
5377,1-YLYZH1,MVRL50432,2 Sus Custom Resprays Pty Ltd,4,company;excl_performance,1
5378,1-44WGQK2,MVRL61868,2U MOBILE MECHANICS PTY LTD,4,company;service;excl_mobile,1
5379,1-3M8FL78,MVRL58527,3 DOTS BODY REPAIRS PTY LTD,4,company;service;excl_body,1
5380,1-3RGU4EV,MVRL59936,360 Tyre Services Pty Ltd,4,company;service;excl_tyres,1
5381,1-3HY6WL9,MVRL57131,4 Perks Pty Ltd,4,company;excl_body,1
5382,1-41Y8IC2,MVRL61582,44 Mechanical Pty Ltd,4,company;service;excl_tyres,1
5383,1-1BXB12H,MVRL51520,4X4 Accessories Maitland Pty Limited,4,company;excl_performance,1
5384,1-4EDROIO,MVRL63519,52ND EARTHWORX & HAULAGE PTY LTD,4,company;excl_heavy,1
5385,1-48JD4YC,MVRL62608,5787 Investments Pty Ltd,4,company;excl_tyres,1
5386,1-3UENFZ4,MVRL60501,5G Plus Pty Ltd,4,company;service;excl_body,1
5387,1-481IQ1Q,MVRL62637,8 BALL CUSTOMS PTY LTD,4,company;excl_performance,1
5388,1-28QLLSD,MVRL53525,909 Motorsport Pty Ltd,4,company;service;excl_performance,1
5389,1-3P5HZCM,MVRL59359,A & C HEAVY REPAIRS PTY LTD,4,company;service;excl_heavy,1
5390,1-2W01K1P,MVRL54527,A & D Motors Heavy Vehicle Repairs Pty Limited,4,company;service;excl_heavy,1
5391,1-34875UH,MVRL55293,A & D PARTNERS PTY LTD,4,company;excl_electrical,1
5392,1-XT3-2286,MVRL26675,A & I Auto Electrics Pty Ltd,4,company;service;excl_electrical,1
5393,1-P7AGLT,MVRL49461,A & K Damme Pty Ltd,4,company;service;excl_body,1
5394,1-XSI-3122,MVRL17736,A & K Diesel Pty Ltd,4,company;excl_heavy,1
5395,1-1DIBCIH,MVRL51633,A & K Jarvis Pty Ltd,4,company;service;excl_tyres,1
5396,1-43SKZAX,MVRL61724,A & T Berridge Pty Ltd,4,company;excl_electrical,1
5397,1-XSI-808,MVRL12246,A & Z Shipton Pty Ltd,4,company;service;excl_body,1
5398,1-7PQ7Y1,MVRL47520,A 1 M&S Mobile Mechanic Pty Ltd,4,company;service;excl_mobile,1
5399,1-3T0WQXY,MVRL60254,A Facchin Heavy Plant Repairs Pty Ltd,4,company;service;excl_heavy,1
5400,1-XTB-2751,MVRL38619,A J Freitas Pty Ltd,4,company;excl_body,1
5401,1-XTB-779,MVRL3504,A M R Motors Pty Ltd,4,company;service;excl_dealer,1
5402,1-4BEQVQ2,MVRL62985,A P AUTO ELECTRICAL & AIR CONDITIONING PTY LTD,4,company;service;excl_electrical,1
5403,1-B5IHSA,MVRL47948,A Plus Automotive Electricians Pty Ltd,4,company;service;excl_electrical,1
5404,1-3JC7RCH,MVRL57464,A S Racing Pty Ltd,4,company;service;excl_performance,1
5405,1-15H7JYJ,MVRL51048,A T N Enterprises Pty Ltd,4,company;service;excl_body,1
5406,1-4ICW4YU,MVRL64151,A WON CARS PTY LTD,4,company;service;excl_body,1
5407,1-44QYDKS,MVRL61931,A&B Business Group Pty Ltd,4,company;service;excl_tyres,1
5408,1-4BM1TCK,MVRL62957,A&S MOTORSPORT PTY LTD,4,company;excl_performance,1
5409,1-XTB-2268,MVRL37720,A-One Lift Truck Services Pty Ltd,4,company;service;excl_heavy,1
5410,1-XT3-1436,MVRL24963,A-Tech Smash Repairs Pty Ltd,4,company;service;excl_body,1
5411,1-3UWUJZV,MVRL60584,A-Z Auto-Electrical & Mechanical Pty Ltd,4,company;service;excl_electrical,1
5412,1-7C34R0,MVRL47408,A.C. Wales Pty Ltd,4,company;service;excl_body,1
5413,1-49Z02MC,MVRL62751,A.C.N. 681 890 559 PTY LTD,4,company;service;excl_body,1
5414,1-4JZL9E2,MVRL64346,A.C.N. 700 370 761 PTY LTD,4,company;service;excl_body,1
5415,1-3HU6O39,MVRL57152,A.C.T. Auto Electrical Engineering Pty Ltd,4,company;service;excl_electrical;excl_performance,1
5416,1-444M043,MVRL61742,A.F SMASH REPAIRS PTY LTD,4,company;service;excl_body,1
5417,1-3TKHD9L,MVRL60518,A.M.C Services & Sales Pty Ltd,4,company;service;excl_dealer,1
5418,1-L0N8PL,MVRL49107,A1 Body Repairs Pty Ltd,4,company;service;excl_body,1
5419,1-3Z55C7W,MVRL61125,A1 Budget Auto Dismantlers Pty Limited,4,company;service;excl_parts_towing,1
5420,1-4AFNS3,MVRL46387,A1 Global Group Pty Ltd,4,company;service;excl_parts_towing;excl_performance,1
5421,1-35NEXQR,MVRL55476,A1 Mobile Car Care Pty Ltd,4,company;service;excl_mobile,1
5422,1-LMO7EF,MVRL49133,A1 Motor Group Pty Ltd,4,company;service;excl_dealer;excl_body,1
5423,1-3BGDQ6Z,MVRL56408,A1 Quality Trailers Pty Ltd,4,company;excl_heavy,1
5424,1-M62DL1,MVRL49156,A1 Road and Race Motorcycles Pty Ltd,4,company;excl_specialty_vehicle;excl_performance,1
5425,1-3HJ000O,MVRL57189,A1 Spare Parts Pty Ltd,4,company;excl_parts_towing,1
5426,1-36P0E33,MVRL55740,A1 TYRE & MECHANICAL PTY LTD,4,company;service;excl_tyres,1
5427,1-3S68QM6,MVRL60099,A9X Auto Electrics Pty Ltd,4,company;service;excl_electrical,1
5428,1-XTH-2003,MVRL6196,AA & PM Scott Pty Ltd,4,company;service;excl_body;excl_parts_towing,1
5429,1-3I1M4YC,MVRL57095,AA Auto Electrics & Air Conditioning Pty Ltd,4,company;service;excl_electrical,1
5430,1-EIFWR3,MVRL48250,AAC Motor Group (Cooma) Pty Ltd,4,company;service;excl_dealer,1
5431,1-4LWA9S,MVRL46573,Aaron Alexander Jackson,4,sole_trader;service;excl_mobile,1
5432,1-3TKCS7P,MVRL60330,Aaron Barry Suckling,4,sole_trader;service;excl_tyres,1
5433,1-4H9EOI9,MVRL64102,Aaron David Gowland,4,sole_trader;service;excl_heavy,1
5434,1-42ISD3G,MVRL61546,Aaron Group NSW Pty Ltd,4,company;excl_performance,1
5435,1-3ZY9JUE,MVRL61266,Aaron John Kemp,4,sole_trader;service;excl_tyres,1
5436,1-3H72SS0,MVRL56970,Aaron Scott Castledine,4,sole_trader;excl_body;excl_heavy,1
5437,1-4C5B25K,MVRL63106,Aaron Scott Phillips,4,sole_trader;service;excl_mobile,1
5438,1-XTB-4919,MVRL42386,AAT Kings Coach Company Pty Ltd,4,company;excl_heavy,1
5439,1-3W1LRDW,MVRL60779,AB & HS Investments Pty Ltd,4,company;service;excl_tyres,1
5440,1-38CY6DV,MVRL55879,ABCO Caravan Repairs Pty Ltd,4,company;service;excl_specialty_vehicle,1
5441,1-FRTILW,MVRL48402,Abco Caravan Services Pty Ltd,4,company;service;excl_specialty_vehicle,1
5442,1-39VBKY1,MVRL56001,Abdul Bashit,4,sole_trader;service;excl_tyres,1
5443,1-4EW0FYE,MVRL63603,Abdullah Traders Pty Ltd,4,company;excl_body,1
5444,1-47TA87Y,MVRL62257,ABELA TRANSPORT PTY LTD,4,company;excl_other,1
5445,1-7VX9X1,MVRL47542,Absolute Smash Repairs Pty Ltd,4,company;service;excl_body,1
5446,1-3UJO7PQ,MVRL60569,Abundant Welding and Fabrication Pty Ltd,4,company;excl_performance,1
5447,1-4EREXUM,MVRL63501,AC HEAVY VEHICLE MAINTENANCE PTY LTD,4,company;excl_heavy,1
5448,1-XTB-4734,MVRL42051,Accident Care Professionals Pty Ltd,4,company;service;excl_body,1
5449,1-55BRFR,MVRL46735,Ace Air & Auto Electrical Pty Ltd,4,company;service;excl_electrical,1
5450,1-3MIRIVA,MVRL58668,ACE AUTO ELECTRICAL AND AIR CONDITIONING PTY LTD,4,company;service;excl_electrical,1
5451,1-1ZSVKL,MVRL45027,Ace Tyres (Singleton) Pty Ltd,4,company;excl_tyres,1
5452,1-XTH-546,MVRL43383,ACM Autos Pty Ltd,4,company;service;excl_dealer,1
5453,1-XTH-539,MVRL43376,ACM Liverpool Pty Ltd,4,company;excl_dealer,1
5454,1-175XNHD,MVRL51238,Action Tyres Pty Ltd,4,company;service;excl_tyres,1
5455,1-49SUEQG,MVRL62661,Active Auto Glass Pty Ltd,4,company;service;excl_electrical,1
5456,1-XTH-1152,MVRL44496,Active Car & Truck Electrics Pty Limited,4,company;excl_heavy;excl_electrical,1
5457,1-46U5GEO,MVRL62335,ACV PARTS & SERVICES PTY LTD,4,company;service;excl_parts_towing,1
5458,1-3LNM5DC,MVRL58383,Adam Alvin Hayes,4,sole_trader;service;excl_mobile,1
5459,1-XTX-478,MVRL44111,Adam Geoffrey Michael,4,sole_trader;service;excl_electrical,1
5460,1-3KM1CW4,MVRL57981,Adam John Wilson,4,sole_trader;excl_tyres,1
5461,1-XTQ-884,MVRL31483,Adam Justin Luke Mcalpine,4,sole_trader;service;excl_body,1
5462,1-3WJAW44,MVRL60817,Adam Lowe Earthmoving Pty Ltd,4,company;excl_heavy,1
5463,1-4CDBFGI,MVRL62933,Adam Mawas,4,sole_trader;service;excl_heavy,1
5464,1-3HYNTW3,MVRL57130,Adam Nicholas Teuma,4,sole_trader;service;excl_performance,1
5465,1-32K17ZX,MVRL55054,Adam Paul Travers,4,sole_trader;excl_body,1
5466,1-34JVM5Y,MVRL55348,Adam Robert Singleton,4,sole_trader;excl_body,1
5467,1-PII6KP,MVRL49505,Adam Robert Winnell,4,sole_trader;service;excl_mobile,1
5468,1-3BD8SXY,MVRL56274,Adam Roy Lawrence,4,sole_trader;excl_specialty_vehicle,1
5469,1-XU2-3502,MVRL27588,Adam Stephen Chivers,4,sole_trader;service;excl_performance,1
5470,1-321ID31,MVRL54989,Adam Wayne Hollands,4,sole_trader;service;excl_electrical,1
5471,1-42G2XH0,MVRL61594,Adco Trailers Pty Ltd,4,company;excl_heavy,1
5472,1-2JL35WH,MVRL53948,Adelong Engineering & Constructions Pty Ltd,4,company;excl_performance,1
5473,1-4693FFM,MVRL62282,ADLER FABRICATIONS PTY LTD,4,company;excl_performance,1
5474,1-3LJUTD2,MVRL58330,Admat Auto Electrical Pty Ltd,4,company;service;excl_electrical,1
5475,1-48100ZG,MVRL62324,Advan Auto Mobile Mechanic Pty Ltd,4,company;service;excl_mobile,1
5476,1-21UDHKR,MVRL53214,Advance Parts Pty Ltd,4,company;service;excl_heavy;excl_parts_towing,1
5477,1-XTB-4639,MVRL41909,Advance Tyre & Auto Pty Ltd,4,company;service;excl_tyres,1
5478,1-3RCPGPG,MVRL59867,ADVANCED AUTO GLASS PTY LTD,4,company;service;excl_electrical,1
5479,1-3ESAIW0,MVRL56724,AE-BIKES PTY LTD,4,company;excl_specialty_vehicle,1
5480,1-3AM5C1L,MVRL56149,AEH TEMORA PTY LTD,4,company;excl_heavy,1
5481,1-3THWJDD,MVRL60462,Aero Automotive and Tyres Pty Ltd,4,company;service;excl_tyres,1
5482,1-40ODJJ0,MVRL61316,AFFLECK'S MINING SOLUTIONS PTY LTD,4,company;excl_other,1
5483,1-4A73XC9,MVRL62656,AG & Plant Resources Pty Ltd,4,company;excl_heavy,1
5484,1-3QUL6NR,MVRL59842,Agha Diesel Services Pty Ltd,4,company;service;excl_heavy,1
5485,1-4JXFSB4,MVRL64330,Agricultural Equipment Holdings 1 Pty Ltd,4,company;excl_heavy,1
5486,1-XTB-3564,MVRL39925,Agron Pty Ltd,4,company;excl_body,1
5487,1-2MZ34CD,MVRL54333,AGSR Trailers Pty Ltd,4,company;excl_heavy,1
5488,1-3H2R6NI,MVRL57038,Agtrade Machinery Pty Ltd,4,company;excl_heavy,1
5489,1-17FB6B5,MVRL51274,AHG Newcastle Pty Ltd,4,company;excl_dealer,1
5490,1-VBX5AS,MVRL50059,Ahmad Ali Taha,4,sole_trader;service;excl_body,1
5491,1-266IF81,MVRL53367,Ahmad Ghazzaoui,4,sole_trader;service;excl_body,1
5492,1-3K7DB7D,MVRL57824,Ahmad Rajeh El Kadri,4,sole_trader;service;excl_electrical,1
5493,1-4G8RNHE,MVRL63809,Ahmed Fatfat,4,sole_trader;service;excl_body,1
5494,1-1HSUSAK,MVRL51809,Ahmed Jebara,4,sole_trader;service;excl_body,1
5495,1-3K3FQJP,MVRL57798,Aitken's Plant Maintenance Pty Ltd,4,company;excl_heavy,1
5496,1-3W2KYRQ,MVRL60655,AJ AUTOWORKS & TYRES PTY LTD,4,company;excl_tyres,1
5497,1-4EO4UVP,MVRL63657,AJ MOTORSPORTS PTY LTD,4,company;excl_performance,1
5498,1-3WHGUVE,MVRL60726,AJ Truck and Diesel Pty Ltd,4,company;excl_heavy,1
5499,1-3RHFJTK,MVRL59952,Ajaj Tyres Pty Ltd,4,company;excl_tyres,1
5500,1-3MIHHL6,MVRL58614,AJL Auto Electrical Australia Pty Ltd,4,company;service;excl_electrical,1
5501,1-33AY4ZZ,MVRL55145,AJM TRANSPORT (NSW) PTY LTD,4,company;excl_other,1
5502,1-1TUHF1V,MVRL52662,Alan Antony Edwards,4,sole_trader;service;excl_body,1
5503,1-3NKVAFM,MVRL58949,Albert George Costagliola,4,sole_trader;service;excl_electrical,1
5504,1-XUC-2861,MVRL44493,Albert Paul Schroder,4,sole_trader;service;excl_performance,1
5505,1-3OWGVY4,MVRL59302,ALBION PARK SMASH REPAIRS PTY LTD,4,company;service;excl_body,1
5506,1-XT3-4876,MVRL32163,Albury City Council,4,sole_trader;excl_other,1
5507,1-3SAAJFY,MVRL60100,Albury Dealership Pty Ltd,4,company;excl_dealer,1
5508,1-35G76O6,MVRL55487,Albury Wodonga Automotive Group Pty Ltd,4,company;service;excl_dealer,1
5509,1-4H2S7LA,MVRL64104,ALCOCK BROS. PTY LTD,4,company;excl_heavy,1
5510,1-XTN-4766,MVRL28367,Aldo Petrella,4,sole_trader;service;excl_body,1
5511,1-XU2-2831,MVRL25688,Aleksandar Karanfiloski,4,sole_trader;service;excl_parts_towing,1
5512,1-XT3-3055,MVRL28339,Alesd Pty Ltd,4,company;excl_specialty_vehicle,1
5513,1-3PWXK6A,MVRL59689,Alex Josef Rotzler,4,sole_trader;service;excl_specialty_vehicle,1
5514,1-XTQ-2441,MVRL36513,Alex Makdessi,4,sole_trader;service;excl_performance,1
5515,1-3PUSZLM,MVRL59540,Alex Shevlin,4,sole_trader;service;excl_performance,1
5516,1-XTB-4842,MVRL42255,Alexandria & City Smash Repairs Pty Ltd,4,company;service;excl_body,1
5517,1-1TCYVF7,MVRL52660,Alexandria Collision Centre No. 2 Pty Limited,4,company;excl_body,1
5518,1-3NDIZ4S,MVRL58854,ALFIDICH PTY LTD,4,company;excl_heavy,1
5519,1-47147WE,MVRL62593,ALG SMASH REPAIRS PTY LIMITED,4,company;service;excl_body,1
5520,1-7YEFAE,MVRL47513,Ali Mansour,4,sole_trader;excl_performance,1
5521,1-3QYFT9P,MVRL59899,Ali Mustafa Kurdi,4,sole_trader;excl_body,1
5522,1-3U8KM7V,MVRL60473,All Autosmash Pty Ltd,4,company;excl_body,1
5523,1-49S4C17,MVRL62634,All Commercial Truck Repairs Pty Ltd,4,company;service;excl_heavy,1
5524,1-4BCYV6C,MVRL62828,All Cranes 4 Hire Pty Ltd,4,company;excl_heavy;excl_other,1
5525,1-405A5NE,MVRL61237,All Dent Solutions Pty Ltd,4,company;excl_body,1
5526,1-38TFV1H,MVRL55931,ALL FLEET INDUSTRIES PTY LTD,4,company;service;excl_heavy;excl_mobile,1
5527,1-250OEQD,MVRL53314,All Insurance Auto Body Works Pty Ltd,4,company;service;excl_body,1
5528,1-XTB-1923,MVRL37151,All Millenium Smash Repairs Pty Ltd,4,company;service;excl_body,1
5529,1-3LQEI4S,MVRL58531,ALL MODEL WINDSCREEN SERVICE PTY LTD,4,company;service;excl_electrical,1
5530,1-3J25PDJ,MVRL57401,All Parts Auto (Aust) Pty Ltd,4,company;service;excl_parts_towing,1
5531,1-3J8NQZK,MVRL57369,ALL PRESTIGE BODY REPAIRS PTY LTD,4,company;service;excl_body,1
5532,1-4GJ8E9E,MVRL63879,ALL ROUND DIESEL INDUSTRIES PTY LTD,4,company;excl_heavy,1
5533,1-41O7D32,MVRL61561,All State Smash Repairs Pty Ltd,4,company;service;excl_body,1
5534,1-4IXGA6M,MVRL64300,ALL STATES ADAS & AUTO GLASS PTY LTD,4,company;service;excl_electrical,1
5535,1-ZEERG7,MVRL50481,All States Hail Pty Ltd,4,company;excl_body,1
5536,1-1LQGSSW,MVRL52264,All States Trailer Spares Pty Ltd,4,company;excl_heavy;excl_parts_towing,1
5537,1-XTB-574,MVRL34589,All Terrain 4WD Services Pty Ltd,4,company;service;excl_performance,1
5538,1-4D32FF2,MVRL63204,ALL TERRAIN DIESEL PTY LTD,4,company;excl_heavy,1
5539,1-2LWB3IS,MVRL54209,All Track Engineering Pty Ltd,4,company;excl_performance,1
5540,1-39UADO5,MVRL56123,All Truck Mechanics Pty Ltd,4,company;service;excl_heavy,1
5541,1-4899W5M,MVRL62510,ALL-ROUND AUTO ELECTRICS & AIR CONDITIONING PTY LTD,4,company;service;excl_electrical,1
5542,1-G844L1,MVRL48478,All-Terrain 4x4 Specialised Vehicles Pty Ltd,4,company;excl_performance,1
5543,1-XTB-342,MVRL33120,All-Trans Spares Pty Ltd,4,company;excl_parts_towing,1
5544,1-4GIH2WA,MVRL63887,ALL-WHEEL DRIVE MECHANICS PTY LTD,4,company;service;excl_tyres,1
5545,1-1THIHL0,MVRL52652,Allan Affouf,4,sole_trader;excl_body,1
5546,1-XU2-4319,MVRL29994,Allan S Burke,4,sole_trader;service;excl_heavy,1
5547,1-4ANR21W,MVRL62763,ALLANDALE INDUSTRIES PTY LTD,4,company;excl_tyres,1
5548,1-4CRW2X4,MVRL63084,Allen Craig Wicks,4,sole_trader;service;excl_electrical,1
5549,1-3DNO1GK,MVRL56548,Allen Joseph Simpson,4,sole_trader;excl_tyres,1
5550,1-1662D2M,MVRL51154,Allens Coaches Coolamon Pty. Ltd.,4,company;excl_heavy,1
5551,1-2N6HRQ6,MVRL54389,Alliance Auto Group Pty Ltd,4,company;service;excl_body,1
5552,1-3QNHNCA,MVRL59901,ALLIGN TYRE & MECHANICAL PTY LTD,4,company;service;excl_tyres,1
5553,1-77CGJY,MVRL47345,Allmac Welding Fabrications Pty Ltd,4,company;excl_performance,1
5554,1-11SS6SU,MVRL50734,Allquip Pty Ltd,4,company;excl_heavy,1
5555,1-XT3-3347,MVRL28943,Alltop Automotive Engineering Pty Ltd,4,company;service;excl_performance,1
5556,1-3ZKTQWE,MVRL61199,ALLTRUCK DIESEL REPAIRS PTY LTD,4,company;service;excl_heavy,1
5557,1-XTQ-1569,MVRL33179,Alon Guilboa,4,sole_trader;excl_specialty_vehicle;excl_performance,1
5558,1-38XIPQ0,MVRL55955,Alpha Auto Electrical Pty Ltd,4,company;service;excl_electrical,1
5559,1-XTB-2603,MVRL38354,Alpha Transport Pty Ltd,4,company;excl_other,1
5560,1-3T22BFM,MVRL60286,Alpha Tyres Pty Ltd,4,company;excl_tyres,1
5561,1-4GKRUPC,MVRL63905,ALPINE AUTOMOTIVE GROUP PTY LTD,4,company;service;excl_dealer,1
5562,1-4IGRP0Y,MVRL64204,ALSTONVILLE DIESEL REPAIR PTY LTD,4,company;service;excl_heavy,1
5563,1-4I2N2O6,MVRL64133,ALSTONVILLE SMASH REPAIRS PTY LTD,4,company;service;excl_body,1
5564,1-XTB-4939,MVRL42430,Alternate Auto Electric Pty Ltd,4,company;service;excl_electrical,1
5565,1-3435S4H,MVRL55260,Alto Blacktown Pty Ltd,4,company;excl_dealer,1
5566,1-4CQVRG8,MVRL63069,ALTO CASTLE HILL PTY LTD,4,company;excl_dealer,1
5567,1-3JSTNOI,MVRL57616,ALTO MACARTHUR PTY LTD,4,company;excl_dealer,1
5568,1-3EO2GQV,MVRL56694,Alto Prestige Pty Ltd,4,company;excl_dealer,1
5569,1-N0SQH4,MVRL49199,Alto Pty Ltd,4,company;excl_dealer,1
5570,1-4ITTGIA,MVRL64244,AM OFF ROAD DESIGN AND FABRICATION PTY LTD,4,company;excl_performance,1
5571,1-2YMCZV1,MVRL54789,Amazonas 4WD Specialist Pty Ltd,4,company;excl_performance,1
5572,1-439OYHI,MVRL61691,AMC Maintenance & Hire Pty Ltd,4,company;excl_other,1
5573,1-XTB-2103,MVRL37423,AMG Castle Hill Pty Ltd,4,company;excl_dealer,1
5574,1-41OWCW1,MVRL61433,AMG Headquarters Twelve Pty Ltd,4,company;excl_dealer,1
5575,1-1G90CW3,MVRL51862,AMG Hornsby Pty Ltd,4,company;excl_dealer;excl_body,1
5576,1-2BL5GTZ,MVRL53836,AMG Waitara Pty Ltd,4,company;excl_dealer,1
5577,1-2ZVPVKJ,MVRL54890,Amiecity Pty Ltd,4,company;excl_performance,1
5578,1-39Q4OM6,MVRL56034,AMN Auto Electrical Pty Ltd,4,company;service;excl_electrical,1
5579,1-408KAS4,MVRL61259,AMO SMASH REPAIR PTY LTD,4,company;service;excl_body,1
5580,1-XT3-1552,MVRL25212,Amps AutoElectrical Pty Ltd,4,company;excl_electrical,1
5581,1-F67NDE,MVRL48325,Andre Dagher,4,sole_trader;service;excl_electrical,1
5582,1-39MKGV3,MVRL56013,Andrew Brian Webster,4,sole_trader;service;excl_dealer,1
5583,1-3ZTDWL,MVRL46273,Andrew Evans,4,sole_trader;excl_performance,1
5584,1-XU2-723,MVRL19550,Andrew Grant Reeves,4,sole_trader;service;excl_body,1
5585,1-XTQ-4902,MVRL42366,Andrew James Carstairs,4,sole_trader;service;excl_body,1
5586,1-3O071Q6,MVRL59172,Andrew John Suckling,4,sole_trader;service;excl_tyres,1
5587,1-A6OQCT,MVRL47842,Andrew Joseph Spagnolo,4,sole_trader;excl_body,1
5588,1-1A7980L,MVRL51533,Andrew Keith Smithers,4,sole_trader;excl_performance,1
5589,1-2WB1WO1,MVRL54666,Andrew Khoury,4,sole_trader;excl_performance,1
5590,1-3KIHZ1K,MVRL57978,Andrew Perente,4,sole_trader;service;excl_electrical,1
5591,1-42PP17A,MVRL61557,Andrew Phillip Bussoletti,4,sole_trader;service;excl_body,1
5592,1-330S6SV,MVRL55137,Andrew Stephen Collins,4,sole_trader;excl_heavy,1
5593,1-3NOTXSO,MVRL58917,Andrew Thomas Albert Anderson,4,sole_trader;service;excl_tyres,1
5594,1-3JEQQEC,MVRL57470,Andrew Tony Cirillo,4,sole_trader;service;excl_performance,1
5595,1-2YM8CNX,MVRL54776,ANDREW'S COLLISION AUTO REPAIRS PTY LIMITED,4,company;service;excl_body,1
5596,1-4JEA8I6,MVRL64314,ANDREW'S SMASH REPAIRS PTY LTD,4,company;service;excl_body,1
5597,1-1U8WT9N,MVRL52688,Andrews Smash Repairs Pty Ltd,4,company;service;excl_body,1
5598,1-2IBKQU,MVRL45146,Angela Therese Habkouk,4,sole_trader;service;excl_body,1
5599,1-4F4R4GE,MVRL63642,ANGUS THE MOBILE MECHANIC AND AUTO ELECTRICAL PTY LTD,4,company;service;excl_electrical;excl_mobile,1
5600,1-1QWF1MA,MVRL52490,Anibal Joseph Succar,4,sole_trader;excl_body,1
5601,1-40FORF4,MVRL61251,Anis Reece Galayini,4,sole_trader;excl_heavy,1
5602,1-3KBSSEK,MVRL58031,ANM AUTO ELECTRICS PTY LTD,4,company;service;excl_electrical,1
5603,1-XTB-4260,MVRL41138,Ansens Tyre & Auto Pty Ltd,4,company;service;excl_tyres,1
5604,1-RHD7XO,MVRL49712,Anthony & Louise Smith Pty Ltd,4,company;service;excl_body,1
5605,1-1MPLU15,MVRL52255,Anthony Caronna Custom Bodyworks Pty Limited,4,company;excl_body;excl_performance,1
5606,1-XUC-4260,MVRL8048,Anthony Charles Aldridge,4,sole_trader;excl_body,1
5607,1-4DK250V,MVRL63241,Anthony Curtin,4,sole_trader;service;excl_body,1
5608,1-9T73JZ,MVRL47791,Anthony Daher,4,sole_trader;excl_performance,1
5609,1-24R8U8Z,MVRL53309,Anthony Dennis Johnson,4,sole_trader;service;excl_tyres,1
5610,1-1UOENV1,MVRL52763,Anthony Fonti,4,sole_trader;service;excl_body,1
5611,1-158OLUS,MVRL51018,Anthony Haddad,4,sole_trader;service;excl_electrical,1
5612,1-332FDR1,MVRL55191,Anthony John Greed,4,sole_trader;excl_specialty_vehicle,1
5613,1-XTX-4366,MVRL15584,Anthony John Irwin,4,sole_trader;service;excl_body,1
5614,1-XU2-921,MVRL20222,Anthony John Mcqueen,4,sole_trader;service;excl_electrical,1
5615,1-XTN-4255,MVRL2684,Anthony John Royce,4,sole_trader;service;excl_body,1
5616,1-XTQ-2042,MVRL35507,Anthony Kramer,4,sole_trader;excl_tyres,1
5617,1-XTX-4880,MVRL17103,Anthony Melville Evans,4,sole_trader;excl_body,1
5618,1-3QBW07A,MVRL59840,Anthony's Auto Electrical Service Pty Ltd,4,company;service;excl_electrical,1
5619,1-418HA7W,MVRL61586,ANTHONYS RESTORATIONS PTY LTD,4,company;excl_performance,1
5620,1-443NKKK,MVRL61757,Antoney Group Pty Ltd,4,company;service;excl_tyres,1
5621,1-3WQGAYI,MVRL60838,ANYTHING EARTHMOVING & MECHANICAL PTY LTD,4,company;service;excl_heavy,1
5622,1-17XCBL2,MVRL51365,Apex Autoworks & Tyres Pty Ltd,4,company;excl_tyres,1
5623,1-4E0B4UG,MVRL63430,APEX PERFORMANCE AND REPAIR PTY. LTD,4,company;service;excl_performance,1
5624,1-4AL4Q0Y,MVRL62817,APEX TOWING ORANGE PTY LTD,4,company;excl_parts_towing,1
5625,1-3BK1CKI,MVRL56280,APEX TYRE & AUTO PTY LIMITED,4,company;service;excl_tyres;excl_performance,1
5626,1-342BBR1,MVRL55256,Apple City Auto Electrics Pty Ltd,4,company;service;excl_electrical,1
5627,1-XTB-4068,MVRL40819,Approved Collision Repairs Pty Ltd,4,company;service;excl_body,1
5628,1-3S0CJVQ,MVRL60006,Arash Ali Aryan,4,sole_trader;excl_body,1
5629,1-3Z0PXR6,MVRL61108,ARCHERS MECHANICAL & SMASH REPAIRS PTY LTD,4,company;service;excl_body,1
5630,1-1UOFRW9,MVRL52806,Arctic Automotive Air Conditioning Pty Ltd,4,company;service;excl_electrical,1
5631,1-XT3-74,MVRL2191,Arkean Pty Ltd,4,company;excl_dealer,1
5632,1-FSI350,MVRL48460,Arllo Pty Ltd,4,company;service;excl_body,1
5633,1-3PU3PCG,MVRL59796,ARMIDALE AUTOMOTIVE GROUP PTY LIMITED,4,company;service;excl_dealer,1
5634,1-2XHKKI,MVRL45513,Armidale Regional Council,4,sole_trader;excl_other,1
5635,1-2LU9GU0,MVRL54208,Armidale Smash Pty Ltd,4,company;service;excl_body,1
5636,1-3LAAUZA,MVRL58325,Armour Motorsport Services Pty Ltd,4,company;service;excl_performance,1
5637,1-3F7TKTM,MVRL56867,Arndell Park Auto Electrics Pty Ltd,4,company;service;excl_electrical,1
5638,1-3HKOPM,MVRL46030,Arthur Frith,4,sole_trader;service;excl_electrical,1
5639,1-4KLAAVS,MVRL64313,Arya Auto Group Pty Ltd,4,company;service;excl_specialty_vehicle,1
5640,1-3NM3EE0,MVRL58997,AS ROBINSON ENTERPRISES PTY LTD,4,company;service;excl_tyres,1
5641,1-487ZZPA,MVRL62496,ASG HAIL PTY LTD,4,company;excl_body,1
5642,1-4IB61OU,MVRL64173,ASH DIESEL PTY LTD,4,company;excl_heavy,1
5643,1-XSI-2689,MVRL16734,Ashcarl Pty Ltd,4,company;excl_tyres;excl_specialty_vehicle,1
5644,1-3AOEQK9,MVRL56180,Ashir Akkaoui,4,sole_trader;service;excl_body,1
5645,1-3MKU28E,MVRL58606,Ashour Khano,4,sole_trader;service;excl_body,1
5646,1-XTB-672,MVRL34800,Askew Motor Body Consultants Pty Ltd,4,company;service;excl_body,1
5647,1-XT3-4324,MVRL30973,Askfind Pty Ltd,4,company;excl_performance,1
5648,1-1F032AF,MVRL51726,Asset Diesel Pty Ltd,4,company;excl_heavy,1
5649,1-3NZKZX0,MVRL59111,ASSET TRUCK AND FLEET SERVICES PTY LTD,4,company;service;excl_heavy,1
5650,1-3HX4O1K,MVRL57225,ASV Sales & Services Pty Ltd,4,company;service;excl_dealer,1
5651,1-PABN6H,MVRL49481,Asyan Pty Ltd,4,company;excl_dealer;excl_performance,1
5652,1-4F00NOS,MVRL63591,ATA FLEET REPAIRER GROUP PTY LTD,4,company;service;excl_heavy,1
5653,1-XTN-4946,MVRL28910,Atanas Petrovski,4,sole_trader;service;excl_electrical,1
5654,1-XTH-1509,MVRL5131,Atchison Truck Repairs Pty Ltd,4,company;service;excl_heavy,1
5655,1-4CFTY00,MVRL63077,ATD ELECTRICAL CONTRACTORS PTY LTD,4,company;excl_electrical,1
5656,1-4DX3MRC,MVRL63359,Atlas 4X4 Pty Ltd,4,company;excl_performance,1
5657,1-3TBZO52,MVRL60432,Atomic Auto Parts Pty Ltd,4,company;service;excl_parts_towing,1
5658,1-4I6EA99,MVRL64032,Attard's Truck Repairs Pty Ltd,4,company;service;excl_heavy,1
5659,1-3NLC6R2,MVRL58944,ATTARDS DIESEL REPAIRS PTY LTD,4,company;service;excl_heavy,1
5660,1-15IVOL4,MVRL51041,Attards Fabrications & Repairs Pty Ltd,4,company;service;excl_performance,1
5661,1-4CJ81PA,MVRL63131,ATTILA HEAVY EQUIPMENT REPAIRS PTY LTD.,4,company;service;excl_heavy,1
5662,1-XTB-4218,MVRL41072,Atwal Bus Pty Ltd,4,company;excl_heavy,1
5663,1-34CIQOT,MVRL55336,Auburn Automotive Pty Ltd,4,company;service;excl_body,1
5664,1-3HY6WC4,MVRL57285,Auburn Tyre Service,4,sole_trader;service;excl_tyres,1
5665,1-1W3BQU,MVRL45021,AUDI Australia Retail Operations Pty Ltd,4,company;excl_dealer;excl_parts_towing,1
5666,1-361QLGL,MVRL55540,AUS AUTOMOTIVE GROUP PTY LTD,4,company;service;excl_dealer,1
5667,1-3XMAV6O,MVRL60917,Ausgas Heavy Vehicle Inspections Pty Ltd,4,company;service;excl_heavy,1
5668,1-3KB5M2G,MVRL57969,AUSROAD TRUCK HIRE PTY LTD,4,company;excl_heavy;excl_other,1
5669,1-3PVOWB8,MVRL59652,AUSSIE AUTO GLASS PTY LTD,4,company;service;excl_electrical,1
5670,1-170Q6H1,MVRL51223,Aussie Forklift Repairs Pty Ltd,4,company;service;excl_heavy,1
5671,1-SY376Y,MVRL49792,Aussie Hail PDR Pty Ltd,4,company;excl_body,1
5672,1-1Q36IZO,MVRL52558,Aussie Hail Pty Ltd,4,company;excl_body,1
5673,1-39KHQ3B,MVRL56008,AUSTAR WHEELS & TYRES PTY LTD,4,company;excl_tyres,1
5674,1-3HBYVOK,MVRL57154,AUSTEC FABRICATIONS PTY LIMITED,4,company;excl_performance,1
5675,1-XSI-863,MVRL12391,Austral Auto Electrics Pty Ltd,4,company;service;excl_electrical,1
5676,1-46DH13C,MVRL62211,Australasian Agriculture Commercial Trading Pty Ltd,4,company;excl_heavy,1
5677,1-3UEYJTA,MVRL60417,Australasian Hail Network Pty Limited,4,company;excl_body,1
5678,1-18LVZWS,MVRL51317,Australian Dent Solutions Pty Ltd,4,company;excl_body,1
5679,1-4DYSY4C,MVRL63374,AUSTRALIAN ELECTRIC VEHICLE SPECIALISTS PTY LTD,4,company;excl_electrical,1
5680,1-4RB7AA,MVRL46583,Australian Fleet Maintenance Pty Ltd,4,company;excl_heavy,1
5681,1-XSI-3835,MVRL19290,Australian Hail Team Pty Ltd,4,company;excl_body,1
5682,1-41HSRLF,MVRL61378,Australian Mining Equipment Pty Ltd,4,company;excl_other,1
5683,1-4817JAU,MVRL62454,AUSTRALIAN MOBILE RADIO PTY LTD,4,company;excl_mobile,1
5684,1-49VORQI,MVRL62722,AUSTRALIAN TRANSPORT MAINTENANCE PTY LTD,4,company;excl_other,1
5685,1-3F4S2U8,MVRL56896,Australian Tyre Specialists Pty Ltd,4,company;excl_tyres,1
5686,1-3C00WSU,MVRL56456,Auswide Caravans & RV's Pty Ltd,4,company;service;excl_specialty_vehicle,1
5687,1-48KG6MS,MVRL62581,AUTO A/C SERVICES PTY LTD,4,company;service;excl_electrical,1
5688,1-SOMKLD,MVRL49802,Auto Body Smash Repairs Pty Ltd,4,company;service;excl_body,1
5689,1-3TACMO4,MVRL60260,AUTO BODY SMASH SOLUTIONS PTY LTD,4,company;service;excl_body,1
5690,1-40FQ612,MVRL61343,AUTO COLOUR GROUP PTY LTD,4,company;service;excl_body,1
5691,1-XTH-135,MVRL42736,Auto Dents Plus Pty Limited,4,company;service;excl_body,1
5692,1-XT3-4128,MVRL30552,Auto Electrical Express Pty Ltd,4,company;service;excl_electrical,1
5693,1-3K3KEKY,MVRL58098,AUTO ELECTRICAL MOBILE INSTALLATION SERVICED PTY LTD,4,company;service;excl_specialty_vehicle;excl_electrical;excl_mobile,1
5694,1-3CJTNX6,MVRL56352,Auto Fix Auto Electricians Pty Ltd,4,company;service;excl_electrical,1
5695,1-3VFP79O,MVRL60646,Auto Glass Shop Pty. Ltd.,4,company;service;excl_electrical,1
5696,1-49MV48G,MVRL62596,Auto Mate Smash Repair Pty Ltd,4,company;service;excl_body,1
5697,1-V9KGF3,MVRL50019,AUTO RESTORATION AND CABLES PTY LIMITED,4,company;service;excl_parts_towing;excl_performance,1
5698,1-4EEYEZO,MVRL63461,Auto Smart Smash Repairs Pty Ltd,4,company;service;excl_body,1
5699,1-406CPOI,MVRL61284,Auto Tech Automotive & Glass Pty Ltd,4,company;service;excl_electrical,1
5700,1-3PD398P,MVRL59543,Auto Tech Car and Truck Repairs Pty Ltd,4,company;service;excl_heavy,1
5701,1-3ZP83GY,MVRL61118,AUTO TECH FLEET SERVICES PTY LTD,4,company;service;excl_heavy,1
5702,1-3UL9JNV,MVRL60668,Auto Wreck Australia Pty Ltd,4,company;service;excl_parts_towing,1
5703,1-XTB-4537,MVRL41674,Autobarn Dubbo Pty Ltd,4,company;excl_parts_towing,1
5704,1-4980MVA,MVRL62729,AUTOFIX COLLISION PTY LTD,4,company;excl_body,1
5705,1-3G3QVPM,MVRL57015,Automotive Collision Centre Pty Ltd,4,company;service;excl_body,1
5706,1-334SOST,MVRL55279,Automotive Hail Repairs Pty Ltd,4,company;service;excl_body,1
5707,1-47I6RG6,MVRL62393,Automotive Solutions Australia Pty Ltd,4,company;service;excl_dealer,1
5708,1-41VLGPQ,MVRL61447,AUTOMOTIVE SPARE PARTS MACKSVILLE PTY LTD,4,company;service;excl_parts_towing,1
5709,1-2N9UV8A,MVRL54364,Autonation NSW Pty Ltd,4,company;excl_dealer,1
5710,1-3J091KJ,MVRL57353,Autorush Pty Ltd,4,company;excl_tyres;excl_performance,1
5711,1-492852O,MVRL62478,AUTOSENSE AUTO ELECTRICS PTY LTD,4,company;service;excl_electrical,1
5712,1-XTH-92,MVRL42640,Autoshift Diesel Pty Ltd,4,company;excl_heavy,1
5713,1-1LEIJ8N,MVRL52301,Autosports Castle Hill Pty Ltd,4,company;excl_dealer,1
5714,1-XTH-93,MVRL42641,Autosports Five Dock Pty Ltd,4,company;excl_dealer,1
5715,1-TVPWVS,MVRL49876,Autosports Leichhardt Pty Ltd,4,company;excl_dealer,1
5716,1-2LZQH8,MVRL45216,Autosports Sutherland Pty Ltd,4,company;excl_dealer,1
5717,1-XT3-2891,MVRL28034,Autowise Auto Electrics Pty Ltd,4,company;service;excl_electrical,1
5718,1-42V8MSM,MVRL61638,Avan Sales (NSW) Pty Ltd,4,company;excl_dealer,1
5719,1-XTB-3390,MVRL39580,Avin Transport Pty Ltd,4,company;excl_other,1
5720,1-3HS9GHU,MVRL57193,Awdtech Pty Ltd,4,company;service;excl_heavy,1
5721,1-3QU25A3,MVRL59785,AWSE Pty Ltd,4,company;service;excl_specialty_vehicle,1
5722,1-1E2WYZQ,MVRL51628,Axiak Pty Ltd,4,company;service;excl_electrical,1
5723,1-XTB-1403,MVRL36165,Ay - One Tyre & Brake Pty Ltd,4,company;service;excl_tyres,1
5724,1-1WVXKST,MVRL52879,Aztech Earthmoving Repairs Pty Ltd,4,company;service;excl_heavy,1
5725,1-34STVAX,MVRL55387,B & A Berridge Pty Ltd,4,company;excl_electrical,1
5726,1-33VYHGH,MVRL55228,B & A Custom Smash Repair Pty Ltd,4,company;service;excl_body;excl_performance,1
5727,1-XT3-1090,MVRL24149,B & C Caravan Service Pty Ltd,4,company;service;excl_specialty_vehicle,1
5728,1-XTB-3348,MVRL39496,B & C Motorcycles Pty Ltd,4,company;excl_specialty_vehicle,1
5729,1-XTB-138,MVRL32716,B & I Pty Ltd,4,company;service;excl_body,1
5730,1-36KW5ET,MVRL55652,B & K Smith Pty Ltd,4,company;service;excl_parts_towing,1
5731,1-XT3-3423,MVRL29111,B & S Jelbart Pty Ltd,4,company;excl_tyres,1
5732,1-4INIBV4,MVRL64232,B & SC HOLDINGS PTY LTD,4,company;service;excl_body,1
5733,1-3SLW49W,MVRL60226,B & Z Auto Parts Repair Pty Ltd,4,company;service;excl_parts_towing,1
5734,1-2VKDGXJ,MVRL54572,B A & K L Croker Pty Ltd,4,company;service;excl_tyres,1
5735,1-3TQAG32,MVRL60360,B B Automotive Group Pty Ltd,4,company;service;excl_dealer,1
5736,1-XSI-3494,MVRL1855,B F & R Leslight Pty Ltd,4,company;service;excl_body,1
5737,1-134TS5O,MVRL50805,B I G Transport Pty Ltd,4,company;excl_other,1
5738,1-4A2EE6P,MVRL62717,B Semaan Pty Ltd,4,company;service;excl_heavy,1
5739,1-JLZAQC,MVRL48761,B. Calabro & Sons Pty Ltd,4,company;service;excl_heavy,1
5740,1-3ZDN99M,MVRL61120,B2R Motorsport Pty Ltd,4,company;excl_performance,1
5741,1-463H5OK,MVRL62273,Bacon Corporate Pty Ltd,4,company;service;excl_electrical,1
5742,1-3OCJ1X6,MVRL59141,Badih Arja,4,sole_trader;service;excl_body,1
5743,1-3S6S9R,MVRL46241,Baileys Diesel Fuel Injection Pty Ltd,4,company;excl_heavy;excl_other,1
5744,1-2F5WWD,MVRL45065,Bajaco Pty Ltd,4,company;excl_heavy,1
5745,1-XT3-4695,MVRL31757,Bajtma Pty Ltd,4,company;service;excl_electrical,1
5746,1-XTB-1083,MVRL35620,Baker Motors Pty Ltd,4,company;service;excl_dealer,1
5747,1-KT5EM1,MVRL48972,Baljinder Kumar Choat,4,sole_trader;service;excl_tyres,1
5748,1-4G2WIQG,MVRL63772,Ballina Marineland Pty Ltd,4,company;excl_specialty_vehicle,1
5749,1-3G7OHMG,MVRL57006,Ballina Motorcycles Pty Ltd,4,company;excl_specialty_vehicle,1
5750,1-XU2-4766,MVRL31520,Balnelli Pty Ltd,4,company;service;excl_parts_towing,1
5751,1-3ZTEAZG,MVRL61232,Bankstown Tyre Centre & Mechanical Repairs Pty Ltd,4,company;service;excl_tyres,1
5752,1-4BP6PVW,MVRL63085,BAPCOR RETAIL PTY LTD,4,company;excl_parts_towing,1
5753,1-45ECOY6,MVRL62021,Barmedman Truck and Auto Pty Ltd,4,company;service;excl_heavy,1
5754,1-XT3-2909,MVRL28065,Barrie Auto Electrics Pty Ltd,4,company;service;excl_electrical,1
5755,1-1VU4A5N,MVRL52939,Barry Hillton Taylor,4,sole_trader;service;excl_heavy,1
5756,1-XTN-4818,MVRL28504,Barry John Davidson,4,sole_trader;excl_performance,1
5757,1-31IWY5,MVRL45579,Bathurst Automotive Group Pty Limited,4,company;service;excl_dealer,1
5758,1-4ECPQCQ,MVRL63514,BATHURST DIESEL REPAIRS PTY LTD,4,company;service;excl_heavy,1
5759,1-1VA00I9,MVRL52868,Bathurst Mazda Pty Ltd,4,company;excl_dealer,1
5760,1-4CJ1ZSV,MVRL63139,Bathurst Paintless Dent Removal & Abrasive Blasting Pty Ltd,4,company;excl_body,1
5761,1-4DMWFSS,MVRL63714,Bathurst Regional Council,4,sole_trader;excl_other,1
5762,1-36J0VYO,MVRL55618,Bathurst Transport Repairs Pty Ltd,4,company;service;excl_other,1
5763,1-4ESQHOQ,MVRL63566,BATTERY BROTHERS PTY LTD,4,company;excl_electrical,1
5764,1-3U9AEW6,MVRL60523,Battery City Shellharbour Pty Ltd,4,company;excl_electrical,1
5765,1-23M8NFH,MVRL53321,Battery World Liverpool Pty Ltd,4,company;excl_electrical,1
5766,1-31CKCTR,MVRL54928,BATTERY WORLD NOWRA PTY LTD,4,company;excl_electrical,1
5767,1-23MCW1D,MVRL53396,Battery World Sutherland Pty Ltd,4,company;excl_electrical,1
5768,1-XTH-478,MVRL43265,Bavapia Pty Ltd,4,company;excl_tyres,1
5769,1-XT3-864,MVRL23659,Bay Body Shop Pty Ltd,4,company;excl_body,1
5770,1-4H89BCS,MVRL64007,BAYADS AUTOMOTIVE PTY LTD,4,company;service;excl_tyres,1
5771,1-3M82S7O,MVRL58547,BBGI PTY LTD,4,company;excl_specialty_vehicle,1
5772,1-356LVXZ,MVRL55673,BCL Diesel Pty Ltd,4,company;excl_heavy,1
5773,1-YSUTY9,MVRL50460,BDM Heavy Vehicle Repairs Pty Ltd,4,company;service;excl_heavy,1
5774,1-4562P84,MVRL61920,BE SELECT TYRES PTY LTD,4,company;excl_tyres,1
5775,1-XT3-2267,MVRL26632,Beach Wheels Automotive Pty Ltd,4,company;service;excl_tyres,1
5776,1-3K8BXBV,MVRL57984,Beaconsfield Motorcycle Supermarket Pty Limited,4,company;excl_specialty_vehicle,1
5777,1-XT3-3197,MVRL28629,Beadmans Exhaust & Suspension Centre Pty Ltd,4,company;service;excl_performance,1
5778,1-XTH-261,MVRL42963,Beard Bros Motor Cycles Pty Ltd,4,company;excl_specialty_vehicle,1
5779,1-1VIUNA1,MVRL53018,Becckwn Pty. Ltd.,4,company;excl_heavy,1
5780,1-4DCD8AO,MVRL63133,BEGA AUTO GROUP PTY LIMITED,4,company;service;excl_dealer,1
5781,1-2IRGIWN,MVRL53889,Bega Motorcycles Pty Ltd,4,company;excl_specialty_vehicle,1
5782,1-XTB-3280,MVRL39390,Bega Valley Shire Council,4,sole_trader;excl_other,1
5783,1-XTH-3477,MVRL9757,Bejjani Smash Repairs Pty Ltd,4,company;service;excl_body,1
5784,1-4CRFY0W,MVRL63260,BELANNASH 2 PTY LTD,4,company;excl_electrical,1
5785,1-3SB66GO,MVRL60096,Belannash Pty Ltd,4,company;excl_electrical,1
5786,1-NNOHDY,MVRL49288,Belinda-Anne Galea,4,sole_trader;excl_performance,1
5787,1-3Y6SZG2,MVRL61017,BELJAZ PTY LTD,4,company;service;excl_tyres,1
5788,1-4IIYKT6,MVRL64212,BELL WAGGA WAGGA PTY LTD,4,company;service;excl_body,1
5789,1-1ZNAS0H,MVRL53013,Belmore Autosmash Pty Ltd,4,company;excl_body,1
5790,1-16BZA0D,MVRL51082,Ben Hill,4,sole_trader;excl_performance,1
5791,1-2J7C653,MVRL54068,Ben Palk Pty Ltd,4,company;service;excl_electrical,1
5792,1-49JMN9S,MVRL62660,Ben Phillip Saunders,4,sole_trader;excl_performance,1
5793,1-XT3-620,MVRL23138,Ben Ruggles Motorsport Pty Ltd,4,company;excl_performance,1
5794,1-1TRX606,MVRL52659,Benaway Pty. Limited,4,company;service;excl_tyres,1
5795,1-49TJL2Z,MVRL62595,Benjamin Arthur Visoiu,4,sole_trader;excl_body,1
5796,1-31SHI3L,MVRL54954,Benjamin Craig Major,4,sole_trader;service;excl_mobile,1
5797,1-XTN-1445,MVRL18261,Benjamin James Denton,4,sole_trader;service;excl_body,1
5798,1-XUC-1385,MVRL38051,Benjamin Victor Michael Kavich,4,sole_trader;service;excl_body,1
5799,1-TB8VFK,MVRL49834,Benny Thinm Quang Tran,4,sole_trader;excl_performance,1
5800,1-XTH-73,MVRL42610,BER Investments Pty Ltd,4,company;service;excl_body,1
5801,1-4DEM1NW,MVRL63270,Berkeley Vale Tyres & Mechanical Pty Ltd,4,company;service;excl_tyres,1
5802,1-XTH-1744,MVRL5645,Berlina Body Works Pty Ltd,4,company;excl_body,1
5803,1-XUC-3444,MVRL5925,Bernard Thomas Parker,4,sole_trader;service;excl_body,1
5804,1-45EVZGY,MVRL61991,Berryman Diesel Maintenance Pty Ltd,4,company;excl_heavy,1
5805,1-41FZ7E8,MVRL61345,BESPOKE ACCIDENT REPLACEMENT PTY LTD,4,company;excl_body,1
5806,1-5I504P,MVRL46940,Best Auto Body Works Pty Ltd,4,company;service;excl_body,1
5807,1-3W4PCF8,MVRL60653,BEST AUTO SMASH REPAIR PTY LTD,4,company;service;excl_body,1
5808,1-2WXPUVC,MVRL54827,Beta Tyres Pty Ltd,4,company;service;excl_tyres,1
5809,1-XTH-45,MVRL42554,Betar Prestige Cars Pty Ltd,4,company;excl_dealer,1
5810,1-1VRJFNN,MVRL53289,Betfabs Pty Ltd,4,company;excl_tyres,1
5811,1-3QR3N60,MVRL59846,Bethungra Transport Pty Ltd,4,company;excl_other,1
5812,1-3OGEG24,MVRL59192,Better Brakes & Parts Pty Ltd,4,company;service;excl_parts_towing,1
5813,1-3KKF1X2,MVRL58338,Betts Bodies & Steel Fabrication Pty Ltd,4,company;excl_performance,1
5814,1-39MTCMI,MVRL56007,Betts Customs Pty Ltd,4,company;excl_performance,1
5815,1-3X7RA2C,MVRL60848,Betts Transport Pty Ltd,4,company;excl_other,1
5816,1-1X197A,MVRL45125,Betts Welding Pty Ltd,4,company;excl_performance,1
5817,1-4GBDDCA,MVRL63804,BEYOND FLEET PTY LTD,4,company;excl_heavy,1
5818,1-483KPOG,MVRL62302,BH Collision Centre Pty Ltd,4,company;service;excl_body,1
5819,1-3ZB0X6Q,MVRL61155,BHL PLANT REPAIRS PTY LTD,4,company;service;excl_heavy,1
5820,1-41MMQW9,MVRL61461,Big K panel & Paint Pty Ltd,4,company;excl_body,1
5821,1-XTB-609,MVRL34648,Big River Batteries and Auto Electrical Pty Ltd,4,company;service;excl_electrical,1
5822,1-4F3E904,MVRL63655,BIG RIVER PERFORMANCE MOTORCYCLES & AUTOMOTIVE PTY LTD,4,company;service;excl_specialty_vehicle;excl_performance,1
5823,1-3UZ97H8,MVRL60506,BIG WHEELS MECHANICAL PTY LTD,4,company;service;excl_tyres,1
5824,1-40YJH64,MVRL61364,BIG WHEELS TRUCK ALIGNMENT GOSFORD PTY LTD,4,company;excl_tyres;excl_heavy,1
5825,1-3W2D39C,MVRL60658,Bikesconnect Pty Ltd,4,company;excl_specialty_vehicle,1
5826,1-2SPOUW,MVRL45376,Biketeck Pty Ltd,4,company;excl_specialty_vehicle,1
5827,1-1UJK2OD,MVRL52779,Bilall Nabhan,4,sole_trader;excl_performance,1
5828,1-2MXWKOS,MVRL54340,Bill Francis Fleming,4,sole_trader;service;excl_heavy,1
5829,1-388G6F4,MVRL55880,Billabong Agriculture Pty Ltd,4,company;excl_heavy,1
5830,1-XTB-768,MVRL35015,Bilquip Pty. Ltd,4,company;excl_dealer,1
5831,1-31KEYQ5,MVRL54947,BJ Engineering NSW Pty Ltd,4,company;excl_performance,1
5832,1-3S8WFLM,MVRL60185,BJH PLANT MAINTENANCE PTY LTD,4,company;excl_heavy,1
5833,1-ONLNCO,MVRL49384,BJM Truck & Trailer Repairs Pty Ltd,4,company;service;excl_heavy,1
5834,1-40KDAIE,MVRL61398,BJP Auto Electrical Pty Ltd,4,company;service;excl_electrical,1
5835,1-3SGD4YG,MVRL60137,BK & AJ TOWNLEY PTY LTD,4,company;excl_parts_towing,1
5836,1-3TIMY6W,MVRL60380,Black & White Taxi Management Pty Ltd,4,company;service;excl_other,1
5837,1-3WBEQM6,MVRL60853,Black Betty Transport Pty Ltd,4,company;excl_other,1
5838,1-3LBE5Z0,MVRL58223,BLACK SHEEP ADVANTAGE PTY LTD,4,company;excl_specialty_vehicle,1
5839,1-4JZ5LV0,MVRL64349,Black Tyres Australia Pty Ltd,4,company;excl_tyres,1
5840,1-1MLOOVB,MVRL52276,Blackshaw Investments Pty Ltd,4,company;service;excl_body,1
5841,1-1K9FP1W,MVRL52107,Blacktrack Performance Pty Ltd,4,company;excl_performance,1
5842,1-XH64GV,MVRL50374,Blackwall Tyre Service Pty Ltd,4,company;service;excl_tyres,1
5843,1-3BPM9UK,MVRL56266,Blake John Rohrt,4,sole_trader;excl_tyres,1
5844,1-XTB-4454,MVRL41506,Bland Shire Council,4,sole_trader;excl_other,1
5845,1-23OYV9H,MVRL53233,Blitz Speed Pty. Ltd.,4,company;excl_performance,1
5846,1-3X5CW3G,MVRL60907,BLUE DRAGON BODY REPAIRS PTY LTD,4,company;service;excl_body,1
5847,1-QKHE6G,MVRL49627,Blue Gum Smash Repairs Pty Ltd,4,company;service;excl_body,1
5848,1-3RNWLDA,MVRL59964,BLUE STAR PETROLEUM PTY LIMITED,4,company;excl_other,1
5849,1-1JOD9OJ,MVRL52148,Bluey's Tyre Exhaust & Mechanical Pty Ltd,4,company;service;excl_tyres,1
5850,1-G06TKW,MVRL48454,Bluskies Pty Ltd,4,company;service;excl_body,1
5851,1-428C6Q6,MVRL61673,BMG Transport Pty Ltd,4,company;excl_other,1
5852,1-42FTKCW,MVRL61515,BMK Heavy Diesel Pty Ltd,4,company;excl_heavy,1
5853,1-45LU950,MVRL62094,BN DIESEL REPAIRS PTY LTD,4,company;service;excl_heavy,1
5854,1-4CDUXIY,MVRL63099,BOB POWERTECH SMASH REPAIR PTY LTD,4,company;service;excl_body,1
5855,1-6HQECD,MVRL47165,Bobbin Transport Pty Ltd,4,company;excl_other,1
5856,1-2LSZN4A,MVRL54207,Bobyhack 4x4 Pty Ltd,4,company;excl_performance,1
5857,1-XT3-3850,MVRL30003,Bodywise Smash Repairs Pty Ltd,4,company;service;excl_body,1
5858,1-4G5APHW,MVRL63858,BOECKMANN TRAILERS AUSTRALIA PTY LTD,4,company;excl_heavy,1
5859,1-335TF1G,MVRL55139,Boeing Trailers (Au) Pty Limited,4,company;excl_heavy,1
5860,1-KADXN3,MVRL48898,Bold Trailers Pty Ltd,4,company;service;excl_heavy;excl_specialty_vehicle,1
5861,1-32ZLQ9N,MVRL55133,BOLINA INTERNATIONAL PTY. LIMITED,4,company;excl_tyres,1
5862,1-15VI7BR,MVRL51142,Bolton's Precision Engineering Pty Ltd,4,company;excl_performance,1
5863,1-XT3-3497,MVRL29241,Bondi Collision Centre Pty Ltd,4,company;excl_body,1
5864,1-1ZPLIMJ,MVRL53073,Bones Tyres Pty Ltd,4,company;excl_tyres,1
5865,1-XTB-1578,MVRL36495,Bonnyrigg Tyres & Mechanical Pty Ltd,4,company;service;excl_tyres,1
5866,1-3E507MO,MVRL56798,BOORAL SERVICE CENTRE PTY LTD,4,company;service;excl_tyres,1
5867,1-3JSJMX,MVRL46097,Borcat Trailers Pty Ltd,4,company;excl_heavy,1
5868,1-Z0F83P,MVRL50489,Border Crane Consultants Pty Ltd,4,company;excl_heavy,1
5869,1-2YM849C,MVRL54868,Border Marine Centre Pty Ltd,4,company;excl_specialty_vehicle,1
5870,1-3C65FIG,MVRL56394,Border Panel Works No 2 Pty Ltd,4,company;excl_body,1
5871,1-3ZOA520,MVRL61139,BORDER TRUCK & BUS PTY LTD,4,company;service;excl_heavy,1
5872,1-3IP6AG6,MVRL57232,BORG FLEET MANAGEMENT PTY LIMITED,4,company;excl_heavy,1
5873,1-23P063A,MVRL53219,Borger Crane Hire & Rigging Services Pty Ltd,4,company;service;excl_heavy;excl_other,1
5874,1-49QG054,MVRL62715,Bose Spray Painting Pty Ltd,4,company;excl_body,1
5875,1-3ET3S9Z,MVRL56851,BOSIL PTY LTD,4,company;service;excl_mobile,1
5876,1-3TTS776,MVRL60313,Boss Engineering Pty Ltd,4,company;excl_performance,1
5877,1-Q4L72B,MVRL49571,Boss Smash & Mechanical Repairs Pty Ltd,4,company;service;excl_body,1
5878,1-479HXQI,MVRL62356,BOSSCO AUTO PARTS & ACCESSORIES PTY LTD,4,company;service;excl_parts_towing,1
5879,1-XT3-1612,MVRL25362,Boun Pty Ltd,4,company;service;excl_body,1
5880,1-XT3-1917,MVRL25965,Bourke Shire Council,4,sole_trader;excl_other,1
5881,1-4CQQ2JU,MVRL63145,Bowen Smash Repair Group Pty Ltd,4,company;service;excl_body,1
5882,1-46PFYK0,MVRL62272,BOWERMECH HEAVY DIESEL PTY LTD,4,company;excl_heavy,1
5883,1-XTB-2792,MVRL38692,Bowral Motorcycle Repairs Pty Ltd,4,company;service;excl_specialty_vehicle,1
5884,1-XSI-2529,MVRL16390,Bowral Tyre Service Pty Ltd,4,company;service;excl_tyres,1
5885,1-425XD34,MVRL61633,Bowraville Tyre and Auto Pty Ltd,4,company;service;excl_tyres,1
5886,1-4GB56W0,MVRL63813,BOXHALL'S HEAVY VEHICLE REPAIRS PTY LTD,4,company;service;excl_heavy,1
5887,1-XTB-3194,MVRL39242,Boydys Tyre & Mechanical Pty Ltd,4,company;service;excl_tyres,1
5888,1-4H1326Q,MVRL63994,BPG Tyre & Auto Pty Ltd,4,company;service;excl_tyres,1
5889,1-3RQR9DE,MVRL59974,BRACE CONTRACTING PTY LTD,4,company;excl_heavy,1
5890,1-XUC-1639,MVRL38961,Brad Kenneth Trembath,4,sole_trader;service;excl_electrical,1
5891,1-41YLO0K,MVRL61499,Bradley Gordon Ayers,4,sole_trader;service;excl_tyres,1
5892,1-4G6EX06,MVRL63840,Bradley James Blunden,4,sole_trader;excl_performance,1
5893,1-40QRZ2A,MVRL61331,Bradley Lewis Townsend,4,sole_trader;excl_body;excl_parts_towing,1
5894,1-2KTMPKQ,MVRL54064,Bradley Lynton Rayer,4,sole_trader;service;excl_parts_towing,1
5895,1-4969UC4,MVRL62410,Bradley Paul White,4,sole_trader;service;excl_performance,1
5896,1-4A02MDI,MVRL62686,Bradley Richard Andrews,4,sole_trader;excl_performance,1
5897,1-XT3-4280,MVRL30898,Bradstreet Motors Pty Ltd,4,company;service;excl_dealer,1
5898,1-V30AJJ,MVRL49992,Brands Repair & Transport Services Pty Ltd,4,company;service;excl_other,1
5899,1-OUZCLZ,MVRL49426,Brane Bob Balic,4,sole_trader;service;excl_body,1
5900,1-XTB-1927,MVRL37160,Bransby Smash Pty Ltd,4,company;excl_body,1
5901,1-44WPB2G,MVRL61812,Branxton Engineering Pty Ltd,4,company;excl_performance,1
5902,1-3MI656Y,MVRL58581,BRASTI PTY LTD,4,company;excl_other,1
5903,1-44ZI6Z8,MVRL61808,Bravy Pty Ltd,4,company;excl_specialty_vehicle,1
5904,1-3NYJG6I,MVRL59123,BRC TYRES PTY LTD,4,company;excl_tyres,1
5905,1-XTB-486,MVRL33374,Brearley Engineering Pty Ltd,4,company;service;excl_performance,1
5906,1-XSI-1721,MVRL14549,Bregalad Pty Ltd,4,company;service;excl_heavy,1
5907,1-475J07M,MVRL62216,Brenden Pace,4,sole_trader;excl_performance,1
5908,1-1HSOSMH,MVRL51906,Brendon Michael Mcgrath,4,sole_trader;service;excl_electrical,1
5909,1-416F3YQ,MVRL61392,Brenton John Gannon,4,sole_trader;excl_body,1
5910,1-XTB-4086,MVRL40857,Brentwood Trailers Australia Pty Ltd,4,company;excl_heavy,1
5911,1-4JIWCK,MVRL46478,Bret Paul Lukas,4,sole_trader;excl_body,1
5912,1-3MO9SE4,MVRL58637,Brett John Robert Bates,4,sole_trader;excl_performance,1
5913,1-26UUOJ3,MVRL53406,Brett's Maintenance & Welding Pty Ltd,4,company;excl_performance,1
5914,1-3FKYIWU,MVRL56866,Brewarrina Shire Council,4,sole_trader;excl_other,1
5915,1-496PBUE,MVRL62535,BRG MOTORSPORT PTY LTD,4,company;excl_performance,1
5916,1-1FJOXPN,MVRL51735,Brian Critchlow,4,sole_trader;service;excl_body,1
5917,1-1HZRM0D,MVRL52010,Brian Dalfonso,4,sole_trader;service;excl_body,1
5918,1-3C9GGPY,MVRL56355,BRIFFA CUSTOMS PTY LTD,4,company;excl_performance,1
5919,1-47PJR02,MVRL62466,BRIMS TRANSPORT QLD PTY LTD,4,company;excl_other,1
5920,1-3B1RF26,MVRL56127,Brintech Customs Pty Ltd,4,company;excl_performance,1
5921,1-3VC1YO,MVRL46235,Brio Plus Pty Ltd,4,company;excl_tyres,1
5922,1-XTB-4921,MVRL42391,Brisan Motorcycles Pty Ltd,4,company;excl_specialty_vehicle,1
5923,1-XTH-81,MVRL42623,Brocks Auto Electrics Pty Ltd,4,company;service;excl_electrical,1
5924,1-N2XX7T,MVRL49206,Broken Hill Caravans  Pty Ltd,4,company;excl_heavy;excl_specialty_vehicle,1
5925,1-2IRUL43,MVRL53857,Broken Hill City Council,4,sole_trader;excl_other,1
5926,1-XGFD49,MVRL50307,Broken Hill Truck Centre Pty Ltd,4,company;excl_heavy,1
5927,1-3F8RUUC,MVRL57025,Brondaka Pty Ltd,4,company;excl_specialty_vehicle,1
5928,1-ABXLGW,MVRL47871,Brook Cheffirs,4,sole_trader;excl_tyres,1
5929,1-XSI-3662,MVRL18920,Brookvale Body Repairs Pty Ltd,4,company;service;excl_body,1
5930,1-3QRXE1U,MVRL59832,BROOKVALE TYRE AUTO CENTRE PTY LTD,4,company;service;excl_tyres,1
5931,1-4F90PJC,MVRL63781,BROOKVALE TYRES PTY LTD,4,company;service;excl_tyres,1
5932,1-14FT1D9,MVRL50933,Browar Pty Ltd,4,company;service;excl_body,1
5933,1-3KHK1JO,MVRL57786,BROWN INDUSTRIES MOTORSPORTS PTY LTD,4,company;excl_performance,1
5934,1-2IYLHNR,MVRL53869,Browns Accident Repair Centre Pty Ltd,4,company;service;excl_body,1
5935,1-2N64DEG,MVRL54370,BRS Welding Pty Ltd,4,company;excl_performance,1
5936,1-2KM3R23,MVRL54129,Bruce Andrew Newman,4,sole_trader;service;excl_electrical,1
5937,1-XUC-2639,MVRL43419,Bruce David Lyons,4,sole_trader;service;excl_electrical,1
5938,1-XTN-4868,MVRL28655,Bruce Warren Inglis,4,sole_trader;excl_dealer,1
5939,1-43U5I9K,MVRL61794,Bryce Hayden Atkins,4,sole_trader;service;excl_electrical,1
5940,1-XSI-4574,MVRL20826,BS SMASH REPAIRS PTY LTD,4,company;service;excl_body,1
5941,1-XTB-3175,MVRL39213,BT Motorsport Pty Ltd,4,company;excl_performance,1
5942,1-3UMKC6R,MVRL60582,Btown Wheels & Tyres Pty Ltd,4,company;excl_tyres,1
5943,1-377Q281,MVRL55848,Buckleys Plant Maintenance Pty Ltd,4,company;excl_heavy,1
5944,1-3RCUUG6,MVRL59937,BUDDHA SMASH & MECHANICAL REPAIRS PTY LTD,4,company;service;excl_body,1
5945,1-35STAHR,MVRL55577,BUDGET TYRES AND MECHANICAL PTY LTD,4,company;service;excl_tyres,1
5946,1-34X01ML,MVRL55413,BULLET AUTOMOTIVE AND RACING PTY LTD,4,company;service;excl_performance,1
5947,1-2Q1D0LV,MVRL54407,BULLI SMASH REPAIRS PTY LTD,4,company;service;excl_body,1
5948,1-49S3Q4R,MVRL62579,Burchalls Group Pty Ltd,4,company;service;excl_parts_towing,1
5949,1-4CAY82E,MVRL63095,BURM PTY LTD,4,company;excl_performance,1
5950,1-30VP005,MVRL54945,Burtay Naldoken,4,sole_trader;excl_specialty_vehicle,1
5951,1-4IALY3,MVRL46458,Burwood Rd Smash Repairs Pty Ltd,4,company;service;excl_body,1
5952,1-3LB5A5O,MVRL58390,Busy Bee Auto Electrics Pty Ltd,4,company;service;excl_electrical,1
5953,1-4JJ88D8,MVRL64333,BUTLER HEAVY MECHANICAL PTY LTD,4,company;service;excl_heavy,1
5954,1-3A0DRC9,MVRL56179,BUZADZIC COLLISION REPAIRS PTY LTD,4,company;service;excl_body,1
5955,1-43XQ6C0,MVRL61755,BUZZ AUTO ELECTRICAL PTY LTD,4,company;service;excl_electrical,1
5956,1-3K5PBOG,MVRL57808,BWC FABRICATION & REPAIR PTY LIMITED,4,company;service;excl_performance,1
5957,1-XU2-4530,MVRL30693,Byrne Trailers Pty Ltd,4,company;excl_heavy,1
5958,1-3LYRIXI,MVRL58445,Byrnes Diesel Services Pty Ltd,4,company;service;excl_heavy,1
5959,1-493KS6Y,MVRL62645,Byron Bay Mobile Mechanics Pty Ltd,4,company;service;excl_mobile,1
5960,1-45MV0V6,MVRL62066,BYRON PITTSTOP MOBILE MECHANICAL PTY LTD,4,company;service;excl_mobile,1
5961,1-3LAEVL4,MVRL58218,BYZANTINE INVESTMENTS PTY LTD,4,company;service;excl_body,1
5962,1-41BP26A,MVRL61401,C & D TRUCK REPAIRS PTY LTD,4,company;service;excl_heavy,1
5963,1-3DYFSS5,MVRL56603,C & E Collison Pty Ltd,4,company;excl_specialty_vehicle,1
5964,1-39HSGYT,MVRL55978,C & J Jagos Pty Ltd,4,company;service;excl_mobile,1
5965,1-XT3-720,MVRL23331,C & R Engineering Pty Ltd,4,company;excl_performance,1
5966,1-3J1L6JA,MVRL57375,C & S DIESEL PTY LTD,4,company;excl_heavy,1
5967,1-4AJWMZW,MVRL62784,C & S MECHANICAL PTY LTD,4,company;service;excl_electrical,1
5968,1-KADXSV,MVRL48893,C D Batteries Pty Ltd,4,company;excl_electrical,1
5969,1-NRPVSX,MVRL49323,C H & M J Boardman Pty Ltd,4,company;service;excl_electrical,1
5970,1-4COGU5I,MVRL63115,C&H DIESEL PTY LTD,4,company;excl_heavy,1
5971,1-3M2R719,MVRL58490,C-1 Property Maintenance Pty Ltd,4,company;excl_parts_towing,1
5972,1-4CKPHAQ,MVRL63105,C.K FUELS PTY LTD,4,company;excl_other,1
5973,1-27CZ8XD,MVRL53398,Cabonne Bus Lines Pty Ltd,4,company;excl_heavy,1
5974,1-XTB-2624,MVRL38393,Cabramatta Smash Repairers (NSW) Pty Ltd,4,company;service;excl_body,1
5975,1-19K0ZWU,MVRL51565,Cabriolet Services Pty Ltd,4,company;service;excl_body,1
5976,1-3XND90I,MVRL60910,CAHILL AUTOMOTIVE PTY. LTD.,4,company;service;excl_body,1
5977,1-4H9IWVS,MVRL63969,Caleb John Powell,4,sole_trader;excl_heavy,1
5978,1-48GUFF6,MVRL62409,Callum Edward Grant,4,sole_trader;excl_performance,1
5979,1-XT3-2436,MVRL27029,Caltrex Pty Ltd,4,company;service;excl_tyres,1
5980,1-3JGXD1N,MVRL57462,CAMDEN HAVEN TYRES PTY LTD,4,company;excl_tyres,1
5981,1-3QGY2M6,MVRL59774,CAMDON AUSTRALIA PTY LTD,4,company;service;excl_tyres,1
5982,1-3QT9OWT,MVRL59799,Cameron Brett Nottage,4,sole_trader;excl_mobile,1
5983,1-1ATWFAG,MVRL51475,Cameron Gregory Cole,4,sole_trader;excl_specialty_vehicle,1
5984,1-XTQ-731,MVRL30989,Cameron Richard Tilley,4,sole_trader;service;excl_body,1
5985,1-WY4ONM,MVRL50206,Cameron Samuel Sly,4,sole_trader;service;excl_performance,1
5986,1-4DKRXRN,MVRL63223,Camerons Smash Repairs & 24hr Towing Pty Ltd,4,company;service;excl_body;excl_parts_towing,1
5987,1-3IN9C8Q,MVRL57258,CAMILLERI HAULAGE PTY LIMITED,4,company;excl_heavy,1
5988,1-4DS23IC,MVRL63384,Campbelltown City Council,4,sole_trader;excl_other,1
5989,1-XTB-2511,MVRL38183,Campbelltowns Best Tyre Centre Pty Ltd,4,company;excl_tyres,1
5990,1-3WZQCTW,MVRL60883,CAMPERACT PTY LTD,4,company;excl_specialty_vehicle,1
5991,1-3P37ZE,MVRL46149,Camsons Pty Ltd,4,company;excl_other,1
5992,1-5JF903,MVRL46960,Camtress Pty Ltd,4,company;service;excl_body,1
5993,1-1QIBJF,MVRL45231,Canberra Bodyworks Pty Ltd,4,company;excl_body,1
5994,1-3PD8QRW,MVRL59672,CANBERRA MOBILE MECHANIC PTY LTD,4,company;service;excl_mobile,1
5995,1-3I908G1,MVRL57205,Canberra Truck Align Pty Ltd,4,company;excl_heavy,1
5996,1-XTH-3271,MVRL9202,Canberra Truck Repairs Pty Ltd,4,company;service;excl_heavy,1
5997,1-O6QU9L,MVRL49357,Canberra VW Centre Pty Ltd,4,company;excl_dealer,1
5998,1-340DZB,MVRL45643,Candy Enterprises Pty Ltd,4,company;service;excl_electrical,1
5999,1-132UQL0,MVRL50811,Cann's Bus Management Pty Ltd,4,company;excl_heavy,1
6000,1-2MT4WT1,MVRL54303,Capital 4WD Centre Pty Ltd,4,company;excl_performance,1
6001,1-XTB-3957,MVRL40611,Capital Body Works Pty Ltd,4,company;excl_body,1
6002,1-1GCBD70,MVRL51879,Capital Caravans Pty Ltd,4,company;excl_specialty_vehicle,1
6003,1-2YCB5K,MVRL45495,Car Dent Tist Pty Ltd,4,company;excl_body,1
6004,1-3CCPVPM,MVRL56471,Caravan & RV Central Pty Ltd,4,company;excl_specialty_vehicle,1
6005,1-3BZZN7G,MVRL56317,CARAVAN ACCIDENT & REPAIR CENTRE PTY LTD,4,company;service;excl_body;excl_specialty_vehicle,1
6006,1-2N5HL4X,MVRL54355,Caravan Fix Pty Ltd,4,company;excl_specialty_vehicle,1
6007,1-3KHYIFO,MVRL57848,Caravan Repair Centre - Lake Macquaire Pty Ltd,4,company;service;excl_specialty_vehicle;excl_parts_towing,1
6008,1-15ITA4L,MVRL51258,Caravans & Motorhomes Pty Ltd,4,company;excl_specialty_vehicle,1
6009,1-XTB-3351,MVRL39500,Carcraft Mobile Touchups Pty Ltd,4,company;excl_mobile,1
6010,1-3P2YPPU,MVRL59346,Caringbah Motorcycles Pty Ltd,4,company;excl_specialty_vehicle,1
6011,1-XUC-2311,MVRL41733,Carl Anthony Cittolin,4,sole_trader;service;excl_heavy,1
6012,1-3CLDWCM,MVRL56405,Carlton Tow Bars Pty Ltd,4,company;excl_parts_towing,1
6013,1-44CG8N8,MVRL61740,Carriers Transport Pty Ltd,4,company;service;excl_other,1
6014,1-XTB-1756,MVRL36836,Carsplus Australia Pty Ltd,4,company;excl_dealer,1
6015,1-4FDRTQU,MVRL63693,CARTECH AUTOMOTIVE AND BODY REPAIRS PTY LTD,4,company;service;excl_body,1
6016,1-3JU4PBC,MVRL57719,CARTEK TYRE AND AUTO PTY LTD,4,company;service;excl_tyres,1
6017,1-3J3O8NO,MVRL57392,CARTERS GENERAL ENGINEERING PTY LIMITED,4,company;excl_performance,1
6018,1-4CFM78H,MVRL62829,CAS Auto Electrics Pty Ltd,4,company;service;excl_electrical,1
6019,1-3PRDB8C,MVRL59649,CASINO TRUCK REPAIRS PTY LTD,4,company;service;excl_heavy,1
6020,1-4ANKWF0,MVRL62928,Castle Hill Auto Repairs & Electrical Pty Ltd,4,company;service;excl_electrical,1
6021,1-522MXG,MVRL46704,Castlereagh Automotive Pty Ltd,4,company;service;excl_dealer,1
6022,1-2XW4ZZ3,MVRL54760,CAVANAGH BUS & COACH PTY LTD,4,company;excl_heavy,1
6023,1-XT3-660,MVRL23205,Cavpower Pty Ltd,4,company;excl_parts_towing,1
6024,1-XTB-2862,MVRL38813,Cawarra Smash Repairs Pty Ltd,4,company;service;excl_body,1
6025,1-169MG28,MVRL51093,CB Auto Electrical Pty Ltd,4,company;service;excl_electrical,1
6026,1-WDKH3W,MVRL50165,CB Engineering Pty Ltd,4,company;excl_performance,1
6027,1-4GI4WXW,MVRL63877,CC DIESEL SOLUTIONS PTY LTD,4,company;excl_heavy,1
6028,1-4AXD7QQ,MVRL62830,CC HEAVY MECHANICAL PTY LTD,4,company;service;excl_heavy,1
6029,1-4GB75BU,MVRL63803,CC RACEWAY PTY LTD,4,company;excl_specialty_vehicle,1
6030,1-ROI8WS,MVRL49843,CCA Transport Pty Ltd,4,company;excl_other,1
6031,1-3OBH8NS,MVRL59215,CCRSA PTY LIMITED,4,company;excl_mobile,1
6032,1-2VBCXA9,MVRL54456,CCW & Mechanical Pty Ltd,4,company;service;excl_parts_towing,1
6033,1-PYFLVC,MVRL49552,Ceazar Peran,4,sole_trader;service;excl_body,1
6034,1-14U6LLV,MVRL50976,Celgemax Pty Ltd,4,company;excl_tyres,1
6035,1-XTB-4785,MVRL42152,Cenecrew Pty Ltd,4,company;excl_dealer,1
6036,1-4E5XQR0,MVRL63482,Central Auto and Marine Pty Ltd,4,company;service;excl_specialty_vehicle,1
6037,1-4ANW6MW,MVRL62826,CENTRAL AUTOMOTIVE PTY LTD,4,company;service;excl_electrical,1
6038,1-XTB-4519,MVRL41630,Central Coast Automotive Pty Ltd,4,company;service;excl_dealer,1
6039,1-1HZRLGT,MVRL51922,Central Coast Council,4,sole_trader;excl_other,1
6040,1-JZOXE1,MVRL48841,Central Coast Mobile Mechanics Pty Ltd,4,company;service;excl_mobile,1
6041,1-4AF01LI,MVRL62790,Central Coast Motor Cycles Pty Ltd,4,company;excl_specialty_vehicle,1
6042,1-1H8DYND,MVRL51821,Central Coast Smash Pty Ltd,4,company;excl_body,1
6043,1-3SYM4YR,MVRL60212,Central Coast Truck Repairs Pty Ltd,4,company;service;excl_heavy,1
6044,1-3SFCDGE,MVRL60167,Central West Auto Glass Pty Ltd,4,company;service;excl_electrical,1
6045,1-XSI-3119,MVRL17727,Central West Diesel Pty Ltd,4,company;excl_heavy,1
6046,1-4I6OUJI,MVRL64163,CENTRAL WEST HEAVY MECHANICAL PTY LTD,4,company;service;excl_heavy,1
6047,1-4G6Z45O,MVRL63798,CENTRAL WEST PAINTLESS DENT REPAIR PTY LTD,4,company;service;excl_body,1
6048,1-3UDYRDO,MVRL60456,Central West Trailer Parts Pty Ltd,4,company;excl_heavy;excl_parts_towing,1
6049,1-1TDBRQ3,MVRL52904,Central West Trailers Pty Ltd,4,company;excl_heavy,1
6050,1-XSI-4450,MVRL20578,Centreline Smash Repairs Pty Ltd,4,company;service;excl_body,1
6051,1-2ZIM5R2,MVRL54853,Cessnock Automotive Pty Ltd,4,company;service;excl_dealer,1
6052,1-41EDL0G,MVRL61411,CESSNOCK DIESEL PTY LTD,4,company;excl_heavy,1
6053,1-49NZR42,MVRL62731,Cessnock Holden Central Pty Ltd,4,company;excl_dealer,1
6054,1-4FV10GM,MVRL63740,CESSNOCK HOLDEN PTY LTD,4,company;excl_dealer,1
6055,1-10BP2PG,MVRL50683,Cessnock KTM Pty Ltd,4,company;excl_specialty_vehicle,1
6056,1-XT3-837,MVRL23595,Cessnock Smash Repairs Pty Ltd,4,company;service;excl_body,1
6057,1-4GGLQGK,MVRL63819,CH COLLISION PTY LTD,4,company;excl_body,1
6058,1-XSI-4815,MVRL21376,Chahoud Smash Repairs Pty Ltd,4,company;service;excl_body,1
6059,1-XTB-2347,MVRL3785,Chalkers Southern District Panel Beaters Pty Ltd,4,company;excl_body,1
6060,1-XTB-4000,MVRL40690,Chalmbiz Pty Ltd,4,company;service;excl_heavy,1
6061,1-4DTTWXO,MVRL63389,CHALMERS AUTO ELECTRICS PTY LTD,4,company;service;excl_electrical,1
6062,1-T4EZ26,MVRL49816,Chammaz Bodyworks Pty Ltd,4,company;excl_body,1
6063,1-XTH-1808,MVRL5755,Chappellet Nominees Pty Ltd,4,company;excl_heavy;excl_performance,1
6064,1-XTX-426,MVRL43951,Charbel Salame,4,sole_trader;service;excl_body,1
6065,1-40S6M54,MVRL61382,Charged Offroad Pty Ltd,4,company;excl_performance,1
6066,1-2ZCRVN,MVRL45542,Charles Joseph Palmer,4,sole_trader;excl_tyres,1
6067,1-5KHKDD,MVRL32757,Charles Sturt University,4,sole_trader;excl_other,1
6068,1-4CL0SDG,MVRL63194,CHARLIE BROWNS CUSTOM WORKS PTY LTD,4,company;excl_performance,1
6069,1-23M5CS9,MVRL53226,Charlies Panel Beating Pty Ltd,4,company;excl_body,1
6070,1-3JQX2TW,MVRL57605,CHAUDHRY AUTOS & SMASH REPAIRS PTY LTD,4,company;service;excl_body,1
6071,1-4D66Y42,MVRL63235,CHEAPA CAR RENTAL NSW PTY LTD,4,company;service;excl_other,1
6072,1-3QT29VO,MVRL59802,CHERRY TUNING PTY LTD,4,company;service;excl_performance,1
6073,1-44QNB6U,MVRL61804,Chess Engineering Pty Ltd,4,company;excl_performance,1
6074,1-3BCIB8W,MVRL56264,CHESTER'S INVESTMENTS AUSTRALIA PTY LTD,4,company;service;excl_mobile,1
6075,1-4EVGOJQ,MVRL63537,Chipping Norton Auto Electrical Pty Ltd,4,company;service;excl_electrical,1
6076,1-3S689CS,MVRL60061,Chipping Norton Smash Pty Ltd,4,company;excl_body,1
6077,1-41Y073K,MVRL61714,CHOSEN EMPIRE PTY LTD,4,company;service;excl_body,1
6078,1-4IJQSR,MVRL46469,Chris Kent Pty Ltd,4,company;service;excl_performance,1
6079,1-36FK527,MVRL55659,Chris Robert Major,4,sole_trader;excl_performance,1
6080,1-XT3-3856,MVRL30014,Chris Watson Motorcycles Pty Ltd,4,company;excl_specialty_vehicle,1
6081,1-3OZX61M,MVRL59630,CHRIS WOODS RACING PTY LTD,4,company;excl_performance,1
6082,1-5G568S,MVRL46916,Christopher Christofides,4,sole_trader;service;excl_performance,1
6083,1-5A66RC,MVRL46932,Christopher Frank Farrugia,4,sole_trader;service;excl_heavy,1
6084,1-FMDCZ3,MVRL48373,Christopher Gerard Franklin,4,sole_trader;service;excl_tyres;excl_heavy,1
6085,1-1U4XZ5L,MVRL52706,Christopher James Mobbs,4,sole_trader;excl_tyres,1
6086,1-XTQ-2174,MVRL35883,Christopher Richard Smith,4,sole_trader;service;excl_heavy,1
6087,1-3H7S4YC,MVRL57091,Christopher Rolfe,4,sole_trader;excl_body,1
6088,1-3GC44K9,MVRL57005,Christos Panagopoulos,4,sole_trader;service;excl_electrical,1
6089,1-XTB-3996,MVRL40685,Chullora Smash Repairs Pty Ltd,4,company;service;excl_body,1
6090,1-XTH-1339,MVRL480,Cimino Bros Auto Electrical Pty Ltd,4,company;service;excl_electrical,1
6091,1-42HPEFK,MVRL61486,City of Canada Bay Council,4,sole_trader;excl_other,1
6092,1-33JSM6P,MVRL55156,City of Sydney Council,4,sole_trader;excl_other,1
6093,1-XTB-4450,MVRL41500,City Performance Centre Pty Ltd,4,company;excl_performance,1
6094,1-36VM0EX,MVRL55693,City RV Wagga Pty Ltd,4,company;excl_specialty_vehicle,1
6095,1-XTH-734,MVRL43723,City Smash & Panel Pty Ltd,4,company;excl_body,1
6096,1-49TP8TG,MVRL62546,Cityside Motorcycles and Scooters Pty Ltd,4,company;excl_specialty_vehicle,1
6097,1-3RPAGD0,MVRL60040,CJ PITTIS PTY LTD,4,company;service;excl_electrical,1
6098,1-XTH-1023,MVRL44254,CJ's Holden Spares Pty Ltd,4,company;excl_dealer;excl_parts_towing,1
6099,1-4I4TBK8,MVRL64158,CJK Heavy Mechnical Pty Ltd,4,company;excl_heavy,1
6100,1-3PIGZRK,MVRL59400,CJM WELDING & FABRICATION PTY LTD,4,company;excl_performance,1
6101,1-XT3-4460,MVRL31246,CJS Dent Removal Pty Ltd,4,company;excl_body,1
6102,1-XSI-1103,MVRL13,CKD Automotive Pty Ltd,4,company;service;excl_dealer,1
6103,1-XT3-4882,MVRL3217,Clancys Truck & Trailer Repairs Pty Ltd,4,company;service;excl_heavy,1
6104,1-48GQO14,MVRL62482,Clarence Valley Smash Repairs Pty Ltd,4,company;service;excl_body,1
6105,1-4AW1T44,MVRL62868,Clarence Valley Tyre Centre Pty Ltd,4,company;excl_tyres,1
6106,1-XSI-1366,MVRL13677,Clarke Coaches Pty Ltd,4,company;excl_heavy,1
6107,1-RRSK4W,MVRL49769,Class Auto Electrics Pty Ltd,4,company;service;excl_electrical,1
6108,1-3NDIO7U,MVRL58919,Class Auto Glass Pty Ltd,4,company;service;excl_electrical,1
6109,1-3UJY3MI,MVRL60533,CLASSIC AUTOMOTIVE PTY LIMITED,4,company;service;excl_performance,1
6110,1-XTB-3517,MVRL39830,Classic Fabrications Pty Ltd,4,company;excl_performance,1
6111,1-40VZM0,MVRL46286,Classic Smash Pty Ltd,4,company;service;excl_body;excl_performance,1
6112,1-3R3KI6W,MVRL59847,CLASSIC WINDSCREENS (NSW) PTY LIMITED,4,company;excl_electrical;excl_performance,1
6113,1-XU2-4399,MVRL30231,Claude Aiello,4,sole_trader;service;excl_electrical,1
6114,1-3POPSO0,MVRL59524,Claudio Marcelo Ruben Felicce,4,sole_trader;excl_body;excl_performance,1
6115,1-4BLJ0WC,MVRL63137,CLAYDON'S TYRE AND AUTO PTY LIMITED,4,company;service;excl_tyres,1
6116,1-XTQ-3901,MVRL39841,Clayton Francis Woodford,4,sole_trader;service;excl_electrical,1
6117,1-XTQ-1612,MVRL33310,Clayton Lewis Dickinson,4,sole_trader;service;excl_electrical,1
6118,1-XSI-621,MVRL11768,Cleaver's Tyre Service Pty Ltd,4,company;service;excl_tyres,1
6119,1-CQWLDV,MVRL48040,Cleveland Street Smash Repairs Pty Ltd,4,company;service;excl_body,1
6120,1-XTH-811,MVRL43860,Clint Beeton Auto Electrics Pty Ltd,4,company;service;excl_electrical,1
6121,1-3JD12Y2,MVRL57471,Clint Newbould,4,sole_trader;excl_performance,1
6122,1-OWVJFC,MVRL49430,Clint Paul Schroder,4,sole_trader;excl_mobile,1
6123,1-3VVAODM,MVRL60772,Clint William Cross,4,sole_trader;excl_performance,1
6124,1-XUC-2024,MVRL40534,Clinton Arthur Langford,4,sole_trader;excl_parts_towing,1
6125,1-4VCMGY,MVRL46630,Clive Malcolm Bruce Ward,4,sole_trader;excl_specialty_vehicle,1
6126,1-3GIIKT6,MVRL57048,Clive Raymond Berwick,4,sole_trader;service;excl_specialty_vehicle,1
6127,1-4JJU3SG,MVRL64303,CM DIESEL PTY LTD,4,company;excl_heavy,1
6128,1-48NCZDV,MVRL62450,CMC Branding Pty Ltd,4,company;excl_performance,1
6129,1-32YMGGB,MVRL55142,CMCMC PTY LTD,4,company;excl_tyres,1
6130,1-327JF67,MVRL55015,CNA DIESEL SERVICES PTY LIMITED,4,company;service;excl_heavy,1
6131,1-462FNU4,MVRL62111,CNC WHEELS PTY LTD,4,company;excl_tyres,1
6132,1-48RT12S,MVRL62494,CNJ PLANT MAINTENANCE PTY LTD,4,company;excl_heavy,1
6133,1-4BO9ZBS,MVRL62728,COACH PLUS PTY LTD,4,company;excl_heavy,1
6134,1-MM9SW9,MVRL49174,Coast & Valley Tractors (Inlon) Pty Ltd,4,company;excl_heavy,1
6135,1-3RFHXIG,MVRL59895,COAST MARINE & DIESEL PTY LTD,4,company;excl_heavy;excl_specialty_vehicle,1
6136,1-4FTXDH8,MVRL63768,COAST MARINE PTY LTD,4,company;excl_specialty_vehicle,1
6137,1-3QNDNZ6,MVRL59905,COAST TO COAST HEAVY EQUIPMENT PTY LTD,4,company;service;excl_heavy,1
6138,1-45KCHFG,MVRL62082,COAST TRANSPORT SERVICES PTY LTD,4,company;service;excl_other,1
6139,1-473JQ9E,MVRL62135,Coast Tyre & Mechanical Pty Ltd,4,company;service;excl_tyres,1
6140,1-13LIQE8,MVRL50837,Coastal Caravan & RV Pty Ltd,4,company;excl_specialty_vehicle,1
6141,1-3COWIPQ,MVRL56492,COASTAL TRANSPORT OPERATIONS PTY LTD,4,company;excl_other,1
6142,1-44TX3O2,MVRL61809,Coastal Truck Repairs Pty Ltd,4,company;service;excl_heavy,1
6143,1-XTH-821,MVRL43876,Coastech Auto Electrics Pty Ltd,4,company;service;excl_electrical,1
6144,1-346HQ7L,MVRL55299,COASTLINE PANEL & PAINT PTY LTD,4,company;excl_body,1
6145,1-4EU3B48,MVRL63571,COASTLINE SPARES PTY LTD,4,company;excl_parts_towing,1
6146,1-4BWDIM4,MVRL63032,Coastwide Auto Electrics Pty Ltd,4,company;service;excl_electrical,1
6147,1-406GL1G,MVRL61287,COASTWIDE DIESEL & HYDRAULICS PTY LTD,4,company;excl_heavy,1
6148,1-4DIUJCN,MVRL63387,Coastwide Windscreens Pty Ltd,4,company;excl_electrical,1
6149,1-4D0FJYE,MVRL63212,COBB'S 4X4 PTY LTD,4,company;excl_performance,1
6150,1-3W2A17,MVRL46250,Codemo Machinery Services Pty Ltd,4,company;service;excl_heavy,1
6151,1-1Z5L4D8,MVRL52991,Cody Eric Jurd,4,sole_trader;excl_specialty_vehicle,1
6152,1-3SXST44,MVRL60182,CODY'S HEAVY REPAIRS PTY LTD,4,company;service;excl_heavy,1
6153,1-20UBT1L,MVRL53294,Coffs Dent Magic Pty Ltd,4,company;excl_body,1
6154,1-XTB-2104,MVRL37426,Coffs Harbour City Council,4,sole_trader;excl_other,1
6155,1-2AE05H1,MVRL53654,Coffs Harbour Dealership Pty Ltd,4,company;excl_dealer,1
6156,1-3MIYHAK,MVRL58669,COFFS HARBOUR DIESEL PTY LTD,4,company;service;excl_heavy,1
6157,1-3EU3QE4,MVRL56843,Coggan Water Carts Pty Ltd,4,company;excl_performance,1
6158,1-3OB7ZXQ,MVRL59160,COLCO PTY LTD,4,company;excl_specialty_vehicle,1
6159,1-XTB-2564,MVRL38255,Colin Addis Pty Ltd,4,company;service;excl_body,1
6160,1-4ZWKJM,MVRL46686,Colin Edward Roberts,4,sole_trader;service;excl_electrical,1
6161,1-XU2-4825,MVRL31743,Colin Eric Allwood,4,sole_trader;excl_parts_towing,1
6162,1-3PI1O8U,MVRL59500,Colin John Hyde,4,sole_trader;service;excl_heavy;excl_specialty_vehicle,1
6163,1-2YAWRM,MVRL45540,Colin Vincent Edwards,4,sole_trader;excl_body,1
6164,1-XSI-4225,MVRL2008,Collins Coachways Pty Ltd,4,company;excl_heavy,1
6165,1-3RC9IJL,MVRL59935,Collins Windscreens Pty. Limited,4,company;excl_electrical,1
6166,1-44CWLAX,MVRL61779,Collision Bodyworks Pty Ltd,4,company;excl_body,1
6167,1-3JRKZEG,MVRL57795,COLLISION CARE GROUP PTY LTD,4,company;service;excl_body,1
6168,1-3YO85OG,MVRL61033,COLLISION CLAIMS PTY LTD,4,company;service;excl_body,1
6169,1-3E6L84E,MVRL56642,COLLISION PANEL & PAINT PTY LTD,4,company;excl_body,1
6170,1-313U2X7,MVRL54913,COLLISION SAFETY CONSULTANTS NSW PTY LTD,4,company;excl_body,1
6171,1-11VBZSH,MVRL50696,Collisioncare Vehicle Repair Centre Pty Ltd,4,company;service;excl_body,1
6172,1-2ORF51R,MVRL54442,Collison's Truck Repairs Pty Ltd,4,company;service;excl_heavy,1
6173,1-3CS61C,MVRL45961,Colmot Pty Ltd,4,company;excl_specialty_vehicle,1
6174,1-4C02LWI,MVRL63075,COLOSSUS TRANSPORT SOLUTIONS PTY LTD,4,company;excl_other,1
6175,1-82OEI9,MVRL47579,Colour Rite Smash Repairs Pty Ltd,4,company;service;excl_body,1
6176,1-2VY9KHS,MVRL54532,Columbro Motorsport Group Pty Ltd,4,company;excl_performance,1
6177,1-XTB-2674,MVRL38498,Combined Mobile Services Pty Ltd,4,company;service;excl_mobile,1
6178,1-3I6R8EP,MVRL57305,Complete Civil Pty Ltd,4,company;excl_heavy,1
6179,1-3EA0AW6,MVRL56775,Complete Diesel & Heavy Vehicle Repairs Pty Ltd,4,company;service;excl_heavy,1
6180,1-4A3RGHM,MVRL62669,Complete Diesel Pty Ltd,4,company;excl_heavy,1
6181,1-1E8X5VL,MVRL51737,Complete RV Services Pty Ltd,4,company;service;excl_specialty_vehicle,1
6182,1-2K08YOV,MVRL54002,Complete Truck Care Pty Ltd,4,company;excl_heavy,1
6183,1-3CRW7H2,MVRL56496,Comserv (No 1289) Pty Ltd,4,company;service;excl_tyres,1
6184,1-3F5HWZ6,MVRL56852,Con Hrysanthos,4,sole_trader;service;excl_electrical,1
6185,1-4FQ8ZDI,MVRL63770,CONCOURS SPORTSCAR RESTORATION PTY LTD,4,company;excl_performance,1
6186,1-6R92OI,MVRL47270,Concourse Auto Electrical Pty Ltd,4,company;service;excl_electrical,1
6187,1-XT3-2528,MVRL27232,Condamine Smash Repairs Pty Ltd,4,company;service;excl_body,1
6188,1-3J52C1W,MVRL57379,CONISTON TRUCKS PTY LTD,4,company;excl_heavy,1
6189,1-3SXQ5OA,MVRL60195,CONY'S CLASSIC GARAGE PTY LTD,4,company;service;excl_performance,1
6190,1-3VP28M8,MVRL60738,COO-EE TYRE SERVICE PTY LTD,4,company;service;excl_tyres,1
6191,1-XTB-369,MVRL33166,Cook Mechanical Services Pty Ltd,4,company;service;excl_specialty_vehicle,1
6192,1-3DEZ3HU,MVRL56551,COOKS TRUCK ELECTRICS & AIR CONDITIONING PTY LTD,4,company;excl_heavy;excl_electrical,1
6193,1-XTH-2009,MVRL6209,Coolah Autos Pty Ltd,4,company;service;excl_body,1
6194,1-YI0O8D,MVRL50435,Coolamon Shire Council,4,sole_trader;excl_other,1
6195,1-XT3-1768,MVRL25685,Cooma Crash Repairs Pty Ltd,4,company;service;excl_body,1
6196,1-3AZG4LG,MVRL56235,COONAMBLE PANEL & PAINT REPAIRS PTY LTD,4,company;service;excl_body,1
6197,1-3BMK2Y,MVRL45905,Cooper's Auto Body Repairs Pty Ltd,4,company;service;excl_body,1
6198,1-3S7HU3T,MVRL60020,Cootamundra-Gundagai Regional Council,4,sole_trader;excl_other,1
6199,1-1L8SUM9,MVRL53313,Corbett's Tyre & Battery Centre Pty Ltd,4,company;excl_tyres;excl_electrical,1
6200,1-3K9OUKS,MVRL57858,CORNELL DIESEL SYSTEMS (NSW) PTY LTD,4,company;excl_heavy,1
6201,1-43ASZC2,MVRL61599,CORTYRE PTY LTD,4,company;excl_tyres,1
6202,1-48CEEMG,MVRL62185,Cos Pty Ltd,4,company;excl_body,1
6203,1-3SFRUR,MVRL46226,Cosgrove Auto Parts Pty Ltd,4,company;service;excl_parts_towing,1
6204,1-PR4MGD,MVRL49556,Cosgrove Smash Repairs Pty Ltd,4,company;service;excl_body,1
6205,1-XTB-1999,MVRL37262,Council of the City of Blue Mountains,4,sole_trader;excl_other,1
6206,1-3J2OGL4,MVRL57399,COUNTRY TYRES YASS PTY LTD,4,company;excl_tyres,1
6207,1-1POROXE,MVRL52475,Cowra Diesel Service Pty Ltd,4,company;service;excl_heavy,1
6208,1-XTB-215,MVRL32868,Cowra Motorcycles Pty Ltd,4,company;excl_specialty_vehicle,1
6209,1-XTB-4551,MVRL41703,Cowra Truck Wreckers Pty Ltd,4,company;excl_heavy;excl_parts_towing,1
6210,1-4EPP20E,MVRL63709,CPI PERFORMANCE CENTRE PTY LTD,4,company;excl_performance,1
6211,1-44QWSAA,MVRL61940,CRAH DANIEL FAMILY PTY LTD,4,company;service;excl_tyres,1
6212,1-38MG37,MVRL46193,Craig Abell Smash Repairs Pty Ltd,4,company;service;excl_body,1
6213,1-XUC-3556,MVRL6202,Craig Andrew Kurtz,4,sole_trader;service;excl_electrical,1
6214,1-1I4QLSH,MVRL51908,Craig Anthony Timms,4,sole_trader;excl_dealer;excl_specialty_vehicle,1
6215,1-4948ID,MVRL46381,Craig Arthur Twomey,4,sole_trader;service;excl_body,1
6216,1-3AT42ZC,MVRL56162,Craig Bower Holdings Pty Ltd,4,company;service;excl_parts_towing,1
6217,1-3M5U7CH,MVRL58514,Craig Brett Pengilley,4,sole_trader;excl_heavy;excl_specialty_vehicle,1
6218,1-XTX-471,MVRL44094,Craig David Goldsmith,4,sole_trader;excl_heavy;excl_parts_towing,1
6219,1-XTB-3948,MVRL40596,Craig Green Smash Pty Ltd,4,company;excl_body,1
6220,1-XU2-4732,MVRL31321,Craig John McNeil,4,sole_trader;service;excl_body,1
6221,1-1N1UVQ3,MVRL52286,Craig Jordan Pty Ltd,4,company;service;excl_heavy,1
6222,1-4A052IU,MVRL62742,Craig Leslie Lewthwaite,4,sole_trader;service;excl_electrical,1
6223,1-XU2-2505,MVRL24710,Craig Steven Lockhart,4,sole_trader;service;excl_tyres,1
6224,1-3PLOXXU,MVRL59482,CRAKKA WINDSCREENS 2012 PTY LTD,4,company;excl_electrical,1
6225,1-3IY5FO0,MVRL57699,CRANECO HOLDINGS (AUSTRALIA) PTY LIMITED,4,company;excl_heavy,1
6226,1-3S4ENFC,MVRL60012,Craneserve Pty Ltd,4,company;excl_heavy,1
6227,1-4GYVVG7,MVRL64114,Crashclaim Body Repairs Auburn Pty Limited,4,company;service;excl_body,1
6228,1-4G7FIKY,MVRL63934,CRB MACHINERY MAINTENANCE PTY LTD,4,company;excl_heavy,1
6229,1-3NB8BBW,MVRL58826,CRITICAL DIESEL SERVICES PTY LTD,4,company;service;excl_heavy,1
6230,1-XSI-4581,MVRL20849,Crockers' Auto-Electrical Service Pty. Ltd.,4,company;service;excl_electrical,1
6231,1-4GLIQOU,MVRL63901,Crof Investments Pty Ltd,4,company;excl_heavy,1
6232,1-57EQTX,MVRL46787,Cronulla Smash Repairs Pty Ltd,4,company;service;excl_body,1
6233,1-3QWGTFI,MVRL59814,Crosher's Haulage Pty Ltd,4,company;service;excl_heavy,1
6234,1-1BXPJ52,MVRL51535,Cross Country Truck Sales Pty Ltd,4,company;excl_dealer;excl_heavy,1
6235,1-3YKN1RQ,MVRL61032,CROWN WORKSHOP AND TYRE SERVICES PTY LTD,4,company;service;excl_tyres,1
6236,1-1GRRZ4M,MVRL51818,Croydon Tyre & Auto Service Centre Pty Ltd,4,company;service;excl_tyres,1
6237,1-3O8ZPYK,MVRL59143,CRUZ RESTORATIONS PTY LTD,4,company;excl_performance,1
6238,1-3K205AD,MVRL57792,CSR Bodyworks Pty Ltd,4,company;excl_body,1
6239,1-35LTV5Z,MVRL55521,CSR PRESTIGE AUTO BODY PTY LTD,4,company;service;excl_body,1
6240,1-3XVA47Q,MVRL60949,CT Auto Centre Pty Ltd,4,company;service;excl_tyres,1
6241,1-38Y1RJR,MVRL55970,Cub Campers Pty Ltd,4,company;excl_specialty_vehicle,1
6242,1-3BQ2QMA,MVRL56332,Cummins Classic Cars Pty Ltd,4,company;excl_performance,1
6243,1-44AD1D4,MVRL61837,CURRY CORPORATION PTY LTD,4,company;service;excl_performance,1
6244,1-QMJ36A,MVRL49625,Custom Bodyworks Pty Ltd,4,company;excl_body;excl_performance,1
6245,1-33HEAU7,MVRL55204,CUSTOM BUS GROUP PTY LTD,4,company;excl_heavy;excl_performance,1
6246,1-2K79JUH,MVRL54076,Custom Chrome Pty Ltd,4,company;excl_performance,1
6247,1-XTH-941,MVRL44078,Custom Fabrication Welding & Engineering Pty Ltd,4,company;excl_performance,1
6248,1-488NX7D,MVRL62263,Custom Outfitters Australia Pty Ltd,4,company;excl_performance,1
6249,1-4K4242K,MVRL64369,Customised Gas Australia Group Pty Ltd,4,company;excl_performance,1
6250,1-3J3C3CC,MVRL57389,Cutting Edge Motorcycle Smash Repair & Paint Pty Ltd,4,company;service;excl_body;excl_specialty_vehicle,1
6251,1-3RHDNXS,MVRL59925,CWC Corowa Pty Ltd,4,company;excl_electrical,1
6252,1-347WESV,MVRL55316,Cyclecraft Motorcycles R & F Pty Limited,4,company;excl_specialty_vehicle,1
6253,1-3LZCLV0,MVRL58450,D & D Automotive Performance Pty Ltd,4,company;service;excl_performance,1
6254,1-XTB-4748,MVRL42076,D & G Investments Pty Ltd,4,company;excl_performance,1
6255,1-1W0F34F,MVRL52841,D & J Marple Auto Electrics Pty Ltd,4,company;service;excl_electrical,1
6256,1-LRAQV3,MVRL49117,D & J Nominees Pty Ltd,4,company;service;excl_heavy,1
6257,1-23DCZW9,MVRL53243,D & K Auto Electrical Pty Ltd,4,company;service;excl_electrical,1
6258,1-1UJG2OL,MVRL52924,D & M Spray Painting and Auto Repairs Pty Ltd,4,company;service;excl_body,1
6259,1-3MRFL56,MVRL58706,D AND C MOBILE DIESEL PTY LTD,4,company;excl_heavy;excl_mobile,1
6260,1-XTB-3413,MVRL39631,D J Fort Pty Ltd,4,company;excl_heavy,1
6261,1-45OY0F2,MVRL62041,D.A CAMPBELL TRANSPORT PTY LTD,4,company;excl_other,1
6262,1-3Q5S1EC,MVRL59623,D.J.K. FLEET SERVICE PTY LTD,4,company;service;excl_heavy,1
6263,1-4BZS92U,MVRL63112,DA COLLISION REPAIRS PTY LTD,4,company;service;excl_body,1
6264,1-XTX-40,MVRL42801,Dale John Roberson,4,sole_trader;excl_performance,1
6265,1-XSI-4215,MVRL20051,Dalmar Body Repairs Pty Ltd,4,company;service;excl_body,1
6266,1-4CG32MA,MVRL63038,Damien Andrew Farah,4,sole_trader;service;excl_body,1
6267,1-XTQ-2567,MVRL36814,Damien Edward Grabham,4,sole_trader;service;excl_electrical,1
6268,1-47EO9WA,MVRL62259,Damien Glen O'Sullivan,4,sole_trader;service;excl_electrical,1
6269,1-3M4O4IE,MVRL58906,Damien John Hartley,4,sole_trader;excl_performance,1
6270,1-34VM26B,MVRL55395,Damien Leigh Spinks,4,sole_trader;service;excl_mobile,1
6271,1-DE1DCM,MVRL48114,Dane Auto Electrical Pty Ltd,4,company;service;excl_electrical,1
6272,1-FGYY9L,MVRL48346,Danic's Auto & Tyre Service Pty Ltd,4,company;service;excl_tyres,1
6273,1-3DCVDJY,MVRL56649,Danie Leon Johanson,4,sole_trader;service;excl_specialty_vehicle,1
6274,1-XTQ-4434,MVRL41208,Daniel Andrew Crawshaw,4,sole_trader;excl_body,1
6275,1-XLNRLN,MVRL50298,Daniel Antony Steer,4,sole_trader;excl_performance,1
6276,1-41AX0ZG,MVRL61435,Daniel George Ridge,4,sole_trader;service;excl_tyres,1
6277,1-4F4PTBQ,MVRL63656,Daniel John Devjak,4,sole_trader;service;excl_performance,1
6278,1-XTX-2804,MVRL11225,Daniel John Hawkins,4,sole_trader;excl_performance,1
6279,1-XUC-4861,MVRL9541,Daniel John Wilcox,4,sole_trader;service;excl_body,1
6280,1-3SQKBAG,MVRL60107,Daniel Paul Jackson,4,sole_trader;excl_performance,1
6281,1-4H6DUAO,MVRL63956,Daniel Peter Hall,4,sole_trader;service;excl_parts_towing,1
6282,1-XTQ-1814,MVRL34946,Daniel Ross Ford,4,sole_trader;excl_dealer,1
6283,1-4JJ5OIU,MVRL64317,Daniel Scott Styles,4,sole_trader;excl_specialty_vehicle,1
6284,1-2Z7G7B,MVRL45638,Danny Arthur Riley,4,sole_trader;service;excl_body,1
6285,1-KFWFJK,MVRL48947,Danny John Fletcher,4,sole_trader;service;excl_tyres;excl_electrical,1
6286,1-3FQ5UHY,MVRL56872,DAPH'S LOGISTICS PTY LTD,4,company;excl_heavy,1
6287,1-3DCO7BA,MVRL56491,DAPTO AUTOMOTIVE AND TYRES PTY LIMITED,4,company;service;excl_tyres,1
6288,1-33WUQNH,MVRL55242,DARCY'S TRUCK REPAIRS PTY LTD,4,company;service;excl_heavy,1
6289,1-3HW3Y75,MVRL57080,Daris Power Smash Repairs Pty Ltd,4,company;service;excl_body,1
6290,1-273HGRY,MVRL53415,Dark Side Custom Harleys Pty Ltd,4,company;excl_performance,1
6291,1-370DE80,MVRL55702,Darren Bruce Stewart,4,sole_trader;excl_parts_towing;excl_performance,1
6292,1-23JSAGV,MVRL53281,Darren Cowan Mobile Welding & Fabrication Pty Ltd,4,company;excl_mobile;excl_performance,1
6293,1-3JZI9N2,MVRL57740,Darren Gregory Rixon,4,sole_trader;service;excl_electrical,1
6294,1-3LZG516,MVRL58433,Darren James O'Dwyer,4,sole_trader;excl_heavy,1
6295,1-URL565,MVRL49961,Darren James Rapley,4,sole_trader;excl_body;excl_performance,1
6296,1-3JLO3EU,MVRL57523,Darren Kevin Frazer,4,sole_trader;excl_specialty_vehicle,1
6297,1-XTB-3465,MVRL39734,Darren McGuire Wholesale 911 Pty Ltd,4,company;excl_parts_towing,1
6298,1-XU2-3849,MVRL28632,Darren McLaughlin,4,sole_trader;service;excl_body,1
6299,1-6LLGZY,MVRL47197,Darren Rediger Auto Electrical Pty Ltd,4,company;service;excl_electrical,1
6300,1-XU2-4827,MVRL31748,Darren Rex Hill,4,sole_trader;excl_specialty_vehicle,1
6301,1-3KC5DTC,MVRL57851,Darren Riley,4,sole_trader;service;excl_performance,1
6302,1-XU2-4230,MVRL29791,Darren Thomas Attrill,4,sole_trader;service;excl_specialty_vehicle,1
6303,1-59RGK1,MVRL46885,Darren Vaughan Cook,4,sole_trader;excl_heavy,1
6304,1-48PZ3MP,MVRL62378,Darrin Richard Davis,4,sole_trader;service;excl_electrical,1
6305,1-3SSG306,MVRL60232,Darryl James Pederson,4,sole_trader;service;excl_tyres,1
6306,1-XTN-4405,MVRL27311,Darryl Royce Stephens,4,sole_trader;service;excl_mobile,1
6307,1-2Q14Y8E,MVRL54427,Daryl John Duffy,4,sole_trader;excl_specialty_vehicle,1
6308,1-4JELRG,MVRL46484,Daryl John Huett,4,sole_trader;service;excl_performance,1
6309,1-XU2-2434,MVRL24512,Daryl Palmer,4,sole_trader;service;excl_body,1
6310,1-3MRJHV0,MVRL58703,Daryon Robert Whiteman,4,sole_trader;service;excl_mobile,1
6311,1-4CW0OXE,MVRL63113,DASH MOBILE FLEET SERVICES PTY LTD,4,company;service;excl_heavy;excl_mobile,1
6312,1-4J8OI0G,MVRL64271,DASILVA INDUSTRIES PTY LTD,4,company;excl_body,1
6313,1-3J9AJH,MVRL46072,Dattoman Pty Ltd,4,company;service;excl_body,1
6314,1-XTB-3719,MVRL40149,Davalli Pty Ltd,4,company;service;excl_electrical,1
6315,1-XTH-982,MVRL44157,Dave Byrnes Motorcycles Pty Ltd,4,company;excl_specialty_vehicle,1
6316,1-XUC-214,MVRL33004,David Angelo Cugola,4,sole_trader;service;excl_electrical,1
6317,1-A7Z0G4,MVRL47850,David Barry Johnstone,4,sole_trader;excl_performance,1
6318,1-JX9FZP,MVRL48835,David Campbell Bishop,4,sole_trader;excl_heavy,1
6319,1-3MBISTI,MVRL58590,David Charles Adams,4,sole_trader;excl_tyres,1
6320,1-3ARQNS0,MVRL56173,David Davies,4,sole_trader;service;excl_electrical;excl_performance,1
6321,1-4391ZHN,MVRL61947,David Edward Barnett,4,sole_trader;service;excl_body;excl_parts_towing,1
6322,1-3JVG9ZT,MVRL57788,David Ernest Holbrook,4,sole_trader;service;excl_heavy,1
6323,1-5PIZCK,MVRL46999,David Golsby Crawford,4,sole_trader;excl_electrical,1
6324,1-3PLJ0CE,MVRL59480,David Gras Auto Electrics Pty Ltd,4,company;service;excl_electrical,1
6325,1-XU2-3788,MVRL28435,David J Little,4,sole_trader;excl_performance,1
6326,1-3ZQCQGQ,MVRL61164,David John McMillan,4,sole_trader;excl_performance,1
6327,1-2GE61V,MVRL45119,David John Nettle,4,sole_trader;excl_parts_towing,1
6328,1-XUC-2542,MVRL42854,David John Phillips,4,sole_trader;excl_specialty_vehicle,1
6329,1-3HU6MEM,MVRL57176,David John Price,4,sole_trader;service;excl_heavy,1
6330,1-K0CSMK,MVRL48856,David John Woodward,4,sole_trader;excl_tyres,1
6331,1-XTH-4994,MVRL14022,David Lawrence Hicks,4,sole_trader;service;excl_other,1
6332,1-XTN-367,MVRL15090,David Michael Duncan,4,sole_trader;service;excl_body,1
6333,1-RB077W,MVRL49699,David Owen Weber,4,sole_trader;service;excl_mobile,1
6334,1-XTQ-3717,MVRL39421,David Patrick Avis,4,sole_trader;service;excl_heavy,1
6335,1-3JG0I5,MVRL46087,David Paul Peebles,4,sole_trader;service;excl_body,1
6336,1-3QMTSQA,MVRL59900,David Race Rendell,4,sole_trader;service;excl_performance,1
6337,1-XU2-420,MVRL18695,David Roy Shevill,4,sole_trader;service;excl_body,1
6338,1-15VEDSV,MVRL51200,David Smash Repairs Pty Ltd,4,company;service;excl_body,1
6339,1-3ZVC2FN,MVRL61116,David Thomas Evans,4,sole_trader;service;excl_electrical,1
6340,1-18FKE4N,MVRL51335,David Timothy Gibson Adams,4,sole_trader;excl_mobile;excl_performance,1
6341,1-3OLCUD,MVRL46184,David Wiggins Automotive Services Pty Ltd,4,company;service;excl_performance,1
6342,1-3PC9OUG,MVRL59530,Davidson Plant Hire & Maintenance Pty Ltd,4,company;excl_heavy;excl_other,1
6343,1-11CNHZX,MVRL50649,Davies Motorcycles Pty Ltd,4,company;excl_specialty_vehicle,1
6344,1-XTB-2800,MVRL38708,Davis Performance Landys Pty Ltd,4,company;excl_performance,1
6345,1-1Z0J8AH,MVRL52977,Davjean Pty Limited,4,company;excl_tyres,1
6346,1-XT3-616,MVRL23128,Dawnaco Pty Ltd,4,company;excl_dealer,1
6347,1-N66QW8,MVRL49547,Day's Machinery Centre Pty Ltd,4,company;excl_heavy,1
6348,1-XSI-989,MVRL12700,Dayal Singh Tyre Service Pty Ltd,4,company;service;excl_tyres,1
6349,1-36FP4BP,MVRL55596,Daytona Motorcycles Pty Ltd,4,company;excl_specialty_vehicle,1
6350,1-4BN1JJC,MVRL63081,DC 4X4 PTY LTD,4,company;excl_performance,1
6351,1-3VT312U,MVRL60598,DCR Engineering Pty Ltd,4,company;excl_performance,1
6352,1-TJSC0N,MVRL49859,Dean Andrew Amos,4,sole_trader;excl_performance,1
6353,1-4X2K89,MVRL46744,Dean Edward Gosbell,4,sole_trader;service;excl_body,1
6354,1-XTQ-3139,MVRL38130,Dean Hickey,4,sole_trader;service;excl_tyres,1
6355,1-1OUQRF0,MVRL52420,Dean's Auto Electrical Pty Ltd,4,company;service;excl_electrical,1
6356,1-3C27EGG,MVRL56484,DEIGHTON'S RURAL CONTRACTING PTY LTD,4,company;service;excl_tyres,1
6357,1-15HGSUA,MVRL51030,DEJ Automotive & Tyres Pty Ltd,4,company;service;excl_tyres,1
6358,1-3054KG,MVRL45549,Delarue Truck Repairs Pty Ltd,4,company;service;excl_heavy,1
6359,1-3VRMAXI,MVRL60716,DELTA AUTO BODY PTY LTD,4,company;service;excl_body,1
6360,1-35MMTR1,MVRL55480,Delta Auto Electrical & Mechanical Pty Ltd,4,company;service;excl_electrical,1
6361,1-3I40SKQ,MVRL57248,DELUXE RESTORATIONS PTY LTD,4,company;excl_performance,1
6362,1-UGO1A3,MVRL49925,Dembech Pty Ltd,4,company;service;excl_body,1
6363,1-XTH-2379,MVRL7024,Denco Diesel (Wagga) Pty Ltd,4,company;excl_heavy;excl_performance,1
6364,1-22V7N8B,MVRL53196,Denis Furcic,4,sole_trader;service;excl_dealer,1
6365,1-XU2-3142,MVRL26636,Denis John Elford Jackett,4,sole_trader;service;excl_electrical,1
6366,1-2RSS6R,MVRL45344,Denis Peter Uildriks,4,sole_trader;excl_electrical,1
6367,1-XTQ-4782,MVRL42055,Denis Samuel Lesslie,4,sole_trader;excl_heavy,1
6368,1-XU2-4767,MVRL31523,Dennis Jones,4,sole_trader;service;excl_mobile,1
6369,1-XTX-1377,MVRL7105,Dennis Joseph Mchugh,4,sole_trader;service;excl_body,1
6370,1-3SABAG6,MVRL60164,Dennis Martin Coghill,4,sole_trader;excl_tyres,1
6371,1-XTX-173,MVRL43128,Dennis Patrick O`Malley,4,sole_trader;excl_performance,1
6372,1-XTB-3989,MVRL40674,Dent Correction Pty Ltd,4,company;excl_body,1
6373,1-3XP4425,MVRL60889,Dent Doctor Hail Division Pty Ltd,4,company;excl_body,1
6374,1-XTB-3206,MVRL39264,Dent FX Pty Ltd,4,company;excl_body,1
6375,1-182BYPH,MVRL51657,Dent King PDR Pty Ltd,4,company;excl_body,1
6376,1-XT3-3857,MVRL30015,Dent Medic Pty Ltd,4,company;excl_body,1
6377,1-3UTX6GM,MVRL60490,DENT REPAIRS WAGGA PTY LTD,4,company;service;excl_body,1
6378,1-XTB-3313,MVRL39448,Dent Solutions Pty Ltd,4,company;excl_body,1
6379,1-4FP4BSM,MVRL64396,DENT SPOT MOBILE PTY LTD,4,company;excl_body;excl_mobile,1
6380,1-49B1XA6,MVRL62591,Dent Spot Pty Ltd,4,company;excl_body,1
6381,1-3Q95HOA,MVRL59642,Dent Star Pty Ltd,4,company;excl_body,1
6382,1-3KW3CRW,MVRL58146,DENT SUPER SOLUTIONS PTY. LTD.,4,company;excl_body,1
6383,1-3U131AG,MVRL60455,DENTAGON PAINTLESS DENT REMOVAL PTY LTD,4,company;excl_body,1
6384,1-18HOT56,MVRL51346,Dentec PDR Pty Ltd,4,company;excl_body,1
6385,1-6D4KCA,MVRL47141,Dentmason Pty Ltd,4,company;excl_body,1
6386,1-UU23GR,MVRL50006,Dentoff Pty Ltd,4,company;excl_body,1
6387,1-XUC-2173,MVRL41135,Dentoway Australia Pty Ltd,4,company;excl_body,1
6388,1-39GBG95,MVRL55983,DENTS AND HAIL PTY LIMITED,4,company;excl_body,1
6389,1-2XONCQV,MVRL54717,Dents and Scratches Pty Ltd,4,company;service;excl_body,1
6390,1-XTB-3281,MVRL39391,Dentwerx Pty Ltd,4,company;excl_body,1
6391,1-XU2-2691,MVRL25246,Derek Michael Dallman,4,sole_trader;service;excl_tyres,1
6392,1-3YGWPPY,MVRL61010,Desire Wenley Andrews,4,sole_trader;excl_specialty_vehicle,1
6393,1-XTN-1350,MVRL17947,Desmond John Knight,4,sole_trader;service;excl_body,1
6394,1-3QFD4CG,MVRL59713,Detailed Body Repairs Australia Pty Ltd,4,company;service;excl_body;excl_other,1
6395,1-43B5VLO,MVRL61694,Deus Ex Machina Motor Cycles Pty Ltd,4,company;excl_specialty_vehicle,1
6396,1-45UU3HA,MVRL62087,DG AUTO ELECTRICS PTY LTD,4,company;service;excl_electrical,1
6397,1-4DT9SNI,MVRL63349,DGC AUTO ELECTRICS PTY LTD,4,company;service;excl_electrical,1
6398,1-3MM9TLF,MVRL58550,Diamond Plant Repairs Pty Ltd,4,company;service;excl_heavy;excl_electrical,1
6399,1-1SSO7UM,MVRL52617,Diamond Wheels Pty Ltd,4,company;excl_tyres,1
6400,1-GBBF56,MVRL48542,Dibs & KD Pty Ltd,4,company;excl_tyres,1
6401,1-3G3QVED,MVRL56905,Dickens Management Pty Ltd,4,company;service;excl_body;excl_electrical,1
6402,1-49L31Y2,MVRL62698,DIESEL & ELECTRIC VEHICLE REPAIRS PTY LTD,4,company;service;excl_heavy;excl_electrical,1
6403,1-3TILAEW,MVRL60285,Diesel Ag Mechanical Pty Ltd,4,company;service;excl_heavy,1
6404,1-3QQPCW0,MVRL59793,Diesel Care Australia Pty Ltd,4,company;excl_heavy,1
6405,1-3U7I35S,MVRL60449,DIESEL CHIEF PTY LTD,4,company;excl_heavy,1
6406,1-3RE4K4W,MVRL60077,DIESEL CORP PTY LTD,4,company;excl_heavy,1
6407,1-4A38B2Q,MVRL62820,Diesel Dave Pty Ltd,4,company;excl_heavy,1
6408,1-8A7M8L,MVRL47556,Diesel Gas Technologies & Exhaust Pty Ltd,4,company;service;excl_heavy,1
6409,1-41NXZU8,MVRL61600,DIESEL LAB MECHANICAL REPAIRS PTY LTD,4,company;service;excl_heavy,1
6410,1-20S5R0S,MVRL53155,Diesel Mechanic NSW Pty Ltd,4,company;service;excl_heavy,1
6411,1-4ETYH5G,MVRL63570,DIESEL PLUS MECHANICAL SERVICES PTY LTD,4,company;service;excl_heavy,1
6412,1-XTB-3383,MVRL39567,Diesel Pro Pty Ltd,4,company;excl_heavy,1
6413,1-4EDZ6K2,MVRL63598,DIESEL TECH INDUSTRIES PTY LTD,4,company;excl_heavy,1
6414,1-4BSLDZC,MVRL63043,Diesel Technix Pty Ltd,4,company;excl_heavy,1
6415,1-XU1Z41,MVRL50337,Diesel-Tec Mobile Mechanics Pty Ltd,4,company;service;excl_heavy;excl_mobile,1
6416,1-XTN-3163,MVRL23558,Dimce Dimeski,4,sole_trader;service;excl_body,1
6417,1-17YY8TI,MVRL51356,Diocleciano De Oliveira,4,sole_trader;service;excl_performance,1
6418,1-XTB-3142,MVRL39157,Direct Freight Express Pty Ltd,4,company;excl_other,1
6419,1-3BDRPRO,MVRL56233,DISTINCTION TRUCK BODIES PTY LTD,4,company;excl_heavy,1
6420,1-42SAHJE,MVRL61577,District Collision Repairs Central Coast Pty Ltd,4,company;service;excl_body,1
6421,1-43OUSFA,MVRL61697,District Collision Repairs Mudgee Pty Ltd,4,company;service;excl_body,1
6422,1-40JL97O,MVRL61328,DISTRICT COLLISION REPAIRS PENRITH PTY LTD,4,company;service;excl_body,1
6423,1-4CVS52W,MVRL63168,District Collision Repairs Silverwater Pty Ltd,4,company;service;excl_body,1
6424,1-3L6NL14,MVRL58202,DJ'S AG PTY. LTD.,4,company;service;excl_electrical,1
6425,1-3D3XCJ2,MVRL56449,DJG TYRE & AUTO PTY LTD,4,company;service;excl_tyres,1
6426,1-XT3-1410,MVRL24887,DK & TL Daley Pty Ltd,4,company;service;excl_tyres,1
6427,1-2KMC69H,MVRL54054,DNA Custom Cycles Pty Ltd,4,company;excl_performance,1
6428,1-30Y5ECB,MVRL54904,DNC TYRES PTY LTD,4,company;excl_tyres,1
6429,1-2Y7GYK,MVRL45481,DND Welding Pty Ltd,4,company;excl_performance,1
6430,1-YHXNQC,MVRL50464,Doctor Diesel Pty Ltd,4,company;excl_heavy,1
6431,1-34I3O2U,MVRL55342,Does Sweet Body Works Pty Ltd,4,company;service;excl_body,1
6432,1-24HAEPB,MVRL53312,Dom's Transport Solutions Pty Ltd,4,company;excl_other,1
6433,1-338VGXF,MVRL55184,Doms Diesel Pty Ltd,4,company;excl_heavy,1
6434,1-3SGDPUY,MVRL60135,DOMS PLANT REPAIRS PTY LTD,4,company;service;excl_heavy,1
6435,1-XTX-4995,MVRL1742,Donald Ball,4,sole_trader;service;excl_mobile,1
6436,1-3L8HT31,MVRL58192,Donohue Motorsports Pty Ltd,4,company;excl_performance,1
6437,1-XTX-4656,MVRL16475,Dorry Stranks,4,sole_trader;service;excl_body,1
6438,1-3P1FWCQ,MVRL59303,DOUBLE ENVELOPMENT PTY LTD,4,company;excl_specialty_vehicle,1
6439,1-XTB-1362,MVRL36085,Double One Smash Repairs Pty Ltd,4,company;service;excl_body,1
6440,1-1LANY9V,MVRL52225,Doug Sutherland Truck Repairs Pty Ltd,4,company;service;excl_heavy,1
6441,1-2G1X05H,MVRL53835,Dougies Panel Beating Services Pty Ltd,4,company;service;excl_body,1
6442,1-XTQ-3641,MVRL39238,Douglas Dong Wu,4,sole_trader;excl_electrical,1
6443,1-XU2-2955,MVRL26117,Douglas John Allomes,4,sole_trader;service;excl_dealer,1
6444,1-4FF4M7W,MVRL63689,DPA Plant Repairs Pty Ltd,4,company;service;excl_heavy,1
6445,1-3EQ19XO,MVRL56706,DR DENT NSW PTY LTD,4,company;excl_body,1
6446,1-4IL01UU,MVRL64175,DRIVEN ENTERPRISES PTY LTD,4,company;excl_dealer,1
6447,1-4JK6ZYQ,MVRL64358,DRIVEN MOBILE PTY LTD,4,company;excl_mobile,1
6448,1-3P7AVOO,MVRL59250,DS SUTTON AUTOMOTIVE & ENGINEERING PTY LTD,4,company;service;excl_performance,1
6449,1-3YQZ8Z8,MVRL61138,DSM Solutions Australia Pty Ltd,4,company;excl_performance,1
6450,1-3US3W6C,MVRL60644,Dubbo City Welding Works Pty Ltd,4,company;excl_performance,1
6451,1-3M8KJEL,MVRL58523,Dubbo Machinery Repairs Pty Ltd,4,company;service;excl_heavy,1
6452,1-41EU7H6,MVRL61410,Dubbo Steel Fabricators Pty Ltd,4,company;excl_performance,1
6453,1-2VO9YFA,MVRL54496,Dubbo Tyre & Automotive Pty Ltd,4,company;service;excl_tyres,1
6454,1-XUC-273,MVRL33186,Dudley Lister,4,sole_trader;service;excl_specialty_vehicle;excl_performance,1
6455,1-3WGSXEX,MVRL60747,Dunbier Truck and Tralier Reparis Pty Ltd,4,company;excl_heavy,1
6456,1-4HH0GZA,MVRL64075,DUNCAN DIESEL & MECHANICAL PTY LTD,4,company;service;excl_heavy,1
6457,1-XTH-1802,MVRL5742,Duncans Smash Repairs Pty Ltd,4,company;service;excl_body,1
6458,1-4BRFRJF,MVRL62765,Dunn's Contracting and Plant Repairs Pty Ltd,4,company;service;excl_heavy,1
6459,1-46BYKFY,MVRL62130,DUNNS ENGINEERING PTY LTD,4,company;excl_performance,1
6460,1-XT3-4350,MVRL31018,Duren Transport Pty Ltd,4,company;excl_other,1
6461,1-4GHQWI6,MVRL63928,Dustup Diesel Repairs Pty Ltd,4,company;service;excl_heavy,1
6462,1-41QNU21,MVRL61347,Dutch Engineering Pty Ltd,4,company;excl_performance,1
6463,1-37FM77N,MVRL55767,DVS MOTORSPORT IMPORTS PTY LTD,4,company;service;excl_performance,1
6464,1-4DEOCDE,MVRL63273,Dynamic Dentz Smash Repairs Pty Ltd,4,company;service;excl_body,1
6465,1-4A1O1HU,MVRL62574,Dynamic Fleet Repairs Pty Ltd,4,company;service;excl_heavy,1
6466,1-46QOJ7I,MVRL62192,DYNAMIC PERFORMANCE PTY LTD,4,company;excl_performance,1
6467,1-38F2TOD,MVRL55933,DYNOTEK PTY LTD,4,company;excl_performance,1
6468,1-3WAD6SC,MVRL60745,E & H NEWMAN PTY LTD,4,company;service;excl_body,1
6469,1-4D0Z6UH,MVRL63031,E & H Smash Repairs Pty Ltd,4,company;service;excl_body,1
6470,1-LMNDCG,MVRL49111,E & N Trading Pty Ltd,4,company;service;excl_body,1
6471,1-XTB-2966,MVRL38834,E Notis Pty Ltd,4,company;service;excl_electrical,1
6472,1-3QO1RN0,MVRL59800,E Tech Mobile Auto Pty Ltd,4,company;service;excl_mobile,1
6473,1-3LP1H0W,MVRL58322,E.K.I. Car Electrics Pty Ltd,4,company;service;excl_electrical,1
6474,1-4E40070,MVRL63481,EAGLE EYE CUSTOMS PTY LTD,4,company;excl_performance,1
6475,1-3ED3MP0,MVRL56729,EAGLE OUTDOORS GROUP PTY LTD,4,company;excl_specialty_vehicle;excl_performance,1
6476,1-3D0KIVK,MVRL56490,Earthmoving Equipment Australia Pty Ltd,4,company;excl_heavy,1
6477,1-1CX8HHF,MVRL51671,East Automotive Pty Ltd,4,company;service;excl_dealer,1
6478,1-3LL6PCW,MVRL58290,East Coast 4x4 Pty Ltd,4,company;excl_performance,1
6479,1-3Q4KRAO,MVRL59736,EAST COAST HAIL PTY LTD,4,company;excl_body,1
6480,1-1OYZVX4,MVRL52445,East Coast Rods & Restorations Pty Ltd,4,company;excl_performance,1
6481,1-4C50RF6,MVRL63016,EAST COAST TRUCK ALIGNMENT PTY LTD,4,company;excl_tyres;excl_heavy,1
6482,1-45VSOVH,MVRL61967,East Coast Tyre & Auto NSW Group Pty Ltd,4,company;service;excl_tyres,1
6483,1-3C2PLNP,MVRL56351,East End Auto Group Pty Ltd,4,company;service;excl_body,1
6484,1-4JLQI24,MVRL64320,EAST WEST HEAVY MECHANICAL PTY LTD,4,company;service;excl_heavy,1
6485,1-ITCAGR,MVRL48627,East-West Automotive Pty Ltd,4,company;service;excl_heavy,1
6486,1-IVNNOB,MVRL48621,Eastern Creek Smash Repairs Pty Ltd,4,company;service;excl_body,1
6487,1-3TJEC1G,MVRL60390,EASTERN MOTORCYCLES PTY LTD,4,company;excl_specialty_vehicle,1
6488,1-19HXH9Y,MVRL51444,Eastland Trailer Parts Pty Ltd,4,company;excl_heavy;excl_parts_towing,1
6489,1-2W2ZS0Z,MVRL54605,Eastside Collision Repairs Pty Ltd,4,company;service;excl_body,1
6490,1-4IU5X9A,MVRL64245,EAZYY TRANSPORT PTY LTD,4,company;excl_other,1
6491,1-1CLI6SK,MVRL51663,Ebsworth Pty Ltd,4,company;excl_specialty_vehicle,1
6492,1-43F4YKO,MVRL61970,ECHUCA WINDSCREENS AND TINTING PTY LIMITED,4,company;excl_electrical,1
6493,1-3EYRWA,MVRL45989,Eco Dent Repairs  Pty Ltd,4,company;service;excl_body,1
6494,1-45XWT38,MVRL62038,Eddies Trailers & Fab Pty Ltd,4,company;excl_heavy,1
6495,1-4J3QKGQ,MVRL64268,Eden Coastal Marine Pty Ltd,4,company;excl_specialty_vehicle,1
6496,1-3AKBVF9,MVRL56164,Edward Robert Hopson,4,sole_trader;excl_body;excl_performance,1
6497,1-XTB-3889,MVRL40455,EGR Trailers Pty Ltd,4,company;excl_heavy,1
6498,1-XSI-353,MVRL11129,Egretbay Pty Ltd,4,company;service;excl_tyres,1
6499,1-3ZLF6BI,MVRL61226,EIZA TRANSPORT & AUTOMOTIVE PTY LTD,4,company;service;excl_other,1
6500,1-4FFM6ES,MVRL63697,EKC Autogroup Pty Ltd,4,company;service;excl_tyres,1
6501,1-XTB-4714,MVRL42025,Elangum Pty Ltd,4,company;excl_tyres,1
6502,1-3HO3B7U,MVRL57160,Element Auto Electrical and Air Conditioning Pty. Ltd.,4,company;service;excl_electrical,1
6503,1-45R09JK,MVRL61997,ELEVATED 4X4 PTY LTD,4,company;excl_performance,1
6504,1-XT3-3896,MVRL30085,Elifoal Pty Ltd,4,company;service;excl_body,1
6505,1-3SSB00E,MVRL60184,ELITE AIR CON & ELECTRICAL PTY LTD,4,company;excl_electrical,1
6506,1-RSTDNF,MVRL49776,Elite Car Audio Pty Ltd,4,company;excl_electrical,1
6507,1-IRJ1KL,MVRL48602,Elite Dent Removal Pty Ltd,4,company;excl_body,1
6508,1-47C611S,MVRL62228,Elite Diesel & Mechanical Pty Ltd,4,company;service;excl_heavy,1
6509,1-4G83VF2,MVRL63807,ELITE HEAVY DIESEL REPAIRS PTY LTD,4,company;service;excl_heavy,1
6510,1-48ZOZYO,MVRL62503,ELITE PRO TUNING PERFORMANCE PTY LTD,4,company;service;excl_performance,1
6511,1-383E7WH,MVRL55841,ELITE TRUCK REPAIRS PTY LTD,4,company;service;excl_heavy,1
6512,1-XT3-2872,MVRL28,ELN Ford Pty Ltd,4,company;excl_dealer,1
6513,1-3ZJXASG,MVRL61194,ELZ Collision Centre Pty Limited,4,company;excl_body,1
6514,1-2J4A4S,MVRL45211,Emad Moshe,4,sole_trader;service;excl_electrical,1
6515,1-4BQQI68,MVRL63800,EMBASSY SMASH REPAIRS PTY LTD,4,company;service;excl_body,1
6516,1-48EC37G,MVRL62420,Emmamay Pty Ltd,4,company;excl_specialty_vehicle,1
6517,1-XU2-3792,MVRL28456,Emmanuel Ciappara,4,sole_trader;service;excl_electrical,1
6518,1-4021DWW,MVRL61233,Empire Mechanics & Tyres Pty Ltd,4,company;service;excl_tyres,1
6519,1-3L3SQGW,MVRL58197,EMS Truck & Plant Repairs Pty Ltd,4,company;service;excl_heavy,1
6520,1-3DV2ZHE,MVRL56661,EMTR FLEET MAINTENANCE AND REPAIRS PTY. LTD.,4,company;service;excl_heavy,1
6521,1-XT3-2185,MVRL2646,Emu Plains Smash Repairs Pty Ltd,4,company;service;excl_body,1
6522,1-3LZY3U8,MVRL58520,ENALLUMO ENTERPRISES PTY LTD,4,company;service;excl_heavy,1
6523,1-3O5VG46,MVRL59120,Engineering Perfection Pty Ltd,4,company;excl_performance,1
6524,1-471OPTW,MVRL62126,Enhance Auto Electrical & Mechanical Pty Ltd,4,company;service;excl_electrical;excl_performance,1
6525,1-XT3-3995,MVRL30298,Enzo's Auto Electrics Pty. Limited,4,company;service;excl_electrical,1
6526,1-XT3-936,MVRL23814,EP & LE Worner Smash Repairs Pty Ltd,4,company;service;excl_body,1
6527,1-3IJ40CS,MVRL57253,EPW GROUP AUSTRALIA PTY LTD,4,company;excl_body,1
6528,1-XUC-2498,MVRL42685,Eric John Cowan,4,sole_trader;excl_performance,1
6529,1-L69969,MVRL49037,Eric Thomas Portelli,4,sole_trader;service;excl_specialty_vehicle,1
6530,1-32KBWNN,MVRL55130,ERTC PTY LTD,4,company;service;excl_tyres,1
6531,1-459QU28,MVRL62081,ES DIESEL TUNE PTY LTD,4,company;service;excl_heavy,1
6532,1-MJJ30X,MVRL49146,Esho Khano,4,sole_trader;service;excl_body,1
6533,1-3N57XYY,MVRL58886,ESSENTIAL TRAILER REPAIRS PTY LTD,4,company;service;excl_heavy,1
6534,1-4FXACNC,MVRL63757,Euro Automotive Group Pty Ltd,4,company;service;excl_dealer,1
6535,1-3RSUPSZ,MVRL59962,Euro Body Pty Ltd,4,company;excl_body,1
6536,1-1NEXB5K,MVRL52379,Euro Car Parts Pty. Limited,4,company;excl_parts_towing,1
6537,1-4HIWNBY,MVRL64144,EURO PRESTIGE & PERFORMANCE PTY LIMITED,4,company;excl_performance,1
6538,1-XTH-823,MVRL43878,Euro Smash & Mechanical Repairs Pty Ltd,4,company;service;excl_body,1
6539,1-YVGXBO,MVRL50471,Euro SR Pty Ltd,4,company;service;excl_body,1
6540,1-3INQT7,MVRL46077,Euro Star Car Parts Pty Ltd,4,company;service;excl_parts_towing,1
6541,1-3EE75VQ,MVRL56656,EURO TRUCK REPAIRS PTY LTD,4,company;service;excl_heavy,1
6542,1-XTB-272,MVRL32972,Eurobodalla Shire Council,4,sole_trader;excl_other,1
6543,1-3U8PONG,MVRL60434,Eurobodalla Windscreens Pty Ltd,4,company;excl_electrical,1
6544,1-ZO4T59,MVRL50519,Eurocars (Northshore)  Pty Ltd,4,company;excl_dealer,1
6545,1-3G7ZC8Y,MVRL57020,EUROTECH PERFORMANCE PTY LTD,4,company;excl_performance,1
6546,1-4H02JSY,MVRL64014,EV RETAIL INTERNATIONAL PTY LTD,4,company;service;excl_parts_towing,1
6547,1-4YR0XD,MVRL46776,Evans Trucks Repairs Pty Ltd,4,company;service;excl_heavy,1
6548,1-46FZYEJ,MVRL62141,EVDealer Group Pty Ltd,4,company;service;excl_dealer,1
6549,1-45U692I,MVRL62095,EVENT LIGHTING PTY LTD,4,company;excl_electrical,1
6550,1-4GG5YP4,MVRL63874,EVEREST MOTORCYCLES PTY LTD,4,company;excl_specialty_vehicle,1
6551,1-4CE81YQ,MVRL63100,EVEREST PERFORMANCE GROUP PTY LTD,4,company;excl_performance,1
6552,1-4FUFELU,MVRL63739,EVERYTHING DIESEL SOLUTIONS PTY LTD,4,company;excl_heavy,1
6553,1-3HQXGQO,MVRL57228,EVOLUTION RACING SPARES PTY LTD,4,company;excl_parts_towing;excl_performance,1
6554,1-35CV1G,MVRL45679,Excelerate Motorsports pty Ltd,4,company;excl_performance,1
6555,1-XTH-791,MVRL43817,Exclusive Mechanical & Smash Repairs Pty Ltd,4,company;service;excl_body,1
6556,1-3WE6KAN,MVRL60765,Exclusive Trailers Pty Ltd,4,company;excl_heavy,1
6557,1-243KAEV,MVRL53384,Executive Smash Repairs Pty Ltd,4,company;service;excl_body,1
6558,1-3S6KNW2,MVRL60191,EXPERT BODY REPAIRS PTY LTD,4,company;service;excl_body,1
6559,1-1L8MBUO,MVRL52268,Expert Fleet Service Pty Ltd,4,company;service;excl_heavy,1
6560,1-1LQSADP,MVRL52330,Express Engineering Australia Pty Ltd,4,company;excl_performance,1
6561,1-1IP2BIL,MVRL52067,Express Repairs Northside Pty Ltd,4,company;service;excl_body,1
6562,1-2ZR3C3H,MVRL54866,EXPRESS TRUCK MAINTENANCE PTY LTD,4,company;excl_heavy,1
6563,1-1KWCIW7,MVRL52146,Express Truck Service Pty Ltd,4,company;service;excl_heavy,1
6564,1-XSI-1805,MVRL14734,F & C Catena Nominees Pty Ltd,4,company;service;excl_body,1
6565,1-3LT6Z1E,MVRL58385,F & E Motorsports Pty Ltd,4,company;excl_performance,1
6566,1-3JLL73A,MVRL57615,F & G SMASH REPAIRS PTY LTD,4,company;service;excl_body,1
6567,1-3ZFRRNO,MVRL61238,F & V SMASH REPAIRS PTY LIMITED,4,company;service;excl_body,1
6568,1-47YL68Z,MVRL62284,F and K Partners Pty Ltd,4,company;service;excl_body,1
6569,1-XT3-2704,MVRL27636,FA & KM Chandler Pty Ltd,4,company;service;excl_dealer,1
6570,1-2MEQHOD,MVRL54279,Fact NSW Pty Ltd,4,company;service;excl_heavy,1
6571,1-XTQ-4363,MVRL41008,Fadi Rochid El Zir,4,sole_trader;service;excl_body,1
6572,1-428TJAW,MVRL61741,FAIR DINKUM CARAVANS PTY. LTD.,4,company;excl_specialty_vehicle,1
6573,1-3ZEW5UU,MVRL61145,Fairfield European Auto Shop Pty Ltd,4,company;service;excl_electrical,1
6574,1-3R7LR86,MVRL59919,FAJLOUN MOTOR GROUP PTY LTD,4,company;excl_dealer,1
6575,1-3683BFX,MVRL55594,FALCON GT RESTORATIONS PTY LTD,4,company;excl_performance,1
6576,1-4CBI9FK,MVRL62920,FANTOM PLANT MECHANICS PTY LTD,4,company;service;excl_heavy,1
6577,1-Y4L8TR,MVRL50420,Far & Hat Pty Ltd,4,company;service;excl_body,1
6578,1-3J6UI9O,MVRL57435,FARM ONE CITRUS PTY LTD,4,company;service;excl_heavy,1
6579,1-41TA50A,MVRL61434,FARRAGHER ENTERPRISES PTY LTD,4,company;excl_performance,1
6580,1-XTB-1292,MVRL35971,Farravue Pty Ltd,4,company;service;excl_tyres,1
6581,1-4E5OD65,MVRL63471,Fast Autos & Smash Repairs Pty Ltd,4,company;service;excl_body,1
6582,1-3YQ56BE,MVRL61083,Fatih Harput,4,sole_trader;excl_tyres,1
6583,1-49GJ4BG,MVRL62682,FATTIES PERFORMANCE PTY LTD,4,company;excl_performance,1
6584,1-3PXGMSW,MVRL59556,Faud Motorsport Pty Ltd,4,company;excl_performance,1
6585,1-44LO6Q4,MVRL61773,Favro Performance & Fabrication Pty Ltd,4,company;excl_performance,1
6586,1-3FQB94S,MVRL57043,Fay Sheridan,4,sole_trader;excl_dealer,1
6587,1-3TREHYK,MVRL60477,FC Automotive Pty Ltd,4,company;service;excl_performance,1
6588,1-1HL4OMR,MVRL51856,Felk Engineering Pty Ltd,4,company;excl_performance,1
6589,1-RQX3BL,MVRL49752,Ferdinando Anthony Macchia,4,sole_trader;service;excl_tyres,1
6590,1-45F5KBE,MVRL61862,Fever Enterprises Pty Ltd,4,company;service;excl_body,1
6591,1-VL3ZN0,MVRL50093,FFR Prestige Smash Repairs Pty Ltd,4,company;service;excl_body,1
6592,1-384L7NX,MVRL55837,Fine Serve Pty Ltd,4,company;excl_tyres,1
6593,1-474HY6C,MVRL62142,Fineline Fabrications Pty Ltd,4,company;excl_heavy;excl_performance,1
6594,1-J02Q6X,MVRL48651,Firestorm Motorcycles Pty Ltd,4,company;excl_specialty_vehicle,1
6595,1-2VNMCLC,MVRL54497,First Diesel Services Pty Ltd,4,company;service;excl_heavy,1
6596,1-1J1ZRBZ,MVRL52033,Firstoke Enterprises Pty Ltd,4,company;excl_dealer,1
6597,1-3R8YQJC,MVRL60076,FITZGIBBON DIESEL REPAIRS PTY LTD,4,company;service;excl_heavy,1
6598,1-3GJQM6,MVRL46027,Five Oaks Corporation Pty Ltd,4,company;service;excl_mobile,1
6599,1-4DKK7TU,MVRL63208,Five Star Automotive and Smash Repairs Pty Ltd,4,company;service;excl_body,1
6600,1-2IT6J08,MVRL53880,Fixed Right Pty Ltd,4,company;excl_dealer;excl_tyres,1
6601,1-2K835R9,MVRL54029,Flatrock Farm Pty Ltd,4,company;excl_heavy,1
6602,1-4ERB8EG,MVRL63565,FLEET CARE AUTOMOTIVE AND SMASH REPAIRER PTY LTD,4,company;service;excl_body;excl_heavy,1
6603,1-18YIOC3,MVRL51742,Fleet Maintenance & Engineering Pty Ltd,4,company;excl_heavy;excl_performance,1
6604,1-4AOVTAX,MVRL62743,Fleet Tech Mechanical Services Pty Ltd,4,company;service;excl_heavy,1
6605,1-XTH-1485,MVRL508,Fleet Towing Equipment Pty Ltd,4,company;excl_heavy;excl_parts_towing,1
6606,1-36K1JKF,MVRL55691,Fleetsmart Pty Ltd,4,company;service;excl_heavy,1
6607,1-3E7Y0Q,MVRL45981,Fleettek Engineering Solutions Pty Limited,4,company;excl_performance,1
6608,1-3F4K6Z2,MVRL56857,Flintrock Resources Pty Ltd,4,company;excl_specialty_vehicle,1
6609,1-2JCBBJ0,MVRL53898,Fluid Dynamics Engineering (NSW) Pty Ltd,4,company;excl_performance,1
6610,1-4FWQ76E,MVRL63777,Flynn's Wrecking Yard Pty Ltd,4,company;excl_parts_towing,1
6611,1-XTB-4470,MVRL41532,Flywheels Motorcycle Engineering Pty Ltd,4,company;excl_specialty_vehicle;excl_performance,1
6612,1-XT3-697,MVRL23280,Fokis Holdings Pty Ltd,4,company;service;excl_tyres,1
6613,1-3F3PBVM,MVRL56805,FORBES AUTOMOTIVE GROUP PTY LTD,4,company;service;excl_dealer,1
6614,1-15L1YKP,MVRL51053,Forbes Smash Pty. Ltd.,4,company;excl_body,1
6615,1-XTB-1086,MVRL35627,Forbes Truck Centre Pty Ltd,4,company;excl_heavy,1
6616,1-4JHTWUI,MVRL64311,FORCAZ PERFORMANCE PTY LTD,4,company;excl_performance,1
6617,1-3RZT6KY,MVRL60032,Fordy's Heavy Mechanical Pty Ltd,4,company;service;excl_heavy,1
6618,1-1WOVOVO,MVRL52900,Forest Road Smash Repairs Pty Ltd,4,company;service;excl_body,1
6619,1-47GVDCQ,MVRL62323,Formula Offroad Pty Ltd,4,company;excl_performance,1
6620,1-XSI-424,MVRL11235,Forster Smash Repairs Pty Ltd,4,company;service;excl_body,1
6621,1-3R3FSHQ,MVRL60048,Fortress Collision Repair Services Pty Ltd,4,company;service;excl_body,1
6622,1-XTH-1049,MVRL44303,Four Wheel Drive Rebuilds Pty Ltd,4,company;excl_tyres,1
6623,1-3EPCKQU,MVRL56736,FOUR WHEEL DRIVE SMASH PTY LTD,4,company;excl_body;excl_tyres,1
6624,1-2FW8OK0,MVRL53751,Foxy Trailers Pty Ltd,4,company;excl_heavy,1
6625,1-3LHB4SK,MVRL58260,FOYTT SHIPPING & AUTO PTY LTD,4,company;service;excl_heavy,1
6626,1-XTQ-1815,MVRL34948,Francesco Palermo,4,sole_trader;service;excl_electrical,1
6627,1-XTQ-2753,MVRL37187,Francesco Romeo,4,sole_trader;service;excl_mobile,1
6628,1-1Q3AA8Q,MVRL52499,Frank Lipari,4,sole_trader;excl_tyres,1
6629,1-3914NYO,MVRL55945,Frank Molluso,4,sole_trader;service;excl_tyres,1
6630,1-40CD802,MVRL61244,FRANK'S MOBILE MARINE & AUTOMOTIVE PTY LTD,4,company;service;excl_specialty_vehicle;excl_mobile,1
6631,1-XSI-2736,MVRL16834,Fraser Motorcycles Newcastle Pty Ltd,4,company;excl_specialty_vehicle,1
6632,1-46WTL9I,MVRL62383,Fraser Motorcycles Wollongong Pty Ltd,4,company;excl_specialty_vehicle,1
6633,1-XSI-3887,MVRL1941,Frasers Garage Pty Ltd,4,company;service;excl_specialty_vehicle,1
6634,1-4FMDJU6,MVRL63708,Frecklington Truck Repairs Pty Ltd,4,company;service;excl_heavy,1
6635,1-4CS1WHU,MVRL63291,FREEDOM TYRE AND MECHANICAL SERVICES PTY LTD,4,company;service;excl_tyres,1
6636,1-4DWLU1Q,MVRL63380,Freeze Equip Sales & Services Pty Ltd,4,company;service;excl_dealer,1
6637,1-3PLHFPH,MVRL59328,Freighter Group Pty Ltd,4,company;excl_other,1
6638,1-4HE0O26,MVRL63968,Freightmaster Truck Body Builders & Heavy Vehicle Mechanical Repairs Pty Ltd,4,company;service;excl_body;excl_heavy;excl_other,1
6639,1-XTH-1046,MVRL44290,Frontline Camper Conversions Pty Ltd,4,company;excl_specialty_vehicle,1
6640,1-22CO919,MVRL53224,Frontline Smash Repairs Pty Ltd,4,company;service;excl_body,1
6641,1-375YDEX,MVRL55723,Fuelspec Services Pty Ltd,4,company;service;excl_other,1
6642,1-3ONHYPR,MVRL59157,Fulgis Pty Ltd,4,company;service;excl_heavy,1
6643,1-3KNO4AA,MVRL58006,FULL THROTTLE CUSTOM GARAGE PTY LTD,4,company;service;excl_performance,1
6644,1-XTH-1611,MVRL5330,Funnells Smash Repairs Pty Ltd,4,company;service;excl_body,1
6645,1-30S6U6H,MVRL54887,Furina Fleet Repairs Pty Ltd,4,company;service;excl_heavy,1
6646,1-463DKN9,MVRL62053,Fused Auto Mobile Pty Ltd,4,company;service;excl_mobile,1
6647,1-1JRUBBZ,MVRL52262,FUTURA CARAVANS PTY LIMITED,4,company;excl_specialty_vehicle,1
6648,1-3C7B8BI,MVRL56401,FUTURE FLEET MAINTENANCE PTY LTD,4,company;excl_heavy,1
6649,1-3CGJXWA,MVRL56451,FUTURE PERFORMANCE MOTORSPORTS PTY LTD,4,company;service;excl_electrical;excl_performance,1
6650,1-4E16FRV,MVRL63265,FV MOTORCYCLES PTY LTD,4,company;excl_specialty_vehicle,1
6651,1-XTB-3061,MVRL38998,G & J Enterprises NSW Pty Ltd,4,company;service;excl_tyres,1
6652,1-1IDX0BL,MVRL51936,G & K Schima Pty Ltd,4,company;service;excl_body,1
6653,1-XTB-3997,MVRL40686,G & L Caravan & Auto Repairs Pty Ltd,4,company;service;excl_specialty_vehicle,1
6654,1-3BXQC3C,MVRL56368,G & M AG PTY LIMITED,4,company;service;excl_heavy,1
6655,1-XTB-3132,MVRL39139,G & P Truck & Trailer Repairs Pty Ltd,4,company;service;excl_heavy,1
6656,1-2MT08SH,MVRL54354,G & S Truck & Bus Pty Ltd,4,company;service;excl_heavy,1
6657,1-36NZOVU,MVRL55645,G and A Lilliss Transport Pty Ltd,4,company;excl_other,1
6658,1-2Y5WSA,MVRL45484,G T Peace Pty Ltd,4,company;excl_body,1
6659,1-ULQ0IG,MVRL49967,G.L. & C.F. WALLACE PTY LTD,4,company;service;excl_dealer,1
6660,1-5BF9DX,MVRL46912,G.M.S. Spares Pty Ltd,4,company;excl_parts_towing,1
6661,1-4ICLL6C,MVRL64116,G8 Auto Body & Mechanical Repairs Pty Ltd,4,company;service;excl_body,1
6662,1-4D1LKHI,MVRL63224,GA PLANT & AUTOMOTIVE REPAIRS PTY LIMITED,4,company;service;excl_heavy,1
6663,1-3OPYC24,MVRL59187,GA SMASH REPAIRS PTY LTD,4,company;service;excl_body,1
6664,1-3W3CLTE,MVRL60683,Gaamben Earthmoving Repairs Pty Ltd,4,company;service;excl_heavy,1
6665,1-XTB-2738,MVRL38592,Gadalla Pty Ltd,4,company;excl_tyres,1
6666,1-2NVRLSG,MVRL54392,Galea's Truck Repairs Pty Ltd,4,company;service;excl_heavy,1
6667,1-1GCBCNS,MVRL51947,Gallagher Smash Repairs Pty Ltd,4,company;service;excl_body,1
6668,1-3OIOV6I,MVRL59221,Gaoan Pty Ltd,4,company;service;excl_tyres,1
6669,1-48YEWD4,MVRL62456,GARAGE 81 PTY LTD,4,company;service;excl_tyres,1
6670,1-XTB-1330,MVRL36036,Garland Engineering Pty Ltd,4,company;excl_performance,1
6671,1-3LLFCAM,MVRL58327,Garrad John Anderson,4,sole_trader;excl_tyres,1
6672,1-7BLTON,MVRL47375,Garrick Anderson Pty Ltd,4,company;service;excl_body,1
6673,1-XUC-734,MVRL35729,Garry Tierney,4,sole_trader;service;excl_body;excl_other,1
6674,1-1POKB4Q,MVRL52589,Garry's Autos & Batteries Pty Ltd,4,company;service;excl_electrical,1
6675,1-XUC-1771,MVRL39465,Gary Andrew Mann,4,sole_trader;excl_performance,1
6676,1-XUC-295,MVRL33282,Gary Keith Rooke,4,sole_trader;excl_specialty_vehicle,1
6677,1-376ZSVT,MVRL55754,Gary Raymond Gentle,4,sole_trader;service;excl_heavy;excl_performance,1
6678,1-XTB-3093,MVRL39058,Garys Smash Pty Ltd,4,company;excl_body,1
6679,1-3OTOK4K,MVRL59268,GATESHEAD SMASH REPAIRS PTY LTD,4,company;service;excl_body,1
6680,1-XTB-1303,MVRL36,Gaukroger Sales Pty Ltd,4,company;excl_dealer,1
6681,1-33Y3QWN,MVRL55238,Gavin John Milton Brauer,4,sole_trader;excl_body,1
6682,1-3KFRTLE,MVRL57887,Gavin William Kain,4,sole_trader;service;excl_performance,1
6683,1-XTH-841,MVRL43912,GB Bathurst Pty Ltd,4,company;excl_dealer,1
6684,1-3VAVQAS,MVRL60559,GC MECHANICAL AND TYRES PTY LTD,4,company;service;excl_tyres,1
6685,1-41XL5VU,MVRL61616,GC Smash Repairs & Detailing Pty Ltd,4,company;service;excl_body;excl_other,1
6686,1-2YYC0IR,MVRL54793,Geering Enterprises Pty Ltd,4,company;service;excl_electrical,1
6687,1-4NA33A,MVRL46516,Geha Race Engines Pty Ltd,4,company;service;excl_performance,1
6688,1-3H0NG7Y,MVRL56909,GEN F PERFORMANCE PTY LTD,4,company;excl_performance,1
6689,1-2G63V2D,MVRL54047,Gena Enterprise Pty Ltd,4,company;service;excl_body,1
6690,1-2L0GT1W,MVRL54089,Genuine Auto Electrics Pty Ltd,4,company;service;excl_electrical,1
6691,1-XU2-1194,MVRL21024,Geoffrey Allan Wheeler,4,sole_trader;service;excl_tyres,1
6692,1-XTH-4555,MVRL12911,Geoffrey Devlin,4,sole_trader;service;excl_electrical,1
6693,1-3L8B8EK,MVRL58255,Geoffrey Henry Karbownik,4,sole_trader;excl_performance,1
6694,1-XTN-681,MVRL15962,Geoffrey James Hill,4,sole_trader;excl_body,1
6695,1-Y4JG4K,MVRL50378,Geoffrey King,4,sole_trader;excl_performance,1
6696,1-XTX-4557,MVRL16179,George Canelas,4,sole_trader;service;excl_tyres,1
6697,1-GIOP6L,MVRL48557,George Mantis,4,sole_trader;excl_performance,1
6698,1-1JTN7FQ,MVRL52123,George Sam Maiolo,4,sole_trader;service;excl_body,1
6699,1-1RQ8IYS,MVRL52581,George Tsoulos,4,sole_trader;service;excl_body;excl_performance,1
6700,1-XTB-806,MVRL35098,George's Smash Repairs Pty Ltd,4,company;service;excl_body,1
6701,1-29PJJWL,MVRL53506,Georges River Council,4,sole_trader;excl_other,1
6702,1-3JUDSEW,MVRL57748,Gerard Hilton Macklyn,4,sole_trader;service;excl_electrical,1
6703,1-4H071DM,MVRL63978,GET A GREP PTY LTD,4,company;excl_tyres,1
6704,1-2L1Q6T,MVRL45207,GG Dent Tech Pty Ltd,4,company;excl_body,1
6705,1-XTB-4859,MVRL42289,Giant Smash Repair Pty Ltd,4,company;service;excl_body,1
6706,1-3L7P72Y,MVRL58126,GIBSON AUTO ELECTRICAL PTY LTD,4,company;service;excl_electrical,1
6707,1-XSI-1088,MVRL12952,Gidge Pty Ltd,4,company;excl_tyres,1
6708,1-4CEP6SA,MVRL63034,GIL'S MOBILE MECHANIC PTY LTD,4,company;service;excl_mobile,1
6709,1-45S0EAI,MVRL62173,Gilani Engineering Pty Ltd,4,company;excl_performance,1
6710,1-33DZMIF,MVRL55225,Gilby's Truck Repairs Pty Limited,4,company;service;excl_heavy,1
6711,1-XTB-638,MVRL34723,Gilgandra Shire Council,4,sole_trader;excl_other,1
6712,1-XTH-4868,MVRL13685,Gillard Skidmore,4,sole_trader;excl_performance,1
6713,1-3TBI0EE,MVRL60472,Gilmore Auto Electrical & Air Conditioning Pty Ltd,4,company;service;excl_electrical,1
6714,1-XT3-3072,MVRL28383,Gippsland Tyre Service (Eden) Pty Ltd,4,company;service;excl_tyres,1
6715,1-3UYYHHN,MVRL60604,GK Motorsports Pty Ltd,4,company;excl_performance,1
6716,1-3RB0QZ2,MVRL59879,Glassic Windscreens Pty Ltd,4,company;excl_electrical,1
6717,1-XSI-731,MVRL1202,Glassons Body Works Pty Ltd,4,company;service;excl_body,1
6718,1-QDUIH0,MVRL49602,Glen Artney Truck Repairs Pty Ltd,4,company;service;excl_heavy,1
6719,1-49G4ZQB,MVRL62653,Glen Innes Severn Council,4,sole_trader;excl_other,1
6720,1-47GAWTV,MVRL62276,Glen James Lane,4,sole_trader;service;excl_electrical;excl_performance,1
6721,1-1BLI7SL,MVRL51480,Glen Postrak,4,sole_trader;excl_specialty_vehicle,1
6722,1-3AI7R3D,MVRL56135,Glendenning Tyre & Auto Repairs Pty Ltd,4,company;service;excl_tyres,1
6723,1-3RL64IA,MVRL60079,Glenn Caetano,4,sole_trader;excl_body,1
6724,1-2FE1MD2,MVRL53715,Glenn Francis Michell,4,sole_trader;excl_performance,1
6725,1-XTQ-1592,MVRL33255,Glenn William Henry,4,sole_trader;excl_specialty_vehicle,1
6726,1-46N1U1O,MVRL62052,Global Fleet Care (NSW) Pty Ltd,4,company;excl_heavy,1
6727,1-XSI-2483,MVRL16298,Glossop Motor & Automatics Pty Ltd,4,company;excl_tyres,1
6728,1-3A8V63X,MVRL56320,GLOUCESTER TYRE & BATTERY SERVICE PTY LIMIT ED,4,company;service;excl_tyres;excl_electrical,1
6729,1-4IIWB2O,MVRL64199,Glyn Harding,4,sole_trader;service;excl_specialty_vehicle,1
6730,1-39HSGOB,MVRL56319,GM AUTOMOTIVE ENGINEERING PTY LTD,4,company;service;excl_performance,1
6731,1-4240PZ4,MVRL61568,GM ENGINEERING & MECHANICAL SERVICES PTY LIMITED,4,company;service;excl_performance,1
6732,1-39RVFBD,MVRL56144,GO DENTLESS PTY LTD,4,company;excl_body,1
6733,1-3TRJUJM,MVRL60476,Go Further 4x4 Pty Ltd,4,company;excl_performance,1
6734,1-3X5YUJU,MVRL60924,GOJAN PTY LTD,4,company;excl_performance,1
6735,1-4HZGTA8,MVRL64073,Goldy's Trailers Pty Ltd,4,company;excl_heavy,1
6736,1-XTB-4685,MVRL41977,Gonz Racing Team & Performance Specialists Pty Ltd,4,company;service;excl_performance,1
6737,1-497M96C,MVRL62635,Goodride Tyres & Mechanical Australia Pty Ltd,4,company;service;excl_tyres,1
6738,1-4J8CUSS,MVRL64254,GOODWIN 4X4 PTY LTD,4,company;excl_parts_towing;excl_performance,1
6739,1-XTB-1316,MVRL36017,Gordon Martin Pty Ltd,4,company;excl_heavy,1
6740,1-LHX0OG,MVRL49106,Gorrell Automotive Pty Ltd,4,company;service;excl_electrical,1
6741,1-XTB-3305,MVRL39437,Gosford Auto Wreckers Pty Ltd,4,company;service;excl_parts_towing,1
6742,1-XUC-1359,MVRL37973,Gosford Truck Sales Pty Ltd,4,company;excl_dealer;excl_heavy,1
6743,1-XTB-191,MVRL32808,Goulburn Mulwaree Council,4,sole_trader;excl_other,1
6744,1-XSI-1701,MVRL14514,Goulburn Smash Repair Centre Pty Ltd,4,company;service;excl_body,1
6745,1-3VVCM8S,MVRL60770,GPA Auto Electrical Pty Ltd,4,company;service;excl_electrical,1
6746,1-XUC-2291,MVRL41654,Graeme Mackenzie Thom,4,sole_trader;service;excl_other,1
6747,1-XU2-2175,MVRL23751,Graeme Paul Cooper,4,sole_trader;service;excl_body,1
6748,1-1396XDB,MVRL50831,Grafton Mobile Batteries Pty Ltd,4,company;excl_electrical;excl_mobile,1
6749,1-XTB-3695,MVRL40111,Grafton Motor Group Pty Ltd,4,company;excl_dealer,1
6750,1-XUC-3258,MVRL5467,Graham Arthur McRae,4,sole_trader;excl_parts_towing,1
6751,1-JURO71,MVRL49064,Graham Barclay Marine Pty Ltd,4,company;excl_specialty_vehicle,1
6752,1-XTB-483,MVRL33369,Granat Pty Ltd,4,company;excl_tyres,1
6753,1-2VCPF2R,MVRL54470,Granata Assets Pty Limited,4,company;excl_dealer,1
6754,1-4780M5Z,MVRL62500,Grandeys Bike Bitz Pty Ltd,4,company;excl_specialty_vehicle,1
6755,1-V86UIG,MVRL50014,Grant Andrew Howell,4,sole_trader;service;excl_electrical,1
6756,1-G07459,MVRL48487,Grant Garratt (NSW) Pty Ltd,4,company;service;excl_body,1
6757,1-1F1OWJF,MVRL51724,Grant Gordon Thompson,4,sole_trader;service;excl_electrical,1
6758,1-3IHI9KO,MVRL57342,Grant Townes Haulage Pty Ltd,4,company;excl_heavy;excl_parts_towing,1
6759,1-3HG7U1U,MVRL57151,Grant William Beveridge,4,sole_trader;service;excl_performance,1
6760,1-27OZFIM,MVRL53485,Grason Charles Trappel,4,sole_trader;excl_other,1
6761,1-XU2-4466,MVRL30485,Grayson Gene Tuck-Lee,4,sole_trader;service;excl_mobile,1
6762,1-14XS7W3,MVRL50973,Great Lakes Panel & Paint Pty Ltd,4,company;excl_body,1
6763,1-3BSWIN1,MVRL56348,Greenacre Auto Electrical Pty Ltd,4,company;service;excl_electrical,1
6764,1-46L7VWS,MVRL62256,Greens Diesel Performance Pty Ltd,4,company;excl_heavy;excl_performance,1
6765,1-46H7QYU,MVRL62225,Greens Heavy Diesel Repairs Pty Ltd,4,company;service;excl_heavy,1
6766,1-3MMB0CY,MVRL58633,GREENTEK AUS PTY LTD,4,company;service;excl_heavy,1
6767,1-XTB-332,MVRL33104,Greg Hedges Smash Repairs Pty Ltd,4,company;service;excl_body,1
6768,1-3MY0KG4,MVRL58734,GREG MURFITT SMASH REPAIRS PTY LTD,4,company;service;excl_body,1
6769,1-XTB-2204,MVRL37619,Greg Wilson Smash Repairs Pty Ltd,4,company;service;excl_body,1
6770,1-357TPQJ,MVRL55444,Gregory Adams,4,sole_trader;service;excl_tyres,1
6771,1-157DUTJ,MVRL50988,Gregory Andrew Day,4,sole_trader;excl_heavy;excl_specialty_vehicle,1
6772,1-XU2-4781,MVRL31560,Gregory David Holden,4,sole_trader;excl_dealer,1
6773,1-SU29ZL,MVRL49877,Gregory Ian Boyle,4,sole_trader;excl_performance,1
6774,1-XUC-598,MVRL35263,Gregory John Johnson,4,sole_trader;service;excl_tyres;excl_electrical,1
6775,1-3IAXU9,MVRL46060,Gregory Owen Hennessey,4,sole_trader;service;excl_body,1
6776,1-XUC-2259,MVRL41542,Gregory Robert Searls,4,sole_trader;service;excl_body,1
6777,1-1SSMYYK,MVRL52646,Greig Michael Malaure,4,sole_trader;service;excl_parts_towing;excl_performance,1
6778,1-3SZ5T0Y,MVRL60297,GREYSTANES SMASH REPAIRS PTY LTD,4,company;service;excl_body,1
6779,1-XTB-4413,MVRL41414,Griffith Almet Engineering Pty Ltd,4,company;excl_performance,1
6780,1-XTH-63,MVRL42589,Griffith Auto Air & Electrical Pty Ltd,4,company;service;excl_electrical,1
6781,1-XTH-2352,MVRL6979,Griffith Beat and Spray Pty Ltd,4,company;excl_body,1
6782,1-3OE8D3O,MVRL59097,GRIFFITH CARAVAN CENTRE PTY LTD,4,company;excl_specialty_vehicle,1
6783,1-2W9KEFC,MVRL54554,Griffith City Council,4,sole_trader;excl_other,1
6784,1-4CMBV3G,MVRL63225,Griffith Motorcycle Centre Pty Ltd,4,company;excl_specialty_vehicle,1
6785,1-XT3-2880,MVRL28014,Griffith Truck Sales & Repairs Pty Ltd,4,company;service;excl_dealer;excl_heavy,1
6786,1-2LBOMFB,MVRL54126,Griffith Tyre Service Pty Ltd,4,company;service;excl_tyres,1
6787,1-3AGP4C7,MVRL56125,GRIGG AGRICULTURAL SERVICES PTY LTD,4,company;service;excl_heavy,1
6788,1-XTB-2783,MVRL38672,Grotts Pty Ltd,4,company;excl_tyres,1
6789,1-47ZDFZ0,MVRL62463,Grounded Engineering Pty Ltd,4,company;excl_performance,1
6790,1-5DOXVS,MVRL47011,GRS Automotive Pty Ltd,4,company;service;excl_tyres,1
6791,1-3EPHNOO,MVRL56797,GT ALLIANCE SMASH REPAIR PTY LTD,4,company;service;excl_body,1
6792,1-3MY35TI,MVRL58732,GTE ENGINEERING PTY LTD,4,company;excl_performance,1
6793,1-4HJV8C8,MVRL64085,GTOWN Motors Pty Ltd,4,company;service;excl_dealer,1
6794,1-2XEEFIN,MVRL54668,GTP Horizons Pty Ltd,4,company;excl_tyres,1
6795,1-93CM62,MVRL47705,Gull5 Pty Ltd,4,company;excl_tyres,1
6796,1-3Q96Y4R,MVRL59646,Gullotta (Management) Pty Ltd,4,company;service;excl_electrical,1
6797,1-32KA3BF,MVRL55076,Gunnedah Mechanical & Crane Pty Ltd,4,company;service;excl_heavy,1
6798,1-17YAMOD,MVRL51300,Gunnedah Smash Repairs Pty Ltd,4,company;service;excl_body,1
6799,1-1O1IDLY,MVRL52320,Gurvindar Singh,4,sole_trader;excl_heavy,1
6800,1-A6N7V5,MVRL47886,Guy's Auto Electrics Pty Ltd,4,company;service;excl_electrical,1
6801,1-4G0XFV0,MVRL63912,GZM 4X4 & PERFORMANCE PTY LTD,4,company;excl_performance,1
6802,1-XT3-3658,MVRL29568,H & D Nguyen Pty Ltd,4,company;service;excl_body,1
6803,1-4DE0G84,MVRL63424,H COLLISION PTY LTD,4,company;service;excl_body,1
6804,1-3PDDLNQ,MVRL59371,H.D. BODYWORKS PTY LTD,4,company;excl_body,1
6805,1-GHBKR2,MVRL48523,Haden James Pty Ltd,4,company;service;excl_body,1
6806,1-3NF1PI7,MVRL58864,HAG Engineering Pty Ltd,4,company;excl_performance,1
6807,1-XSI-951,MVRL12601,Hagan's Auto Electrical Service Pty Ltd,4,company;service;excl_electrical,1
6808,1-489ESHE,MVRL62509,Hagop Dudukjian,4,sole_trader;service;excl_body,1
6809,1-41JL7R0,MVRL61446,Haideri Group Australia Pty Ltd,4,company;service;excl_mobile,1
6810,1-3IO8ZJ2,MVRL57413,Hail Damage Repairs Pty Ltd,4,company;service;excl_body,1
6811,1-48GOV06,MVRL62392,Hail Event Management Pty Ltd,4,company;excl_body,1
6812,1-4DICHNC,MVRL63378,HAIL SMART PTY LTD,4,company;excl_body,1
6813,1-XTQ-4713,MVRL41886,Hakan Kopra,4,sole_trader;service;excl_performance,1
6814,1-42QHVUP,MVRL61618,Halal Holdings Pty Ltd,4,company;service;excl_tyres,1
6815,1-3XUFBM0,MVRL60976,Hallew Pty Ltd,4,company;service;excl_heavy,1
6816,1-XT3-1847,MVRL25840,Hallinans Auto Electricians Pty Ltd,4,company;service;excl_electrical,1
6817,1-XTH-136,MVRL42738,Halls Transport Repairs Pty Ltd,4,company;service;excl_other,1
6818,1-3HBJ2BC,MVRL57002,HAME EMPIRE PTY LTD,4,company;excl_tyres,1
6819,1-3IRQYWA,MVRL57269,Hamid M Al-Nuaimi,4,sole_trader;service;excl_mobile,1
6820,1-XTH-784,MVRL43805,Hanks Auto Electricians Pty Ltd,4,company;service;excl_electrical,1
6821,1-RN4UCW,MVRL49755,Hannaford Tyre & Suspension Pty Ltd,4,company;service;excl_tyres,1
6822,1-XTB-3350,MVRL395,Hansimikali Investments Pty Ltd,4,company;excl_other,1
6823,1-410VSQO,MVRL61395,HANSON CARAVANS PTY LTD,4,company;excl_specialty_vehicle,1
6824,1-NH1HY2,MVRL49299,Hapos Auto Body Pty Ltd,4,company;service;excl_body,1
6825,1-44EP5PC,MVRL61866,Happy Camper Conversions Pty Ltd,4,company;excl_specialty_vehicle,1
6826,1-XT3-4671,MVRL317,Harden & Geelan Investments Pty Ltd,4,company;excl_dealer,1
6827,1-3KN8DNE,MVRL58026,HARDEN TYRE SERVICES PTY LIMITED,4,company;service;excl_tyres,1
6828,1-1VTCTVI,MVRL52870,Hargrave Auto Body Repairs Pty Ltd,4,company;service;excl_body,1
6829,1-XTQ-946,MVRL31639,Haris Charitou,4,sole_trader;service;excl_electrical,1
6830,1-47P9RGQ,MVRL62227,Harmony New Energy Auto Service (Parramatta) Pty Ltd,4,company;service;excl_dealer,1
6831,1-8FC2R5,MVRL47628,Harris Steel Pty Ltd,4,company;excl_performance,1
6832,1-2KT2VL7,MVRL54092,Harris Trailers Pty. Ltd.,4,company;excl_heavy,1
6833,1-XTQ-3227,MVRL38323,Harry Mihailidis,4,sole_trader;service;excl_body,1
6834,1-39SZNDD,MVRL56143,HARTS BATTERY SOLUTIONS PTY LTD,4,company;excl_electrical,1
6835,1-XT3-2997,MVRL28234,Hartwigs Trucks Pty Ltd,4,company;excl_heavy,1
6836,1-XTB-1566,MVRL36474,Harvey & Dunn Pty Ltd,4,company;service;excl_body,1
6837,1-VVW7KP,MVRL50086,Hass Mobile Auto Electrics Pty Ltd,4,company;service;excl_electrical;excl_mobile,1
6838,1-2M5ODJJ,MVRL54241,Hassarati Auto Body Smash Repairs Pty Ltd,4,company;service;excl_body,1
6839,1-3KBKPI2,MVRL57801,HASTINGS AUTO ELECTRICAL AND AIR CONDITIONING PTY LTD,4,company;service;excl_electrical,1
6840,1-40RYM9,MVRL46298,Hatglen Pty Ltd,4,company;service;excl_body,1
6841,1-34XWYIF,MVRL55335,Hawkesbury City Smash NSW Pty Ltd,4,company;excl_body,1
6842,1-3C9AVMZ,MVRL56331,Hawkesbury Motorcycles Pty Ltd,4,company;excl_specialty_vehicle,1
6843,1-3VM1RNO,MVRL60534,HAWKESBURY TYRES & MORE PTY LTD,4,company;excl_tyres,1
6844,1-59KXSJ,MVRL46837,Hay Motors Pty Ltd,4,company;service;excl_dealer,1
6845,1-3ATOVW6,MVRL56345,HAYCLAY TRUCKING PTY LIMITED,4,company;excl_heavy,1
6846,1-48IWRMS,MVRL62443,Hayes Heavy Diesel Pty Ltd,4,company;excl_heavy,1
6847,1-4H3YS80,MVRL63983,HBE CAPITAL PTY LTD,4,company;excl_body,1
6848,1-30JQJY5,MVRL54915,Heagney Automotive Pty Ltd,4,company;service;excl_body,1
6849,1-2XGX5RX,MVRL54678,HEARTLAND BLACKTOWN PTY LIMITED,4,company;excl_dealer,1
6850,1-XTB-2253,MVRL37697,Heartland Motors Pty Limited,4,company;service;excl_dealer,1
6851,1-2XI0DA3,MVRL54689,HEARTLAND PENRITH PTY LIMITED,4,company;excl_dealer,1
6852,1-3JBMYJJ,MVRL57573,Heath Roy Jones,4,sole_trader;service;excl_tyres;excl_electrical,1
6853,1-XTB-2886,MVRL10367,Heathcote Smash Repairs Pty Ltd,4,company;service;excl_body,1
6854,1-42G8KTE,MVRL61651,Heavrig Truck & Plant Pty Ltd,4,company;excl_heavy,1
6855,1-XTB-3109,MVRL39098,Heavy Automatics NSW Pty Ltd,4,company;excl_heavy,1
6856,1-4IYQR5U,MVRL64307,Heavy Diesel Mechanical Solutions Pty Ltd,4,company;service;excl_heavy,1
6857,1-106B0UX,MVRL50570,Heavy Diesel Specialists Pty Ltd,4,company;excl_heavy,1
6858,1-4FOE7EQ,MVRL63726,HEAVY DIESELS (N.S.W) PTY LTD,4,company;excl_heavy,1
6859,1-3T45S28,MVRL60291,Heavy Equipment Specialists Pty Ltd,4,company;excl_heavy,1
6860,1-TZ6NAZ,MVRL49872,Heavy Haulage Maintenance Pty Ltd,4,company;excl_heavy,1
6861,1-3HYNU2S,MVRL57304,Heavy Metal Mechanics Pty Ltd,4,company;service;excl_heavy,1
6862,1-4ABAG12,MVRL62681,HEAVY TRAINING & REPAIRS PTY LTD,4,company;service;excl_heavy;excl_other,1
6863,1-12C0LRL,MVRL50733,Heavyworks Pty Ltd,4,company;excl_heavy,1
6864,1-2RE50AO,MVRL54398,Helensburgh Tyres Pty Ltd,4,company;excl_tyres,1
6865,1-45OWGMG,MVRL62057,HENDERSON'S WELDING AND HYDRAULICS PTY LTD,4,company;excl_performance,1
6866,1-XTB-4630,MVRL41875,Hermes Nominees Pty Ltd,4,company;excl_dealer,1
6867,1-3P4YA76,MVRL59344,HEUNG RIM SYDNEY PTY LTD,4,company;excl_tyres,1
6868,1-1IKR8QC,MVRL51969,Hexham Caravan Repairs & Spares Pty Ltd,4,company;service;excl_specialty_vehicle;excl_parts_towing,1
6869,1-16LMA6W,MVRL51180,Hi Performance Rubber Pty Ltd,4,company;excl_tyres;excl_performance,1
6870,1-3MOUGIG,MVRL58644,HI TECH AUTO ELECTRICAL PTY LTD,4,company;service;excl_electrical,1
6871,1-361XP9,MVRL45840,Hi-Tec Body Repairs Pty Ltd,4,company;service;excl_body,1
6872,1-XTH-2922,MVRL8280,Hi-Torque Truck Spares (Aust) Pty Ltd,4,company;excl_heavy;excl_parts_towing,1
6873,1-KBA935,MVRL48932,High Performance Smash Repairs Pty Ltd,4,company;service;excl_body;excl_performance,1
6874,1-XTH-544,MVRL43381,Highland Autos Pty Ltd,4,company;service;excl_dealer,1
6875,1-XTH-571,MVRL43428,Highland Kackell Pty Ltd,4,company;excl_dealer,1
6876,1-369N3KP,MVRL55567,HIGHLAND TRUCK AND TRAILER REPAIRS PTY LTD,4,company;service;excl_heavy,1
6877,1-4GEQIGA,MVRL63833,HIGHLANDS CARAVAN FLOAT & BOAT REPAIRS PTY LTD,4,company;service;excl_specialty_vehicle,1
6878,1-E9BYIQ,MVRL48256,Highlands Tyremasters Pty Ltd,4,company;excl_tyres,1
6879,1-1UHMS3D,MVRL52710,Hil-Col Haulage Pty Ltd,4,company;excl_heavy,1
6880,1-XSI-4881,MVRL21495,Hillis Ford Pty Ltd,4,company;excl_dealer,1
6881,1-3GIDDQC,MVRL56951,Hills District Repair Centre,4,sole_trader;service;excl_body,1
6882,1-3Z43R2A,MVRL61110,Hillside Metalworks Pty Ltd,4,company;service;excl_heavy,1
6883,1-44ZLJM4,MVRL61854,Hillston Tyre Service Pty Ltd,4,company;service;excl_tyres,1
6884,1-40HY9LO,MVRL61312,HILLTOPS DIESEL PTY LTD,4,company;excl_heavy,1
6885,1-1NB83TH,MVRL52376,Hispec Auto Electrical Pty Ltd,4,company;service;excl_electrical,1
6886,1-4BKJM94,MVRL62912,HMX HIRE PTY LIMITED,4,company;excl_other,1
6887,1-4CR5JN4,MVRL63192,HN Smash Repairs Pty Ltd,4,company;service;excl_body,1
6888,1-3I1FUDQ,MVRL57184,HNL FLEET PTY LTD,4,company;excl_heavy,1
6889,1-3RTFGRW,MVRL59944,Hogan Vehicle Glass Pty Ltd,4,company;excl_electrical,1
6890,1-XSI-1509,MVRL14041,Holland Welding (Bourke) Pty Ltd,4,company;excl_performance,1
6891,1-XT3-4096,MVRL30477,Holroyd Bus Lines Pty Ltd,4,company;excl_heavy,1
6892,1-XT3-3865,MVRL30031,Holton Spares Pty Ltd,4,company;excl_parts_towing,1
6893,1-41H4XDW,MVRL61443,HOMEBUSH MAZDA PTY LTD,4,company;excl_dealer,1
6894,1-37IRUPK,MVRL55772,Honey's Group of Companies Pty Ltd,4,company;service;excl_other,1
6895,1-4FUG2BC,MVRL63755,Hoon Customs Pty Ltd,4,company;excl_performance,1
6896,1-2M0ZWDP,MVRL54374,Hopes Bus Service Pty Ltd,4,company;service;excl_heavy,1
6897,1-XT3-3623,MVRL29496,Horizon Access Spares & Service Pty Ltd,4,company;service;excl_parts_towing,1
6898,1-3VD37P2,MVRL60615,HORIZON SMASH REPAIRS PTY LTD,4,company;service;excl_body,1
6899,1-43J7R18,MVRL61723,Hornet Engineering Pty Ltd,4,company;excl_performance,1
6900,1-3F2STWQ,MVRL56764,Hornsby Auto Electrical Services Pty Ltd,4,company;service;excl_electrical,1
6901,1-XT3-3694,MVRL29651,Hornsby Automotive Group Pty Ltd,4,company;service;excl_dealer,1
6902,1-XTB-1824,MVRL36972,Hornsby Prestige Smash Repairs Pty Ltd,4,company;service;excl_body,1
6903,1-1CND71I,MVRL51619,Hornsby Tyre & Service Pty Ltd,4,company;service;excl_tyres,1
6904,1-3JVPAJC,MVRL57712,HOWARD'S AUTO & ELECTRICAL PTY LIMITED,4,company;service;excl_electrical,1
6905,1-XTH-2410,MVRL7086,HT Northcote Pty Ltd,4,company;excl_body,1
6906,1-40AKG86,MVRL61234,HUNTER AUTOMOTIVE SALES PTY LTD,4,company;service;excl_dealer,1
6907,1-4HHPE8O,MVRL64105,HUNTER PLANT & AG SERVICES PTY LTD,4,company;service;excl_heavy,1
6908,1-200873U,MVRL53050,Hunter Plant & Mechanical Pty Ltd,4,company;service;excl_heavy,1
6909,1-4FNMLCC,MVRL63816,HUNTER PRESTIGE NSW PTY LTD,4,company;service;excl_body,1
6910,1-2712UNT,MVRL53402,Hunter United Paint & Panels Pty Ltd,4,company;excl_body,1
6911,1-3O3PDC4,MVRL59145,HUNTER VALLEY HEAVY MAINTENANCE PTY LIMITED,4,company;excl_heavy,1
6912,1-3MBLA8O,MVRL58646,HUNTER VALLEY MOTOR GROUP PTY LIMITED,4,company;excl_dealer,1
6913,1-49W9C6C,MVRL62697,HUNTER VALLEY PAINT N PANEL PTY LTD,4,company;excl_body,1
6914,1-3SGCG8H,MVRL60144,HUNTER VALLEY PERFORMANCE & SERVICE CENTRE PTY LTD,4,company;service;excl_performance,1
6915,1-3Q5QNPG,MVRL59614,Hunter Valley Plant Maintenance Pty Ltd,4,company;excl_heavy,1
6916,1-XSI-3997,MVRL19610,Huntermotive Pty Ltd,4,company;excl_dealer,1
6917,1-3LIWQ2C,MVRL58306,Hunts Marine Centre Pty Ltd,4,company;excl_specialty_vehicle,1
6918,1-4H880ZM,MVRL64006,Hunts Marine South Coast Pty Ltd,4,company;excl_specialty_vehicle,1
6919,1-QL3HI4,MVRL49609,Hurcum Auto Electrics Pty Ltd,4,company;service;excl_electrical,1
6920,1-XTH-116,MVRL42696,Hurrikayne Pty Ltd,4,company;excl_dealer,1
6921,1-40XLDA2,MVRL61409,Hussain Nabizadah,4,sole_trader;service;excl_tyres,1
6922,1-20JHGOH,MVRL53285,Hussein Farhat,4,sole_trader;excl_body,1
6923,1-XTH-2787,MVRL7972,Hydraulics & Tractor Service Pty Ltd,4,company;service;excl_heavy,1
6924,1-4I860RQ,MVRL64197,Hype Cars Pty Ltd,4,company;service;excl_body,1
6925,1-XTB-4460,MVRL41515,Hyundai Motor Company Australia Pty Ltd,4,company;service;excl_dealer,1
6926,1-31KGJOL,MVRL54986,I & M NABI ENTERPRISES PTY LTD,4,company;excl_tyres,1
6927,1-34F9DTL,MVRL55307,I C Couriers Pty Ltd,4,company;excl_other,1
6928,1-141AWFR,MVRL50878,Ian David Bruce,4,sole_trader;excl_specialty_vehicle,1
6929,1-XTN-719,MVRL16069,Ian Neville Bell,4,sole_trader;service;excl_body,1
6930,1-XUC-2535,MVRL42822,Ian Scott Rutter,4,sole_trader;service;excl_electrical,1
6931,1-3RI3KJE,MVRL59928,Ibby & Sam Pty Ltd,4,company;service;excl_tyres,1
6932,1-XT3-1263,MVRL24521,ICR Engineering Pty Ltd,4,company;excl_performance,1
6933,1-2J2FWPJ,MVRL53873,Idrive Recruitment and Training Pty Ltd,4,company;service;excl_other,1
6934,1-XTB-4605,MVRL41805,Iggys Smash Repairs Pty Ltd,4,company;service;excl_body,1
6935,1-XTB-3591,MVRL39966,Illawarra Collision Repairs Pty Ltd,4,company;service;excl_body,1
6936,1-XTH-1144,MVRL44480,Illawarra Truck Repairs & Spares Pty Ltd,4,company;service;excl_heavy;excl_parts_towing,1
6937,1-XSI-420,MVRL11221,Image Body Shop Pty Ltd,4,company;excl_body,1
6938,1-3TBE4DU,MVRL60377,Impact Diesel Group Pty Ltd,4,company;excl_heavy,1
6939,1-473ZLR2,MVRL62326,Imparator Performance Pty Ltd,4,company;excl_performance,1
6940,1-3XS4L5U,MVRL60923,IMPECCABLE FLEET MAINTENANCE PTY LTD,4,company;excl_heavy,1
6941,1-4F6WFZ2,MVRL63669,IMPERIAL TRUCK REPAIRS PTY LTD,4,company;service;excl_heavy,1
6942,1-XTB-1650,MVRL36642,In Line Body Works Pty Ltd,4,company;excl_body,1
6943,1-4Z2VDV,MVRL46674,Inchurch Automotive Pty Ltd,4,company;service;excl_dealer,1
6944,1-2ZI2S59,MVRL54879,INFINITY SMASH REPAIRS PTY LTD,4,company;service;excl_body,1
6945,1-2MUBL9T,MVRL54320,Infrastructure Maintenance & Engineering Australia Pty Limited,4,company;excl_performance,1
6946,1-XT3-3573,MVRL29402,Ingleburn Bus Services Pty Ltd,4,company;service;excl_heavy,1
6947,1-1YNALS4,MVRL53040,Ingleburn Mechanical & Tyre Service Pty Ltd,4,company;service;excl_tyres,1
6948,1-4BS7HCU,MVRL63019,Ingleburn Truck and Trailer Pty Ltd,4,company;excl_heavy,1
6949,1-3J1KP8R,MVRL57340,Inhim Estate Pty Ltd,4,company;excl_performance,1
6950,1-4EGA672,MVRL63490,Injecting Diesel Pty Limited,4,company;excl_heavy,1
6951,1-4HEU4S9,MVRL63933,Inland Tyre & Mechanical Pty Ltd,4,company;service;excl_tyres,1
6952,1-3OZY5U8,MVRL59457,INLINE TRUCK AND PLANT PTY LIMITED,4,company;excl_heavy,1
6953,1-Y5J58A,MVRL50423,Inner City Smash Pty Ltd,4,company;excl_body,1
6954,1-V243U5,MVRL50016,Innov8ive Customs Pty Ltd,4,company;excl_performance,1
6955,1-41RT3WI,MVRL61552,Insight Auto Electrics Pty Ltd,4,company;service;excl_electrical,1
6956,1-2N6MZ9Z,MVRL54384,Insight Services (NSW) Pty Ltd,4,company;service;excl_performance,1
6957,1-3P2U29S,MVRL59598,Intercolonial Tyre Services Pty Ltd,4,company;service;excl_tyres,1
6958,1-XTB-2276,MVRL37736,International Management Systems Pty Ltd,4,company;excl_performance,1
6959,1-EIGUAE,MVRL48259,Inverell 4WD Centre Pty Ltd,4,company;excl_performance,1
6960,1-40XYXZ8,MVRL61350,Inverell Motors Pty Ltd,4,company;service;excl_dealer,1
6961,1-5IULW5,MVRL46959,Inverell Truck & Diesel Repairs Pty Ltd,4,company;service;excl_heavy,1
6962,1-2LOA025,MVRL54183,IOMG Australia Pty Ltd,4,company;service;excl_body,1
6963,1-3LIKX6N,MVRL58263,Iron Earth Diesel Pty Ltd,4,company;excl_heavy,1
6964,1-4G7KMKU,MVRL63806,IRON PULSE ENGINEERING PTY LTD,4,company;excl_performance,1
6965,1-7UCXH0,MVRL47670,Irongum Pty. Ltd,4,company;service;excl_tyres,1
6966,1-4FB8TKV,MVRL63677,Ironman 4x4 Pty Ltd,4,company;excl_performance,1
6967,1-XT3-3102,MVRL2845,Isabella Auto Smash Repairs Pty Ltd,4,company;service;excl_body,1
6968,1-2A33N3N,MVRL53584,Ivo Giananti,4,sole_trader;service;excl_performance,1
6969,1-2ATU22W,MVRL53749,J & E Granata Smash Repairs Pty Ltd,4,company;service;excl_body,1
6970,1-3IM6AIT,MVRL57215,J & H Collision Pty Ltd,4,company;excl_body,1
6971,1-3KUHXZG,MVRL58051,J & J PRO STREET PTY LTD,4,company;excl_performance,1
6972,1-XTB-281,MVRL32991,J & P Auto Electrical Service Pty Ltd,4,company;service;excl_electrical,1
6973,1-35RS0F8,MVRL55561,J and H Hooper Pty Ltd,4,company;service;excl_body,1
6974,1-1WBPGXK,MVRL52831,J J Petroleum (Liverpool) Pty Ltd,4,company;excl_other,1
6975,1-XTH-664,MVRL43616,J P N H Smash Repairs Pty Ltd,4,company;service;excl_body,1
6976,1-XTB-2666,MVRL38483,J T Fossey (Sales) Pty Ltd,4,company;excl_dealer,1
6977,1-3ELZISC,MVRL56762,J. B. Caravan Sales Pty Ltd,4,company;excl_dealer;excl_specialty_vehicle,1
6978,1-XU2-7,MVRL17452,Jack Arcuri,4,sole_trader;service;excl_electrical,1
6979,1-3MTYNH,MVRL46259,Jack's Auto Electrical Pty Ltd,4,company;service;excl_electrical,1
6980,1-4BSS918,MVRL63060,Jackett Auto Electrical Pty Ltd,4,company;service;excl_electrical,1
6981,1-16W5G0B,MVRL51204,Jackson Plant & Transport Pty Ltd,4,company;excl_heavy;excl_other,1
6982,1-3RLJN7O,MVRL60069,Jacob James Howard,4,sole_trader;service;excl_tyres,1
6983,1-10MN2BH,MVRL50590,Jacob Radnidge,4,sole_trader;excl_specialty_vehicle,1
6984,1-46G4IYH,MVRL62063,Jai Michelin Haulage Pty Ltd,4,company;excl_heavy,1
6985,1-XU2-4776,MVRL31548,Jaimie Ronald Kent,4,sole_trader;excl_body,1
6986,1-416N99M,MVRL61477,Jake Haulage Services Pty Limitred,4,company;service;excl_heavy,1
6987,1-4062PI4,MVRL61309,JAKE'S HYDRAULICS & GENERAL ENGINEERING PTY LTD,4,company;excl_performance,1
6988,1-4IX0UPO,MVRL64380,Jakes Tyres Pty Ltd,4,company;excl_tyres,1
6989,1-XTB-679,MVRL34809,Jamberoo Place Pty Ltd,4,company;service;excl_other,1
6990,1-3Q7E03Q,MVRL59593,James Alexander Hallowell,4,sole_trader;excl_performance,1
6991,1-46B5QS4,MVRL62125,JAMES CLARK MOBILE MECHANIC PTY LTD,4,company;service;excl_mobile,1
6992,1-13APO1Z,MVRL50803,James Darren Patrick,4,sole_trader;service;excl_body,1
6993,1-3OMC7GC,MVRL59164,James Frizelle's Automotive Group Pty Ltd,4,company;service;excl_dealer,1
6994,1-3N1GLF0,MVRL58778,James Joseph Bell,4,sole_trader;service;excl_heavy;excl_specialty_vehicle,1
6995,1-XTN-2310,MVRL20909,James Prem Singh,4,sole_trader;service;excl_electrical,1
6996,1-3M6OVHQ,MVRL58492,James Raymond Bowrey,4,sole_trader;excl_electrical,1
6997,1-22D435F,MVRL53158,James Sebastian Pogson,4,sole_trader;excl_performance,1
6998,1-4ECPQ9Y,MVRL63516,James Timothy Peel,4,sole_trader;excl_heavy,1
6999,1-1LQHZDF,MVRL52228,Jamie David Green,4,sole_trader;excl_performance,1
7000,1-3MCN5H8,MVRL58555,Jamie Lee McGowan,4,sole_trader;service;excl_body,1
7001,1-2N8YLV,MVRL45245,Jamie Leonard Thomas Regan,4,sole_trader;excl_tyres,1
7002,1-XU2-877,MVRL20096,Jamie Michael Morley,4,sole_trader;service;excl_electrical,1
7003,1-2Z9TJQX,MVRL54799,Jamie Raymond Ferguson,4,sole_trader;service;excl_tyres,1
7004,1-1C4GXLI,MVRL51542,Jamie Walsh Tyres Pty Ltd,4,company;excl_tyres,1
7005,1-38NEJPR,MVRL55911,Jan Louise Ladmore,4,sole_trader;excl_heavy,1
7006,1-2APVFI5,MVRL53609,Jan Urban,4,sole_trader;service;excl_performance,1
7007,1-XUC-129,MVRL32744,Janice Mary Buttriss,4,sole_trader;service;excl_body,1
7008,1-KVBFLK,MVRL49012,Jannion Kent Elliott,4,sole_trader;excl_performance,1
7009,1-4FR9HCK,MVRL63822,Janus Electric Pty Limited,4,company;excl_electrical,1
7010,1-XSI-4887,MVRL21509,Janwall Pty Ltd,4,company;service;excl_body,1
7011,1-LAN3OP,MVRL49061,Jap Performance Pty Ltd,4,company;service;excl_parts_towing;excl_performance,1
7012,1-3TD08Y,MVRL46272,Jap World Spares Pty Ltd,4,company;excl_parts_towing,1
7013,1-41VFDKZ,MVRL61432,Japtruck Repairs & Spares Pty Ltd,4,company;service;excl_parts_towing,1
7014,1-1X24Z2B,MVRL52916,Jared Keith Napper,4,sole_trader;service;excl_performance,1
7015,1-3P8AYYA,MVRL59357,Jarrad Luke Cush,4,sole_trader;excl_performance,1
7016,1-3CY6BTA,MVRL56517,Jaskel Australia Pty Ltd,4,company;excl_electrical,1
7017,1-3DE9DQC,MVRL56584,Jasmine Davis,4,sole_trader;service;excl_specialty_vehicle,1
7018,1-4DKU5GQ,MVRL63303,Jason Davies,4,sole_trader;service;excl_performance,1
7019,1-405FQPY,MVRL61286,Jason Edward Stone,4,sole_trader;service;excl_tyres,1
7020,1-4C131X,MVRL46424,Jason Francis Cartwright,4,sole_trader;excl_heavy,1
7021,1-358ZLCC,MVRL55428,Jason Lee Zammit,4,sole_trader;excl_heavy;excl_specialty_vehicle,1
7022,1-2MENDZF,MVRL54224,Jason Martin Whittaker,4,sole_trader;service;excl_tyres,1
7023,1-XTQ-306,MVRL29824,Jason Scott Parkin,4,sole_trader;service;excl_specialty_vehicle,1
7024,1-443LB1W,MVRL61681,Jason Stephen Minns,4,sole_trader;service;excl_body,1
7025,1-372BY8J,MVRL55796,JAX QUICKFIT RETAILING PTY LIMITED,4,company;service;excl_tyres;excl_parts_towing,1
7026,1-3V7Q9NU,MVRL60537,JAYA AND SOLER PTY LTD,4,company;excl_specialty_vehicle,1
7027,1-XTN-4857,MVRL28634,Jayant Kumar Karan,4,sole_trader;service;excl_body,1
7028,1-59U94S,MVRL46819,Jaytee And Dylan Pty Ltd,4,company;excl_body;excl_performance,1
7029,1-348G9QP,MVRL55290,JB Autocare Pty Ltd,4,company;service;excl_tyres,1
7030,1-79JZGH,MVRL47347,JB Enterprises Pty Ltd,4,company;excl_performance,1
7031,1-3PE2OZQ,MVRL59370,JB Heavy Vehicle Repairs Pty Ltd,4,company;service;excl_heavy,1
7032,1-WPE0EN,MVRL50195,JB Truck Repairs Pty Ltd,4,company;service;excl_heavy,1
7033,1-2GIHYJN,MVRL53826,Jbam Holdings Pty Ltd,4,company;excl_tyres,1
7034,1-33EOFQE,MVRL55174,JBK Smash Repairs (NSW) Pty Ltd,4,company;service;excl_body,1
7035,1-XTB-3446,MVRL39693,JBW Mobile Motor Vehicle Repair Pty Ltd,4,company;service;excl_mobile,1
7036,1-3P84LVC,MVRL59585,JC Diesel Tune Pty Ltd,4,company;service;excl_heavy,1
7037,1-4IQQQWW,MVRL64221,JC MOBILE AUTOMOTIVE REPAIR & ELECTRICAL PTY LTD,4,company;service;excl_electrical;excl_mobile,1
7038,1-3TSS1XC,MVRL60312,JCE Heavy Diesel Solutions Pty Ltd,4,company;excl_heavy,1
7039,1-4APU302,MVRL62786,JCT PERFORMANCE PTY LTD,4,company;excl_performance,1
7040,1-K3NK2R,MVRL48908,JD & JS Pty Ltd,4,company;service;excl_body,1
7041,1-4CLEY72,MVRL63117,JD AUTOMOTIVE GROUP PTY LTD,4,company;service;excl_dealer,1
7042,1-9WA7P9,MVRL47799,JD Smash & Auto Repairs Pty Ltd,4,company;service;excl_body,1
7043,1-2KQE8NB,MVRL54087,JDP Heavy Diesel Pty Ltd,4,company;excl_heavy,1
7044,1-2X7J37X,MVRL54664,JDR Earthmoving Repairs Pty Ltd,4,company;service;excl_heavy,1
7045,1-4DTHSWQ,MVRL63313,JDS PLANT AND HEAVY EQUIPMENT REPAIRS PTY LTD,4,company;service;excl_heavy,1
7046,1-XT3-4452,MVRL31228,Jeff Mills Auto Electrics Pty Ltd,4,company;service;excl_electrical,1
7047,1-XU2-3479,MVRL27517,Jeffrey Desmond Miethke,4,sole_trader;service;excl_specialty_vehicle;excl_mobile,1
7048,1-XUC-2801,MVRL44173,Jeffrey Franke,4,sole_trader;excl_heavy,1
7049,1-XTQ-1854,MVRL35031,Jeffrey Lionel Holland,4,sole_trader;excl_performance,1
7050,1-34W1UT,MVRL45850,Jemway Pty Ltd,4,company;service;excl_body,1
7051,1-31TMVEE,MVRL54984,Jenton Truck & Trailer Repairs Pty Ltd,4,company;service;excl_heavy,1
7052,1-1IW32I4,MVRL52013,Jeremy Francis Voltz,4,sole_trader;excl_electrical,1
7053,1-3CMVOFI,MVRL56443,Jeremy Roland Caterer,4,sole_trader;service;excl_electrical,1
7054,1-JOCK29,MVRL48810,Jerilderie Tyre Service Pty Ltd,4,company;service;excl_tyres,1
7055,1-3OMKL2W,MVRL59196,Jesse Logan,4,sole_trader;service;excl_tyres,1
7056,1-3XRB33Y,MVRL60909,JETT'S HEAVY MECHANICAL PTY LTD,4,company;service;excl_heavy,1
7057,1-4I605I8,MVRL64132,JETTS TRUCK REPAIRS PTY LTD,4,company;service;excl_heavy,1
7058,1-3TY4TGE,MVRL60369,JG Smash Repairs Pty Ltd,4,company;service;excl_body,1
7059,1-3EP9AHC,MVRL56704,JGE Machinery Pty Ltd,4,company;excl_heavy,1
7060,1-XTB-4628,MVRL41873,JGK Auto Body Repairs Pty Ltd,4,company;service;excl_body,1
7061,1-39ION1Z,MVRL56101,JGM Auto Electrician Pty Ltd,4,company;service;excl_electrical,1
7062,1-3IH7Z0Y,MVRL57418,JH AND MJ TRINDADE PTY LIMITED,4,company;excl_tyres,1
7063,1-XTQ-4694,MVRL41844,Jim Omeros,4,sole_trader;excl_body,1
7064,1-3Q3APWZ,MVRL59594,Jimmy Kolevski,4,sole_trader;service;excl_body,1
7065,1-3PGFM1W,MVRL59662,JJAB Holdings Pty Limited,4,company;excl_performance,1
7066,1-3KT0ESK,MVRL58079,JK PERFORMANCE PTY LTD,4,company;excl_performance,1
7067,1-2VI6QMK,MVRL54475,JK Smash Repairs Pty Ltd,4,company;service;excl_body,1
7068,1-38IL5PJ,MVRL55894,JKJL Pty Ltd,4,company;excl_performance,1
7069,1-2JQL8RC,MVRL53950,JKLCM Operations Pty Ltd,4,company;service;excl_tyres,1
7070,1-3RPTKL4,MVRL59965,JL AUTO ELECTRICAL PTY LTD,4,company;service;excl_electrical,1
7071,1-4CV0OB8,MVRL62959,JLA MECHANICAL AND DETAILING PTY LTD,4,company;service;excl_other,1
7072,1-42INAE,MVRL46305,JM Forklifts Pty Ltd,4,company;excl_heavy,1
7073,1-42D5VJK,MVRL61625,JMC Spares Pty Ltd,4,company;excl_parts_towing,1
7074,1-3MVJSUG,MVRL58710,JMD GROUP AUSTRALIA PTY. LTD.,4,company;service;excl_body,1
7075,1-36OZTYD,MVRL55661,JME ENGINEERING PTY LTD,4,company;excl_performance,1
7076,1-4F710UW,MVRL63668,JMG HAULAGE PTY LTD,4,company;excl_heavy,1
7077,1-3PGK9NI,MVRL59580,JNR AUTOMOTIVE & TYRES PTY LTD,4,company;service;excl_tyres,1
7078,1-49OOGSO,MVRL62547,Joel Errol Williams,4,sole_trader;excl_body,1
7079,1-3VNIZSG,MVRL60710,Joel Moss PTY LTD,4,company;service;excl_body,1
7080,1-34R17LB,MVRL55310,Joel William Charles McElroy,4,sole_trader;service;excl_body,1
7081,1-XU2-4657,MVRL31098,John Alexander Chalmers,4,sole_trader;service;excl_electrical,1
7082,1-Z99BTD,MVRL50490,John Alexander Ivanoff,4,sole_trader;service;excl_body,1
7083,1-XTQ-1505,MVRL33002,John Anthony Boyle,4,sole_trader;service;excl_body,1
7084,1-2R641JF,MVRL54380,John Anthony Carpenter,4,sole_trader;service;excl_body,1
7085,1-2N5ETBK,MVRL54353,John Anthony Reed,4,sole_trader;service;excl_performance,1
7086,1-XTN-944,MVRL16794,John Bernard Rapley,4,sole_trader;service;excl_body,1
7087,1-XU2-2840,MVRL25713,John Bradley Donlan,4,sole_trader;service;excl_body,1
7088,1-XTQ-4895,MVRL42341,John Campbell,4,sole_trader;service;excl_performance,1
7089,1-XU2-4855,MVRL31831,John Charles Boyle,4,sole_trader;service;excl_body,1
7090,1-3GFSAS4,MVRL57013,John Chellos,4,sole_trader;excl_performance,1
7091,1-XUC-1819,MVRL3963,John Christopher Bakewell,4,sole_trader;service;excl_body,1
7092,1-XTN-4461,MVRL27483,John David Stuart,4,sole_trader;excl_heavy;excl_other,1
7093,1-XUC-4213,MVRL7950,John Dean Nicholson,4,sole_trader;excl_heavy,1
7094,1-VD6LZR,MVRL50033,John Edward Parrey,4,sole_trader;service;excl_tyres,1
7095,1-XTH-3859,MVRL10796,John Francis Collins,4,sole_trader;service;excl_performance,1
7096,1-OSBGNI,MVRL49437,John Henry Hallgath,4,sole_trader;excl_other,1
7097,1-3L6I61Y,MVRL58201,John James Styles,4,sole_trader;service;excl_specialty_vehicle,1
7098,1-OEM6X1,MVRL49382,John Keith Bussey,4,sole_trader;service;excl_tyres,1
7099,1-XTH-3007,MVRL8545,John Mack Distributors Pty Ltd,4,company;excl_dealer;excl_tyres,1
7100,1-XTH-2323,MVRL691,John McKenzie Smash Repairs Pty Ltd,4,company;service;excl_body,1
7101,1-XTN-3799,MVRL25363,John Mclean Ditchfield,4,sole_trader;service;excl_electrical,1
7102,1-1MPKINF,MVRL52198,John Michael Sutherland,4,sole_trader;excl_specialty_vehicle,1
7103,1-3NBRQP4,MVRL58842,John Micheal McBean,4,sole_trader;excl_performance,1
7104,1-1161IG0,MVRL50650,John Najem,4,sole_trader;service;excl_other,1
7105,1-XTH-2772,MVRL7941,John Newell Pty Ltd,4,company;excl_dealer,1
7106,1-49IQJJB,MVRL62726,John Ouzounidis,4,sole_trader;excl_performance,1
7107,1-4EQIYF8,MVRL63563,John Robert Dean,4,sole_trader;service;excl_electrical,1
7108,1-XTN-744,MVRL16138,John Robert Winbank,4,sole_trader;service;excl_body,1
7109,1-XT3-214,MVRL22270,John Tassell & Associates Pty Ltd,4,company;service;excl_electrical,1
7110,1-XUC-222,MVRL33022,John Vince Cicciarello,4,sole_trader;service;excl_body,1
7111,1-XTH-3571,MVRL100,John Warren Walker,4,sole_trader;service;excl_body;excl_electrical,1
7112,1-5TNFII,MVRL47015,Johnny Criticos,4,sole_trader;excl_performance,1
7113,1-XUC-986,MVRL36648,Johnny Melissari,4,sole_trader;service;excl_mobile,1
7114,1-XTB-109,MVRL32663,Johnos Auto Electrical Services Pty Ltd,4,company;service;excl_electrical,1
7115,1-36K8AQ1,MVRL55636,JOHNSTON PLANT AND HEAVY VEHICLE REPAIRS PTY LTD,4,company;service;excl_heavy,1
7116,1-XSI-2743,MVRL16859,Johnston Truck Bodies Pty Ltd,4,company;excl_heavy,1
7117,1-15R1IWD,MVRL51069,Jon Paul White,4,sole_trader;excl_body,1
7118,1-XUC-1861,MVRL39822,Jonathan Peter Oliver,4,sole_trader;excl_performance,1
7119,1-PEQ6EA,MVRL49485,Jonathon Daniel Little,4,sole_trader;service;excl_body,1
7120,1-3JDA32O,MVRL57475,Jonathon Harley Barber,4,sole_trader;excl_specialty_vehicle,1
7121,1-15MYNO7,MVRL51094,Jonesys Wheel Alignment Pty Ltd,4,company;excl_tyres,1
7122,1-XT3-1809,MVRL25766,Jopano Pty Ltd,4,company;excl_dealer,1
7123,1-XT3-2054,MVRL26216,Jorock Welding Pty Ltd,4,company;excl_performance,1
7124,1-3ODK763,MVRL59115,Josan Tyres Pty Ltd,4,company;service;excl_tyres,1
7125,1-2K64MDR,MVRL54090,Joseph Boustany,4,sole_trader;service;excl_mobile,1
7126,1-42R9070,MVRL61576,Joseph Fred Broso,4,sole_trader;excl_body,1
7127,1-3BEOUDU,MVRL56573,JOSH BENDALL AUTO ELECTRICS & AIRCONDITIONING PTY LTD,4,company;service;excl_electrical,1
7128,1-4554Z7Y,MVRL61934,Joshua William O'Brien,4,sole_trader;service;excl_mobile,1
7129,1-3EI0B6I,MVRL56678,Joshua William Smith,4,sole_trader;excl_body,1
7130,1-13S3TUB,MVRL50851,Jovan Vidakovic,4,sole_trader;service;excl_electrical,1
7131,1-4EHHV6K,MVRL63522,JPA PERFORMANCE & DYNO PTY LTD,4,company;excl_performance,1
7132,1-4OLQ2E,MVRL46556,JPC Enterprise Pty Ltd,4,company;service;excl_other,1
7133,1-10G3T30,MVRL50586,JPR Painting Pty Ltd,4,company;service;excl_body,1
7134,1-48YJ37L,MVRL62424,JPRO Enterprises Pty Ltd,4,company;service;excl_specialty_vehicle,1
7135,1-3MYZB4U,MVRL58738,JPW MARINE AND AUTOMOTIVE PTY LTD,4,company;service;excl_specialty_vehicle,1
7136,1-KO38YW,MVRL48957,JR's Auto Electrics (NSW) Pty Ltd,4,company;service;excl_electrical,1
7137,1-XTB-4183,MVRL41018,JRB Diesel Plant & Mechanical Services Pty Ltd,4,company;service;excl_heavy,1
7138,1-XTB-1661,MVRL36664,JS Auto Electrics Pty Ltd,4,company;service;excl_electrical,1
7139,1-XTB-4503,MVRL41593,JS Smash Pty Ltd,4,company;excl_body,1
7140,1-16U76P9,MVRL51199,JSN Auto Electrical Pty Ltd,4,company;service;excl_electrical,1
7141,1-4CKOMC1,MVRL62905,JSR Prestige Group Pty Ltd,4,company;service;excl_body,1
7142,1-41JSFA2,MVRL61563,JT MACHINERY PTY LTD,4,company;excl_heavy,1
7143,1-2VDCJHR,MVRL54454,JT Performance Pty Ltd,4,company;excl_performance,1
7144,1-47SQ3B0,MVRL62527,JTM TRUCK & TRAILER REPAIRS PTY LTD,4,company;service;excl_heavy,1
7145,1-42MP25M,MVRL61609,JTN Motorsports Pty Ltd,4,company;excl_performance,1
7146,1-3GY0X8M,MVRL57086,Jubilee Smash Auto Body Repairs Pty Ltd,4,company;service;excl_body,1
7147,1-XSI-349,MVRL11125,Judds Engineering Pty Ltd,4,company;excl_performance,1
7148,1-47Q1COU,MVRL62408,Jules Tyres Pty Ltd,4,company;excl_tyres,1
7149,1-3QNXTIC,MVRL59853,JUST DIESEL SERVICES PTY LTD,4,company;service;excl_heavy,1
7150,1-4GA4YWY,MVRL63787,JUST IN FABRICATIONS PTY LTD,4,company;excl_performance,1
7151,1-XTB-86,MVRL32621,Just Japanese Auto Parts Pty Ltd,4,company;service;excl_parts_towing,1
7152,1-3R4NPPW,MVRL59849,JUST TYRED PTY LTD,4,company;excl_tyres,1
7153,1-ULYDV8,MVRL50094,Just West Smash Repairs Pty Ltd,4,company;service;excl_body,1
7154,1-2FEDOY,MVRL45190,Justin Allan Camps,4,sole_trader;service;excl_body,1
7155,1-39R4YKH,MVRL56040,Justin David Lashbrook,4,sole_trader;excl_heavy,1
7156,1-1HAEETI,MVRL51826,Justin Philip Latham,4,sole_trader;service;excl_parts_towing,1
7157,1-8R8NNK,MVRL47617,K & B Jones Pty Ltd,4,company;service;excl_electrical,1
7158,1-XSI-2581,MVRL16485,K & E S Adamthwaite Crash Repairs Pty Ltd,4,company;service;excl_body,1
7159,1-4HEHIUY,MVRL64043,K & M Automotive & Tyres Pty Ltd,4,company;service;excl_tyres,1
7160,1-3UCP3PW,MVRL60388,K & M Morrow Pty Limited,4,company;service;excl_body,1
7161,1-4J45VQU,MVRL64348,K & S AGRICULTURAL COMPANY PTY LTD,4,company;service;excl_heavy,1
7162,1-XTB-4621,MVRL41838,K And Y Sydney Smash & Mechanic Repair Pty Ltd,4,company;service;excl_body,1
7163,1-3NOEXMK,MVRL58990,K.R.A.E. AUTOMOTIVE GROUP PTY LTD,4,company;service;excl_dealer,1
7164,1-XSI-157,MVRL1072,Kaitaka Pty Ltd,4,company;service;excl_body,1
7165,1-3P1JAWI,MVRL59443,Kalil Tobi,4,sole_trader;service;excl_body,1
7166,1-2RSS7Z,MVRL45348,Kallamunda Pty Ltd,4,company;excl_body,1
7167,1-3E78GE8,MVRL56772,KANG NAM SMASH REPAIRS PTY LTD,4,company;service;excl_body,1
7168,1-XTH-253,MVRL42944,Kanimbla Designs Pty Ltd,4,company;excl_tyres,1
7169,1-3JBQISE,MVRL57465,KAP INDUSTRIES PTY LIMITED,4,company;service;excl_performance,1
7170,1-XTH-1164,MVRL44507,Kara's Smash Repairs Pty Ltd,4,company;service;excl_body,1
7171,1-3L4F51A,MVRL58172,Karan Holdings Pty Ltd,4,company;service;excl_performance,1
7172,1-3F4ALCB,MVRL56741,Karas Smash Dapto Pty Ltd,4,company;excl_body,1
7173,1-37DIT6D,MVRL55787,KARPRO GROUP PTY LTD,4,company;service;excl_tyres,1
7174,1-XT3-4489,MVRL31315,Karras Prestige Smash Repairs Pty Ltd,4,company;service;excl_body,1
7175,1-23HRWRL,MVRL53210,Karssemeyer Enterprises Pty Ltd,4,company;excl_body;excl_performance,1
7176,1-25YBQGK,MVRL53459,KAS Smash Repairs Pty Ltd,4,company;service;excl_body,1
7177,1-XTB-2183,MVRL37582,Kasmina Pty Ltd,4,company;excl_performance,1
7178,1-QYDV1Y,MVRL49682,Katoomba Smash Repairs Pty Ltd,4,company;service;excl_body,1
7179,1-3HN0OBC,MVRL57067,Kayla Daphne Styles,4,sole_trader;excl_specialty_vehicle,1
7180,1-XT3-1973,MVRL26074,Kazzi Petroleum Pty Ltd,4,company;excl_other,1
7181,1-45A33X6,MVRL61996,KB Auto Electrics Pty Ltd,4,company;service;excl_electrical,1
7182,1-4AX8IRY,MVRL62822,KDSY PTY LTD,4,company;excl_body,1
7183,1-46YQYX2,MVRL62148,KEEP 'EM MOVING TRUCK & DIESEL PTY LTD,4,company;excl_heavy,1
7184,1-4DONU7S,MVRL63277,KEEVERS HAULAGE PTY LTD,4,company;excl_heavy,1
7185,1-3Q45X08,MVRL59720,KELAHER MINING SERVICES PTY LTD,4,company;service;excl_other,1
7186,1-1MP95ED,MVRL52257,Kellaac Tyres Pty Limited,4,company;excl_tyres,1
7187,1-4CY6MZF,MVRL63136,Kelly's Diesel Maintenance Pty Ltd,4,company;excl_heavy,1
7188,1-XTN-2731,MVRL22221,Kelvin Warren Essery,4,sole_trader;service;excl_parts_towing,1
7189,1-3PMDCFO,MVRL59347,Kempsey Tyre Service Pty Ltd,4,company;service;excl_tyres,1
7190,1-XT3-929,MVRL23792,Ken Casson Motors Pty Ltd,4,company;service;excl_dealer,1
7191,1-39447HS,MVRL56056,Ken Karcevski,4,sole_trader;service;excl_performance,1
7192,1-2MALID2,MVRL54291,Ken Lingard Truck Repairs Pty Ltd,4,company;service;excl_heavy,1
7193,1-XT3-363,MVRL22585,Ken Morrow Smash Repairs Pty Ltd,4,company;service;excl_body,1
7194,1-XTH-1619,MVRL5343,Ken Shafer Smash Repairs (N.S.W.) Pty Ltd,4,company;service;excl_body,1
7195,1-3P0ZC04,MVRL59307,Kendall Edward Pears,4,sole_trader;service;excl_heavy,1
7196,1-1LSJDVF,MVRL52236,Kenneth Bruce Spears,4,sole_trader;service;excl_heavy,1
7197,1-33XNFL1,MVRL55236,Kenneth James Finn,4,sole_trader;excl_body,1
7198,1-XSI-3532,MVRL18626,Kensell Sales Pty Ltd,4,company;excl_dealer,1
7199,1-37U47N5,MVRL55802,Kenzie Corporation Pty Ltd,4,company;excl_tyres,1
7200,1-141AWR7,MVRL50877,Kerr's Auto Electrical Pty Ltd,4,company;service;excl_electrical,1
7201,1-XT3-2786,MVRL27836,Kerry Heap Auto Electrics Pty Ltd,4,company;service;excl_electrical,1
7202,1-XTQ-4704,MVRL41866,Kerry John Hope,4,sole_trader;excl_specialty_vehicle,1
7203,1-3NORA84,MVRL58975,Kevin Gary Groves,4,sole_trader;excl_performance,1
7204,1-3VP1ZH2,MVRL60580,Kevin Gerard Palmer,4,sole_trader;excl_electrical,1
7205,1-XUC-3822,MVRL6921,Kevin James Sayers,4,sole_trader;service;excl_body,1
7206,1-2MQOTK1,MVRL54328,KEVO Pty Ltd,4,company;service;excl_body,1
7207,1-2MN7NVS,MVRL54249,Kew Tyres & Auto Centre Pty Ltd,4,company;service;excl_tyres,1
7208,1-3NCBCPS,MVRL58953,KEYS WINDSCREENS PTY LIMITED,4,company;excl_electrical,1
7209,1-3N3HFY4,MVRL58857,KGN Corporation Pty Ltd,4,company;service;excl_body,1
7210,1-XTQ-4915,MVRL42401,Khaled Hossian Kanjou,4,sole_trader;service;excl_body,1
7211,1-1030SM2,MVRL50557,Khaled Ismail,4,sole_trader;service;excl_heavy,1
7212,1-UDHETX,MVRL49951,Kial Robert Huysmans,4,sole_trader;service;excl_specialty_vehicle,1
7213,1-XT3-2889,MVRL28031,Kiama Coaches Pty Ltd,4,company;excl_heavy,1
7214,1-3ZJ006,MVRL46291,Kieren Stuart Cameron,4,sole_trader;service;excl_body,1
7215,1-XTH-2623,MVRL7640,Killens Smash Repairs Pty Ltd,4,company;service;excl_body,1
7216,1-EA1YCG,MVRL48239,Killmore Plant Services Pty Ltd,4,company;service;excl_heavy,1
7217,1-3JWRX6L,MVRL57753,Kimber Trailers Pty Ltd,4,company;excl_heavy,1
7218,1-XTB-4566,MVRL41744,Kims Spares Pty Ltd,4,company;excl_parts_towing;excl_performance,1
7219,1-3T0UAQL,MVRL60210,Kinetic Fleet Services Pty Ltd,4,company;service;excl_heavy,1
7220,1-1QUBLVT,MVRL52626,King Smash Repairs (NSW) Pty Ltd,4,company;service;excl_body,1
7221,1-4FN3W98,MVRL63894,King Smash Repairs Batemans Bay Pty Ltd,4,company;service;excl_body,1
7222,1-1VTXO29,MVRL52811,King Spare Parts Pty Ltd,4,company;excl_parts_towing,1
7223,1-1WB6QQM,MVRL52886,King Wreck Australia Pty Ltd,4,company;excl_parts_towing,1
7224,1-XSI-852,MVRL12352,Kinghorn Motors Pty Ltd,4,company;service;excl_dealer,1
7225,1-XSI-3503,MVRL18570,Kings Discount Tyre & Brake Service Pty Ltd,4,company;service;excl_tyres,1
7226,1-4I6VAK0,MVRL64162,Kings Smash Repairs Tamworth Pty Ltd,4,company;service;excl_body,1
7227,1-3MGS4RV,MVRL58519,Kingsford Garage Car Care And Tyres Pty Ltd,4,company;service;excl_tyres,1
7228,1-XTB-2203,MVRL37618,Kingsford Smith Transport Pty Ltd,4,company;excl_other,1
7229,1-8CB5XF,MVRL47569,Kingsgrove Bus Service Pty Ltd,4,company;service;excl_heavy,1
7230,1-XTH-3408,MVRL9570,Kingsley Welding Pty Ltd,4,company;excl_performance,1
7231,1-3HXOI4K,MVRL57132,KINGSTON CARAVAN REPAIRS PTY LIMITED,4,company;service;excl_specialty_vehicle,1
7232,1-XT3-2788,MVRL27837,Kingswood Motor & Body Repairs Pty Ltd,4,company;service;excl_body,1
7233,1-3F4ALFC,MVRL56753,Kinsela Motorcycles Pty Ltd,4,company;excl_specialty_vehicle,1
7234,1-24OSJK0,MVRL53324,Kissbuild Pty Ltd,4,company;excl_performance,1
7235,1-435CRAI,MVRL61648,Kitchen Painting Services & More Pty Ltd,4,company;service;excl_body,1
7236,1-XTN-1803,MVRL1935,Kite Ralevski,4,sole_trader;service;excl_body,1
7237,1-3ZLWVBY,MVRL61090,KJ & EL Hobbs (Inverell) Pty Ltd,4,company;service;excl_dealer;excl_heavy,1
7238,1-4HV493G,MVRL64082,KJ'S FLEET AUSTRALIA PTY LTD,4,company;excl_heavy,1
7239,1-3JY2HN4,MVRL57686,KJB Truck Repairs Pty Ltd,4,company;service;excl_heavy,1
7240,1-3P9OUMG,MVRL59360,KMG CORP PTY LTD,4,company;service;excl_body,1
7241,1-3WPUXOM,MVRL60830,KML TRUCK ELECTRICS AND AIRCONDITIONING PTY LTD,4,company;excl_heavy;excl_electrical,1
7242,1-3PLHSN8,MVRL59473,Knappick Marine Contractors Pty Ltd,4,company;excl_specialty_vehicle,1
7243,1-405BI6U,MVRL61282,KNOCKED UP FABRICATION PTY LTD,4,company;excl_performance,1
7244,1-1GTJ92G,MVRL51843,KNT Car Care Pty Ltd,4,company;service;excl_body,1
7245,1-4B48SCM,MVRL62891,Kookaburra Caravans Pty Ltd,4,company;excl_specialty_vehicle,1
7246,1-71TCYJ,MVRL47341,Korea Auto Parts Pty Ltd,4,company;service;excl_parts_towing,1
7247,1-3IRANSA,MVRL57432,Kostas Tatsis,4,sole_trader;excl_performance,1
7248,1-2IULCY7,MVRL53958,Kosti Sifri,4,sole_trader;service;excl_tyres,1
7249,1-4FMT3TL,MVRL63719,KP Performance Pty Ltd,4,company;excl_performance,1
7250,1-46LTE7Y,MVRL62199,KR Carz & Truck Repairs Pty Ltd,4,company;service;excl_heavy,1
7251,1-3KDBD2C,MVRL57938,KRH Mining Maintenance Pty Ltd,4,company;excl_other,1
7252,1-3OZ0W7I,MVRL59405,Kristian Frandsen,4,sole_trader;service;excl_performance,1
7253,1-2ZVSZLM,MVRL54910,Krueger Transport Equipment Pty Ltd,4,company;excl_other,1
7254,1-XT3-1430,MVRL2495,KSA Truck Parts & Repairs Pty Ltd,4,company;service;excl_heavy;excl_parts_towing,1
7255,1-49PALUR,MVRL62667,KSK Group Pty Ltd,4,company;excl_tyres,1
7256,1-3QUKU2S,MVRL59907,KSZ AUTOMOTIVE AND SMASH REPAIRS PTY LTD,4,company;service;excl_body,1
7257,1-XTB-1336,MVRL36046,Kuipers Engineering Pty Ltd,4,company;excl_performance,1
7258,1-3H0YB4G,MVRL56929,Kurt-Jon McCarthy,4,sole_trader;service;excl_heavy,1
7259,1-4CTAE1V,MVRL63025,KX2 PTY LTD,4,company;service;excl_body,1
7260,1-4G6O9WI,MVRL63836,Kyle Johnathon Clarke,4,sole_trader;excl_body,1
7261,1-3IC82Y2,MVRL57191,Kyle Raymond Griffiths,4,sole_trader;service;excl_performance,1
7262,1-4JI5GFC,MVRL64294,L & K SILVESTER PTY LTD,4,company;service;excl_heavy,1
7263,1-3XGBRS6,MVRL60873,L & K Truck & Trailer Repairs Pty Ltd,4,company;service;excl_heavy,1
7264,1-XTH-2076,MVRL6365,L & M Smash Repairs Pty Ltd,4,company;service;excl_body,1
7265,1-4ELM7XS,MVRL63554,L ROSA PTY LTD,4,company;excl_body,1
7266,1-XSI-2985,MVRL1741,L S R Auto Body Pty Ltd,4,company;service;excl_body,1
7267,1-FE5SMQ,MVRL48357,L.B. Trading Pty Ltd,4,company;excl_performance,1
7268,1-4E2U0W2,MVRL63428,La Nova Removalists Pty Ltd,4,company;service;excl_heavy,1
7269,1-3IJ0W8O,MVRL57195,Lachlan Day,4,sole_trader;service;excl_other,1
7270,1-3HINK21,MVRL57115,Lachlan Street Holdings Pty Ltd,4,company;excl_tyres,1
7271,1-15IVOMW,MVRL51045,Lagos & Co Pty Ltd,4,company;excl_tyres,1
7272,1-4EDNJKC,MVRL63478,Lake City Body Repairs Pty Ltd,4,company;service;excl_body,1
7273,1-3Z7TNFC,MVRL61075,Lake Haven Tyre & Auto Pty Ltd,4,company;service;excl_tyres,1
7274,1-4AWMCNQ,MVRL62875,Lake Machinery Service & Repairs Pty Ltd,4,company;service;excl_heavy,1
7275,1-1J7GVAH,MVRL52061,Lake Macquarie Caravan Repairs Pty Ltd,4,company;service;excl_specialty_vehicle,1
7276,1-XTB-376,MVRL33182,Lake Macquarie City Council,4,sole_trader;excl_other,1
7277,1-3PVF0KA,MVRL59651,LAKE MACQUARIE TRUCK REPAIRS PTY LTD,4,company;service;excl_heavy,1
7278,1-3PC9ENT,MVRL59504,Lake Mobile Marine Servicing Pty Ltd,4,company;service;excl_specialty_vehicle;excl_mobile,1
7279,1-3AFKTCJ,MVRL56103,Lakeside Automotive Group Pty Ltd,4,company;service;excl_dealer,1
7280,1-3SVDZ7C,MVRL60299,Lakeside Tyres Pty Ltd,4,company;excl_tyres,1
7281,1-3S0YVD0,MVRL60028,LAMINATED WINDSCREEN SERVICES PTY. LIMITED,4,company;service;excl_electrical,1
7282,1-XT3-4123,MVRL30537,Langford Auto Electrical Pty Ltd,4,company;service;excl_electrical,1
7283,1-XSI-2121,MVRL155,Lansvale Smash Repairs Pty Ltd,4,company;service;excl_body,1
7284,1-XT3-2583,MVRL27329,Larbo Pty Ltd,4,company;excl_specialty_vehicle,1
7285,1-XT3-3117,MVRL28475,Laredef Pty Ltd,4,company;service;excl_tyres,1
7286,1-2JDJNWH,MVRL53917,LAS Mechanical & Transport Pty Ltd,4,company;service;excl_other,1
7287,1-3OU9LK7,MVRL59099,Latcro Pty Ltd,4,company;excl_tyres,1
7288,1-XTB-4661,MVRL41941,Laukri Pty Ltd,4,company;service;excl_body,1
7289,1-43BX1JS,MVRL61667,Launch Performance Pty Ltd,4,company;excl_performance,1
7290,1-YIRZ3J,MVRL50417,Laurant Pty Limited,4,company;excl_tyres;excl_heavy,1
7291,1-XT3-3399,MVRL29048,Laurie Predebon Truck Repairs Pty Ltd,4,company;service;excl_heavy,1
7292,1-2LI7BMN,MVRL54170,Lavington Auto Electrical Pty Ltd,4,company;service;excl_electrical,1
7293,1-4H3RB9S,MVRL63944,LAWFORD TRADING PTY LTD.,4,company;excl_specialty_vehicle,1
7294,1-3IUMW2C,MVRL57337,Lawler Auto Electrics Pty Ltd,4,company;service;excl_electrical,1
7295,1-49JSB6W,MVRL62565,Lawrence RV's NSW Pty Ltd,4,company;excl_specialty_vehicle,1
7296,1-XU2-2689,MVRL25243,Lawrence Thomas Timmins,4,sole_trader;excl_heavy;excl_parts_towing,1
7297,1-3ZZDOMM,MVRL61229,Layolvy Investments Pty Ltd,4,company;service;excl_heavy,1
7298,1-SOVBCP,MVRL49794,LC Motorcycle Clinic Pty Ltd,4,company;excl_specialty_vehicle,1
7299,1-39UIL2L,MVRL56178,LCROS PTY LTD,4,company;excl_parts_towing,1
7300,1-4DJH1QJ,MVRL63222,LD Mobile Mechanic Pty Ltd,4,company;service;excl_mobile,1
7301,1-XTH-983,MVRL44159,Le Mans-Carbay Body Repairs Pty Ltd,4,company;service;excl_body,1
7302,1-4FT6EI8,MVRL63758,Lea-Jaz Performance Pty Ltd,4,company;excl_performance,1
7303,1-3VC3H9Y,MVRL60568,LEADER MOTORCYCLE REPAIR PTY LTD,4,company;service;excl_specialty_vehicle,1
7304,1-XUC-2721,MVRL43816,Leigh James Bushell,4,sole_trader;service;excl_body;excl_parts_towing,1
7305,1-OADSPI,MVRL49386,Leigh Kevin Harris,4,sole_trader;excl_body,1
7306,1-45A9CNG,MVRL61937,LEIGHS TYRES AND MECHANICAL PTY LTD,4,company;service;excl_tyres,1
7307,1-3K7RQ56,MVRL57872,LEMAJIC PTY LTD,4,company;service;excl_body,1
7308,1-1977QZ1,MVRL51471,Lennox Tyre & Automotive Pty Ltd,4,company;service;excl_tyres,1
7309,1-3UG7GIE,MVRL60601,Leo Gets Holdings Pty Ltd,4,company;service;excl_electrical,1
7310,1-3UBD5EH,MVRL60467,Leo's Truck & Trailer Repairs Pty Ltd,4,company;service;excl_heavy,1
7311,1-320BYAJ,MVRL54996,LEON'S TYRE & AUTOMOTIVE PTY LTD,4,company;service;excl_tyres,1
7312,1-334XR0T,MVRL55175,Leonard Bruce Manvell,4,sole_trader;excl_performance,1
7313,1-33V3NL5,MVRL55235,LEPPINGTON FUELS PTY LTD,4,company;excl_other,1
7314,1-3J4ZM2Y,MVRL57395,Lesley Ann Downey,4,sole_trader;excl_performance,1
7315,1-XU2-3286,MVRL26999,Leslie John McMillan,4,sole_trader;excl_performance,1
7316,1-X53FZ8,MVRL50243,Leslie Micheal Lewis,4,sole_trader;service;excl_mobile,1
7317,1-3IFDUCS,MVRL57202,Leumeah (Blayney) Pty Ltd,4,company;excl_performance,1
7318,1-XSI-136,MVRL10682,Levaci Pty Ltd,4,company;service;excl_body,1
7319,1-3Z9T5H6,MVRL61153,LEVEL UP FABRICATIONS PTY LTD,4,company;excl_performance,1
7320,1-JCRAMU,MVRL48722,Leven Smash Repairs Pty Ltd,4,company;service;excl_body,1
7321,1-2K6F3N5,MVRL54012,Levent Harman,4,sole_trader;service;excl_body,1
7322,1-4DTZA22,MVRL63332,Liam Askew,4,sole_trader;service;excl_heavy,1
7323,1-XSI-3369,MVRL18262,Lifja Pty Ltd,4,company;service;excl_body,1
7324,1-2G2Q240,MVRL53812,Lightbase Batteries Pty Ltd,4,company;excl_electrical,1
7325,1-2XXF9HZ,MVRL54715,Lilluc Pty Ltd,4,company;excl_heavy;excl_electrical,1
7326,1-3GKRMRA,MVRL56976,LINKTEX PTY LTD,4,company;excl_specialty_vehicle;excl_other,1
7327,1-4CYDUWE,MVRL63148,Linmac Engineering Pty Ltd,4,company;excl_performance,1
7328,1-3Q3LG0A,MVRL59781,LISA MAREE ROWE,4,sole_trader;service;excl_electrical,1
7329,1-3II907Y,MVRL57284,LISAROW TP PTY LTD,4,company;excl_tyres,1
7330,1-3S3MM6A,MVRL59963,Lisford Pty Ltd,4,company;excl_tyres;excl_heavy,1
7331,1-Z0INAX,MVRL50458,Lismore 4x4 Accessories Pty Ltd,4,company;excl_performance,1
7332,1-2AHID5R,MVRL53622,Lismore Diesel Centre Pty Ltd,4,company;excl_heavy,1
7333,1-XT3-241,MVRL22319,Lismore Diesel Service Pty Ltd,4,company;service;excl_heavy,1
7334,1-2VLFBUH,MVRL54507,Lismore Mazda Pty Ltd,4,company;excl_dealer,1
7335,1-2GSHDS9,MVRL53831,Lismore Motor Cycles Pty Ltd,4,company;excl_specialty_vehicle,1
7336,1-3MNFPRY,MVRL58628,LISMORE TYRE AND MECHANICAL PTY LTD,4,company;service;excl_tyres,1
7337,1-XTB-833,MVRL35144,Lismore Tyre Co Pty Ltd,4,company;excl_tyres,1
7338,1-4B53KQ0,MVRL62882,LITHGOW 4X4 PTY LIMITED,4,company;excl_performance,1
7339,1-3V9S2JC,MVRL60645,Lithgow Auto Group Pty Ltd,4,company;service;excl_dealer,1
7340,1-3FOPMXS,MVRL56835,LITHGOW BIKE SHOP PTY LTD,4,company;excl_specialty_vehicle,1
7341,1-3QA83VS,MVRL59681,Littles Child Restraints (Retail) Pty Ltd,4,company;excl_parts_towing,1
7342,1-4GZZ71G,MVRL64010,Liverpool Automotive Pty Ltd,4,company;service;excl_tyres,1
7343,1-4B8LDU7,MVRL62756,Liverpool City Council,4,sole_trader;excl_other,1
7344,1-4EGAXDE,MVRL63500,LLT Performance Solutions Pty Ltd,4,company;excl_performance,1
7345,1-4GMWIP2,MVRL63953,LM AUTO ELECTRICAL & AIR CONDITIONING PTY LTD,4,company;service;excl_electrical,1
7346,1-XTH-673,MVRL43629,Loaded Motorcycles Australia Pty Ltd,4,company;excl_specialty_vehicle,1
7347,1-4JJ3KTU,MVRL64334,LOCKHART HARDWARE & HIRE PTY LTD,4,company;excl_other,1
7348,1-3LQVBY8,MVRL58431,Logan Keightley,4,sole_trader;service;excl_tyres,1
7349,1-XT3-3722,MVRL2971,Logen Pty Ltd,4,company;excl_body,1
7350,1-XTH-2942,MVRL8359,Long Jetty Automotive Engineering Pty Ltd,4,company;service;excl_performance,1
7351,1-3NGVINU,MVRL58926,Lozdav Investments Pty Ltd,4,company;excl_electrical,1
7352,1-F4EK92,MVRL48320,LRB SMASH REPAIRS PTY LTD,4,company;service;excl_body,1
7353,1-48Q55Q0,MVRL62495,LSA Industries Pty Ltd,4,company;excl_tyres,1
7354,1-1EHRM14,MVRL51789,LSH Auto (Sydney) Pty Ltd,4,company;service;excl_dealer,1
7355,1-3BHEOII,MVRL56302,LUGSDIN PTY LTD,4,company;excl_dealer,1
7356,1-XUC-2614,MVRL43263,Luis Eduardo Asencio,4,sole_trader;excl_performance,1
7357,1-XTQ-1390,MVRL32690,Luke Charles Watson,4,sole_trader;excl_body,1
7358,1-XTQ-3483,MVRL38878,Luke David Arandale,4,sole_trader;excl_heavy,1
7359,1-4ASW1TU,MVRL62952,LUMBARS TRANSPORTS PTY LTD,4,company;excl_other,1
7360,1-XTH-2414,MVRL71,Luton Smash Repairs Pty Ltd,4,company;service;excl_body,1
7361,1-48JY3GU,MVRL62461,LUX WHEELS & TYRES PTY LTD,4,company;excl_tyres,1
7362,1-437FDKY,MVRL61597,Ly's Brothers Pty Ltd,4,company;excl_other,1
7363,1-XU2-3020,MVRL26322,Lyndy Jane Jackett,4,sole_trader;service;excl_electrical,1
7364,1-1IA3OI0,MVRL51864,Lynton Park Pty Ltd,4,company;service;excl_performance,1
7365,1-41GCG00,MVRL61466,Lyrical Enterprises Pty Ltd,4,company;excl_heavy,1
7366,1-3FPT5C6,MVRL56978,M & C Transport Services Pty. Ltd.,4,company;service;excl_other,1
7367,1-3BAME1E,MVRL56281,M & J AUTO ELECTRICS NSW PTY. LTD.,4,company;service;excl_electrical,1
7368,1-2MU7CZC,MVRL54313,M & J Collins Haulage Pty Ltd,4,company;excl_heavy,1
7369,1-727Q39,MVRL47303,M & J Victory Pty Ltd,4,company;service;excl_body,1
7370,1-3CJNDIM,MVRL56403,M & K TRAILERS PTY LIMITED,4,company;excl_heavy,1
7371,1-449W8OS,MVRL61763,M & L AUTO GLASS PTY LTD,4,company;service;excl_electrical,1
7372,1-XT3-586,MVRL23050,M & M Motorcycles Pty Ltd,4,company;excl_specialty_vehicle,1
7373,1-3XQQ94S,MVRL60905,M & M PTY LTD,4,company;service;excl_body,1
7374,1-XTB-2497,MVRL38153,M & M Truck Bodies Pty Ltd,4,company;excl_heavy,1
7375,1-1OZ6PGJ,MVRL52440,M & S Fletcher Pty Limited,4,company;service;excl_heavy;excl_performance,1
7376,1-4EYDCJ8,MVRL63696,M & S LIGHT AND HEAVY REPAIRS PTY LTD,4,company;service;excl_heavy,1
7377,1-1NF26R5,MVRL52427,M & S Smash Repairs Pty Ltd,4,company;service;excl_body,1
7378,1-XTH-2373,MVRL7010,M & T Umback Pty Ltd,4,company;service;excl_heavy,1
7379,1-XSI-1915,MVRL15002,M & U Auto Centre Pty Ltd,4,company;service;excl_body,1
7380,1-3LZUMVM,MVRL58439,M C H Welding Pty Ltd,4,company;excl_performance,1
7381,1-2FK7KQ9,MVRL53717,M D Steel Fabrication Pty Ltd,4,company;excl_performance,1
7382,1-39LI1RP,MVRL56029,M HARDING EARTHMOVING & MAINTENANCE REPAIRS PTY LTD,4,company;service;excl_heavy,1
7383,1-7KN3HR,MVRL47459,M J R Auto Electrical Pty Ltd,4,company;service;excl_electrical,1
7384,1-3LZLTXM,MVRL58482,M TRANSPORT GROUP PTY LTD,4,company;service;excl_other,1
7385,1-3JG6SDY,MVRL57535,M&F AUTO PTY LTD,4,company;service;excl_body,1
7386,1-41JCQXL,MVRL61431,M&N Customs Pty Ltd,4,company;excl_performance,1
7387,1-2L78KRJ,MVRL54159,M. J. D Diesel Repairs Pty Ltd,4,company;service;excl_heavy,1
7388,1-49S1XSQ,MVRL62762,M1 TRUCK AND TRAILER MAINTENANCE PTY LTD,4,company;excl_heavy,1
7389,1-4AFYCE0,MVRL62778,M2K SMASH REPAIRS PTY LTD,4,company;service;excl_body,1
7390,1-17TFZAX,MVRL51302,Maatouks Racing & Mechanical Pty Ltd,4,company;service;excl_performance,1
7391,1-XT3-2605,MVRL27370,Macarthur Auto Electrical Pty Ltd,4,company;service;excl_electrical,1
7392,1-XTB-1334,MVRL36042,Macarthur District Motors Pty Ltd,4,company;service;excl_dealer,1
7393,1-3L1KRPM,MVRL58275,MACARTHUR MOTORSPORT & MECHANICAL PTY LIMITED,4,company;service;excl_performance,1
7394,1-4CYZBYE,MVRL63103,Mace Tyre & Auto New Pty Ltd,4,company;service;excl_tyres,1
7395,1-3S4YL04,MVRL60005,MACE TYRE & AUTO PTY LTD,4,company;service;excl_tyres,1
7396,1-3FQPZSZ,MVRL56915,Macksville Motors & Auto Wreckers Pty Ltd,4,company;service;excl_parts_towing,1
7397,1-35ZVFL9,MVRL55535,MADDOX HAULAGE INVESTMENTS PTY LTD,4,company;excl_heavy,1
7398,1-47ZG7QB,MVRL62182,Mag Body Corp No.2 Pty Ltd,4,company;excl_body;excl_tyres,1
7399,1-4782XQW,MVRL62109,Mag Body Corp Pty Ltd,4,company;excl_body;excl_tyres,1
7400,1-3N0HPD8,MVRL58795,MAG G BROTHERS MOTOR GROUP PTY LIMITED,4,company;excl_dealer;excl_tyres,1
7401,1-3THP942,MVRL60275,MAG NORTHERN BEACHES PTY LTD,4,company;excl_tyres,1
7402,1-4HSC5X0,MVRL64234,MAG South Coast Pty Ltd,4,company;excl_tyres,1
7403,1-XT3-3480,MVRL2921,Magor Crash Repairs Pty Ltd,4,company;service;excl_body,1
7404,1-4FGSGLO,MVRL63728,MAGTECH WELDING AND INSPECTIONS PTY LTD,4,company;service;excl_performance,1
7405,1-XTB-2801,MVRL3871,Mahers Smash Repairs Pty Ltd,4,company;service;excl_body,1
7406,1-3IBD2E1,MVRL57149,Mahmoud Dunia,4,sole_trader;service;excl_body,1
7407,1-XU2-4976,MVRL32214,Mahmoud Mahmoudi,4,sole_trader;excl_tyres,1
7408,1-XTB-4862,MVRL42294,Mair Pty Ltd,4,company;service;excl_body,1
7409,1-3Y0A1QA,MVRL60958,Maitland City Council,4,sole_trader;excl_other,1
7410,1-3LQRBMO,MVRL58370,MAITLAND GLASS & WINDSCREEN SERVICE PTY LTD,4,company;service;excl_electrical,1
7411,1-1IZXSMR,MVRL51960,Maitland Paint & Panel Pty Ltd,4,company;excl_body,1
7412,1-AFHER8,MVRL47887,Makcam Pty Ltd,4,company;excl_body,1
7413,1-337UVZZ,MVRL55189,MAKE AND PAINT SMASH REPAIRS AND RESTORATION PTY LTD,4,company;service;excl_body;excl_performance,1
7414,1-2XP6V25,MVRL54692,MAKEHAM'S COACHES PTY LTD,4,company;excl_heavy,1
7415,1-44SBHF0,MVRL61890,Makk Truck Repair Pty Ltd,4,company;service;excl_heavy,1
7416,1-1LQK3JC,MVRL52211,Makouk Enterprises Pty Ltd,4,company;service;excl_tyres,1
7417,1-2MKZ7I,MVRL45257,Malcolm Stanley Beverley,4,sole_trader;excl_performance,1
7418,1-489PY9O,MVRL62290,Malcolm Wayne Hawkins,4,sole_trader;excl_body,1
7419,1-4FDMN84,MVRL63720,MALONEYS MOBILE MECHANICAL PTY LTD,4,company;service;excl_mobile,1
7420,1-48I3Y06,MVRL62405,Mamdouh Hayek,4,sole_trader;service;excl_mobile,1
7421,1-2WJW7P7,MVRL54600,MAMIC SMASH REPAIRS PTY LTD,4,company;service;excl_body,1
7422,1-48SHAHU,MVRL62543,MANDERSONS PLANT REPAIRS PTY LTD,4,company;service;excl_heavy,1
7423,1-9RCBI8,MVRL47783,Mangan Haulage Pty Ltd,4,company;excl_heavy,1
7424,1-3INBUUT,MVRL57358,Manjinder Singh,4,sole_trader;service;excl_tyres,1
7425,1-3K8652N,MVRL57749,Mansours Petroleum Pty Ltd,4,company;excl_other,1
7426,1-1FYWI3N,MVRL51772,Manufacturing & Mining Services Engineering Pty Ltd,4,company;service;excl_performance;excl_other,1
7427,1-4HFW74A,MVRL64088,MAR SMASH REPAIR PTY LTD,4,company;service;excl_body,1
7428,1-3I3W1B7,MVRL57078,Maranatha Enterprises NSW Pty Ltd,4,company;service;excl_tyres,1
7429,1-4DH3TII,MVRL63180,Maranello Body Works Pty Ltd,4,company;excl_body,1
7430,1-3GMJF2O,MVRL57028,Marathon Tyres Pty Ltd,4,company;excl_tyres,1
7431,1-3UXPV9S,MVRL60542,MARBLE HILL MAYHEM TRAILERS PTY LTD,4,company;excl_heavy,1
7432,1-1W8O8P5,MVRL52974,Marina Bayside Pty Ltd,4,company;excl_dealer,1
7433,1-3BAICT2,MVRL56231,MARINE SCENE PTY. LIMITED,4,company;excl_specialty_vehicle,1
7434,1-1X1VJ4V,MVRL52969,Marjan Automotives & Electrical Pty Ltd,4,company;service;excl_electrical,1
7435,1-WSWV5W,MVRL50224,Mark Albert Viles,4,sole_trader;service;excl_body,1
7436,1-3Y32DQI,MVRL60931,Mark Andrew Hinson,4,sole_trader;excl_performance,1
7437,1-35YOFRV,MVRL55500,Mark Anthony Blyton,4,sole_trader;service;excl_performance,1
7438,1-XTX-2764,MVRL1103,Mark Donnelly,4,sole_trader;service;excl_body,1
7439,1-XTQ-2720,MVRL37104,Mark Francis Robinson,4,sole_trader;service;excl_heavy,1
7440,1-2DL42J3,MVRL53750,Mark James Dennis,4,sole_trader;service;excl_tyres,1
7441,1-37OX6A1,MVRL55790,Mark James Dewhurst,4,sole_trader;service;excl_performance,1
7442,1-XTQ-4540,MVRL41454,Mark James Maynard,4,sole_trader;service;excl_mobile,1
7443,1-1ERIQWR,MVRL51739,Mark John Goard,4,sole_trader;service;excl_heavy,1
7444,1-XT3-2077,MVRL26252,Mark Kruusmagi Smash Repairs Pty Ltd,4,company;service;excl_body,1
7445,1-XTN-4455,MVRL27460,Mark Lesley Rose,4,sole_trader;excl_body,1
7446,1-3P9DHIO,MVRL59673,Mark Ralph Cotter,4,sole_trader;excl_electrical,1
7447,1-XU2-4939,MVRL32108,Mark Robert Jeffery,4,sole_trader;service;excl_tyres,1
7448,1-XSI-3013,MVRL17482,Mark Stewart Smash Repairs Pty. Ltd,4,company;service;excl_body,1
7449,1-1HA2PI3,MVRL51827,Mark Watson Truck Repairs Pty Ltd,4,company;service;excl_heavy,1
7450,1-3SPBO9Y,MVRL60158,Mark William Rhodes,4,sole_trader;service;excl_heavy,1
7451,1-2FRZF6T,MVRL53779,Mark William Stewart,4,sole_trader;excl_heavy;excl_parts_towing,1
7452,1-XTH-574,MVRL43433,Market Express Pty Ltd,4,company;service;excl_dealer;excl_specialty_vehicle,1
7453,1-3J7D58O,MVRL57405,MARMAT COMPANY PTY LTD,4,company;service;excl_performance,1
7454,1-QN3PJ8,MVRL49652,Marrickville Auto Body Pty Ltd,4,company;service;excl_body,1
7455,1-XTH-1002,MVRL44202,Marriott Group Pty Ltd,4,company;service;excl_body,1
7456,1-3JD7DLI,MVRL57467,MARTIN INVESTMENTS PTY LTD,4,company;service;excl_tyres,1
7457,1-3T0ZIY7,MVRL60238,Martin Plant Maintenance Pty Ltd,4,company;excl_heavy,1
7458,1-2HR884,MVRL45168,Marulan Truck & Bus Pty Ltd,4,company;excl_heavy,1
7459,1-3AS6EPE,MVRL56201,Marvin Del Valle Yacat,4,sole_trader;service;excl_mobile,1
7460,1-XSI-2867,MVRL1714,Mascot Auto Body Repairs Pty Ltd,4,company;service;excl_body,1
7461,1-XTB-4420,MVRL41436,Masis Body Works Pty Ltd,4,company;excl_body,1
7462,1-2RE77H5,MVRL54394,Masons Tyres & Mechanics Pty Ltd,4,company;service;excl_tyres,1
7463,1-XT3-1744,MVRL25638,Master A Dent Pty Ltd,4,company;excl_body,1
7464,1-4ASQW8S,MVRL62774,Masters Paint Worx Pty Ltd,4,company;excl_body,1
7465,1-XTB-986,MVRL35458,Mastertech (NSW) Pty Ltd,4,company;service;excl_body,1
7466,1-XR75D3,MVRL50330,Mathew Brett Guffogg,4,sole_trader;service;excl_performance,1
7467,1-XTX-487,MVRL44129,Mathew James Cocks,4,sole_trader;service;excl_heavy,1
7468,1-3FYB1Q6,MVRL57042,Mathew James Hurley,4,sole_trader;service;excl_electrical,1
7469,1-3TPK42Q,MVRL60350,Mathew John Agostino,4,sole_trader;service;excl_tyres,1
7470,1-3RL8I02,MVRL60024,MATRIX CIVIL & MINING PTY LTD,4,company;excl_other,1
7471,1-1J1WZIO,MVRL52073,Matsco Pty Ltd,4,company;service;excl_performance,1
7472,1-2A23A07,MVRL53565,Matthew Charles Love,4,sole_trader;excl_performance,1
7473,1-1LQGSMM,MVRL52415,Matthew Christopher White,4,sole_trader;service;excl_heavy,1
7474,1-UAG1N3,MVRL49948,Matthew Gavin Beatty,4,sole_trader;service;excl_electrical,1
7475,1-3G8NKTG,MVRL57016,Matthew Holden,4,sole_trader;excl_dealer,1
7476,1-3R8DPL2,MVRL59976,Matthew Ian Brown,4,sole_trader;service;excl_tyres,1
7477,1-38SVIUD,MVRL55927,Matthew James Michel,4,sole_trader;excl_body,1
7478,1-4E6NOQC,MVRL63434,Matthew John Chapman,4,sole_trader;excl_performance,1
7479,1-XUC-2629,MVRL43334,Matthew John Dwyer,4,sole_trader;service;excl_body,1
7480,1-3NP11O2,MVRL59007,Matthew Leslie Corcoran,4,sole_trader;service;excl_electrical,1
7481,1-3QD4K9Y,MVRL59760,Matthew Mounivong,4,sole_trader;excl_performance,1
7482,1-XUC-2791,MVRL44155,Matthew Patrick Mcminn,4,sole_trader;service;excl_body,1
7483,1-43OHIA8,MVRL61665,Matthew Paul Townsend,4,sole_trader;excl_parts_towing,1
7484,1-3Z3PP5I,MVRL61121,Matty's Mine Maintenance Pty Ltd,4,company;excl_other,1
7485,1-XSI-637,MVRL11804,Mauneton Pty Ltd,4,company;service;excl_body,1
7486,1-XV7N34,MVRL50358,Mavin Truck Centre Pty Ltd,4,company;excl_heavy,1
7487,1-3EETBDQ,MVRL56676,MAWASSI SMASH REPAIRS PTY LTD,4,company;service;excl_body,1
7488,1-2KRTWO,MVRL45197,Mawillu Investments Pty Ltd,4,company;excl_specialty_vehicle,1
7489,1-188550N,MVRL51929,Max Smash Repairs Pty Ltd,4,company;service;excl_body,1
7490,1-2VTIV1,MVRL45471,Maxwell Spray Works Pty Ltd,4,company;excl_body,1
7491,1-42GAJ0S,MVRL61525,Maxx Truck Repairs Pty Ltd,4,company;service;excl_heavy,1
7492,1-3LO3VFC,MVRL58363,MAZ FLEET PTY LTD,4,company;excl_dealer;excl_heavy,1
7493,1-3YRRB9N,MVRL61063,MB Trucking Repairs Pty Ltd,4,company;service;excl_heavy,1
7494,1-2YLIXID,MVRL54785,MBA SMASH REPAIR PTY LTD,4,company;service;excl_body,1
7495,1-47E3K8S,MVRL62367,MC Weaponry Pty Ltd,4,company;excl_specialty_vehicle,1
7496,1-XTH-3445,MVRL9680,McArdle Repairs & Spares Pty Ltd,4,company;service;excl_parts_towing,1
7497,1-3UXNMD0,MVRL60494,MCCARTHY DIESEL & PLANT PTY LTD,4,company;excl_heavy,1
7498,1-3PW5ATU,MVRL59529,McCarthy Smash Repairs Pty Ltd,4,company;service;excl_body,1
7499,1-XTH-3013,MVRL8564,McCreath Prestige Paint & Panel Pty Ltd,4,company;excl_body,1
7500,1-3G1PEM4,MVRL56903,Mckay Performance Centre Pty Ltd,4,company;excl_performance,1
7501,1-XTB-2963,MVRL38830,McLachlan Smash Repairers Pty Ltd,4,company;service;excl_body,1
7502,1-4VWSZY,MVRL46663,McLaren 1 Pty Ltd,4,company;service;excl_dealer,1
7503,1-XTH-541,MVRL43378,MCM Autos Pty Ltd,4,company;service;excl_dealer,1
7504,1-38BO3Z5,MVRL55874,MCNAUGHT'S TRANSPORT PTY LTD,4,company;excl_other,1
7505,1-4IUFKJ8,MVRL64247,MCNEIL TRANSPORT & MAINTENANCE PTY LTD,4,company;excl_other,1
7506,1-3H4E0Q6,MVRL57073,MCTrucks Pty Ltd,4,company;excl_heavy,1
7507,1-332KYOD,MVRL55162,MEA TRUCK REPAIRS PTY LTD,4,company;service;excl_heavy,1
7508,1-XTH-497,MVRL43307,Medowie Tyre & Auto Centre Pty Ltd,4,company;service;excl_tyres,1
7509,1-344EE9V,MVRL55273,MEGA PARTS INVESTMENTS PTY LIMITED,4,company;excl_parts_towing,1
7510,1-3G72K8O,MVRL56982,MEKARI PTY. LTD.,4,company;service;excl_body,1
7511,1-1LSLKZX,MVRL52592,Mell Associates Pty Ltd,4,company;excl_specialty_vehicle,1
7512,1-3USBMH8,MVRL60470,MENZIES AUTO AND RESIDENTIAL GLASS PTY LTD,4,company;service;excl_electrical,1
7513,1-3N1VKXS,MVRL58666,Merewether Tyre & Mechanical Pty Ltd,4,company;service;excl_tyres,1
7514,1-XTH-601,MVRL43492,Merimbula Mowers & Marine Pty Ltd,4,company;excl_specialty_vehicle,1
7515,1-3X6G7QC,MVRL60851,Merriwa Diesel Repair Pty Ltd,4,company;service;excl_heavy,1
7516,1-XTH-473,MVRL43255,Merrylands & Holroyd Smash Repairs Pty Ltd,4,company;service;excl_body,1
7517,1-1KES6FR,MVRL52151,Mervyn Jason Shipp,4,sole_trader;service;excl_body,1
7518,1-3I18GOY,MVRL57174,MESITI BODYWORKS PTY LTD,4,company;excl_body,1
7519,1-JBV7LU,MVRL48713,Metfam Pty Ltd,4,company;excl_tyres,1
7520,1-3RWM0KK,MVRL60023,Metro Auto Glass Pty Ltd,4,company;service;excl_electrical,1
7521,1-3UYCAIM,MVRL60516,METWORTH PTY LTD,4,company;service;excl_dealer,1
7522,1-3FAEG20,MVRL56923,MG TRUCK REPAIRS PTY LTD,4,company;service;excl_dealer;excl_heavy,1
7523,1-XTH-1836,MVRL5801,MGM Panelbeaters Pty Ltd,4,company;excl_body,1
7524,1-3ABL19B,MVRL56073,MGR Racing Pty Ltd,4,company;service;excl_performance,1
7525,1-4EL3KDO,MVRL63495,MH BUSINESS GROUP PTY LTD,4,company;excl_body,1
7526,1-LRRK0E,MVRL49134,MHF Enterprises Pty Ltd,4,company;service;excl_heavy,1
7527,1-37GTHTI,MVRL55764,Michael Baghdadi,4,sole_trader;excl_performance,1
7528,1-20LZJPJ,MVRL53080,Michael Fahey,4,sole_trader;service;excl_electrical,1
7529,1-5GH5RV,MVRL46927,Michael Geoffrey Robertson,4,sole_trader;excl_specialty_vehicle,1
7530,1-1DWTRYS,MVRL51660,Michael George Horn,4,sole_trader;service;excl_heavy,1
7531,1-1S0S9LP,MVRL52612,Michael Gilto,4,sole_trader;service;excl_body,1
7532,1-2BI5KGN,MVRL53686,Michael John Burke,4,sole_trader;service;excl_tyres,1
7533,1-1NZPTIN,MVRL52392,Michael John Ford,4,sole_trader;excl_dealer,1
7534,1-3JCN3LP,MVRL57526,Michael John Grima,4,sole_trader;excl_performance,1
7535,1-3BJ62Z4,MVRL56251,Michael John Price,4,sole_trader;excl_heavy,1
7536,1-XU2-4165,MVRL29624,Michael Joseph Anthony Leddy,4,sole_trader;service;excl_specialty_vehicle,1
7537,1-3TJ757O,MVRL60355,Michael Leslie Judd,4,sole_trader;excl_body;excl_other,1
7538,1-XTQ-2044,MVRL35517,Michael Phillip Burroughs,4,sole_trader;excl_body,1
7539,1-3ZKW7CD,MVRL61111,Michael Rodney Byrnes,4,sole_trader;excl_parts_towing,1
7540,1-3SWN5ZS,MVRL60239,Michael Rossi,4,sole_trader;service;excl_electrical,1
7541,1-RNLVUL,MVRL49758,Michael Tsapos,4,sole_trader;service;excl_body,1
7542,1-XUC-1906,MVRL40002,Michael Velovski,4,sole_trader;service;excl_electrical,1
7543,1-4I1U100,MVRL64100,MICHELIN'S MOBILE MECHANICS PTY LTD,4,company;service;excl_mobile,1
7544,1-3TPFZDY,MVRL60401,Michell Machinery Pty Ltd,4,company;excl_heavy,1
7545,1-4EGN4LW,MVRL63530,MICHELL TRUCK BODIES (AUST.) PTY LTD,4,company;excl_heavy,1
7546,1-3PYPVZQ,MVRL59692,Michelle Ann Stubbs,4,sole_trader;excl_performance;excl_other,1
7547,1-3LSUVHO,MVRL58457,"MICK COLLYER AUTO ELECTRICAL"" AND  ~= ""AIR CONDITIONING PTY LTD",4,company;service;excl_electrical,1
7548,1-44ZCYRI,MVRL61921,Mick Parmenter,4,sole_trader;service;excl_specialty_vehicle,1
7549,1-439WDMQ,MVRL61760,Mid North Coast Heavy Vehicle Repair Pty Ltd,4,company;service;excl_heavy,1
7550,1-2N2UXIV,MVRL54350,Mid West Truck Alignments Pty Ltd,4,company;excl_heavy,1
7551,1-3QGHW9N,MVRL59754,Mid Western Auto Electrics & Air Conditioning Pty Ltd,4,company;service;excl_electrical,1
7552,1-XTB-2459,MVRL38076,Mid-Western Regional Council,4,sole_trader;excl_other,1
7553,1-18FVUGB,MVRL51333,Midas Touch Dent Pty Ltd,4,company;excl_body,1
7554,1-1VDYQYD,MVRL52783,Midcoast Council,4,sole_trader;excl_other,1
7555,1-404GGY0,MVRL61243,MIDWEST GLASSTEK PTY LIMITED,4,company;excl_electrical,1
7556,1-3V0PA1Y,MVRL60554,Mighty Auto's & Tyre Group Pty Ltd,4,company;service;excl_tyres,1
7557,1-3VOXFHD,MVRL60614,Milan Smash Repairs Pty Ltd,4,company;service;excl_body,1
7558,1-409FQL4,MVRL61360,MILES FAMILY AUTOMOTIVE AND TYRES PTY LTD,4,company;service;excl_tyres,1
7559,1-3TPEYIK,MVRL60321,Millard Tyre Centre Tweed Heads Pty Ltd,4,company;excl_tyres,1
7560,1-XTB-3666,MVRL40065,Milrae Pty Ltd,4,company;excl_body,1
7561,1-30SASZF,MVRL54909,MINE ENTERPRISES PTY LTD,4,company;service;excl_other,1
7562,1-3ZE6M4K,MVRL61144,Mini Fabrication & Mechanical Pty Ltd,4,company;service;excl_performance,1
7563,1-4C3H92M,MVRL62924,MIR Heavy Vehicle Pty Ltd,4,company;excl_heavy,1
7564,1-37PYOJT,MVRL55807,Miranda Mechanical & Auto Electrics Pty Ltd,4,company;service;excl_electrical,1
7565,1-XT3-3299,MVRL28862,Mirrabooka Motors Mechanical & Fuel Suppliers Pty Ltd,4,company;service;excl_other,1
7566,1-22Q9GUP,MVRL53166,Mishmish Tyres Pty Ltd,4,company;excl_tyres,1
7567,1-3X42QCO,MVRL60797,Mistcape Pty Ltd,4,company;service;excl_body,1
7568,1-7VX9Y9,MVRL47501,Mitala Pty Ltd,4,company;excl_other,1
7569,1-4D5CLZ4,MVRL63130,Mitch's Auto Electrical Pty Ltd,4,company;service;excl_electrical,1
7570,1-11Z817G,MVRL50701,Mitchell Alexander Cameron,4,sole_trader;service;excl_body,1
7571,1-4GHTMCE,MVRL63915,Mitchell Andrew Crane,4,sole_trader;excl_heavy,1
7572,1-481SCMV,MVRL62304,MJ Collision Care Pty Ltd,4,company;excl_body,1
7573,1-45VRETY,MVRL62107,MJ COLLISION CENTRE PTY LTD,4,company;excl_body,1
7574,1-49GLUXQ,MVRL62683,MJ DIESEL REPAIRS PTY LTD,4,company;service;excl_heavy,1
7575,1-49H0VNU,MVRL62609,MJ SMASH REPAIRS PTY LTD,4,company;service;excl_body,1
7576,1-3VSLA0Q,MVRL60754,MJ TRUCK COMPANY PTY LTD,4,company;excl_heavy,1
7577,1-XOX4K1,MVRL50319,MJG Engineering Pty Ltd,4,company;excl_performance,1
7578,1-4DPIOBE,MVRL63381,MJR AUTO GLASS PTY LTD,4,company;service;excl_electrical,1
7579,1-3Q7E6B2,MVRL59618,MJS DIESEL SERVICES PTY LTD,4,company;service;excl_heavy,1
7580,1-4G8YRV4,MVRL63891,MKG HEAVY INDUSTRIES PTY LTD,4,company;excl_heavy,1
7581,1-3JZ51HE,MVRL57977,MLC Bulk Haulage Pty Ltd,4,company;excl_heavy,1
7582,1-34NAMM5,MVRL55364,MM TYRE & AUTO CENTRE PTY LTD,4,company;service;excl_tyres,1
7583,1-48F3O2I,MVRL62379,MNR AUTO ELECTRICS PTY LTD,4,company;service;excl_electrical,1
7584,1-1447JM8,MVRL50921,Mobile Automotive Solutions Pty Ltd,4,company;service;excl_mobile,1
7585,1-4DVIO90,MVRL63354,MOBILE BUS & COACH PTY LIMITED,4,company;excl_heavy;excl_mobile,1
7586,1-47CW7ZW,MVRL62317,Mobile Fleet Solutions Pty Ltd,4,company;excl_heavy;excl_mobile,1
7587,1-XTB-1404,MVRL36166,Mobile Fleetservice Pty Ltd,4,company;service;excl_mobile,1
7588,1-2J1411V,MVRL54065,Mobile Service 2 U Pty Ltd,4,company;service;excl_mobile,1
7589,1-23P3MLQ,MVRL53261,Mobile Service Centre Pty Ltd,4,company;service;excl_mobile,1
7590,1-3QFR1FC,MVRL59709,Mobile Sparks Pty Ltd,4,company;excl_mobile,1
7591,1-3WMHZTO,MVRL60748,Mobile Truck Wheel Alignment Pty Ltd,4,company;excl_tyres;excl_heavy;excl_mobile,1
7592,1-3ZGYM6S,MVRL61254,MOBILE TYRE ASSIST PTY. LTD.,4,company;excl_tyres;excl_mobile,1
7593,1-4I04LK2,MVRL64086,Mobile Tyre World Group Pty Ltd,4,company;excl_tyres;excl_mobile,1
7594,1-3CPUKKA,MVRL56466,MOBILE TYRE WORLD PTY LTD,4,company;excl_tyres;excl_mobile,1
7595,1-3OYF6IY,MVRL59561,MOBILE WINDSCREENS & TINTING PTY LTD,4,company;excl_electrical;excl_mobile,1
7596,1-3PP0CTQ,MVRL59525,Mobility On Union Pty Ltd,4,company;service;excl_heavy;excl_electrical,1
7597,1-1LQLHAV,MVRL52318,Modena Classic & Performance Pty Ltd,4,company;excl_performance,1
7598,1-346CNW9,MVRL55286,MODERN CLASSIC CARS PTY LTD,4,company;excl_performance,1
7599,1-4IH6L62,MVRL64160,MODEST HOLDINGS PTY LTD,4,company;service;excl_heavy,1
7600,1-XTQ-1423,MVRL32778,Mohamad Rachidi,4,sole_trader;service;excl_body,1
7601,1-3UK5XWY,MVRL60514,Mohan Al Subramaniam,4,sole_trader;service;excl_body,1
7602,1-3IP54GZ,MVRL57198,Molong Tyre and Mechanical Pty Ltd,4,company;service;excl_tyres,1
7603,1-1MTITXI,MVRL52302,Monkey Bike Pty. Ltd.,4,company;excl_specialty_vehicle,1
7604,1-3KP5VV4,MVRL58249,MONSTER PERFORMANCE PTY LTD,4,company;excl_performance,1
7605,1-3S5CW8G,MVRL60095,Monty's Diesel Service Pty Ltd,4,company;service;excl_heavy,1
7606,1-3PP5B3C,MVRL59725,MOORE HEAVY DIESEL PTY LTD,4,company;excl_heavy,1
7607,1-Q0NLNC,MVRL49578,Moore's Auto Electrical & Mechanical Pty Ltd,4,company;service;excl_electrical,1
7608,1-3ZBFG5B,MVRL61085,Mopar Racing Supplies Pty Ltd,4,company;excl_performance,1
7609,1-XT3-1821,MVRL25792,Morauto Smash Repairs Pty Ltd,4,company;service;excl_body,1
7610,1-40NQBPA,MVRL61302,MORCH MOBILE REPAIRS PTY LTD,4,company;service;excl_mobile,1
7611,1-3606JJ1,MVRL55700,More 4x4 Pty Ltd,4,company;excl_performance,1
7612,1-2ZTUER,MVRL45547,Morisset Auto Dismantlers Pty Ltd,4,company;service;excl_parts_towing,1
7613,1-XTH-101,MVRL42661,Morisset Batteries Pty Ltd,4,company;excl_electrical,1
7614,1-4F6GTYU,MVRL63667,MORLEY HEAVY MECHANICAL PTY LTD,4,company;service;excl_heavy,1
7615,1-4A64GHC,MVRL62794,Morley Smash Repair Pty Ltd,4,company;service;excl_body,1
7616,1-3SI01S6,MVRL60177,Morris & Salter Pty Ltd,4,company;excl_performance,1
7617,1-XTB-4608,MVRL41813,Morris Motor Cycles Pty Ltd,4,company;excl_specialty_vehicle,1
7618,1-3NOF9M8,MVRL58910,Moto Mad Pty Ltd,4,company;excl_specialty_vehicle,1
7619,1-3PA3LPC,MVRL59364,MOTOFIX MOTORCYCLE SPECIALIST PTY LTD,4,company;excl_specialty_vehicle,1
7620,1-4H9KG4O,MVRL64027,MOTOPRO PERFORMANCE PTY LTD,4,company;excl_performance,1
7621,1-2KLU01H,MVRL54039,Motor Cycle Accessories Supermarket Pty Ltd,4,company;excl_specialty_vehicle,1
7622,1-2G7E3VD,MVRL53913,Motorcity Bodyworks Pty Ltd,4,company;excl_body,1
7623,1-XTH-37,MVRL42540,Motorcycles Holdings Tco Pty Ltd,4,company;excl_specialty_vehicle,1
7624,1-3MLYDTM,MVRL58548,Motortech Mechanical (NSW) Pty Ltd,4,company;service;excl_dealer,1
7625,1-ULUS8U,MVRL49941,Motosport Developments Pty Ltd,4,company;service;excl_performance,1
7626,1-42F0SY6,MVRL61491,MOTUS AFTER-MARKET PARTS AUSTRALIA PTY LTD,4,company;excl_parts_towing,1
7627,1-4SIJXS,MVRL46602,Mouhamed Amer Kanoun,4,sole_trader;excl_body,1
7628,1-1EJB9QK,MVRL51658,Mouhamed Sarmini,4,sole_trader;service;excl_body,1
7629,1-26XYDGL,MVRL53457,Mountain Trail Engineering Pty Ltd,4,company;excl_performance,1
7630,1-1L08HAH,MVRL52168,MP Morris Transport Pty Ltd,4,company;excl_other,1
7631,1-4DKXKPY,MVRL63364,MP TYRES PTY LTD,4,company;excl_tyres,1
7632,1-4AOJZ5W,MVRL62780,MPC MOTOR GROUP PTY LTD,4,company;excl_dealer,1
7633,1-3AV3EBI,MVRL56220,MRC DYNO SERVICES AND PERFORMANCES PTY LTD,4,company;service;excl_performance,1
7634,1-4AIP8CM,MVRL62861,MRD MACHINERY PTY LTD,4,company;excl_heavy,1
7635,1-2FXX8WB,MVRL53753,MRD Motor Cycles Pty Ltd,4,company;excl_specialty_vehicle,1
7636,1-5BF9I4,MVRL46913,MRT Transport Pty Ltd,4,company;excl_tyres;excl_other,1
7637,1-49YO2RL,MVRL62600,MSJ Mitchell Pty Ltd,4,company;excl_electrical,1
7638,1-3IY6K44,MVRL57352,Mt Druitt Wreckers & Mechanicals Pty Ltd,4,company;service;excl_parts_towing,1
7639,1-3XMIXJX,MVRL60858,Mthree Investments Pty Ltd,4,company;excl_specialty_vehicle,1
7640,1-3GYE922,MVRL57090,MTT Diesel Pty Ltd,4,company;excl_heavy,1
7641,1-3W8F8YM,MVRL60697,MU Smash Repair Auto Pty Ltd,4,company;service;excl_body,1
7642,1-4819FH0,MVRL62472,MUDSLINGA 4X4 PTY LTD,4,company;excl_performance,1
7643,1-1TPFLH0,MVRL52653,Muhannad Al Eidany,4,sole_trader;service;excl_body,1
7644,1-XT3-4923,MVRL32262,Muis Motors Pty Ltd,4,company;service;excl_other,1
7645,1-XUC-1937,MVRL40152,Mulco Tool Engineering Pty Ltd,4,company;excl_performance,1
7646,1-3RBFQUS,MVRL59889,Mullum Tyres Pty Ltd,4,company;excl_tyres,1
7647,1-XSI-1698,MVRL14505,Multinational Body Works Pty Ltd,4,company;excl_body,1
7648,1-44VN2XC,MVRL62124,MULTINATIONAL SMASH REPAIRS PTY LTD,4,company;service;excl_body,1
7649,1-XTQ-4852,MVRL42216,Muni Ratnam,4,sole_trader;service;excl_body,1
7650,1-A7Z07Z,MVRL47954,Munro Engineering & Fabrications Pty Ltd,4,company;excl_performance,1
7651,1-3HV2MVS,MVRL57211,MURF PLANT REPAIRS PTY LTD,4,company;service;excl_heavy,1
7652,1-3UBTR8G,MVRL60391,Murray Leonard Smith,4,sole_trader;excl_body,1
7653,1-XTB-2931,MVRL10494,Murwillumbah Automotive Group Pty Ltd,4,company;service;excl_dealer;excl_heavy,1
7654,1-3CCSXSD,MVRL56388,Murwillumbah Blast & Paint Pty Ltd,4,company;excl_body,1
7655,1-3LJJHBY,MVRL58399,MURWILLUMBAH DISTRICT TOWING PTY LTD,4,company;excl_parts_towing,1
7656,1-XSI-1777,MVRL1467,Muscat Trailers Pty Ltd,4,company;excl_heavy,1
7657,1-XSI-3310,MVRL18133,Musico Smash Repairs (Australia) Pty Ltd,4,company;service;excl_body,1
7658,1-9FNWYT,MVRL47771,Musico Smash Repairs (NSW) Pty Ltd,4,company;service;excl_body,1
7659,1-3LQC9BW,MVRL58393,MUSICO SMASH REPAIRS PTY LTD,4,company;service;excl_body,1
7660,1-1RB9Y8V,MVRL52546,Muswellbrook Smash Repairs Pty Ltd,4,company;service;excl_body,1
7661,1-3G0GI2O,MVRL57011,MVM Industries Pty Ltd,4,company;service;excl_performance,1
7662,1-49TB59M,MVRL62508,MVR SMASH REPAIRS PTY LTD,4,company;service;excl_body,1
7663,1-TZ9D8W,MVRL49869,MVSC Holdings Pty Ltd,4,company;service;excl_electrical,1
7664,1-1POTA5F,MVRL52524,MW Motorcycles Pty Ltd,4,company;excl_specialty_vehicle,1
7665,1-3N00J8Q,MVRL58684,My Car Body Shop Pty Limited,4,company;excl_body,1
7666,1-4BCG9UW,MVRL62947,MY CAR REMOVAL AND TOWING PTY LTD,4,company;excl_parts_towing,1
7667,1-3VK9RQI,MVRL60619,My Mobile Mechanic Pty Ltd,4,company;service;excl_mobile,1
7668,1-3BX7YR0,MVRL56301,N G P WOLLONGONG PTY LTD,4,company;excl_dealer,1
7669,1-3D7RGLS,MVRL56567,N&A AUTO CARE PTY LTD,4,company;service;excl_body,1
7670,1-3TPSQOY,MVRL60353,N&P&M Pty.Ltd.,4,company;service;excl_tyres,1
7671,1-4EWDRP4,MVRL63580,NABIAC CARAVANS REPAIRS & SPARES PTY LTD,4,company;service;excl_specialty_vehicle;excl_parts_towing,1
7672,1-5DRA1I,MVRL46889,Nabil Nissan Youkhana,4,sole_trader;service;excl_dealer,1
7673,1-3FWSAFM,MVRL56881,Naci Ibrahim Ismail,4,sole_trader;service;excl_heavy,1
7674,1-16B33TV,MVRL51104,Naeac Pty Ltd,4,company;service;excl_electrical,1
7675,1-4AU92MW,MVRL62602,Nambucca Smash Repairs Pty Ltd,4,company;service;excl_body,1
7676,1-EJKK9Q,MVRL48364,Nanillah Pty Ltd,4,company;excl_body,1
7677,1-4E1AUBS,MVRL63446,Narayan Automotive Pty Ltd,4,company;service;excl_tyres,1
7678,1-XTB-3489,MVRL39771,Narellan Truck Align Pty Ltd,4,company;excl_heavy,1
7679,1-41WHDA2,MVRL61529,Narooma Auto Electrics NSW Pty Ltd,4,company;service;excl_electrical,1
7680,1-XT3-3879,MVRL30051,Narrabeen Auto Electrics Pty Ltd,4,company;service;excl_electrical,1
7681,1-GE2GS1,MVRL48512,Narrabeen Smash Repairs Pty Ltd,4,company;service;excl_body,1
7682,1-XTH-1015,MVRL44235,Narrabeen Tyres Pty Ltd,4,company;excl_tyres,1
7683,1-3JWF1EU,MVRL57710,NARRABRI PLANT REPAIRS PTY LTD,4,company;service;excl_heavy,1
7684,1-SRMK15,MVRL49785,Narrandera Shire Council,4,sole_trader;excl_other,1
7685,1-XTB-2267,MVRL37719,Nat Stillone Pty Ltd,4,company;service;excl_body,1
7686,1-47S7U10,MVRL62301,Nathan Anthony Worldon,4,sole_trader;excl_performance,1
7687,1-14F1D6C,MVRL50916,Nathan Benn Smash Repairs Pty Ltd,4,company;service;excl_body,1
7688,1-49TKEO7,MVRL62586,Nathan Chad Rapley,4,sole_trader;service;excl_specialty_vehicle,1
7689,1-3621U57,MVRL55536,Nathan Darren Matthew Smith,4,sole_trader;excl_heavy;excl_performance,1
7690,1-3SVNUKO,MVRL60273,Nathan David Brown,4,sole_trader;service;excl_body;excl_mobile,1
7691,1-NBZXWJ,MVRL49254,Nathan James Taylor,4,sole_trader;service;excl_specialty_vehicle,1
7692,1-1FB0ST8,MVRL51758,Nathan John Bell,4,sole_trader;service;excl_other,1
7693,1-2B3BVZB,MVRL53653,Nathan John Cracknell,4,sole_trader;excl_performance,1
7694,1-1MRFEAF,MVRL52269,Nathan Scott Meyers,4,sole_trader;excl_specialty_vehicle,1
7695,1-30JR3TS,MVRL54876,Nathan Steven Moore,4,sole_trader;service;excl_electrical,1
7696,1-3B76ROM,MVRL56268,NATINA AUTOMOTIVE GROUP PTY LTD,4,company;service;excl_dealer,1
7697,1-3HS327B,MVRL57117,National Auto Dismantlers Pty Limited,4,company;service;excl_parts_towing,1
7698,1-4BXZBBO,MVRL63065,NATIONAL CARAVAN HIRE PTY LTD,4,company;excl_specialty_vehicle;excl_other,1
7699,1-3WGLP6O,MVRL60922,National Refrigerated Logistics Pty Ltd,4,company;excl_heavy,1
7700,1-3AS5NHE,MVRL56283,National Trailers & Campers Pty Ltd,4,company;excl_heavy;excl_specialty_vehicle,1
7701,1-XSI-4519,MVRL20721,National Truck Spares Pty Ltd,4,company;excl_heavy;excl_parts_towing,1
7702,1-3SDR602,MVRL60140,National Windscreens Pty. Ltd.,4,company;excl_electrical,1
7703,1-3B6S32C,MVRL56254,Navin's Enterprise Pty Ltd,4,company;service;excl_tyres,1
7704,1-XTQ-1383,MVRL32671,Nayef Ibrahim,4,sole_trader;service;excl_body,1
7705,1-42W2YAK,MVRL61655,Nazih Alameddine,4,sole_trader;excl_tyres,1
7706,1-QH0N53,MVRL49622,NCD Custom Refinishing Pty Ltd,4,company;excl_performance,1
7707,1-2ID64RJ,MVRL53851,NCL Plant Repairs & Maintenance Pty Ltd,4,company;service;excl_heavy,1
7708,1-3NWHEGC,MVRL58989,NDJ Pty Ltd,4,company;service;excl_electrical,1
7709,1-XSI-4950,MVRL21641,Neale Bagnall Smash Repairs Pty Ltd,4,company;service;excl_body,1
7710,1-XTQ-4141,MVRL40457,Necati Tut,4,sole_trader;service;excl_dealer,1
7711,1-XTN-4648,MVRL27968,Neil Martin Cheetham,4,sole_trader;service;excl_specialty_vehicle,1
7712,1-XTH-145,MVRL42754,Nepean 4X4 Centre Pty Ltd,4,company;excl_performance,1
7713,1-3N84J84,MVRL58918,Nepean Classic Muscle & Kustom Cars Pty Ltd,4,company;excl_performance,1
7714,1-4CFHHDW,MVRL62863,Nepean Truck Repairs Pty Ltd,4,company;service;excl_heavy,1
7715,1-11DM68H,MVRL50630,Network Collision Centre Pty Ltd,4,company;excl_body,1
7716,1-XSI-2857,MVRL17120,Nevco Engineering Pty Ltd,4,company;excl_performance,1
7717,1-1YPP5NR,MVRL52964,New Age Caravans Newcastle Pty Ltd,4,company;excl_specialty_vehicle,1
7718,1-4E4S1Z8,MVRL63435,NEW AGE TRUCK BODIES PTY LTD,4,company;excl_heavy,1
7719,1-3P7WBME,MVRL59315,NEW ENGLAND HYDRAULICS AND DIESEL PTY LTD,4,company;excl_heavy,1
7720,1-3VVIJDE,MVRL60774,New England Motor Group Pty Limited,4,company;excl_dealer,1
7721,1-15562A0,MVRL50963,New England Tyre Service Pty Ltd,4,company;service;excl_tyres,1
7722,1-XT3-1033,MVRL24014,New Hong Kong Smash Repairs Pty Ltd,4,company;service;excl_body,1
7723,1-QFF7X5,MVRL49605,New Image Body Repairs Pty Ltd,4,company;service;excl_body,1
7724,1-175Y4W6,MVRL51212,Newcastle Auto Electrics & Air-Conditioning Pty Ltd,4,company;service;excl_electrical,1
7725,1-3G56HUP,MVRL56895,Newcastle Auto Logistics Pty Ltd,4,company;service;excl_heavy,1
7726,1-592RO4,MVRL46806,Newcastle Batteries Pty Ltd,4,company;service;excl_electrical,1
7727,1-3AK1IGL,MVRL56133,Newcastle Caravans & RVs Pty Limited,4,company;excl_specialty_vehicle,1
7728,1-OFIFP1,MVRL49380,Newcastle Commercial Vehicles Pty Ltd,4,company;excl_dealer,1
7729,1-2ZJ3EJ7,MVRL54864,NEWCASTLE HIRE AND AUTO PTY LTD,4,company;service;excl_other,1
7730,1-1UHDNFB,MVRL52745,Newcastle Paint and Panel Pty Ltd,4,company;excl_body,1
7731,1-49J9Q7A,MVRL62639,NEWCO DIESEL PTY LTD,4,company;excl_heavy,1
7732,1-1VBIFC0,MVRL52782,Newgas Gaseous Fuel Technologies Pty Ltd,4,company;excl_other,1
7733,1-XSI-4467,MVRL20607,Newmans Smash Repairs Pty Ltd,4,company;service;excl_body,1
7734,1-3UNLJ4O,MVRL60596,NEWTON DIESEL PTY LTD,4,company;excl_heavy,1
7735,1-XSI-937,MVRL12560,Newzen Pty Ltd,4,company;service;excl_electrical,1
7736,1-3YKFJ0S,MVRL61009,NEXTGEN AUTO ELECTRICS PTY LTD,4,company;service;excl_electrical,1
7737,1-4HRH9XM,MVRL64139,NGB EARTHMOVING PTY LTD,4,company;excl_heavy,1
7738,1-XTN-4306,MVRL26965,Ngo Khoi Huynh,4,sole_trader;service;excl_body,1
7739,1-4HBB718,MVRL64033,Nicaffi Pty Ltd,4,company;service;excl_body,1
7740,1-3QBP4JQ,MVRL59696,Nice Way Taxi Pty Ltd,4,company;service;excl_other,1
7741,1-1UQRLFC,MVRL52753,Nicholas James Verri,4,sole_trader;excl_body,1
7742,1-364OHMN,MVRL55550,Nicholas Michael Azzopardi,4,sole_trader;excl_body,1
7743,1-38QN2HP,MVRL55946,NICK & BEJAYS MECHANICAL SERVICES PTY LTD,4,company;service;excl_body,1
7744,1-4TMD5Z,MVRL46766,Nick Xenos,4,sole_trader;service;excl_electrical,1
7745,1-3MS046G,MVRL58752,Nicolas Peter Muller,4,sole_trader;service;excl_performance,1
7746,1-XUC-1497,MVRL38433,Nicole Louise Seton,4,sole_trader;excl_performance,1
7747,1-XTN-3682,MVRL25001,Nigel David Pitsch,4,sole_trader;excl_specialty_vehicle,1
7748,1-471VZYW,MVRL62374,NIGHT WALK MOTORSPORTS PTY LTD,4,company;excl_performance,1
7749,1-3VFMZQW,MVRL60636,Nikki Louise Davis,4,sole_trader;excl_tyres,1
7750,1-4FYWWBQ,MVRL63862,NINETYNINE MOTORSPORT PTY LTD,4,company;service;excl_performance,1
7751,1-3OUKNUY,MVRL59249,NJL AUTO ELECTRICS PTY LTD,4,company;service;excl_electrical,1
7752,1-13PAVP9,MVRL50865,NJS Enterprises Pty Ltd,4,company;service;excl_performance,1
7753,1-XTH-984,MVRL44168,NMS Smash Repairs Group Pty Ltd,4,company;service;excl_body,1
7754,1-3Y4BCPD,MVRL60996,No Limit Mechanical & Performance Pty Ltd,4,company;service;excl_performance,1
7755,1-3LA052I,MVRL58239,NOLAN'S HEAVY DIESEL PTY LTD,4,company;excl_heavy,1
7756,1-MHF0ST,MVRL49173,Norman Edward Baxter,4,sole_trader;excl_performance,1
7757,1-3INEJD9,MVRL57325,Nortale Pty Ltd,4,company;service;excl_other,1
7758,1-2JUF45F,MVRL53984,North Albury Tyre Service Pty Ltd,4,company;service;excl_tyres,1
7759,1-3CLDPLU,MVRL56430,NORTH BARRABA DIESEL PTY LTD,4,company;excl_heavy,1
7760,1-1TU5DF4,MVRL52661,North Nowra Smash Pty Ltd,4,company;service;excl_body,1
7761,1-3L0W39G,MVRL58141,NORTH SHORE BMW BODYSHOP PTY LTD,4,company;excl_dealer,1
7762,1-1G8OCKF,MVRL52038,North Shore Smash Repairs Pty Ltd,4,company;service;excl_body,1
7763,1-4IX6SN2,MVRL64372,NORTH VIC MOBILE MECHANIC PTY LTD,4,company;service;excl_mobile,1
7764,1-CZ1MPP,MVRL48206,Norther Beaches Taxi Services Pty Ltd,4,company;service;excl_other,1
7765,1-4IXLCEM,MVRL64378,NORTHERN BEACHES AUTOMOTIVE GROUP PTY LTD,4,company;service;excl_dealer;excl_body,1
7766,1-4APWOHM,MVRL62836,Northern Rivers 4WD Pty Ltd,4,company;excl_performance,1
7767,1-XT3-3188,MVRL28606,Northpoint Motor Body Repairs Pty Ltd,4,company;service;excl_body,1
7768,1-587WBQ,MVRL46823,Northshore Collision Centre Pty Ltd,4,company;excl_body,1
7769,1-3B4CMK8,MVRL56261,NORTHSIDE SMASH DUBBO PTY LTD,4,company;service;excl_body,1
7770,1-3PU0SC6,MVRL59531,Northwest Mining Auto Electrical & Mechanical Repairs Pty Limited,4,company;service;excl_electrical;excl_other,1
7771,1-2JPVQD,MVRL45162,Northwest Trucks Pty Ltd,4,company;excl_heavy,1
7772,1-XT3-1725,MVRL25612,Notts Smash Repairs Pty Ltd,4,company;service;excl_body,1
7773,1-3PE0YVC,MVRL59377,Nour Haj Obeid,4,sole_trader;service;excl_heavy,1
7774,1-XT3-719,MVRL23330,Novatav Pty Ltd,4,company;service;excl_body;excl_parts_towing,1
7775,1-L6AXPS,MVRL49038,Nowra 4WD & Outdoor Products Pty Ltd,4,company;excl_performance,1
7776,1-XT3-457,MVRL22779,Nowra Coaches Pty Ltd,4,company;excl_heavy,1
7777,1-2XDGPTW,MVRL54665,Nowra Heavy Vehicle Repairs Pty Ltd,4,company;service;excl_heavy,1
7778,1-JUA7KS,MVRL48951,Nowra Motorcycles South Pty Ltd,4,company;excl_specialty_vehicle,1
7779,1-37EOTP2,MVRL55747,NP Smash Repairs Blacktown Pty Ltd,4,company;service;excl_body,1
7780,1-3GOACLZ,MVRL57035,NR Auto Group Pty Ltd,4,company;service;excl_dealer,1
7781,1-4JJD43M,MVRL64309,NRC COLLISIONS PTY LTD,4,company;excl_body,1
7782,1-3VVEEEK,MVRL60677,NS Truck Body Builders & Repairers Pty Ltd,4,company;service;excl_body;excl_heavy,1
7783,1-4CO077W,MVRL63092,NSW Ambulance,4,sole_trader;excl_other,1
7784,1-3WG2VC8,MVRL60899,NSW Claims Management Pty Ltd,4,company;service;excl_body,1
7785,1-1PT4RV2,MVRL52529,NSW JAC Pty Ltd,4,company;service;excl_electrical,1
7786,1-3TAQKZ6,MVRL60246,NSW MOBILE FLEET SERVICES PTY LIMITED,4,company;service;excl_heavy;excl_mobile,1
7787,1-37MJN2D,MVRL55781,NSW ROADSIDE SERVICES PTY LTD,4,company;service;excl_mobile,1
7788,1-ZI5S45,MVRL50504,NSW Vehicle Wholesale Pty Ltd,4,company;excl_parts_towing,1
7789,1-3Z6Z6Y0,MVRL61165,NU-TECH HEAVY VEHICLE PTY LIMITED,4,company;excl_heavy,1
7790,1-XT3-2995,MVRL2823,Nujubi Pty Ltd,4,company;service;excl_body,1
7791,1-3M9427M,MVRL58567,NV PANEL AND PAINT PTY LTD,4,company;excl_body,1
7792,1-XSI-1981,MVRL15152,NVM Motor Sales Pty Ltd,4,company;service;excl_dealer,1
7793,1-40PZ6OK,MVRL61318,NXTGEN AUTO SOLUTIONS PTY LTD,4,company;service;excl_tyres,1
7794,1-4B6LOUJ,MVRL62775,O & S Sports Car Restoration Pty Ltd,4,company;excl_performance,1
7795,1-3L3VK53,MVRL58068,O'Brien Glass Industries Limited,4,company;excl_electrical,1
7796,1-4FB6D0U,MVRL63918,O'BRIEN TYRES PTY LTD,4,company;service;excl_tyres,1
7797,1-XTH-953,MVRL441,O'Briens Auto Body Repairs Pty Ltd,4,company;service;excl_body,1
7798,1-R5G38Q,MVRL49710,O'Connor Haulage (ACT) Pty Ltd,4,company;excl_heavy,1
7799,1-3NWVSBH,MVRL59029,O'Connor Tyres Pty Ltd,4,company;excl_tyres,1
7800,1-3EJO1YU,MVRL56785,O'DOWD ENGINEERING PTY LTD,4,company;excl_performance,1
7801,1-9QMXZQ,MVRL47777,O'Reilly Truck Repairs Pty Ltd,4,company;service;excl_heavy,1
7802,1-21ILIWV,MVRL53223,O.K. Smash Repairs Pty Ltd,4,company;service;excl_body,1
7803,1-XTB-2409,MVRL37991,Oasis Aussies Pty Ltd,4,company;service;excl_body,1
7804,1-JYIBH8,MVRL48839,Ocean Shores Smash Repairs Pty Ltd,4,company;service;excl_body,1
7805,1-4GKC6A6,MVRL63890,OFFICINA MOBILE PTY LTD,4,company;excl_mobile,1
7806,1-2LI70YH,MVRL54195,Ogden's Coaches Pty Limited,4,company;excl_heavy,1
7807,1-3KKRRDL,MVRL58024,OLD SKOOL CUSTOMS PTY LTD,4,company;excl_performance,1
7808,1-XT3-106,MVRL21984,Oliveri Transport Services Pty Ltd,4,company;service;excl_heavy;excl_other,1
7809,1-3M6GE7G,MVRL58597,ON CALL DIESEL PTY LTD,4,company;excl_heavy,1
7810,1-2WH3G1R,MVRL54646,On Point Auto Pty Ltd,4,company;service;excl_tyres,1
7811,1-4FFWOE8,MVRL63645,One Stop Smash and Mechanical Repairs Pty Ltd,4,company;service;excl_body,1
7812,1-XTB-3798,MVRL40283,One Stop Smash Repairs Pty Ltd,4,company;service;excl_body,1
7813,1-2XKDUCT,MVRL54724,Online Body Works & 4X4 Accessories Pty Ltd,4,company;excl_body;excl_performance,1
7814,1-XTB-4023,MVRL40736,Only One Trading Pty Ltd,4,company;service;excl_body,1
7815,1-XTB-4597,MVRL41792,Onras Smash Repairs Pty Ltd,4,company;service;excl_body,1
7816,1-4FG59I9,MVRL63646,OPEN ROAD MOTORHOMES PTY LTD,4,company;excl_specialty_vehicle,1
7817,1-JXMZN6,MVRL48857,Optimum Smash Repairs Pty Ltd,4,company;service;excl_body,1
7818,1-LDAFRV,MVRL49062,Orana Coaches Pty Ltd,4,company;excl_heavy,1
7819,1-3RZQ6FM,MVRL60038,Orana Motor Group Pty Ltd,4,company;excl_dealer,1
7820,1-38ZU6QX,MVRL55942,Orange Auto Electrics Pty Ltd,4,company;service;excl_electrical,1
7821,1-XT3-2163,MVRL26424,Orange City Council,4,sole_trader;excl_other,1
7822,1-3PTVB9Q,MVRL59499,ORANGE DEALERSHIP NO2 PTY LTD,4,company;excl_dealer,1
7823,1-3PTUVII,MVRL59498,ORANGE DEALERSHIP PTY LTD,4,company;excl_dealer,1
7824,1-3G8BBP6,MVRL56821,Orlagate Pty ltd,4,company;excl_performance,1
7825,1-4E3X67M,MVRL63473,ORM DIESEL REPAIRS PTY LTD,4,company;service;excl_heavy,1
7826,1-3T688B4,MVRL60244,ORTON FAMILY AUTOMOTIVE PTY LTD,4,company;service;excl_performance,1
7827,1-3CIBZUG,MVRL56652,OSMANS RACING PTY LTD,4,company;excl_performance,1
7828,1-4GLG3J4,MVRL63785,OSP Automotive & Marine Pty Ltd,4,company;service;excl_specialty_vehicle,1
7829,1-3BI0AOY,MVRL56263,OTW LIFESTYLE PTY LIMITED,4,company;excl_tyres,1
7830,1-MIQ03H,MVRL49148,Our Town Automotive & Transport Pty Ltd,4,company;service;excl_parts_towing;excl_other,1
7831,1-XTB-4741,MVRL42063,Our Town Batteries Pty Ltd,4,company;excl_electrical;excl_parts_towing,1
7832,1-43RMGJI,MVRL61712,Out of Town 4 WD Pty Ltd,4,company;excl_parts_towing;excl_performance,1
7833,1-3LNL006,MVRL58351,OVERALL HEAVY EQUIPMENT PTY LTD,4,company;excl_heavy,1
7834,1-1E8V3EN,MVRL51648,Owen's Paint and Panel Repairs Pty Ltd,4,company;service;excl_body,1
7835,1-3RU52XN,MVRL59934,Oz Off Road Pty Ltd,4,company;excl_performance,1
7836,1-XTH-134,MVRL42734,Oz Towing Pty Ltd,4,company;excl_parts_towing,1
7837,1-3V7K24W,MVRL60536,OZTRACK CUSTOM PTY LTD,4,company;excl_performance,1
7838,1-1YIITK7,MVRL52930,Ozzie Auto Styling Pty Ltd,4,company;service;excl_body,1
7839,1-XT3-4347,MVRL31016,Ozzy Tyres Holdings Pty Ltd,4,company;excl_tyres,1
7840,1-3IJZUPE,MVRL57486,P & A Auto Electrics Pty. Ltd,4,company;service;excl_electrical,1
7841,1-1RFXQ2T,MVRL52566,P & J Heming Pty Ltd,4,company;service;excl_heavy,1
7842,1-XSI-2212,MVRL15729,P & K Accident Repair Centre Pty Ltd,4,company;service;excl_body,1
7843,1-3P6HW3S,MVRL59640,P & P TRUCK REPAIRS PTY LTD,4,company;service;excl_heavy,1
7844,1-3Q061W6,MVRL59632,P & S MOBILE REPAIRS PTY LTD,4,company;service;excl_mobile,1
7845,1-3BIG1LA,MVRL56258,P&L PERFORMANCE CYCLES PTY LTD,4,company;excl_performance,1
7846,1-4I3J67M,MVRL64168,P2 PLANT SOLUTIONS PTY LTD,4,company;excl_heavy,1
7847,1-XT3-2981,MVRL28202,PAC Racing Pty Ltd,4,company;excl_performance,1
7848,1-4CY5ZNQ,MVRL63182,Pacific Auto Electrics (NSW) Pty Ltd,4,company;service;excl_electrical,1
7849,1-57COA8,MVRL46782,Pacific Bodyworks Pty Ltd,4,company;excl_body,1
7850,1-3CNYFI5,MVRL56473,Pacific Truck Repairs Pty Ltd,4,company;service;excl_heavy,1
7851,1-XSI-2851,MVRL171,Paddington Prestige Smash Repairs Pty Ltd,4,company;service;excl_body,1
7852,1-1BFH4GL,MVRL51554,Padstow Collision Repair Centre Pty Ltd,4,company;service;excl_body,1
7853,1-43UZAWA,MVRL61791,Pak Automotive Group Pty Ltd,4,company;service;excl_dealer,1
7854,1-19G9DLP,MVRL51449,Palmira Holdings Enterprises Pty Ltd,4,company;excl_dealer,1
7855,1-XTB-3586,MVRL39959,Panelvan Conversions Pty Ltd,4,company;excl_body,1
7856,1-38L6RHH,MVRL55910,Parc NSW Pty Ltd,4,company;service;excl_body,1
7857,1-40N6HEA,MVRL61296,PARKES AUTOMOTIVE GROUP PTY LIMITED,4,company;service;excl_dealer,1
7858,1-BSIY6I,MVRL47964,Parkes Shire Council,4,sole_trader;excl_other,1
7859,1-3JVAFKQ,MVRL57787,Parkhill Automotive Services Pty Ltd,4,company;service;excl_parts_towing,1
7860,1-XSI-505,MVRL1141,Parramatta Smash Repairs Pty Ltd,4,company;service;excl_body,1
7861,1-4D6OL88,MVRL63185,PARRAMATTA WESTFIELD TYRE AND AUTO SERVICES PTY LTD,4,company;service;excl_tyres,1
7862,1-1LX6AFX,MVRL52641,Parravans Caravan Hire Service Pty Ltd,4,company;service;excl_specialty_vehicle;excl_other,1
7863,1-29YPYJH,MVRL53544,Parraweena Smash Repairs Pty Ltd,4,company;service;excl_body,1
7864,1-1FSSAMM,MVRL51740,Passmore Auto Electrics Pty Ltd,4,company;service;excl_electrical,1
7865,1-XUC-2266,MVRL41568,Patricia Ann Simunic,4,sole_trader;service;excl_tyres,1
7866,1-XU2-4928,MVRL32079,Patrick Richard Toweel,4,sole_trader;excl_parts_towing,1
7867,1-2VVSHVS,MVRL54520,Patrick William Olivieri,4,sole_trader;service;excl_specialty_vehicle,1
7868,1-3A937OP,MVRL56071,Paul Anthony Dundon,4,sole_trader;service;excl_electrical,1
7869,1-MWBUED,MVRL49193,Paul Antony Haigh,4,sole_trader;service;excl_heavy;excl_performance,1
7870,1-3NVA95N,MVRL58984,PAUL BAGNALL PTY LIMITED,4,company;service;excl_electrical,1
7871,1-XU2-1893,MVRL2294,Paul David Tomlinson,4,sole_trader;service;excl_body;excl_performance,1
7872,1-2FHBBU,MVRL45069,Paul David Vassallo,4,sole_trader;service;excl_performance,1
7873,1-XTN-128,MVRL14409,Paul Francis Smith,4,sole_trader;service;excl_body,1
7874,1-ZB7OT6,MVRL50480,Paul Gover Smash Repairs Pty Ltd,4,company;service;excl_body,1
7875,1-4A11H1A,MVRL62720,Paul James Harris,4,sole_trader;excl_tyres;excl_parts_towing,1
7876,1-XUC-554,MVRL35122,Paul James Robinson,4,sole_trader;excl_tyres,1
7877,1-XTQ-486,MVRL30350,Paul John Smith,4,sole_trader;service;excl_electrical,1
7878,1-6FAB8B,MVRL47212,Paul Minassian,4,sole_trader;service;excl_body,1
7879,1-1DS3G9N,MVRL51624,Paul Richard Budden,4,sole_trader;excl_heavy;excl_parts_towing,1
7880,1-XTQ-4786,MVRL42065,Paul Ronald Jones,4,sole_trader;service;excl_electrical,1
7881,1-2IYPF0T,MVRL53956,Paul Simpson Batteries Pty Ltd,4,company;excl_electrical,1
7882,1-3A112EG,MVRL56050,Paul Steven Pirlo,4,sole_trader;excl_tyres,1
7883,1-XUC-583,MVRL35228,Paul Thomas Shennan,4,sole_trader;excl_body,1
7884,1-3JU0NCA,MVRL57620,Paul William Ryan,4,sole_trader;service;excl_mobile,1
7885,1-HW1TWF,MVRL48576,Paul Xuereb,4,sole_trader;excl_performance,1
7886,1-1GHG644,MVRL51815,Paul's Mobile Mechanics Pty Ltd,4,company;service;excl_mobile,1
7887,1-3HKORQ,MVRL46051,Pauly's Coatings Pty Ltd,4,company;excl_mobile;excl_performance,1
7888,1-33QU4RB,MVRL55188,PAY LATER AUTOMOTIVE PTY LTD,4,company;service;excl_body,1
7889,1-XTB-3329,MVRL39469,Payless Mechanical & Tyre Centre Pty Ltd,4,company;service;excl_tyres,1
7890,1-U24P6V,MVRL49885,PDZ Metal Fabrications Pty Ltd,4,company;excl_performance,1
7891,1-14GYHXS,MVRL50872,Peak Automotive Group Pty Ltd,4,company;service;excl_dealer,1
7892,1-1SH3RTT,MVRL52642,Peak Performance Group Pty Limited,4,company;excl_performance,1
7893,1-YLR4Q0,MVRL50442,Pedemont Furniture Transport Pty Ltd,4,company;service;excl_heavy;excl_other,1
7894,1-3BTPHZK,MVRL56304,Pegla Pty Ltd,4,company;excl_dealer,1
7895,1-YQ8L2W,MVRL50754,Peninsula Plasma Cutters & Fabrication Pty Ltd,4,company;excl_performance,1
7896,1-1YS75F3,MVRL53086,Penrith Auto (2016)  Pty Ltd,4,company;service;excl_dealer,1
7897,1-3FKBKP,MVRL46024,Penrith Automotive Pty Ltd,4,company;service;excl_dealer,1
7898,1-XTB-1595,MVRL36539,Penrith City Automotive Pty Ltd,4,company;service;excl_dealer,1
7899,1-38V4TN1,MVRL55964,PENSOA PTY LTD,4,company;service;excl_specialty_vehicle,1
7900,1-4GTMHPG,MVRL63908,PENSTECH AUTOMOTIVE GROUP PTY LTD,4,company;service;excl_dealer,1
7901,1-4CHWYWI,MVRL63056,PENTAGON PLANT PTY LTD,4,company;excl_heavy,1
7902,1-3PLHT2K,MVRL59415,Peppers Tyres Brake & Steering Pty Ltd,4,company;service;excl_tyres,1
7903,1-4FCI3RM,MVRL63664,Perfect Panels & Repairs Pty Ltd,4,company;service;excl_body,1
7904,1-XTH-32,MVRL42529,Performance Exhaust Enterprises Pty Ltd,4,company;service;excl_performance,1
7905,1-383B0XL,MVRL55855,Performance Plus NSW Pty Ltd,4,company;excl_performance,1
7906,1-XTB-1676,MVRL36689,Perlowski Holdings Pty Ltd,4,company;excl_body,1
7907,1-XTB-688,MVRL34823,Perlowski Pty Ltd,4,company;service;excl_tyres,1
7908,1-XSI-4857,MVRL21452,Perre Bros Smash Repairs Pty Ltd,4,company;service;excl_body,1
7909,1-XTQ-4046,MVRL40248,Peter Arsovski,4,sole_trader;service;excl_body,1
7910,1-XTQ-296,MVRL29807,Peter Barbanera,4,sole_trader;service;excl_body,1
7911,1-XUC-2599,MVRL43092,Peter Barry Simpson,4,sole_trader;service;excl_performance,1
7912,1-4EJR8N,MVRL46422,Peter Brian Fernie,4,sole_trader;excl_heavy,1
7913,1-3TO6RP,MVRL46201,Peter Colin Lute,4,sole_trader;service;excl_electrical,1
7914,1-XTQ-4086,MVRL40331,Peter Craig Towers,4,sole_trader;excl_parts_towing,1
7915,1-XTQ-614,MVRL30671,Peter Curry,4,sole_trader;service;excl_electrical,1
7916,1-3LS8EUK,MVRL58378,Peter David George Mullins,4,sole_trader;service;excl_body,1
7917,1-2G0OEOT,MVRL53814,Peter David Romer,4,sole_trader;service;excl_electrical,1
7918,1-XTN-2517,MVRL21573,Peter Grahame Vincent,4,sole_trader;service;excl_electrical,1
7919,1-XTQ-2456,MVRL36554,Peter Herscheid,4,sole_trader;excl_performance,1
7920,1-XTH-2639,MVRL7662,Peter J Fitzhenry Coach Painting Pty Ltd,4,company;excl_body;excl_heavy,1
7921,1-50MBMU,MVRL46692,Peter James Bielefeld,4,sole_trader;service;excl_heavy,1
7922,1-YCXRJD,MVRL50404,Peter James White,4,sole_trader;excl_specialty_vehicle;excl_performance,1
7923,1-RMZTZE,MVRL49770,Peter John Bancroft,4,sole_trader;excl_performance,1
7924,1-38NFL4F,MVRL55912,Peter John Beeten,4,sole_trader;service;excl_electrical,1
7925,1-XTN-3105,MVRL23395,Peter John Bush,4,sole_trader;excl_body,1
7926,1-3EXF9J,MVRL46003,Peter John O`Brien,4,sole_trader;excl_other,1
7927,1-1EHM474,MVRL51685,Peter Kevin Weaver,4,sole_trader;service;excl_other,1
7928,1-46JMIT6,MVRL62265,Peter Lloyd McCallum,4,sole_trader;excl_tyres,1
7929,1-XTN-4041,MVRL26092,Peter Maxwell Townsend,4,sole_trader;excl_parts_towing,1
7930,1-3TMLMU4,MVRL60278,Peter Robert Windred,4,sole_trader;service;excl_electrical,1
7931,1-464W6Q6,MVRL62120,Peter Stevens Motorcycles Pty.Ltd.,4,company;excl_specialty_vehicle,1
7932,1-C28PB4,MVRL47992,Peter Vincent Lawrie,4,sole_trader;excl_heavy,1
7933,1-4FP1J6O,MVRL63741,PETER WARREN REGIONAL PTY LTD,4,company;excl_dealer,1
7934,1-3EKR213,MVRL56782,Peter Young,4,sole_trader;service;excl_body;excl_performance,1
7935,1-3ZQYQXZ,MVRL61162,PEZ's Diesel Repairs Pty Ltd,4,company;service;excl_heavy,1
7936,1-3ZZHYF0,MVRL61197,PEZS AUTO ELECTRICS PTY LTD,4,company;service;excl_electrical,1
7937,1-2Y8BTHD,MVRL54753,PG Smash Enterprises Pty Ltd,4,company;service;excl_body,1
7938,1-41Z0X8I,MVRL61558,PHANATEC ENGINEERING PTY. LTD.,4,company;excl_performance,1
7939,1-SXNB9M,MVRL49890,Phantom Dent Removal Pty Ltd,4,company;excl_body,1
7940,1-23DLP91,MVRL53218,Phat Dat Tran,4,sole_trader;excl_performance,1
7941,1-V2BPVD,MVRL49998,Phat Luong Phan,4,sole_trader;service;excl_electrical,1
7942,1-XTB-175,MVRL32789,Phenmac Pty Ltd,4,company;service;excl_body,1
7943,1-4I0GYR0,MVRL64159,PHIL'S MOBILE MECHANICAL REPAIRS PTY LTD,4,company;service;excl_mobile,1
7944,1-38AYF1O,MVRL55870,Phillip Barry Ryan,4,sole_trader;excl_tyres,1
7945,1-XTQ-1412,MVRL3273,Phillip David Longe,4,sole_trader;service;excl_electrical,1
7946,1-1BKS7GN,MVRL51537,Phillip Edwin Body,4,sole_trader;service;excl_body;excl_specialty_vehicle,1
7947,1-2362K8X,MVRL53254,Phillip Garnett Ivanoff,4,sole_trader;excl_performance,1
7948,1-XU2-3450,MVRL27458,Phillip Geoffrey Helson,4,sole_trader;service;excl_parts_towing,1
7949,1-LYZLBL,MVRL49140,Phillip Gregory Woods,4,sole_trader;excl_other,1
7950,1-1HU8VT7,MVRL51900,Phillip James Newnham,4,sole_trader;service;excl_heavy,1
7951,1-3C8JYB8,MVRL56417,Phillip John Haisell,4,sole_trader;excl_performance,1
7952,1-3PO0CAP,MVRL59394,Phillip John Really,4,sole_trader;excl_heavy;excl_performance,1
7953,1-3S1ZFYS,MVRL60121,Phillip Michael Ford,4,sole_trader;excl_dealer,1
7954,1-XTB-2025,MVRL37314,Phillip Mitchell Tractor Repairs Pty Ltd,4,company;service;excl_heavy,1
7955,1-NN0G30,MVRL49287,Phillip Sydney Grayson,4,sole_trader;excl_specialty_vehicle,1
7956,1-49HFBIA,MVRL62670,PHOENIX FOUR FINANCE PTY LTD,4,company;service;excl_tyres,1
7957,1-3XPC04M,MVRL60921,PHOENIX PITSTOP PTY LTD,4,company;service;excl_tyres,1
7958,1-3PF7ABS,MVRL59486,Phraka Pty Ltd,4,company;service;excl_tyres,1
7959,1-XTB-4579,MVRL41759,PHSR Pty Ltd,4,company;service;excl_body,1
7960,1-8RW1WC,MVRL47677,Phy Rum Um,4,sole_trader;excl_body,1
7961,1-1MR88RX,MVRL52227,Pidcock Panelbeating Pty Ltd,4,company;excl_body,1
7962,1-13VLA5T,MVRL50915,Pierre Al Asmar,4,sole_trader;service;excl_tyres,1
7963,1-4JFYYDU,MVRL64262,PILLARS OF POTENTIAL PTY LTD,4,company;service;excl_tyres,1
7964,1-VKYGW0,MVRL50095,PISTON PARADISE CLASSICS PTY LTD,4,company;excl_performance,1
7965,1-42EUCUC,MVRL61544,Pivot Automotive Pty Ltd,4,company;service;excl_body,1
7966,1-XT3-2357,MVRL26821,PJ & SL Bullivant Pty Ltd,4,company;service;excl_performance,1
7967,1-42D5TWE,MVRL61534,Platinum Paint & Panel Pty Ltd,4,company;excl_body,1
7968,1-14CMZDU,MVRL50985,Platinum Prestige Smash Repairs Pty Ltd,4,company;service;excl_body,1
7969,1-4AT9Q74,MVRL62987,PLATINUM TRUCK AND PLANT REPAIRS PTY LTD,4,company;service;excl_heavy,1
7970,1-3HBXFII,MVRL57137,PLATINUM TRUCKWORX PTY LTD,4,company;excl_heavy,1
7971,1-XTH-658,MVRL43608,Players Smash Repairs Pty Ltd,4,company;service;excl_body,1
7972,1-3OVYO9W,MVRL59244,PNH Fitzpatrick Pty Ltd,4,company;service;excl_tyres,1
7973,1-7K6TAP,MVRL47447,Poll Performance Pty Ltd,4,company;excl_performance,1
7974,1-XTH-637,MVRL43559,Porsche Retail Group Australia Pty Ltd,4,company;excl_dealer;excl_parts_towing,1
7975,1-3XZS6MF,MVRL60944,Port Macquarie Best Tyres & Auto Services Pty Ltd,4,company;service;excl_tyres,1
7976,1-3S92TIU,MVRL60115,Port Performance Pty Ltd,4,company;excl_performance,1
7977,1-3PD32HX,MVRL59401,Port Stephens Coaches Pty Ltd,4,company;excl_heavy,1
7978,1-41KS21S,MVRL61444,PORT STEPHENS DIESEL SERVICES PTY LTD,4,company;service;excl_heavy,1
7979,1-3JJLKY8,MVRL57528,PORT TYRES AUSTRALIA PTY LTD,4,company;service;excl_tyres,1
7980,1-3P5Q95F,MVRL59316,Ports Mobile Auto Electrical & Air Conditioning Pty Ltd,4,company;service;excl_electrical;excl_mobile,1
7981,1-2FPNKIL,MVRL53725,Poseidon Auto Service Pty Ltd,4,company;service;excl_other,1
7982,1-3DF776Q,MVRL56515,Pottsville Bogangar Auto & Tyres Pty Ltd,4,company;service;excl_tyres,1
7983,1-XT3-1500,MVRL251,PPT Investments Pty Ltd,4,company;excl_dealer,1
7984,1-2SYFO8,MVRL45356,PR & G Investments Pty Ltd,4,company;service;excl_electrical,1
7985,1-4EZ9WBH,MVRL63585,Pragji Trading Pty Ltd,4,company;service;excl_tyres,1
7986,1-3KVN7HS,MVRL58048,PRAKASH AUTOMOTIVE GROUP PTY LTD,4,company;service;excl_dealer,1
7987,1-2KRKH41,MVRL54073,Precious Motorsport Pty Ltd,4,company;excl_performance,1
7988,1-32UCUTN,MVRL55084,PRECISION ASSESSMENT PTY LTD,4,company;service;excl_body,1
7989,1-XTB-2274,MVRL37733,Precision Auto Medics Pty Ltd,4,company;service;excl_electrical,1
7990,1-28F1VDA,MVRL53504,Precision Automotive and Performance Pty Ltd,4,company;service;excl_performance,1
7991,1-3KV4CZY,MVRL58065,Precision Automotive Racing Pty Ltd,4,company;service;excl_performance,1
7992,1-CTV6M1,MVRL48147,Precision Fleet Maintenance Pty Ltd,4,company;excl_heavy,1
7993,1-4VM136,MVRL46658,Precision Logistics Pty Ltd,4,company;excl_heavy,1
7994,1-4ET0ITU,MVRL63572,PRECISION MOBILE MECHANICAL PTY LTD,4,company;service;excl_mobile,1
7995,1-3TJ75C3,MVRL60443,Prem Chand,4,sole_trader;service;excl_other,1
7996,1-N3RQDE,MVRL49203,Premier Dent Removal Pty Ltd,4,company;excl_body,1
7997,1-3ISRZB6,MVRL57416,Premier Plant Repairs & Fabrication Pty Ltd,4,company;service;excl_heavy;excl_performance,1
7998,1-39ZF39Z,MVRL56065,PREMIER WINDSCREEN GROUP PTY LTD,4,company;excl_electrical,1
7999,1-XTB-4841,MVRL42251,Premium Dent Removal Pty Ltd,4,company;excl_body,1
8000,1-129W7YZ,MVRL50731,Prestige Auto Body Shop Pty Ltd,4,company;service;excl_body,1
8001,1-4C2BMAS,MVRL62994,PRESTIGE COLLISION CARE PTY LTD,4,company;excl_body,1
8002,1-76T6AN,MVRL47344,Prestige Motors (Northshore) Pty Ltd,4,company;service;excl_dealer,1
8003,1-XTH-273,MVRL42991,Prestige Motorsport (Aust) Pty Ltd,4,company;service;excl_body;excl_performance,1
8004,1-3H08H3D,MVRL57105,Prestige Repair Works Pty Ltd,4,company;service;excl_body,1
8005,1-3V0HVZ2,MVRL60622,Prestige Smash Repairs Pty Ltd,4,company;service;excl_body,1
8006,1-P50AKZ,MVRL49456,Prestige Tyre & Auto Services Pty Ltd,4,company;service;excl_tyres,1
8007,1-XSI-4594,MVRL20866,Prestmore Pty Ltd,4,company;excl_performance,1
8008,1-150CGEE,MVRL50965,Preston Mechanical Repairs Pty Ltd,4,company;service;excl_tyres,1
8009,1-XTB-4303,MVRL41211,Prior Performance Products Pty Ltd,4,company;service;excl_specialty_vehicle;excl_performance,1
8010,1-3QL8O34,MVRL59903,PRIORITY AUTOMOTIVE GROUP PTY LTD,4,company;service;excl_dealer,1
8011,1-4G593P2,MVRL63826,Prizm Performance Pty Ltd,4,company;excl_performance,1
8012,1-4AYT4O,MVRL46410,Pro Customz Pty Ltd,4,company;excl_performance,1
8013,1-3YEYMWH,MVRL60983,Pro Elite Mobile Mechanics Pty Ltd,4,company;service;excl_mobile,1
8014,1-3LS1UM4,MVRL58380,PRO LOGIC AUTO ELECTRICAL PTY LTD,4,company;service;excl_electrical,1
8015,1-3FDQBCK,MVRL56939,PRO PAINT AUTO WESTERN SYDNEY PTY LTD,4,company;service;excl_body,1
8016,1-3VJN9Z4,MVRL60618,Pro Tech Auto Glass Pty Ltd,4,company;service;excl_electrical,1
8017,1-25GJR1U,MVRL53425,Pro Transportation Services Pty Ltd,4,company;service;excl_other,1
8018,1-3B3PM9M,MVRL56215,PRO TRUCK SERVICE (NSW) PTY LTD,4,company;service;excl_heavy,1
8019,1-4343VA7,MVRL61612,Pro Worx Engineering Pty Ltd,4,company;excl_performance,1
8020,1-4278PJF,MVRL61481,Pro-Paint Auto Northern Beaches Pty Ltd,4,company;service;excl_body,1
8021,1-Q0VB8Z,MVRL49579,Pro-Street Restorations (NSW) Pty Ltd,4,company;excl_performance,1
8022,1-3GD9OMI,MVRL57052,PRO-TORQUE TRUCK & TRAILER REPAIRS PTY LTD,4,company;service;excl_heavy,1
8023,1-113I8QV,MVRL50655,Proauto Panel Pty Ltd,4,company;excl_body,1
8024,1-XT3-3918,MVRL30140,Problem Management Engineering Pty Ltd,4,company;excl_performance,1
8025,1-4DL6Z96,MVRL63307,Profect Automotive Group Pty Ltd,4,company;service;excl_dealer,1
8026,1-37FHH6T,MVRL55774,Proflo Performance Pty Ltd,4,company;excl_performance,1
8027,1-XTB-4037,MVRL40755,Prompting Pty Ltd,4,company;service;excl_tyres,1
8028,1-46ZZKHW,MVRL62375,PROSPECT TYRE AND AUTO SERVICE PTY LTD,4,company;service;excl_tyres,1
8029,1-XT3-3755,MVRL29794,Prosperous Lion Pty Ltd,4,company;service;excl_body,1
8030,1-4C24XYA,MVRL62997,PRYHEX PTY LTD,4,company;excl_body,1
8031,1-19JWI52,MVRL51457,PSC Racing & Automotive (Aust) Pty Ltd,4,company;service;excl_performance,1
8032,1-4J21PP8,MVRL64157,PSK TRUCKS AND PLANT MECHANIC PTY LTD,4,company;service;excl_heavy,1
8033,1-XTB-4500,MVRL41588,PT Wollongong Pty Limited,4,company;excl_dealer,1
8034,1-39TR766,MVRL56035,Pulse Mobile Auto Electrics Pty Ltd,4,company;service;excl_electrical;excl_mobile,1
8035,1-3EF83XE,MVRL56684,Pulse Mobile Mechanics Pty Ltd,4,company;service;excl_mobile,1
8036,1-XTH-619,MVRL43535,Pulse Racing Pty Ltd,4,company;excl_performance,1
8037,1-273HGGO,MVRL53487,Punj Transport Pty Ltd,4,company;service;excl_body;excl_other,1
8038,1-2XNN1IF,MVRL54696,Pure Motorsports Pty Ltd,4,company;excl_performance,1
8039,1-3YM4EQ6,MVRL61027,PURTS MOBILE MECHANICAL PTY LTD.,4,company;service;excl_mobile,1
8040,1-32XYQB5,MVRL55154,PVC Racing Pty Ltd,4,company;service;excl_performance,1
8041,1-1JTKHYD,MVRL52090,PWA Regional Automotive Pty Ltd,4,company;service;excl_dealer,1
8042,1-4AKCBH0,MVRL62815,PYE MAINTENANCE AND HIRE PTY LTD,4,company;excl_other,1
8043,1-XT3-1655,MVRL25458,Pym's Pty Ltd,4,company;service;excl_electrical,1
8044,1-3B42EF6,MVRL56206,Q FLOW AUSTRALIA PTY LTD,4,company;excl_specialty_vehicle,1
8045,1-XT3-1691,MVRL25543,Qcity Transit Pty Ltd,4,company;excl_other,1
8046,1-3B3W8J4,MVRL56208,QUAKERS HILL TYRES PTY LTD,4,company;service;excl_tyres,1
8047,1-XTB-3332,MVRL39472,Quality & Commitment Auto Parts Pty Ltd,4,company;service;excl_parts_towing,1
8048,1-33S8A9,MVRL45698,Quality Control Paintwork Pty Ltd,4,company;excl_body,1
8049,1-3P1UUD2,MVRL59520,Quality Transport (Australia) Pty Ltd,4,company;excl_other,1
8050,1-36IWGIB,MVRL55642,Queanbeyan Diesel Service Pty Ltd,4,company;service;excl_heavy,1
8051,1-XTH-344,MVRL43127,Queanbeyan Palerang Regional Council,4,sole_trader;excl_other,1
8052,1-3XM8I6E,MVRL60903,Queen Street Customs Garage Pty Ltd,4,company;service;excl_performance,1
8053,1-82ONZJ,MVRL47578,Queen Street Customs Pty Ltd,4,company;excl_performance,1
8054,1-NVV7K4,MVRL49330,Quick-Fix Smash Repairs Pty Ltd,4,company;service;excl_body,1
8055,1-3ZLWVSH,MVRL61103,Quiptech Group Pty Ltd,4,company;excl_heavy,1
8056,1-4JMXTZW,MVRL64347,QUIRINDI TYRES PTY LTD,4,company;service;excl_tyres,1
8057,1-31BKSCT,MVRL54927,R & J BATTERIES PTY LTD,4,company;excl_electrical,1
8058,1-XTB-1114,MVRL35677,R & L Trigg Pty Ltd,4,company;excl_tyres,1
8059,1-57LS6E,MVRL46795,R & N Auto Electrical (Katoomba) Pty Ltd,4,company;service;excl_electrical,1
8060,1-3UFIKHQ,MVRL60549,R & R Performance (Cowra) Pty Ltd,4,company;excl_performance,1
8061,1-1LZ43TV,MVRL52256,R V & Caravan Repairs & Services Pty Ltd,4,company;service;excl_specialty_vehicle,1
8062,1-XSI-983,MVRL12686,R W King Motor Engineering Pty Ltd,4,company;excl_performance,1
8063,1-3SEFNEC,MVRL60141,R&B Performance Pty Ltd,4,company;excl_performance,1
8064,1-1MR88WQ,MVRL52289,R.J McWhinney Smash Repairs Pty Ltd,4,company;service;excl_body,1
8065,1-KRPXUB,MVRL48988,R.V Mobile Truck & Trailer Repairs Pty Ltd,4,company;service;excl_heavy;excl_mobile,1
8066,1-3O2QV3U,MVRL59436,R.W. EQUIPMENT RENTALS PTY LTD,4,company;excl_other,1
8067,1-3IY93H0,MVRL57538,RACCKS PTY LTD,4,company;excl_performance,1
8068,1-XT3-3835,MVRL29967,Racebet Pty Ltd,4,company;excl_body,1
8069,1-3C3MNP,MVRL45945,Rachcate Pty Ltd,4,company;excl_dealer,1
8070,1-D1BP8Q,MVRL48091,Racing Red Pty Ltd,4,company;excl_performance,1
8071,1-470DZH8,MVRL62241,Radford Earthmovers Pty Ltd,4,company;excl_heavy,1
8072,1-3M0GW42,MVRL58461,RADKE'S TYRE & AUTO PTY LTD,4,company;service;excl_tyres,1
8073,1-3GP8MCZ,MVRL57023,Radoslav Novakovic,4,sole_trader;service;excl_parts_towing,1
8074,1-36Z9MCH,MVRL55698,Raewynne Louise Begley,4,sole_trader;service;excl_electrical,1
8075,1-46A2EBM,MVRL62177,RAINBOW & SONS HEAVY HAULAGE PTY LTD,4,company;excl_heavy,1
8076,1-481EF1Q,MVRL62541,RAJPUT TYRES & MECHANICAL PTY LTD,4,company;service;excl_tyres,1
8077,1-3GKVF7S,MVRL57004,RAM AUTO & TYRE SERVICES PTY LTD,4,company;service;excl_tyres,1
8078,1-4H8RX6Y,MVRL64025,RAM AUTO ELECTRICAL PTY LTD,4,company;service;excl_electrical,1
8079,1-3IGYYZY,MVRL57210,RAMLAWIE SMASH REPAIRS PTY LTD,4,company;service;excl_body,1
8080,1-3IBURCR,MVRL57177,Ramon Douglas Lavender,4,sole_trader;service;excl_heavy,1
8081,1-7YGF66,MVRL47555,Ramzi Saghir,4,sole_trader;service;excl_electrical,1
8082,1-3HUAY9Q,MVRL57178,RANGER RACING PTY LTD,4,company;excl_performance,1
8083,1-3OK86N9,MVRL59283,Ranjith Patabendige Warnakulasuriya Fonseka,4,sole_trader;service;excl_performance,1
8084,1-3PC9D1G,MVRL59572,Rantech Automotive Pty Ltd,4,company;service;excl_tyres,1
8085,1-3RVP6SE,MVRL60109,Rapid Mobile Mechanic Pty Ltd,4,company;service;excl_mobile,1
8086,1-2QGT8Z,MVRL45279,Rashad Hayek,4,sole_trader;service;excl_body,1
8087,1-3NPJW4I,MVRL59034,RAY MORCOMS AUTO BODY REPAIRS PTY LTD,4,company;service;excl_body,1
8088,1-493OYZK,MVRL62555,Rayan Smash Repairs Pty Ltd,4,company;service;excl_body,1
8089,1-3VS4N7I,MVRL60773,Raymond Auto Glass Pty Ltd,4,company;service;excl_electrical,1
8090,1-KPRXBF,MVRL48976,Raymond John Booth,4,sole_trader;service;excl_electrical,1
8091,1-XU2-1383,MVRL21541,Raymond William Griffin,4,sole_trader;excl_body,1
8092,1-2KF67E1,MVRL54040,Rays Truck Repairs Pty Ltd,4,company;service;excl_heavy,1
8093,1-3ATO0AE,MVRL56187,RB RACING PTY LTD,4,company;excl_performance,1
8094,1-3BX79ZD,MVRL56308,RCR Smash Repair Pty Ltd,4,company;service;excl_body,1
8095,1-XT3-587,MVRL23052,RE & KL McGuire Pty Ltd,4,company;service;excl_body,1
8096,1-1M2PA6R,MVRL52219,Reachclad Pty. Ltd,4,company;excl_heavy,1
8097,1-42MLFU8,MVRL61587,Realmill Pty Ltd,4,company;service;excl_heavy,1
8098,1-492MSJU,MVRL62613,Rebecca Taxi Base Pty Ltd,4,company;excl_other,1
8099,1-19AGBNL,MVRL51407,Red Dent Pty Ltd,4,company;excl_body,1
8100,1-1MNNZ0H,MVRL52556,Redhead Machinery Pty Ltd,4,company;excl_heavy,1
8101,1-44ZUE6C,MVRL61806,Redline Trailers Pty Ltd,4,company;excl_heavy,1
8102,1-2ONJLH,MVRL45269,Redwood Enterprises (NSW) Pty Ltd,4,company;excl_tyres,1
8103,1-3Q5M062,MVRL59635,Reece Albert Evans,4,sole_trader;service;excl_heavy,1
8104,1-4JY2ZHS,MVRL64353,Reece Tom Bitunjac,4,sole_trader;service;excl_performance,1
8105,1-365K6A,MVRL45705,Reggies Group Pty Ltd,4,company;service;excl_body,1
8106,1-KRPXMR,MVRL48983,Reimers Pty Ltd,4,company;service;excl_tyres,1
8107,1-4G6GVEM,MVRL63794,RELIABLE AUTO CARE AUST PTY LTD,4,company;service;excl_electrical,1
8108,1-1O3C9Y1,MVRL52389,Renahan's Tyre Service Pty Ltd,4,company;service;excl_tyres,1
8109,1-6FY30W,MVRL47163,Renegade Petroleum Pty Ltd,4,company;excl_other,1
8110,1-3SBVMQG,MVRL60084,Repair & Restoration Services Pty Ltd,4,company;service;excl_performance,1
8111,1-3KQNMBY,MVRL58191,Resolution Tyres Pty Ltd,4,company;excl_tyres,1
8112,1-3TBEBII,MVRL60438,Rev Up Smash Repair Pty Ltd,4,company;service;excl_body,1
8113,1-3IY1IBF,MVRL57331,Rev'd Enterprise's Pty Ltd,4,company;service;excl_mobile,1
8114,1-3KMX5L0,MVRL58072,REVELRY MOTORCYCLES PTY LIMITED,4,company;excl_specialty_vehicle,1
8115,1-1VE7YQQ,MVRL52771,Revolution Smash Repairs Pty Ltd,4,company;service;excl_body,1
8116,1-3W61PFW,MVRL60666,RG Cochrane Pty Ltd,4,company;excl_performance,1
8117,1-3OR8D2W,MVRL59218,RGRS NSW PTY LTD,4,company;service;excl_tyres,1
8118,1-4FP8OIU,MVRL63776,RHEVS PTY LTD,4,company;service;excl_electrical,1
8119,1-XT3-3010,MVRL28260,Ric Shaw Performance Pty Ltd,4,company;excl_performance,1
8120,1-3UP2D18,MVRL60591,Richard Anthony Casa,4,sole_trader;service;excl_electrical,1
8121,1-V0K36G,MVRL49983,Richard Anthony McMurray,4,sole_trader;service;excl_electrical;excl_mobile,1
8122,1-151EGN9,MVRL50974,Richard Grant Welch,4,sole_trader;service;excl_performance,1
8123,1-1K1IDU3,MVRL52025,Richard Harald Mork,4,sole_trader;excl_performance,1
8124,1-XUC-1587,MVRL38752,Richard Reno Ross Ciantar,4,sole_trader;service;excl_body,1
8125,1-XUC-2634,MVRL43384,Richard Thomas Wilton,4,sole_trader;excl_tyres,1
8126,1-49KIZJY,MVRL62659,RICHARDS PANEL PTY LTD,4,company;excl_body,1
8127,1-38DFPQJ,MVRL55887,Richmond Caravan Repairs & Hire Pty Ltd,4,company;service;excl_specialty_vehicle;excl_other,1
8128,1-1UDT5HT,MVRL52761,Richmond River Tyre Company Pty Ltd,4,company;excl_tyres,1
8129,1-3CJS116,MVRL56412,RICKS SUSPENSION AND MECHANICAL PTY LTD,4,company;service;excl_specialty_vehicle,1
8130,1-3O3AZB8,MVRL59151,Ricky Jason Townsend,4,sole_trader;excl_parts_towing,1
8131,1-3K4FYJR,MVRL57805,Ricky Luke Bond,4,sole_trader;service;excl_body,1
8132,1-2J15FS4,MVRL53891,Rinoak Pty Limited,4,company;excl_dealer,1
8133,1-9BTJSD,MVRL47723,Rise Again Car Restoration Pty Ltd,4,company;service;excl_body;excl_performance,1
8134,1-3KZX5T4,MVRL58246,Rise Up Restorations Pty Ltd,4,company;excl_performance,1
8135,1-4DVQQ1S,MVRL63368,RIVERAH & SONS PTY LTD,4,company;service;excl_tyres,1
8136,1-2LIPM99,MVRL54308,Riverina Allwreck Pty Ltd,4,company;excl_parts_towing,1
8137,1-2PZP5A2,MVRL54444,Riverina Crane Holdings Pty Ltd,4,company;excl_heavy,1
8138,1-476QNYY,MVRL62222,RIVERSTONE AUTO BODY PTY LTD,4,company;service;excl_body,1
8139,1-4GMH4SS,MVRL63936,RIZZOS CUSTOMS PTY LTD,4,company;excl_performance,1
8140,1-1YIS33H,MVRL52979,RJB Plant Maintenance Pty Limited,4,company;excl_heavy,1
8141,1-49RI3T4,MVRL62666,RKFA GROUP PTY LTD,4,company;service;excl_body,1
8142,1-3NFL2SW,MVRL58878,RLN PAINTLESS DENT REPAIR PTY LTD,4,company;service;excl_body,1
8143,1-4IJUDU0,MVRL64069,RM BODYWORKS PTY LTD,4,company;excl_body,1
8144,1-13E60PW,MVRL50799,RMJ Truck & Auto Repairs Pty Ltd,4,company;service;excl_heavy,1
8145,1-37SESZT,MVRL55788,RMP (NSW) Pty Ltd,4,company;service;excl_tyres,1
8146,1-466376M,MVRL62085,RNR CARAVAN REPAIRS PTY LTD,4,company;service;excl_specialty_vehicle,1
8147,1-XTB-2537,MVRL38224,Road & Race Performance Pty Ltd,4,company;excl_performance,1
8148,1-3LM76MS,MVRL58297,Road Runner Mobile Tyres Pty Ltd,4,company;excl_tyres;excl_mobile,1
8149,1-14QWQC8,MVRL50961,Rob Heiler's Auto Electrical Pty Ltd,4,company;service;excl_electrical,1
8150,1-XT3-2242,MVRL26584,Robazz Pty Ltd,4,company;service;excl_electrical,1
8151,1-3JK2Z1E,MVRL57552,Robbie Cook Auto Electrical & Air Conditioning Pty Ltd,4,company;service;excl_electrical,1
8152,1-1ISBQWP,MVRL52102,Robbo Family Pty Ltd,4,company;excl_body,1
8153,1-3EX632A,MVRL56942,Robert Andrew Lightfoot,4,sole_trader;excl_specialty_vehicle,1
8154,1-XUC-2496,MVRL42680,Robert Andrew Welch,4,sole_trader;excl_body,1
8155,1-3CQI18M,MVRL56434,Robert Anthony Bianco,4,sole_trader;service;excl_tyres,1
8156,1-3LYRITI,MVRL58441,Robert Antonino Palumberi,4,sole_trader;service;excl_electrical,1
8157,1-XTX-3089,MVRL11938,Robert Brian Welch,4,sole_trader;excl_body,1
8158,1-17NEQJ1,MVRL51275,Robert Gregory Painter,4,sole_trader;excl_body;excl_performance,1
8159,1-3ZJM0FU,MVRL61220,Robert James Donovan,4,sole_trader;excl_performance,1
8160,1-3CI0WEQ,MVRL56424,Robert John Hutchison,4,sole_trader;service;excl_mobile,1
8161,1-3DKG4TU,MVRL56560,Robert Leslie Dower,4,sole_trader;service;excl_specialty_vehicle;excl_performance,1
8162,1-1V4593L,MVRL53048,Robert Lummis Murray,4,sole_trader;excl_performance,1
8163,1-XTN-4406,MVRL27326,Robert McDacy,4,sole_trader;excl_performance,1
8164,1-XTQ-3034,MVRL37924,Robert Miceli,4,sole_trader;service;excl_electrical,1
8165,1-4A6AA8,MVRL46431,Robert Piroumian,4,sole_trader;service;excl_body,1
8166,1-35BCA0O,MVRL55454,Robert Spagnolo,4,sole_trader;service;excl_body,1
8167,1-22STRCC,MVRL53202,Roberto Pasquale Correale,4,sole_trader;service;excl_tyres,1
8168,1-1VTFR14,MVRL52858,Robertson's Tyre Service Pty Ltd,4,company;service;excl_tyres,1
8169,1-3Q5R594,MVRL59587,ROCK MOTORCYCLES PTY LTD,4,company;excl_specialty_vehicle,1
8170,1-1S5LZCM,MVRL52609,Rockdale Prestige Smash Repairs Pty Ltd,4,company;service;excl_body,1
8171,1-4GK366O,MVRL63882,ROCKY WEED SPRAYING & CONTRACTING PTY LTD,4,company;excl_body,1
8172,1-3PCT16E,MVRL59570,Roderick Charles Pace,4,sole_trader;excl_electrical,1
8173,1-329MU6T,MVRL55027,Rodney James,4,sole_trader;service;excl_body,1
8174,1-1THMNXG,MVRL52658,Rodney James Mowle,4,sole_trader;service;excl_heavy,1
8175,1-38III1D,MVRL55935,Rodney Kevin Brewer,4,sole_trader;excl_performance,1
8176,1-3MMGCS3,MVRL58574,Rodney Noel Close,4,sole_trader;excl_performance,1
8177,1-3P1VNCY,MVRL59426,Rodney Paul Diggins,4,sole_trader;service;excl_body,1
8178,1-4760VUQ,MVRL62312,RODNEY THOMAS AGNEW,4,sole_trader;excl_tyres,1
8179,1-1BCZSIX,MVRL51445,Rodney Thomas Middleton,4,sole_trader;excl_tyres,1
8180,1-3DPTDU0,MVRL56590,RodRicks Auto Pty Ltd,4,company;service;excl_body;excl_performance,1
8181,1-3PAK6GO,MVRL59497,Roger El Haddad,4,sole_trader;excl_body,1
8182,1-3RU6WH5,MVRL60043,Roger Robert Martinez,4,sole_trader;excl_electrical,1
8183,1-2MCVHWD,MVRL54228,Rohitkumar Vitthalbhai Sorathiya,4,sole_trader;service;excl_tyres,1
8184,1-1R8NWLE,MVRL52537,Rolling Stock Paint Solutions Pty Ltd,4,company;excl_body,1
8185,1-XSI-1741,MVRL1460,Romac Electrical Service Pty Ltd,4,company;service;excl_electrical,1
8186,1-47I04V0,MVRL62292,ROMARULLO PTY LTD,4,company;service;excl_tyres,1
8187,1-3OW55DW,MVRL59105,Ron Hardwick Pty Ltd,4,company;service;excl_electrical,1
8188,1-388Z5SH,MVRL55865,Ronald Elick Young,4,sole_trader;excl_performance,1
8189,1-XUC-4594,MVRL8861,Ronald Lindsay Watts,4,sole_trader;service;excl_body,1
8190,1-4BDNUQ2,MVRL63064,RONG STAR PTY LTD,4,company;service;excl_tyres,1
8191,1-KPWO1V,MVRL48962,Roof Rack World Australia Pty Ltd,4,company;excl_parts_towing,1
8192,1-4DD593C,MVRL63306,Ross Kenneth Latimore,4,sole_trader;service;excl_specialty_vehicle,1
8193,1-3T1FXLP,MVRL60237,Ross Leslie James,4,sole_trader;service;excl_electrical,1
8194,1-XUC-2703,MVRL43706,Ross Phillip Worgan,4,sole_trader;excl_heavy,1
8195,1-4JJY3XC,MVRL64305,Ross Tyre Centre Pty Ltd,4,company;excl_tyres,1
8196,1-4D0YRDS,MVRL63188,ROTH PERFORMANCE MECHANICAL PTY LTD,4,company;service;excl_performance,1
8197,1-XTB-302,MVRL33037,Rouggos Investments Pty Ltd,4,company;excl_other,1
8198,1-3O3GCCY,MVRL59135,Rouse Hill Tyre and Auto Pty Ltd,4,company;service;excl_tyres,1
8199,1-245SXIT,MVRL53268,Rowan's Plant Maintenance Pty Ltd,4,company;excl_heavy,1
8200,1-42PS5X2,MVRL61498,Rowland Ernest Little,4,sole_trader;excl_performance,1
8201,1-L43F34,MVRL49028,Rowles Engineering Pty Ltd,4,company;excl_performance,1
8202,1-3PLNE24,MVRL59663,Royal Waterproofing & Painting Services Pty Ltd,4,company;service;excl_body;excl_tyres,1
8203,1-XTH-1930,MVRL605,Royan Truck & Trailer Repairs Pty Ltd,4,company;service;excl_heavy,1
8204,1-47RFKU6,MVRL62285,RP MOBILE AUTO CARE PTY LTD,4,company;service;excl_mobile,1
8205,1-4ERCXOK,MVRL63650,RRW GROUP PTY LTD,4,company;service;excl_body,1
8206,1-4FTBCQC,MVRL63902,RS & KJ Gill Tyres Pty Ltd,4,company;excl_tyres,1
8207,1-3HY578B,MVRL57301,RTB Refrigerated Truck Bodies Pty Ltd,4,company;excl_heavy,1
8208,1-4J2TYN8,MVRL64284,Rudy Smart,4,sole_trader;service;excl_tyres,1
8209,1-LRAQPQ,MVRL49131,Russell Christopher Evans,4,sole_trader;service;excl_electrical,1
8210,1-D6NTEO,MVRL48082,Russell Dunn Automotive Pty Ltd,4,company;service;excl_electrical,1
8211,1-3LOFLXC,MVRL58551,RUSSELL'S EARTHMOVING PTY LTD,4,company;excl_heavy,1
8212,1-1ZOGHA3,MVRL53119,Russo Performance Pty Ltd,4,company;excl_performance,1
8213,1-1MPIOBA,MVRL52280,RV Central NSW Pty Ltd,4,company;excl_specialty_vehicle,1
8214,1-4EHYUGS,MVRL63484,RV Connection Nowra Pty Ltd,4,company;excl_specialty_vehicle,1
8215,1-35J89RW,MVRL55506,RV Connection Pty Ltd,4,company;excl_specialty_vehicle,1
8216,1-3ZTUN36,MVRL61195,RV DEVELOPMENT GROUP PTY LTD,4,company;excl_specialty_vehicle,1
8217,1-3VDTQJ8,MVRL60628,RV's R Us Pty Ltd,4,company;excl_specialty_vehicle,1
8218,1-3AOM6GD,MVRL56344,RYAN EARTHMOVING PTY LTD,4,company;excl_heavy,1
8219,1-XTQ-3256,MVRL38365,Ryan Paul Burgess,4,sole_trader;service;excl_electrical,1
8220,1-3OVDELI,MVRL59271,RYAN TYRES AND BATTERIES PTY LTD,4,company;excl_tyres;excl_electrical,1
8221,1-180HUH6,MVRL51417,Ryans Auto Electrical Pty Ltd,4,company;service;excl_electrical,1
8222,1-BXSLY3,MVRL48133,Rydalmere Prestige Smash Repairs Pty Ltd,4,company;service;excl_body,1
8223,1-4IGQ2L9,MVRL64123,Rydalmere Smash Repairs Pty Ltd,4,company;service;excl_body,1
8224,1-2XA2JHF,MVRL54606,Ryde Automotive Group Pty Ltd,4,company;service;excl_dealer,1
8225,1-4JF3T7W,MVRL64316,RYDE EV GROUP PTY LTD,4,company;service;excl_dealer,1
8226,1-4F5NM4Q,MVRL63718,Ryebuck Customs Pty Ltd,4,company;excl_performance,1
8227,1-3PCVFU8,MVRL59726,RYED ILLAWARRA PTY LIMITED,4,company;service;excl_specialty_vehicle,1
8228,1-2XV9QNP,MVRL54702,RYKANE PTY LTD,4,company;excl_tyres,1
8229,1-4GVWXV2,MVRL64107,Rylstone Mechanical & Tyres Pty Ltd,4,company;service;excl_tyres,1
8230,1-JTNTZH,MVRL48819,S & A Truck Centre Pty Ltd,4,company;excl_heavy,1
8231,1-9AAYZO,MVRL47743,S & C Prestige Motor Repairs Pty Ltd,4,company;service;excl_dealer,1
8232,1-XSI-1128,MVRL13074,S & E Koulis Pty Ltd,4,company;service;excl_body,1
8233,1-XT3-2346,MVRL26798,S & J Bacon Investments Pty Ltd,4,company;excl_electrical,1
8234,1-KLHXZL,MVRL48927,S & M Oberman Pty Ltd,4,company;service;excl_body,1
8235,1-1L8LBSZ,MVRL52192,S & R Caravan Solutions Pty Ltd,4,company;excl_specialty_vehicle,1
8236,1-14P85G7,MVRL51014,S & R Harvey Pty Ltd,4,company;excl_heavy,1
8237,1-483QR0V,MVRL62385,S & S Restorations Pty Ltd,4,company;excl_performance,1
8238,1-19R95TJ,MVRL51568,S Biviano and Sons Pty Ltd,4,company;excl_tyres,1
8239,1-XTH-724,MVRL43703,S C Smash Repairs Pty Ltd,4,company;service;excl_body,1
8240,1-XT3-976,MVRL23910,S G G Pty Ltd,4,company;service;excl_specialty_vehicle,1
8241,1-XTB-2397,MVRL37960,S J Dents Pty Ltd,4,company;excl_body,1
8242,1-XSI-4681,MVRL21070,S R Performance Automotive Pty Ltd,4,company;service;excl_performance,1
8243,1-U0C3Q5,MVRL49908,S T B Investments Pty Ltd,4,company;excl_tyres,1
8244,1-3OI4WA8,MVRL59212,S&E HARRIS CONTRACTING PTY LTD,4,company;excl_heavy;excl_performance,1
8245,1-XTH-129,MVRL42725,S. S. Scooter Engineering Pty Ltd,4,company;excl_performance,1
8246,1-9YZ7Q5,MVRL47859,S.K. Auto Wreckers Pty Ltd,4,company;service;excl_parts_towing,1
8247,1-KL9Q7X,MVRL48964,S.T.S. Auto Electrics Pty Ltd,4,company;service;excl_electrical,1
8248,1-48I2JGW,MVRL62414,SAB Automotive Pty Ltd,4,company;service;excl_tyres,1
8249,1-XTX-339,MVRL43705,Sabah Nissan Youkhana,4,sole_trader;service;excl_dealer,1
8250,1-XSI-1675,MVRL14459,Sabalan Pty Ltd,4,company;excl_dealer,1
8251,1-3WNS634,MVRL60852,SABOTAGE MOTORCYCLES PTY LTD,4,company;excl_specialty_vehicle,1
8252,1-3EIMMJC,MVRL56677,Sachin Avikash Dewar,4,sole_trader;service;excl_mobile,1
8253,1-4CZBIBG,MVRL63082,Safe Land Transport Pty Ltd,4,company;service;excl_tyres;excl_other,1
8254,1-3W6846U,MVRL60705,SAIC MOTOR AUSTRALIA RETAIL PTY LIMITED,4,company;excl_dealer;excl_parts_towing,1
8255,1-Z0GVDK,MVRL50501,Said Turkmani,4,sole_trader;service;excl_body;excl_performance,1
8256,1-3KO47NK,MVRL58036,Salem Diab,4,sole_trader;excl_specialty_vehicle,1
8257,1-XTB-1596,MVRL36541,Sales Trailers & General Welding Pty Ltd,4,company;excl_dealer;excl_heavy;excl_performance,1
8258,1-3A0RBCB,MVRL56064,Salesh Prasad,4,sole_trader;service;excl_body,1
8259,1-XTN-725,MVRL16089,Salvatore Anthony Bellavia,4,sole_trader;service;excl_performance,1
8260,1-3IYXG9W,MVRL57346,Salvatore Emanuele,4,sole_trader;service;excl_other,1
8261,1-XTQ-3401,MVRL38673,Salvatore Mancuso,4,sole_trader;excl_performance,1
8262,1-3HY572F,MVRL57150,SAM & SONS SMASH PTY LTD,4,company;excl_body,1
8263,1-XTN-3528,MVRL24594,Sam Baghdadi,4,sole_trader;excl_performance,1
8264,1-4H4VJFE,MVRL64113,SAM TYRES & AUTOMOTIVE SERVICES PTY LTD,4,company;service;excl_tyres,1
8265,1-3J1QTTM,MVRL57376,Sam's Mobile Mechanic Sydney Pty Ltd,4,company;service;excl_mobile,1
8266,1-45QC9EE,MVRL61975,Samcare Mobile Mechanic Pty Ltd,4,company;service;excl_mobile,1
8267,1-4DJN5T0,MVRL63267,Samdyan Groups Pty Ltd,4,company;service;excl_tyres,1
8268,1-4246QHA,MVRL61556,SAME DAY RETAILERS PTY LTD,4,company;excl_parts_towing,1
8269,1-32HFMH,MVRL45615,Samir Wahib Hanouf,4,sole_trader;service;excl_body,1
8270,1-30WNT0J,MVRL54899,Samuel Panteleone Ieraci,4,sole_trader;service;excl_heavy,1
8271,1-4D5U5H0,MVRL63156,SANDANHEL PTY LTD,4,company;excl_heavy,1
8272,1-4I1XNLH,MVRL63977,Sandra Lorraine Gravolin,4,sole_trader;service;excl_electrical,1
8273,1-12C0H1I,MVRL50745,Sapphire City Tyres Pty Ltd,4,company;excl_tyres,1
8274,1-XT3-3330,MVRL28902,Sapphire Fast Parts Pty Ltd,4,company;excl_parts_towing,1
8275,1-XUC-2129,MVRL40918,Sarah Jane Carney,4,sole_trader;service;excl_other,1
8276,1-5EWHY9,MVRL46894,Sarandipidy Pty Ltd,4,company;excl_tyres,1
8277,1-13TBPSR,MVRL50864,Saunders Motor Group Pty Ltd,4,company;excl_dealer,1
8278,1-3D7LN2,MVRL46016,SBMF Pty Ltd,4,company;service;excl_body,1
8279,1-1JD9WIR,MVRL52161,SC Automobiles Pty Ltd,4,company;excl_dealer,1
8280,1-XTH-1211,MVRL449,Scania Australia Pty Ltd,4,company;excl_dealer,1
8281,1-3QNCAFU,MVRL59904,SCF TYRES PTY LTD,4,company;service;excl_tyres,1
8282,1-2WGWHRD,MVRL54586,Schmick Car Care Club Pty Ltd,4,company;service;excl_body,1
8283,1-49V67ZW,MVRL62704,SCHRODER'S DIESEL REPAIRS PTY LTD,4,company;service;excl_heavy,1
8284,1-BNFRTP,MVRL47929,Scientific Motor Body Works (Rose Bay) Pty Ltd*,4,company;excl_body,1
8285,1-3QEXU2G,MVRL59727,SCOOTER BIKES PTY LTD,4,company;excl_specialty_vehicle,1
8286,1-1N0JJCO,MVRL52279,Scott Andrew Campbell,4,sole_trader;service;excl_performance,1
8287,1-3FH9P43,MVRL57036,Scott Andrew King,4,sole_trader;service;excl_electrical,1
8288,1-XUC-400,MVRL34650,Scott Charles Clancy,4,sole_trader;service;excl_body,1
8289,1-58SCGA,MVRL46799,Scott David Krause,4,sole_trader;service;excl_specialty_vehicle,1
8290,1-1EPZ99P,MVRL51690,Scott Forbes Mobile Mechanic Pty Ltd,4,company;service;excl_mobile,1
8291,1-3CKU1P,MVRL45942,Scott Heatherington,4,sole_trader;service;excl_electrical,1
8292,1-44I4QJE,MVRL61756,Scott Joshua O'Keeffe,4,sole_trader;service;excl_electrical,1
8293,1-3BF02X6,MVRL56293,Scott Mark Furner,4,sole_trader;service;excl_electrical,1
8294,1-3F06VEQ,MVRL56840,SCOTT MCKENZIE TRANSPORT PTY LTD,4,company;excl_other,1
8295,1-3F3L90Y,MVRL56880,SCOTT WISCHER MARINE SERVICES PTY LTD,4,company;service;excl_specialty_vehicle,1
8296,1-XT3-4033,MVRL3038,Scott's Auto Spares Pty Ltd,4,company;service;excl_parts_towing,1
8297,1-XT3-3379,MVRL29007,Scotts Motors Artarmon Pty Ltd,4,company;service;excl_dealer,1
8298,1-3AI47A7,MVRL56158,SCOTTY'S DIESEL REPAIRS PTY LTD,4,company;service;excl_heavy,1
8299,1-1ONVYM0,MVRL52622,Scrimshaw's Mobile Plant Repairs Pty. Ltd.,4,company;service;excl_heavy;excl_mobile,1
8300,1-XTQ-3627,MVRL39206,Sean Brendan Fitzpatrick,4,sole_trader;excl_body,1
8301,1-4I60RV8,MVRL64326,Sean Fardell,4,sole_trader;excl_performance,1
8302,1-XU2-4862,MVRL31850,Sean James Fullbrook,4,sole_trader;service;excl_electrical,1
8303,1-XTQ-1444,MVRL32833,Sean Robert Bridge,4,sole_trader;excl_performance,1
8304,1-3K4935K,MVRL57821,Sean Terence Kelly,4,sole_trader;excl_performance,1
8305,1-XT3-1016,MVRL23992,Sefton Smash Repairs Pty Ltd,4,company;service;excl_body,1
8306,1-3A8CN7V,MVRL56113,SELAHT PTY LTD,4,company;excl_body,1
8307,1-3I4Q6MO,MVRL57180,Select Mobile Mechanics Pty Ltd,4,company;service;excl_mobile,1
8308,1-3ZZHTDW,MVRL61242,Select Smash Repairs and Restorations Pty Lt,4,company;service;excl_body;excl_performance;excl_other,1
8309,1-3JLHYD,MVRL46109,Selwoods Pty Limited,4,company;excl_heavy,1
8310,1-XTH-3513,MVRL986,Semits Smash Repairs Pty Ltd,4,company;service;excl_body,1
8311,1-4B656RA,MVRL62866,SENSATIONAL RV PTY LIMITED,4,company;excl_specialty_vehicle,1
8312,1-XTB-426,MVRL33263,Serj Smash Repairs Pty Ltd,4,company;service;excl_body,1
8313,1-XTH-867,MVRL43945,Servco Australia Dubbo Pty Ltd,4,company;excl_dealer,1
8314,1-4HUZ5IA,MVRL64093,Seven Hills Fuel & Mechanical Services Pty Ltd,4,company;service;excl_other,1
8315,1-XT3-3557,MVRL29377,Shamrock Mower & Motorcycle Repairs Pty Ltd,4,company;service;excl_specialty_vehicle,1
8316,1-XUC-2713,MVRL43773,Shane Anthony Keegan,4,sole_trader;service;excl_body,1
8317,1-1U2RQPN,MVRL52730,Shane Cirilo Maggay,4,sole_trader;excl_body;excl_performance,1
8318,1-3J2N5BG,MVRL57390,Shane Feltham,4,sole_trader;service;excl_performance,1
8319,1-XTX-3327,MVRL12567,Shane Lawrence Turnbull,4,sole_trader;service;excl_body;excl_parts_towing,1
8320,1-XTX-2734,MVRL1095,Shane Michael Jones,4,sole_trader;service;excl_performance,1
8321,1-4D4GNKB,MVRL63061,Shane Stephen Christie,4,sole_trader;excl_performance,1
8322,1-XU2-1362,MVRL21501,Shane Stewart Dicks,4,sole_trader;service;excl_parts_towing,1
8323,1-XTB-1247,MVRL35885,Sharine Enterprises Pty Ltd,4,company;service;excl_body,1
8324,1-XTB-355,MVRL33141,Sharlea Enterprises Pty Ltd,4,company;service;excl_electrical,1
8325,1-401MN0Y,MVRL61206,Shaun Cameron Price,4,sole_trader;service;excl_electrical,1
8326,1-P8HCNF,MVRL49462,Shaun Garry Bond,4,sole_trader;excl_tyres,1
8327,1-G3QQ16,MVRL48497,Shaw's Truck Repairs Pty Ltd,4,company;service;excl_heavy,1
8328,1-1IOTFYP,MVRL51973,Shawn O'Brien Auto Electrical Pty Ltd,4,company;service;excl_electrical,1
8329,1-3ZU1G3Q,MVRL61267,SHAYAN TRANSPORT SERVICES PTY LTD,4,company;service;excl_body;excl_other,1
8330,1-1NEUQ9O,MVRL52364,Shayne John Dawson,4,sole_trader;excl_performance,1
8331,1-47LKY58,MVRL62344,SHEATHER'S MOBILE CONTRACTING PTY LTD,4,company;excl_mobile,1
8332,1-12K3YDQ,MVRL50861,Sheik Mohammed Imtiaz,4,sole_trader;excl_performance,1
8333,1-XT3-3171,MVRL28572,Shellharbour City Council,4,sole_trader;excl_other,1
8334,1-XT3-470,MVRL22794,Shire Mechanical Pty Ltd,4,company;service;excl_other,1
8335,1-4F2FVVQ,MVRL63652,SHIRE MOBILITY PTY LTD,4,company;excl_other,1
8336,1-478QM0W,MVRL62160,SHIRE MOTORS PTY LTD,4,company;service;excl_other,1
8337,1-XTQ-4991,MVRL42655,Shirley Anne Tanwar,4,sole_trader;service;excl_body,1
8338,1-3417HRV,MVRL55194,Shoalhaven City Council,4,sole_trader;excl_other,1
8339,1-45XSQ62,MVRL61984,SICHAN PTY LTD,4,company;excl_body,1
8340,1-3Z5TT2Q,MVRL61069,Sieders Truck Repairs Pty Ltd,4,company;service;excl_heavy,1
8341,1-6MW2FV,MVRL47195,Signature Custom Floats Pty Ltd,4,company;excl_performance,1
8342,1-1GRRYV2,MVRL52006,Signature Diesel Services Pty Ltd,4,company;service;excl_heavy,1
8343,1-3DOY9BG,MVRL56595,Sil Gava Automotive Pty Ltd,4,company;service;excl_dealer,1
8344,1-XSI-4180,MVRL19976,Silhouette Smash Repairs (Services) Pty Ltd,4,company;service;excl_body,1
8345,1-27OSJJI,MVRL53480,Silver City Motorcycles Pty Ltd,4,company;excl_specialty_vehicle,1
8346,1-36516F,MVRL45687,Silver City Motors Pty Ltd,4,company;service;excl_dealer,1
8347,1-1EROYAN,MVRL51794,Silverdale Truck & Trailer Electrics Pty Limited,4,company;excl_heavy;excl_electrical,1
8348,1-4DAVE6G,MVRL63255,SILVERLINE INVESTMENTS PTY LTD,4,company;excl_tyres,1
8349,1-3SYGP0S,MVRL60271,Silverwater Collisiion Centre Pty Ltd,4,company;excl_body,1
8350,1-XTB-2165,MVRL37542,Sim's Tyre & Mechanical Pty Ltd,4,company;service;excl_tyres,1
8351,1-4638GHU,MVRL62117,Sime Darby Fleet Services Pty Ltd,4,company;service;excl_heavy,1
8352,1-PA7L5P,MVRL49507,Sime Darby Motors Retail Australia Pty Ltd,4,company;service;excl_parts_towing,1
8353,1-4ITLOLC,MVRL64226,SIMMO'S ENGINEERING PTY LTD,4,company;excl_performance,1
8354,1-3NC5BC8,MVRL58896,SIMMONS MOTOR GROUP PTY LIMITED,4,company;excl_dealer,1
8355,1-2XXVYGP,MVRL54745,Simmos Accident Repair Centre Pty Ltd,4,company;service;excl_body,1
8356,1-2Y84XNP,MVRL54772,Simmos Tyres and Mechanical Pty Ltd,4,company;service;excl_tyres,1
8357,1-392RA3P,MVRL55951,Simon Jeffery Robards,4,sole_trader;excl_tyres,1
8358,1-3GES422,MVRL56975,Simon John Nankervis,4,sole_trader;excl_body;excl_other,1
8359,1-2EGIVP,MVRL45036,Simon Paul Mitchell,4,sole_trader;service;excl_mobile,1
8360,1-4JJQIVC,MVRL64335,Simon Peter Presbury,4,sole_trader;service;excl_electrical,1
8361,1-XTH-3367,MVRL9466,Simon's Auto Electrics Pty Ltd,4,company;service;excl_electrical,1
8362,1-XTB-1020,MVRL35528,Simplicity Smash Repairs Pty Ltd,4,company;service;excl_body,1
8363,1-4D02U5U,MVRL63120,SIMPSON TRUCK AND PLANT MAINTENANCE PTY LTD,4,company;excl_heavy,1
8364,1-37QM5M,MVRL45833,Singleton Automotive Pty Ltd,4,company;service;excl_dealer,1
8365,1-XTB-3152,MVRL39180,Sino West Pty Ltd,4,company;excl_tyres,1
8366,1-3JVD55,MVRL46084,Sirrah-Ly Pty Ltd,4,company;excl_specialty_vehicle,1
8367,1-2KGHAV0,MVRL54080,Site Fleet Services Pty Ltd,4,company;service;excl_heavy,1
8368,1-3T21S4C,MVRL60289,SJB Fabrications Pty Ltd,4,company;excl_performance,1
8369,1-4HI9VGY,MVRL64081,SK CAR RENTAL & SALES PTY LTD,4,company;excl_dealer;excl_other,1
8370,1-4HHTQV0,MVRL64050,SK SORATHIYA PTY LTD,4,company;service;excl_tyres,1
8371,1-4B0OI98,MVRL62988,Skidy's Tyres Pty Ltd,4,company;excl_tyres,1
8372,1-4B6ANG4,MVRL62893,SKILLEN PLANT REPAIRS PTY LTD,4,company;service;excl_heavy,1
8373,1-XT3-4184,MVRL30688,Skleparis Engineering Pty Ltd,4,company;excl_performance,1
8374,1-XSI-4885,MVRL21502,Sloanebuilt Trailers Pty Ltd,4,company;excl_heavy,1
8375,1-XTH-1070,MVRL44343,SLS Custom Stainless Pty Ltd,4,company;excl_performance,1
8376,1-3B71AZS,MVRL56285,SM AUTO ELECTRICAL PTY LTD,4,company;service;excl_electrical,1
8377,1-48HKTG0,MVRL62371,Smart Auto Repairs & Tyres Pty Ltd,4,company;service;excl_tyres,1
8378,1-3LXS0W8,MVRL58515,Smart Dentwork Pty Ltd,4,company;excl_body,1
8379,1-3VERSAG,MVRL60632,Smash Bros Pty Ltd,4,company;excl_body,1
8380,1-LIPKPD,MVRL49088,Smashworld Pty Ltd,4,company;service;excl_body,1
8381,1-4JP2IX8,MVRL64364,SMASHX COLLISION PTY LIMITED,4,company;excl_body,1
8382,1-XTB-2989,MVRL38870,SMG Holdings Pty Ltd,4,company;excl_dealer,1
8383,1-3AK7LLR,MVRL56175,SMILEYTRACKS PTY LIMITED,4,company;service;excl_tyres,1
8384,1-4JJNQ0E,MVRL64355,Smith Truck Repairs Pty Ltd,4,company;service;excl_heavy,1
8385,1-4C72S92,MVRL63009,SMITHFIELD PRESTIGE SMASH REPAIRS PTY LTD,4,company;service;excl_body,1
8386,1-3OWOVIB,MVRL59136,Smithfield Truck Repair Pty Ltd,4,company;service;excl_heavy,1
8387,1-3LZRB3,MVRL46181,Smitty's Tyres Pty Ltd,4,company;excl_tyres,1
8388,1-46OVER8,MVRL62271,SMITTYS TYRES WEST PTY LTD,4,company;excl_tyres,1
8389,1-XSI-4740,MVRL21195,Snowliner Coaches Pty Ltd,4,company;excl_heavy,1
8390,1-2VOO17H,MVRL54501,Snowy Monaro Regional Council,4,sole_trader;excl_other,1
8391,1-WXZ44L,MVRL50238,Snowy Truck Service & Repairs Pty Ltd,4,company;service;excl_heavy,1
8392,1-2GEE96P,MVRL53807,Snowy Valleys Council,4,sole_trader;excl_other,1
8393,1-2MPG3P3,MVRL54289,Sojoski Pty Ltd,4,company;service;excl_tyres,1
8394,1-3AUK8CC,MVRL56248,SOLVE OFFROAD PTY LTD,4,company;excl_performance,1
8395,1-4E1CIKK,MVRL63401,SOUAID INVESTMENTS PTY LTD,4,company;excl_specialty_vehicle,1
8396,1-3PBIQPF,MVRL59505,Souheil Khodr,4,sole_trader;service;excl_heavy,1
8397,1-3OKD45U,MVRL59188,Sound & Safe Engineering Services Pty Ltd,4,company;service;excl_performance,1
8398,1-1H3JJ4N,MVRL52126,Souters Auto Electrical & Mechanical Pty Ltd,4,company;service;excl_electrical,1
8399,1-XSI-1862,MVRL14868,South Coast 4WD Centre Pty Ltd,4,company;excl_performance,1
8400,1-PYC6V1,MVRL49550,South Coast Automobiles Pty Ltd,4,company;excl_dealer,1
8401,1-3N5TJ54,MVRL59094,South Coast Plant Hire Pty Ltd,4,company;excl_heavy;excl_other,1
8402,1-3V1KZ2W,MVRL60454,SOUTH COAST TRUCK REPAIRS PTY LTD,4,company;service;excl_heavy,1
8403,1-2R04RP,MVRL45324,South Parramatta Motorcycles Pty Ltd,4,company;excl_specialty_vehicle,1
8404,1-XT3-1457,MVRL24998,South Star Trucks Pty Ltd,4,company;excl_heavy,1
8405,1-2MXHOCJ,MVRL54426,South West Auto Electrical Pty Ltd,4,company;service;excl_electrical,1
8406,1-XTB-4944,MVRL42439,South West Auto Electrical Services Pty Ltd,4,company;service;excl_electrical,1
8407,1-41ZNMHW,MVRL61516,SOUTH WEST COLLISION CENTRE PTY LTD,4,company;excl_body,1
8408,1-FT5IUY,MVRL48407,South West Truck & Trailer Repairs Pty Ltd,4,company;service;excl_heavy,1
8409,1-2FIMVM9,MVRL53757,Southern Classic Group Pty Ltd,4,company;excl_performance,1
8410,1-49TVLPD,MVRL62580,Southern Cross Smash Repairs Moss Vale Pty Ltd,4,company;service;excl_body,1
8411,1-3QGER8A,MVRL59823,SOUTHERN CROSS SMASH REPAIRS PTY LTD,4,company;service;excl_body,1
8412,1-3NMKFA6,MVRL59043,SOUTHERN TABLELANDS WINDSCREEN REPAIRS PTY LTD,4,company;service;excl_electrical,1
8413,1-3I8WZRF,MVRL57188,Southern Transport Spares & Repairs Pty Ltd,4,company;service;excl_parts_towing;excl_other,1
8414,1-XT3-3371,MVRL28991,Southern Truck Centre Pty Ltd,4,company;excl_heavy,1
8415,1-G25EMA,MVRL48463,Southern Truck Centre Wollongong Pty Ltd,4,company;excl_heavy,1
8416,1-XTB-68,MVRL32585,Southern Trucks Pambula Pty Ltd,4,company;excl_heavy,1
8417,1-4H4B2EW,MVRL64028,SPARKY THE COOLEST AUTO ELECTRICAL PTY LTD,4,company;service;excl_electrical,1
8418,1-3Q35HPU,MVRL59660,SPECIALIST HAIL REPAIRS AUSTRALIA PTY LTD,4,company;service;excl_body,1
8419,1-287LKRT,MVRL53471,Specialist Tyre & Exhaust Centre Pty Ltd,4,company;service;excl_tyres,1
8420,1-XN3C86,MVRL50314,Specialty Auto Group Pty Ltd,4,company;service;excl_tyres,1
8421,1-4DB78J2,MVRL63256,SPEED AUTOMOTIVE GROUP PTY LTD,4,company;service;excl_dealer,1
8422,1-4B149LO,MVRL62989,Speedstars Racing Pty Ltd,4,company;service;excl_performance,1
8423,1-3SD1YAA,MVRL60085,"SPENCER'S TRUCK, BUS & CARAVAN SERVICES PTY LTD",4,company;service;excl_heavy;excl_specialty_vehicle,1
8424,1-XSI-3673,MVRL18947,Spimand Pty Ltd,4,company;excl_performance,1
8425,1-3KG9SYE,MVRL57963,Spin City Tyre Centre Pty Ltd,4,company;service;excl_tyres,1
8426,1-3MSQHLC,MVRL58718,SPIN X AUTO PTY LTD,4,company;service;excl_body,1
8427,1-2A0TRG5,MVRL53598,Spinners Truck Repairs Pty Limited,4,company;service;excl_heavy,1
8428,1-1IOSAV9,MVRL51860,Sports Marine (NSW) Pty Ltd,4,company;excl_specialty_vehicle,1
8429,1-4JMBCDI,MVRL64370,SPRINGWOOD CAR CARE AND PERFORMANCE PTY LTD,4,company;service;excl_performance,1
8430,1-4AJ3T86,MVRL62793,SQUIRE AUTO ELECTRICS PTY LTD,4,company;service;excl_electrical,1
8431,1-XT3-3151,MVRL28534,Squizzys Tyre & Auto Centre Pty Ltd,4,company;service;excl_tyres,1
8432,1-3EAZPV2,MVRL56673,SR SMASH SOLUTIONS PTY LTD,4,company;excl_body,1
8433,1-3N9DORU,MVRL59023,SS & PS PTY LTD,4,company;service;excl_heavy,1
8434,1-474AYDM,MVRL62163,SS AUTO & TYRE PTY LTD,4,company;service;excl_tyres,1
8435,1-4IXQSJG,MVRL64345,SS AUTOMOTIVE & PERFORMANCE PTY LTD,4,company;service;excl_performance,1
8436,1-4FEQFKA,MVRL63737,SS LOGISTICS PTY. LTD.,4,company;excl_heavy,1
8437,1-1W8WQWC,MVRL52907,SSS Motorcycles Pty Ltd,4,company;excl_specialty_vehicle,1
8438,1-41DZV5K,MVRL61412,SSS SMASH REPAIRS PTY. LTD.,4,company;service;excl_body,1
8439,1-3Y301M6,MVRL60968,ST. GEORGE TYRES PTY LIMITED,4,company;excl_tyres,1
8440,1-45H9V3U,MVRL61992,Stacey John Frazer,4,sole_trader;excl_performance,1
8441,1-XSI-1381,MVRL13727,Stan Cork Machinery Pty Ltd,4,company;excl_heavy,1
8442,1-3Q16RJ2,MVRL59597,Stanley William Pobjoy,4,sole_trader;excl_performance,1
8443,1-XSI-725,MVRL120,Star Auto Electrics Pty Ltd,4,company;service;excl_electrical,1
8444,1-XTB-4814,MVRL42208,Starcad Pty Ltd,4,company;excl_tyres,1
8445,1-3GWMQZ6,MVRL57088,STARCORP HOLDINGS (FAIRFIELD) PTY LTD,4,company;excl_tyres,1
8446,1-XTB-2113,MVRL37449,Starcorp Holdings (NSW) Pty Ltd,4,company;excl_tyres,1
8447,1-3GWXB0U,MVRL57108,STARCORP HOLDINGS (PARRAMATTA) PTY LTD,4,company;excl_tyres,1
8448,1-TJB0LD,MVRL49856,Starkey Truck & Trailer Repairs Pty Ltd,4,company;service;excl_heavy,1
8449,1-XSI-2757,MVRL16885,Starr Auto Electrical Pty Ltd,4,company;service;excl_electrical,1
8450,1-XTH-760,MVRL43765,Starter King Pty Ltd,4,company;service;excl_electrical,1
8451,1-XTH-502,MVRL43318,Statewide Forklifts Pty Ltd,4,company;excl_heavy,1
8452,1-3DAXT1G,MVRL56519,Stealth Petroleum Pty Ltd,4,company;excl_other,1
8453,1-2G3ENI5,MVRL53766,Steel River Investments Pty Ltd,4,company;excl_heavy,1
8454,1-3YLUR8Q,MVRL61052,Stefano Nicotra,4,sole_trader;service;excl_mobile;excl_performance,1
8455,1-3PGIM2S,MVRL59745,STELLA AUTO PTY LTD,4,company;service;excl_performance,1
8456,1-XUC-2148,MVRL41003,Stephen Anthony Lulham,4,sole_trader;excl_specialty_vehicle,1
8457,1-3GUNXOQ,MVRL57085,Stephen Crowe,4,sole_trader;excl_performance,1
8458,1-XTN-3567,MVRL2468,Stephen Damien Macgregor Downie,4,sole_trader;service;excl_performance,1
8459,1-XTQ-4592,MVRL41594,Stephen Douglas Quinn,4,sole_trader;service;excl_performance,1
8460,1-XTN-3720,MVRL25111,Stephen Harrison,4,sole_trader;service;excl_body;excl_parts_towing,1
8461,1-3P5QWTQ,MVRL59444,STEPHEN INNER WEST SMASH REPAIR PTY LTD,4,company;service;excl_body,1
8462,1-XTQ-1260,MVRL32382,Stephen John Attard,4,sole_trader;excl_electrical,1
8463,1-3EF277I,MVRL56672,Stephen John Jones,4,sole_trader;excl_parts_towing;excl_performance,1
8464,1-XTQ-1706,MVRL34664,Stephen John Pender,4,sole_trader;service;excl_electrical,1
8465,1-4DXSSU,MVRL46418,Stephen John Penrose,4,sole_trader;service;excl_body,1
8466,1-XTQ-370,MVRL30057,Stephen John Ransley,4,sole_trader;excl_performance,1
8467,1-1L27UIU,MVRL52345,Stephen Neil Simpson,4,sole_trader;service;excl_heavy,1
8468,1-2VBJ38,MVRL45448,Stephen Rapp,4,sole_trader;excl_tyres,1
8469,1-XTX-2697,MVRL10881,Stephen Raymond Connolly,4,sole_trader;excl_body;excl_performance,1
8470,1-XUC-2828,MVRL44318,Stephen Richard McCall,4,sole_trader;service;excl_body,1
8471,1-24ACR5C,MVRL53270,Stephen Wayne Eather,4,sole_trader;excl_body;excl_performance,1
8472,1-44JGXE4,MVRL61882,Steve Mudge Auto Electrics Pty Ltd,4,company;service;excl_electrical,1
8473,1-XTQ-1480,MVRL32936,Steve Stefanou,4,sole_trader;service;excl_electrical,1
8474,1-5OI8P7,MVRL46998,Steven Adam Riveiro,4,sole_trader;service;excl_electrical,1
8475,1-2HI4Y3K,MVRL53850,Steven Anthony Kirk,4,sole_trader;service;excl_other,1
8476,1-44C7CVE,MVRL61857,Steven Craig Hindley,4,sole_trader;service;excl_tyres,1
8477,1-38PSLHR,MVRL56189,Steven Gregory Hopwood,4,sole_trader;excl_performance,1
8478,1-14KUYXU,MVRL51008,Steven James Boughton,4,sole_trader;service;excl_mobile,1
8479,1-2LA07B1,MVRL54149,Steven James Cutting,4,sole_trader;excl_specialty_vehicle,1
8480,1-XU2-4630,MVRL31026,Steven Michael Mitchell,4,sole_trader;excl_body,1
8481,1-XUC-1763,MVRL39394,Steven Mickovski,4,sole_trader;excl_body,1
8482,1-XU2-1487,MVRL21828,Steven Ventouris,4,sole_trader;service;excl_body,1
8483,1-431KVSW,MVRL61591,Stevo's Diesel Service Pty Ltd,4,company;service;excl_heavy,1
8484,1-407HVPA,MVRL61245,STM AUTO ELECTRICAL SERVICES PTY LTD,4,company;service;excl_electrical,1
8485,1-OYF2CX,MVRL49436,Straight As Dent Repairs Pty Ltd,4,company;service;excl_body,1
8486,1-XTB-2846,MVRL38786,Straightline Paint & Panel Pty Ltd,4,company;excl_body,1
8487,1-3D7TL3J,MVRL56738,Strategic Collision Repair Group Pty Ltd,4,company;service;excl_body,1
8488,1-40QOAPA,MVRL61460,Stratton Rural Engineering Pty Ltd,4,company;excl_performance,1
8489,1-3PW0UT1,MVRL59528,Strike Services Pty Ltd,4,company;service;excl_electrical,1
8490,1-34UPVRJ,MVRL55403,STS CUSTOM TRAILERS PTY LTD,4,company;excl_heavy;excl_performance,1
8491,1-1YN2EJL,MVRL52935,Stuart John Tangey,4,sole_trader;excl_performance,1
8492,1-XTQ-345,MVRL29980,Stylianos Koupparis,4,sole_trader;excl_performance,1
8493,1-4EYJN64,MVRL63510,Summerland Spraypainting Specialist Pty Ltd,4,company;excl_body,1
8494,1-4CMW716,MVRL63142,Summit SKK Ventures Pty Ltd,4,company;excl_electrical,1
8495,1-37VGITP,MVRL55819,SUMMIT SMASH COOMA PTY LTD,4,company;excl_body,1
8496,1-3RXFMWM,MVRL60047,Summit Smash Toongabbie Pty Ltd,4,company;excl_body,1
8497,1-335GMJ,MVRL45699,Sundo Motors Pty Ltd,4,company;service;excl_body,1
8498,1-XUC-727,MVRL35709,Sundressan Mack Pillay,4,sole_trader;service;excl_dealer,1
8499,1-4DERLGO,MVRL63179,Sung Mo Sung,4,sole_trader;excl_parts_towing,1
8500,1-3MLAPY4,MVRL58631,SUNMANITU PTY LTD,4,company;service;excl_tyres,1
8501,1-3NO8Y2R,MVRL58981,Sunshine Batteries & Radiators Pty Ltd,4,company;service;excl_electrical,1
8502,1-40HZUOY,MVRL61388,SUPERCOOL AIRCONDITIONING SERVICES PTY LTD,4,company;service;excl_electrical,1
8503,1-3SVVC8G,MVRL60162,SUPERIOR DIESEL MAINTENANCE PTY LTD,4,company;excl_heavy,1
8504,1-3TX5TS,MVRL46231,Superior Diesel Solutions Pty Ltd,4,company;excl_heavy,1
8505,1-W8GN8N,MVRL50130,Superior Marine Services Pty Ltd,4,company;service;excl_specialty_vehicle,1
8506,1-358RITJ,MVRL55438,SUPERIOR PAINTING HOLDINGS PTY LTD,4,company;excl_body,1
8507,1-4B9UBC2,MVRL62897,Supreme Earthmoving Pty Limited,4,company;excl_heavy,1
8508,1-1Z11ONT,MVRL53003,Sureworx Pty Ltd,4,company;service;excl_body,1
8509,1-XT3-1920,MVRL25969,Sutherland Shire Council,4,sole_trader;excl_other,1
8510,1-MJRP19,MVRL49154,SUV Sales Pty Ltd,4,company;excl_dealer,1
8511,1-4AS8QSA,MVRL62950,SWA NSW PTY LTD,4,company;service;excl_specialty_vehicle,1
8512,1-43SD8KS,MVRL61664,Swamy Holdings Pty Ltd,4,company;excl_dealer,1
8513,1-29UELQ7,MVRL53591,Swan Hill Bus Lines Proprietary Limited,4,company;excl_heavy,1
8514,1-XSI-101,MVRL10603,Swanks Auto Electrics Pty Ltd,4,company;service;excl_electrical,1
8515,1-XSI-2296,MVRL15892,Swansea Smash Repairs Pty Ltd,4,company;service;excl_body,1
8516,1-XT3-2713,MVRL2766,Swavley Smash Repairs Pty Ltd,4,company;service;excl_body,1
8517,1-3K1WP08,MVRL57815,Swift Car Removal Newcastle Pty Ltd,4,company;service;excl_parts_towing,1
8518,1-15ZL1D2,MVRL51235,Swift Transport Pty Ltd,4,company;excl_other,1
8519,1-4GGW75Y,MVRL63850,SWT TYRE SERVICES PTY LTD,4,company;service;excl_tyres,1
8520,1-2C2I67P,MVRL53697,SX Trailers Pty Limited,4,company;excl_heavy,1
8521,1-3LZYDB2,MVRL58419,SYDNEY 4X4 PTY LTD,4,company;excl_performance,1
8522,1-3YVDK5,MVRL46264,Sydney Automotive & Auto Electricals Pty Ltd,4,company;service;excl_electrical,1
8523,1-3Q0YLUU,MVRL59700,SYDNEY AUTOMOTIVE GROUP PTY LTD,4,company;service;excl_dealer,1
8524,1-3Y0A192,MVRL60932,SYDNEY CAR DEALER PTY LTD,4,company;excl_dealer,1
8525,1-195H8A1,MVRL51784,Sydney Collision Centre Pty Ltd,4,company;excl_body,1
8526,1-W1SUNO,MVRL50103,Sydney Collision Repairs Pty Ltd,4,company;service;excl_body,1
8527,1-3JA6ESB,MVRL57447,Sydney Dyno Tuning Pty Ltd,4,company;service;excl_performance,1
8528,1-QOBNC3,MVRL49662,Sydney Hail Pty Ltd,4,company;excl_body,1
8529,1-3C1KVL3,MVRL56364,Sydney Lux Body Repairs Pty Ltd,4,company;service;excl_body,1
8530,1-32FHTPZ,MVRL55053,Sydney Luxury Smash Repairs Pty Ltd,4,company;service;excl_body,1
8531,1-3Z2OOQU,MVRL61109,SYDNEY MECHANIC & SMASH REPAIR PTY LTD,4,company;service;excl_body,1
8532,1-3Q25ZBW,MVRL59599,SYDNEY MOBILE MOTORCYCLE AND SCOOTER REPAIRS PTY LTD,4,company;service;excl_specialty_vehicle;excl_mobile,1
8533,1-3TANBAE,MVRL60235,Sydney Motorcycle Wizard Pty Ltd,4,company;excl_specialty_vehicle,1
8534,1-466U936,MVRL62084,Sydney Paint Stripping PTY LTD,4,company;excl_body,1
8535,1-XTB-4771,MVRL42119,Sydney Performance Motorcycles Pty Ltd,4,company;excl_specialty_vehicle;excl_performance,1
8536,1-349NQEZ,MVRL55295,SYDNEY PRESTIGE SMASH REPAIRS PTY LTD,4,company;service;excl_body,1
8537,1-3JZ3DNQ,MVRL57703,Sydney Prestige Tyres & Auto Pty Ltd,4,company;service;excl_tyres;excl_performance,1
8538,1-47DRNL4,MVRL62391,Sydney Reliable Mechanic & Tyres Pty Ltd,4,company;service;excl_tyres,1
8539,1-3K19IB2,MVRL57807,SYDNEY TRAVEL PTY LTD,4,company;service;excl_body,1
8540,1-3PJFRO6,MVRL59759,SYDNEY TRUCK & AUTO REPAIR PTY LTD,4,company;service;excl_heavy,1
8541,1-1DQ689D,MVRL51563,Sydney Truck & Bus Body Repairs Pty Ltd,4,company;service;excl_body;excl_heavy,1
8542,1-3Y4QYE4,MVRL60975,SYDNEY TRUCK AND TRAILER REPAIRS PTY LTD,4,company;service;excl_heavy,1
8543,1-3GAW51D,MVRL56995,Sydney Truck Electrical Pty Ltd,4,company;excl_heavy;excl_electrical,1
8544,1-XTB-2605,MVRL38356,Sydney Truck Repairs Pty Ltd,4,company;service;excl_heavy,1
8545,1-1OLZ6GR,MVRL52474,Sydney Tyre & Auto Centre Pty Ltd,4,company;service;excl_tyres,1
8546,1-4HE6G3O,MVRL64060,SYMONS BUS & COACH SERVICE PTY LTD,4,company;service;excl_heavy,1
8547,1-42ZXJGN,MVRL61759,Synergy Automotive Group Pty Ltd,4,company;service;excl_dealer,1
8548,1-XSI-3420,MVRL18386,T & J Smash Repairs Pty Ltd,4,company;service;excl_body,1
8549,1-XTB-4499,MVRL41587,T & L Car Body Repairs Pty Ltd,4,company;service;excl_body,1
8550,1-3OZEWF2,MVRL59442,T AND O BROWN PTY LTD,4,company;service;excl_electrical,1
8551,1-4FYG248,MVRL63779,T H Diesel Mechanics Pty Ltd,4,company;service;excl_heavy,1
8552,1-XT3-1021,MVRL24,T R Flanagan Smash Repairs Pty Ltd,4,company;service;excl_body,1
8553,1-2YP68AJ,MVRL54857,T R Marine Pty Ltd,4,company;excl_specialty_vehicle,1
8554,1-3KNXZ5,MVRL46106,T R Spares Pty Ltd,4,company;excl_parts_towing,1
8555,1-4EZPSGM,MVRL63590,T.F.D PANEL BEATERS PTY LTD,4,company;excl_body,1
8556,1-Y3WK6S,MVRL50385,Tai Long Taxi Service Pty Ltd,4,company;service;excl_other,1
8557,1-3NIFMS0,MVRL58901,TAIT AUTOMOTIVE PTY LTD,4,company;service;excl_dealer,1
8558,1-3SE4VJU,MVRL60196,Tait Motors Pty Ltd,4,company;service;excl_dealer,1
8559,1-320GS6T,MVRL55008,TAJTAJ PTY LTD,4,company;service;excl_body,1
8560,1-1ZQN2T,MVRL45026,Takaso Pty Ltd,4,company;excl_tyres,1
8561,1-1L0B42B,MVRL52163,Talawon Pty Ltd,4,company;service;excl_heavy,1
8562,1-4E1ZHBW,MVRL63404,TALETHAN PTY LTD,4,company;service;excl_tyres,1
8563,1-5AXDIY,MVRL46856,Tallat Saboune,4,sole_trader;service;excl_electrical,1
8564,1-18Q4GRA,MVRL51393,Tandinh Developments Pty Ltd,4,company;service;excl_heavy,1
8565,1-XSI-1758,MVRL14632,Tandora Holdings Pty Ltd,4,company;service;excl_electrical,1
8566,1-LOWGBH,MVRL49097,Tar Pty Ltd,4,company;excl_tyres,1
8567,1-4256RDC,MVRL61574,TARANTO MOTOR GROUP PTY LTD,4,company;excl_dealer,1
8568,1-XTB-4152,MVRL40972,Tarlac Tyre & Auto Pty Ltd,4,company;service;excl_tyres,1
8569,1-47J1Z4O,MVRL62316,Taxi Hub Australia Pty Ltd,4,company;excl_other,1
8570,1-XTH-1923,MVRL6030,Taxis Combined Services Pty Ltd,4,company;service;excl_other,1
8571,1-XTB-1154,MVRL35745,Taylor Automotive Group Pty Ltd,4,company;service;excl_dealer,1
8572,1-JU06JH,MVRL48828,Tazin Dawod,4,sole_trader;service;excl_heavy,1
8573,1-3DDJC28,MVRL56514,TBV EQUESTRIAN AND RURAL SUPPLIES PTY LTD,4,company;service;excl_heavy,1
8574,1-41A6ZI9,MVRL61365,TCAD ALBURY PTY LTD,4,company;excl_tyres,1
8575,1-1DWYSJS,MVRL51703,TCTJ Pty Ltd,4,company;service;excl_performance,1
8576,1-3SBIE02,MVRL60049,Team Karam Racing Wetherill Park Pty Ltd,4,company;excl_performance,1
8577,1-3P28AZX,MVRL59502,Team Nicho Pty Ltd,4,company;excl_tyres,1
8578,1-928PJU,MVRL47703,Teasdale Tyres Pty Ltd,4,company;excl_tyres,1
8579,1-4G6O9Q4,MVRL63796,TEDS MOBILE MECHANICS PTY LTD,4,company;service;excl_mobile,1
8580,1-3UO04FS,MVRL60595,Teknik Motorsport Pty Ltd,4,company;excl_performance,1
8581,1-49BRMS8,MVRL62590,Telegraph Point Machinery Pty Ltd,4,company;excl_heavy,1
8582,1-4E3S12B,MVRL63400,Telescope Tyres Group Pty Ltd,4,company;excl_tyres,1
8583,1-ITXDET,MVRL48624,Temapet Pty Ltd,4,company;excl_dealer,1
8584,1-1V5T0GE,MVRL52735,Temora Crash Repairs Pty Ltd,4,company;service;excl_body,1
8585,1-XTB-1123,MVRL35686,Temora Shire Council,4,sole_trader;excl_other,1
8586,1-4EVWLGQ,MVRL63615,TEMORA TYRE & AUTO PTY LTD,4,company;service;excl_tyres,1
8587,1-4FGK284,MVRL63722,TEMPE COLLISION CARE PTY LTD,4,company;excl_body,1
8588,1-XTB-497,MVRL33403,Tenterfield Shire Council,4,sole_trader;excl_other,1
8589,1-Y1GFG8,MVRL50396,Terence Anthony Sullivan,4,sole_trader;service;excl_mobile,1
8590,1-43OQ33Q,MVRL61736,Terese Isabella Wilton,4,sole_trader;excl_tyres,1
8591,1-408GUAQ,MVRL61250,TERMINAL TRUCK REPAIRS PTY LTD,4,company;service;excl_heavy,1
8592,1-XSI-3101,MVRL17694,Terrace Boating & Leisure Centre Pty Ltd,4,company;excl_specialty_vehicle,1
8593,1-4F7IBJ0,MVRL63676,TERRACE MECHANICAL & ELECTRICAL PTY LTD,4,company;service;excl_electrical,1
8594,1-XTB-156,MVRL32750,Terrace Tyre Service Pty Ltd,4,company;service;excl_tyres,1
8595,1-8LBEIX,MVRL47621,Terrence Gerard Toll,4,sole_trader;service;excl_body,1
8596,1-XT3-3107,MVRL28457,Tesla Automotive Pty Ltd,4,company;service;excl_dealer,1
8597,1-YUGB2V,MVRL50462,"Tesla Motors Australia, Pty Ltd",4,company;service;excl_dealer,1
8598,1-3M8LOB0,MVRL58542,THE BATTERY BOYS PTY LTD,4,company;excl_electrical,1
8599,1-1MPPCTQ,MVRL52295,The Caravan Clinic Australia Pty Ltd,4,company;excl_specialty_vehicle,1
8600,1-3XMLDTI,MVRL60930,THE CARE AUTOMOTIVE GROUP PTY LTD,4,company;service;excl_dealer,1
8601,1-44RQO4A,MVRL61888,THE COLLISION GROUP PTY LTD,4,company;service;excl_body,1
8602,1-XTH-1060,MVRL44322,The Croft Family Enterprise Pty Ltd,4,company;service;excl_tyres,1
8603,1-XTB-3791,MVRL40272,The Entrance District Auto Electrics Pty Ltd,4,company;service;excl_electrical,1
8604,1-4FURWLZ,MVRL63973,The Growing Seed Pty Ltd,4,company;service;excl_tyres,1
8605,1-XTB-1873,MVRL37073,The Hail Man Pty Ltd,4,company;excl_body,1
8606,1-2BIDA7Z,MVRL53672,The Hills Shire Council,4,sole_trader;excl_other,1
8607,1-3SOII9O,MVRL60097,THE JAMGRAJ GROUP PTY LTD,4,company;service;excl_tyres,1
8608,1-3PA8PEE,MVRL59378,THE OAKS AIR & OFFROAD PTY LIMITED,4,company;excl_performance,1
8609,1-3NEBXU0,MVRL58861,THE PAINTLESS DENT GUY PTY LTD,4,company;excl_body,1
8610,1-4DSZDOC,MVRL63454,THE PITT STOP MECHANICAL AND AIR CONDITIONING PTY LTD,4,company;service;excl_electrical,1
8611,1-3H81KXS,MVRL57101,The Railway Garage Pty Ltd,4,company;service;excl_other,1
8612,1-3KCNG3M,MVRL57936,THE SHAMROCK CARAVAN GROUP PTY LTD,4,company;excl_specialty_vehicle,1
8613,1-452OUL8,MVRL61911,The Tyre & Performance Supercentre Pty Ltd,4,company;excl_tyres;excl_performance,1
8614,1-4HMCOSW,MVRL64101,The Tyre & Tune Pty Ltd,4,company;service;excl_tyres,1
8615,1-DZXMGG,MVRL48247,The Tyre Man Mudgee Pty Ltd,4,company;excl_tyres,1
8616,1-X6PR12,MVRL50246,The Tyre Specialists Pty Ltd,4,company;excl_tyres,1
8617,1-XTB-3399,MVRL39596,Thermal Mark Transport Refrigeration Pty Limited,4,company;excl_other,1
8618,1-XTB-3682,MVRL40091,Thirina Pty Ltd,4,company;excl_tyres,1
8619,1-XTQ-4177,MVRL40537,Thomas James Sanderson,4,sole_trader;service;excl_heavy,1
8620,1-41B27EU,MVRL61462,Thomas McLaren Winterborn,4,sole_trader;excl_dealer,1
8621,1-XTH-2043,MVRL6303,Thomas-Lee Motorcycles Pty Ltd,4,company;excl_specialty_vehicle,1
8622,1-XT3-2168,MVRL26431,Thornleigh Auto Body Alignment Pty Ltd,4,company;service;excl_body,1
8623,1-24317VV,MVRL53264,Thornton Auto Electrics Pty Ltd,4,company;service;excl_electrical,1
8624,1-3IRVDN9,MVRL57286,Thortos Mobile Mechanics,4,sole_trader;service;excl_mobile,1
8625,1-XT3-4964,MVRL32345,Tibby Rose Auto Electrical Service Pty Ltd,4,company;service;excl_electrical,1
8626,1-XTH-1645,MVRL5405,Tilley's Performance Pty Ltd,4,company;excl_performance,1
8627,1-3FGBKRO,MVRL56864,Tim Tech Truck Repairs Pty Ltd,4,company;service;excl_heavy,1
8628,1-492K1M6,MVRL62587,TIMBERLEE PTY LTD,4,company;service;excl_tyres,1
8629,1-WBS7PO,MVRL50184,Timcost Pty Ltd,4,company;service;excl_body,1
8630,1-930HON,MVRL47665,Timothy Allan Passfield,4,sole_trader;service;excl_electrical,1
8631,1-XTX-11,MVRL42698,Timothy Charles Tobin,4,sole_trader;excl_specialty_vehicle,1
8632,1-6D1NR4,MVRL47180,Timothy James Scott,4,sole_trader;service;excl_body,1
8633,1-3JQGKE6,MVRL57637,Timothy Robert McLean,4,sole_trader;service;excl_body,1
8634,1-XTQ-4661,MVRL41762,Timothy Wayne Peachey,4,sole_trader;service;excl_other,1
8635,1-4AYDAG2,MVRL62903,Timothy Yorworth Morton,4,sole_trader;service;excl_electrical,1
8636,1-NCDIZ6,MVRL49310,Tipbend Pty Ltd,4,company;excl_tyres,1
8637,1-EG8MXC,MVRL48238,Tipofo Pty Ltd,4,company;service;excl_tyres,1
8638,1-4DSXNE0,MVRL63398,Tiscou Pty Ltd,4,company;service;excl_tyres,1
8639,1-38U4MO3,MVRL56098,TITAN DESIGN & ENGINEERING PTY LTD,4,company;excl_performance,1
8640,1-J7R7V0,MVRL48719,Titan Tyres Pty Ltd,4,company;excl_tyres,1
8641,1-14WU2V3,MVRL51027,TJ (Aust) Holdings Pty Ltd,4,company;service;excl_body,1
8642,1-3TRRKCG,MVRL60446,TK Smash Pty Ltd,4,company;excl_body,1
8643,1-3K1HZJ4,MVRL57997,TKC ENTERPRISE PTY LTD,4,company;excl_performance,1
8644,1-1TWHWEJ,MVRL52672,TMC Smash Pty Ltd,4,company;service;excl_body,1
8645,1-4CETK8C,MVRL63030,TNM AUTOMOTIVE PTY LTD,4,company;service;excl_tyres,1
8646,1-1LE3NRM,MVRL52359,Toddies Mobile Mechanics Pty Ltd,4,company;service;excl_mobile,1
8647,1-XTB-2754,MVRL38629,Toffy Pty Ltd,4,company;excl_tyres,1
8648,1-XT3-351,MVRL22548,Tolcard Pty Ltd,4,company;excl_performance,1
8649,1-XT3-4635,MVRL31632,Tolkilt Pty Ltd,4,company;service;excl_heavy,1
8650,1-3PSZZVM,MVRL59517,Tom William Crawford,4,sole_trader;excl_performance,1
8651,1-2R1RCS3,MVRL54446,Tom's Auto Body Pty Ltd,4,company;service;excl_body,1
8652,1-4CUGJIA,MVRL63098,TOM'S MOBILE CARAVAN SERVICING PTY LTD,4,company;service;excl_specialty_vehicle;excl_mobile,1
8653,1-15O7UPJ,MVRL51067,Tomaknock Pty Ltd,4,company;excl_tyres,1
8654,1-2030I51,MVRL53089,Ton's Car & Truck Repairs Pty Ltd,4,company;service;excl_heavy,1
8655,1-XTQ-3276,MVRL38400,Tony Barba,4,sole_trader;service;excl_body,1
8656,1-JQRHQZ,MVRL48825,Tony Fred Bainou,4,sole_trader;service;excl_body,1
8657,1-1T23FBC,MVRL52631,Tony Holden Smash Repairs Pty Ltd,4,company;service;excl_dealer;excl_body,1
8658,1-XTH-4169,MVRL11844,Tony Kuilder,4,sole_trader;service;excl_body,1
8659,1-XTQ-1772,MVRL34841,Tony Mark Supple,4,sole_trader;excl_body,1
8660,1-3BUOMD2,MVRL56478,TONY PERINO ENGINEERING PTY LTD,4,company;excl_performance,1
8661,1-3C7KADK,MVRL56504,Tony's 'r' Car Sales Pty Ltd,4,company;excl_dealer,1
8662,1-XSI-4548,MVRL20773,Tony's Prestige Smash Repairs Pty Ltd,4,company;service;excl_body,1
8663,1-3HX1M1U,MVRL57209,Tooves Pty Ltd,4,company;excl_tyres,1
8664,1-DVLM8S,MVRL48251,Top Ryde Smash Repairs Pty Ltd,4,company;service;excl_body,1
8665,1-3HY6WHL,MVRL57302,TOP SHELF CLASSIC CAR RESTORATIONS PTY LTD,4,company;excl_body;excl_performance,1
8666,1-3OQGXKM,MVRL59219,TOP START SMASH REPAIRS PTY LTD,4,company;service;excl_body,1
8667,1-440V6YA,MVRL61732,Toplink Auto and Smash Repairs Pty Ltd,4,company;service;excl_body,1
8668,1-3ES4ASB,MVRL57024,Torcu Tyres Pty Ltd,4,company;excl_tyres,1
8669,1-374N2PC,MVRL55720,Tormit Pty Limited,4,company;service;excl_electrical,1
8670,1-XT3-1972,MVRL26070,Toronto Tyrepower Mechanical Pty Ltd,4,company;service;excl_tyres,1
8671,1-4HCWE78,MVRL64062,TORQUE FORCE DIESEL PTY LTD,4,company;excl_heavy,1
8672,1-3H25490,MVRL57084,Torque N Diesel Pty.Ltd.,4,company;excl_heavy,1
8673,1-46SWN1K,MVRL62118,TORQUE N TIGHT DIESEL SERVICES PTY LTD,4,company;service;excl_heavy,1
8674,1-XSI-2542,MVRL16417,Torrisi Smash Repairs Pty Ltd,4,company;service;excl_body,1
8675,1-XT3-1629,MVRL25397,Total Car Body Repairs Pty Ltd,4,company;service;excl_body,1
8676,1-3FMTVRT,MVRL57046,Total Care 4WD Pty Ltd,4,company;excl_performance,1
8677,1-3RTEN6M,MVRL60128,TOTAL DIESEL REPAIRS PTY LTD,4,company;service;excl_heavy,1
8678,1-3VKLY5C,MVRL60588,Total Windscreen Services Pty Ltd,4,company;service;excl_electrical,1
8679,1-XTB-3021,MVRL38922,Totally Smashed Body Repairs Pty Ltd,4,company;service;excl_body,1
8680,1-4DHNWEF,MVRL63229,Towform Trailers Pty Ltd,4,company;excl_heavy;excl_parts_towing,1
8681,1-471JAPP,MVRL62136,Townes Group Operations Pty Ltd,4,company;excl_parts_towing,1
8682,1-44LDZU2,MVRL61800,Townsend Mobile Trades Pty Ltd,4,company;excl_parts_towing;excl_mobile,1
8683,1-5BCHP9,MVRL46848,Townsend Service Centre Pty Ltd,4,company;service;excl_parts_towing,1
8684,1-488LVFM,MVRL62507,TP TAREN POINT PTY LTD,4,company;excl_tyres,1
8685,1-40YL2MI,MVRL61573,TRABBY PTY. LTD.,4,company;excl_electrical,1
8686,1-3T4WY7U,MVRL60229,TRAILER FLEET REPAIRS & MAINTENANCE (NSW) PTY LTD,4,company;service;excl_heavy,1
8687,1-34153DA,MVRL55223,Trailer Services Pty Ltd,4,company;service;excl_heavy,1
8688,1-4HE0NIO,MVRL63965,Trailer Zone Pty Ltd,4,company;excl_heavy,1
8689,1-3LXKAJI,MVRL58539,TRANS AUSTRALIA GLASS PTY LTD,4,company;excl_electrical,1
8690,1-1RSO281,MVRL52594,Transformance Mechanical Engineering Pty Ltd,4,company;service;excl_performance,1
8691,1-3ZOGF26,MVRL61179,Transit Systems NSW Pty Ltd,4,company;excl_other,1
8692,1-40S3RWC,MVRL61292,Transit Systems NSW SW Pty Ltd,4,company;excl_other,1
8693,1-47XSAF2,MVRL62309,Transit Tech Aus Pty Ltd,4,company;excl_other,1
8694,1-3PD8NRK,MVRL59455,Transport & Waste Solutions Pty Ltd,4,company;excl_other,1
8695,1-XTB-1913,MVRL37134,Transport for NSW,4,sole_trader;excl_other,1
8696,1-XTH-844,MVRL43915,Transport Refrigeration Services Pty Ltd,4,company;service;excl_other,1
8697,1-3THZEG2,MVRL60293,Transtate Tyre and Mechanical Pty Ltd,4,company;service;excl_tyres,1
8698,1-2ZCNAQV,MVRL54800,Transwest Fuels Pty Ltd,4,company;excl_other,1
8699,1-47QTEAE,MVRL62475,TRANTER TRUCK REPAIRS PTY. LTD.,4,company;service;excl_heavy,1
8700,1-3AXWMA0,MVRL56205,Travis Ian Taylor,4,sole_trader;service;excl_performance,1
8701,1-1CNCAWW,MVRL51638,Travis James Neville,4,sole_trader;service;excl_body,1
8702,1-3G7DE16,MVRL57018,Travis Paul Bonetig,4,sole_trader;excl_parts_towing;excl_mobile,1
8703,1-2SRECH,MVRL45341,Traztand Pty Ltd,4,company;service;excl_body,1
8704,1-47IW7W4,MVRL62347,TRD DIESEL SERVICES PTY LTD,4,company;service;excl_heavy,1
8705,1-3L72Q8I,MVRL58173,TRE Motorsports Pty Ltd,4,company;excl_performance,1
8706,1-4B9BZHC,MVRL63068,TREMBATH PLANT HIRE AND ASSESSING PTY LIMITED,4,company;excl_heavy;excl_specialty_vehicle;excl_other,1
8707,1-20ZQM37,MVRL53178,Trent Andrew Louis,4,sole_trader;service;excl_body,1
8708,1-4FEXPF8,MVRL63687,Trent Damien Wilson,4,sole_trader;excl_body;excl_heavy,1
8709,1-XTQ-4475,MVRL41309,Trevor Allan Perrott- Jones,4,sole_trader;service;excl_specialty_vehicle,1
8710,1-1IDRMED,MVRL51955,Trevor Mark Verhey,4,sole_trader;service;excl_specialty_vehicle,1
8711,1-XTH-279,MVRL42998,Tri-City Smash Repairs Pty Ltd,4,company;service;excl_body,1
8712,1-49N9E78,MVRL62718,TRIPLE J LOGISTICS PTY LTD,4,company;excl_heavy,1
8713,1-ZQR5P1,MVRL50510,Triple R 4x4 Pty Ltd,4,company;excl_performance,1
8714,1-3INVD9C,MVRL57264,TRISTAR TRUCK & BUS PTY LTD,4,company;excl_heavy,1
8715,1-3I9IORK,MVRL57165,TRLIN MOTOR GROUP PTY LIMITED,4,company;service;excl_dealer,1
8716,1-3DY82L7,MVRL56622,Trojan Performance Pty Limited,4,company;excl_performance,1
8717,1-38U2F0O,MVRL56061,Trojo Caravans Pty Ltd,4,company;excl_specialty_vehicle,1
8718,1-38EKREN,MVRL55888,TROY DENNIS RYAN,4,sole_trader;service;excl_other,1
8719,1-2QEGPS,MVRL45346,Troy James Towers,4,sole_trader;excl_parts_towing,1
8720,1-ZS3XEO,MVRL50544,Troy Joseph Whitelam,4,sole_trader;excl_performance,1
8721,1-47AP5FS,MVRL62564,Troy Keith Craig,4,sole_trader;excl_specialty_vehicle;excl_performance,1
8722,1-CYNFH4,MVRL48136,Troy Michael Towner,4,sole_trader;excl_parts_towing,1
8723,1-4GX30I,MVRL46443,Troy Norman Thomas,4,sole_trader;service;excl_body,1
8724,1-MIG7X5,MVRL49167,Tru Blue Smash Repairs Pty Ltd,4,company;service;excl_body,1
8725,1-45IL1NJ,MVRL61918,Truck & Fleet Maintenance Pty Ltd,4,company;excl_heavy,1
8726,1-45XS3XJ,MVRL61944,Truck & Trailer Mechanical Pty Ltd,4,company;service;excl_heavy,1
8727,1-2ATPDJL,MVRL53640,Truck and Coach Solutions Pty Ltd,4,company;excl_heavy,1
8728,1-3M6HN12,MVRL58566,TRUCK AND PLANT SUPPORT PTY LTD,4,company;excl_heavy,1
8729,1-XSI-2027,MVRL15274,Truck Art Pty Ltd,4,company;excl_heavy,1
8730,1-1WDHWP6,MVRL52863,Truck Art Trailers Pty Ltd,4,company;excl_heavy,1
8731,1-4I1CFR2,MVRL64180,TRUCK BODY PRO PTY LTD,4,company;excl_body;excl_heavy,1
8732,1-3HR2RPO,MVRL57029,TRUCK CITY ALBURY PTY LTD,4,company;excl_heavy,1
8733,1-3PCER08,MVRL59399,TRUCK FIX AUSTRALIA PTY LIMITED,4,company;excl_heavy,1
8734,1-4F9GWW6,MVRL63636,TRUCK LOGIC PTY LTD,4,company;excl_heavy,1
8735,1-445FQVE,MVRL61858,Truck Point Automotive Group Pty Ltd,4,company;service;excl_dealer;excl_heavy,1
8736,1-2VIOWA7,MVRL54610,Truck Tech Group Pty Ltd,4,company;excl_heavy,1
8737,1-47G9JH9,MVRL62181,Truck Transmissions Pty Ltd,4,company;service;excl_heavy,1
8738,1-XTB-4083,MVRL40849,Truck-Eez Pty Ltd,4,company;excl_heavy,1
8739,1-3J4H26S,MVRL57363,TRUCKS AND BUSES DIESEL MECHANIC PTY LTD,4,company;service;excl_heavy,1
8740,1-38BUOCZ,MVRL55944,Trucksmart Pty Ltd,4,company;excl_heavy,1
8741,1-4BA7G42,MVRL62902,TS & JS Group Pty Ltd,4,company;service;excl_tyres,1
8742,1-48NHFZW,MVRL62571,Tuckerbox Tyre Service Pty Ltd,4,company;service;excl_tyres,1
8743,1-4DSU1V2,MVRL63382,TUGGERAH AUTOMOTIVE GROUP PTY LTD,4,company;service;excl_dealer;excl_performance,1
8744,1-XSI-4317,MVRL20300,Tumbi Tyre & Automotive Pty Ltd,4,company;service;excl_tyres,1
8745,1-1UZ7ZLC,MVRL52777,Tumi Smash Repairs Aus Pty Ltd,4,company;service;excl_body,1
8746,1-XTB-4469,MVRL41531,Tumut Auto Electrics Pty Ltd,4,company;service;excl_electrical,1
8747,1-2I7ZC43,MVRL53844,Tumut Truck & Tractor Pty Ltd,4,company;excl_heavy,1
8748,1-1IOXRWY,MVRL51910,Tumut Truck Repairs Pty Ltd,4,company;service;excl_heavy,1
8749,1-XT3-2337,MVRL26784,Turbo Exhaust Centre Pty Limited,4,company;service;excl_performance,1
8750,1-46IJYQ2,MVRL62080,TURN 2 HOLDINGS PTY LTD,4,company;service;excl_body,1
8751,1-33KYTQ0,MVRL55201,Turner Motorcycles Pty Ltd,4,company;excl_specialty_vehicle,1
8752,1-XT3-2130,MVRL26358,Turners's Tyre Service Pty Ltd,4,company;service;excl_dealer;excl_tyres,1
8753,1-3BJH0AR,MVRL56323,Tweed Coast Marine (NSW) Pty. Ltd.,4,company;excl_specialty_vehicle,1
8754,1-3V8XF5Y,MVRL60561,TWEED COAST TRUCK & MECHANICAL SERVICES PTY LTD,4,company;service;excl_heavy,1
8755,1-3PIC0DW,MVRL59273,Tweed Mazda Pty Ltd,4,company;excl_dealer,1
8756,1-4D2B7OS,MVRL63191,TWEED VALLEY AUTO GLASS PTY LTD,4,company;service;excl_electrical,1
8757,1-3H831S,MVRL46029,Twin City Bike Worx Pty Ltd,4,company;excl_specialty_vehicle,1
8758,1-XT3-188,MVRL22214,Twin Towns Tyres Pty Ltd,4,company;service;excl_tyres;excl_parts_towing,1
8759,1-2SCGIVO,MVRL54455,Two Wheel Obsession Pty Ltd,4,company;excl_tyres,1
8760,1-3KW9W9L,MVRL58174,Tyrant 4x4 Accessories Trading Pty Ltd,4,company;excl_performance,1
8761,1-XSI-1351,MVRL1365,Tyre & Wheel (NS) Pty Ltd,4,company;excl_tyres,1
8762,1-131V4I7,MVRL50838,Tyre and Auto Pty Ltd,4,company;service;excl_tyres,1
8763,1-469Z72Q,MVRL62171,TYRE AND AUTO SERVICE 2 U PTY LTD,4,company;service;excl_tyres,1
8764,1-1ISMOXE,MVRL51918,Tyre Factory Outlet & Automotive Pty Ltd,4,company;service;excl_tyres,1
8765,1-41HSRQH,MVRL61394,Tyre Kingdom Pty Ltd,4,company;excl_tyres,1
8766,1-4GVKQTI,MVRL63967,Tyre Power Ballina Pty Ltd,4,company;excl_tyres,1
8767,1-4HPBBB0,MVRL64252,Tyre Pro Australia Pty Ltd,4,company;excl_tyres,1
8768,1-1Z5D81D,MVRL53015,Tyre Pro Picton Pty Ltd,4,company;excl_tyres,1
8769,1-44OLQ4G,MVRL61864,Tyre Retail Pty Ltd,4,company;excl_tyres;excl_parts_towing,1
8770,1-XTB-2153,MVRL37523,Tyre Sales & Services Pty Ltd,4,company;service;excl_dealer;excl_tyres,1
8771,1-32NJ7JC,MVRL55105,Tyre Team Goulburn Pty Ltd,4,company;excl_tyres,1
8772,1-1WR9SHP,MVRL52890,Tyre Wholesale (Aust) Pty Ltd,4,company;excl_tyres;excl_parts_towing,1
8773,1-XT3-4221,MVRL30788,Tyreplus Sutherland Pty Ltd,4,company;excl_tyres,1
8774,1-47WKYXO,MVRL62597,Tyrepower Tweed Heads Pty Ltd,4,company;excl_tyres,1
8775,1-3NVUQMN,MVRL59084,Tyreright Operations Pty Ltd,4,company;excl_tyres,1
8776,1-3LNZNYR,MVRL58346,Tyrewizz Pty Ltd,4,company;excl_tyres,1
8777,1-8AEMWX,MVRL47701,Tyreworld Australia Pty Ltd,4,company;excl_tyres,1
8778,1-3J9C6BO,MVRL57453,UCDC Pty Ltd,4,company;excl_tyres,1
8779,1-36E790Z,MVRL55648,Ulladulla Diesel Services & Mobile Repairs Pty Ltd,4,company;service;excl_heavy;excl_mobile,1
8780,1-33CDYL3,MVRL55197,ULLADULLA RV REPAIR CENTRE PTY LTD,4,company;service;excl_specialty_vehicle,1
8781,1-44KJGOM,MVRL61770,Ultimate Automotive Group Pty Ltd,4,company;service;excl_dealer,1
8782,1-XTB-2464,MVRL38086,Ultimate Dent Removals Pty Ltd,4,company;service;excl_body,1
8783,1-3SSCM24,MVRL60211,UMBRELLA TRANSPORT PTY LTD,4,company;excl_other,1
8784,1-4739F42,MVRL62358,UNANDERRA TYRES & MECHANICAL PTY LTD,4,company;service;excl_tyres,1
8785,1-9JHRTK,MVRL47764,Underwood Smash (N.S.W) Pty Ltd,4,company;excl_body,1
8786,1-3WZX8S0,MVRL60805,UNEARTHED MINING SERVICES PTY LIMITED,4,company;service;excl_other,1
8787,1-3L3UJAS,MVRL58179,Unigroup Engineering Pty Ltd,4,company;excl_performance,1
8788,1-3VLS8XK,MVRL60709,Uniqone Pty Ltd,4,company;service;excl_tyres,1
8789,1-14D8WAL,MVRL50912,Unique Customs Pty Ltd,4,company;excl_performance,1
8790,1-4CF65YS,MVRL62847,Unique Tyres Holdings Pty Ltd,4,company;service;excl_tyres,1
8791,1-24H83WX,MVRL53371,United Hail Repairs Pty Ltd,4,company;service;excl_body,1
8792,1-C3I3YQ,MVRL48102,United Pacific Engineering Pty Ltd,4,company;excl_performance,1
8793,1-43DHO3R,MVRL61585,UNITED SMASH REPAIRS PTY LTD,4,company;service;excl_body,1
8794,1-XTB-3144,MVRL39160,University of New England,4,sole_trader;excl_other,1
8795,1-XTH-996,MVRL44193,Upper Hunter Auto Electrical Pty Ltd,4,company;service;excl_electrical,1
8796,1-XTB-3427,MVRL39655,Upper Hunter Automotive Pty Ltd,4,company;service;excl_dealer,1
8797,1-16LMB9V,MVRL51179,"USB Mechanical, Smash & Motorcycle Repairs Pty Ltd",4,company;service;excl_body;excl_specialty_vehicle,1
8798,1-3VJL6C2,MVRL60650,Usman1988 Enterprise Pty Ltd,4,company;service;excl_body,1
8799,1-3HPIG0G,MVRL57081,V M&M MILLER PTY LTD,4,company;excl_tyres,1
8800,1-3NZ7REX,MVRL59060,V-Cad Towing & Trailer Services Pty Ltd,4,company;service;excl_heavy;excl_parts_towing,1
8801,1-XTB-1400,MVRL36159,Valemesh Pty Ltd,4,company;service;excl_body,1
8802,1-41WEF8A,MVRL61492,VALLEY AUTO GLASS MNC PTY LTD,4,company;service;excl_electrical,1
8803,1-3SHW80F,MVRL60113,VALLEY COLLISION CENTRE PTY LTD,4,company;excl_body,1
8804,1-43JEDUG,MVRL61780,Valley Diesel Services Pty Ltd,4,company;service;excl_heavy,1
8805,1-4CYANYG,MVRL63138,Valley Glass & Automotive Pty Ltd,4,company;service;excl_electrical,1
8806,1-V34ACB,MVRL50017,Valley Plant Repairs Pty Ltd,4,company;service;excl_heavy,1
8807,1-4CFM8GC,MVRL63078,VALLEY TRANSPORT REPAIRS PTY LTD,4,company;service;excl_other,1
8808,1-XT3-3778,MVRL29843,Valley Tyres Pty Ltd,4,company;excl_tyres,1
8809,1-3TOWQQ4,MVRL60343,VALMEO ENTERPRISES PTY LTD,4,company;excl_tyres,1
8810,1-XT3-3627,MVRL29502,Valosi Pty Ltd,4,company;excl_specialty_vehicle,1
8811,1-XT3-218,MVRL22277,Vamlane Pty Ltd,4,company;excl_specialty_vehicle,1
8812,1-1TD5XRV,MVRL52714,Van Bien Doan,4,sole_trader;service;excl_body,1
8813,1-3P8K5VA,MVRL59487,Van Son Huynh,4,sole_trader;excl_electrical,1
8814,1-4JAETDA,MVRL64339,VANTAGE AUTO ELECTRICAL PTY LTD,4,company;service;excl_electrical,1
8815,1-3TIFYYF,MVRL60320,VASG Group Pty Ltd,4,company;service;excl_body,1
8816,1-46MZQ2K,MVRL62116,Vast Diesel Services Pty Ltd,4,company;service;excl_heavy,1
8817,1-4776UBO,MVRL62250,VCARE AUTOSMASH PTY LTD,4,company;service;excl_body,1
8818,1-48C0UO6,MVRL62360,VDI DEALERSHIP PTY LTD,4,company;excl_dealer,1
8819,1-4FNQHYK,MVRL63750,VECTOR HEAVY INDUSTRIES PTY LTD,4,company;excl_heavy,1
8820,1-XTH-548,MVRL43386,Vellas Truck And Trailer Repairs Pty Ltd,4,company;service;excl_heavy,1
8821,1-XSI-2139,MVRL15538,VELOCITY TRUCK CENTRES NSW PTY LTD,4,company;excl_heavy,1
8822,1-3EF9OLO,MVRL56669,VELOP PTY LTD,4,company;service;excl_tyres,1
8823,1-4JLBCC0,MVRL64319,VELORA MOTORSPORT PTY LTD,4,company;excl_performance,1
8824,1-2YOQYCH,MVRL54756,Ven Luu,4,sole_trader;service;excl_heavy,1
8825,1-J5UFP9,MVRL48685,Venture Smash Repairs Pty Ltd,4,company;service;excl_body,1
8826,1-21AV2SD,MVRL53112,Versace Bodyworks Pty Limited,4,company;excl_body,1
8827,1-XSI-2566,MVRL16454,Victoria Road Smash Repairs & Body Works Pty Ltd,4,company;service;excl_body,1
8828,1-3FHSEYE,MVRL56998,VICTORY MOBILE AUTOMOTIVE PTY LTD,4,company;service;excl_mobile,1
8829,1-XTQ-2703,MVRL37063,Viet Tien Luu,4,sole_trader;service;excl_body,1
8830,1-4A1TT3S,MVRL62714,Viking Logistics and Mechanical Pty Ltd,4,company;service;excl_heavy,1
8831,1-XT3-3444,MVRL29144,Villawood Engine Services Pty Ltd,4,company;service;excl_heavy,1
8832,1-XTH-4464,MVRL12674,Vince Dimento,4,sole_trader;service;excl_electrical,1
8833,1-38IDHAZ,MVRL55921,Vincent John Brown,4,sole_trader;service;excl_tyres;excl_electrical,1
8834,1-G8ROZD,MVRL48483,Vincenzo Frisina,4,sole_trader;service;excl_tyres,1
8835,1-27MDLSL,MVRL53429,VIP Caravan & RV Repairs Pty Ltd,4,company;service;excl_specialty_vehicle,1
8836,1-4GI96SK,MVRL63797,VIS ROTARY RACING PTY LTD,4,company;excl_performance,1
8837,1-2LZHX1Z,MVRL54277,Volkswagen Group Australia P/L,4,company;excl_dealer,1
8838,1-1VE4PIO,MVRL52830,Voltech Auto Services Pty Ltd,4,company;service;excl_electrical,1
8839,1-205TLA7,MVRL53075,Volvo Group Australia Pty Ltd,4,company;excl_dealer,1
8840,1-XDN9AB,MVRL50350,VW Village Pty Ltd,4,company;excl_dealer,1
8841,1-1EHLQ5O,MVRL51682,W & A Osborne Pty Ltd,4,company;service;excl_electrical,1
8842,1-JLASLI,MVRL48952,W & R Smash Repairs (NSW) Pty Ltd,4,company;service;excl_body,1
8843,1-XTN-4248,MVRL26795,Wade Graham Hargreaves,4,sole_trader;service;excl_electrical,1
8844,1-73TEDB,MVRL47324,Wagga Motor Cycles Pty Ltd,4,company;excl_specialty_vehicle,1
8845,1-XT3-2069,MVRL26237,Walcha Smash Repairs Pty Ltd,4,company;service;excl_body,1
8846,1-3KICDS0,MVRL57965,Walgett Truck & Tractor Pty Ltd,4,company;excl_heavy,1
8847,1-4FQDJDO,MVRL63780,Walkers Motorcycles Pty Ltd,4,company;service;excl_specialty_vehicle,1
8848,1-3L06FM2,MVRL58059,Walter Daniel Markham,4,sole_trader;excl_performance,1
8849,1-XUC-669,MVRL35493,Walter G Guerreiro,4,sole_trader;excl_body,1
8850,1-KL9Q9T,MVRL48926,Wandy Bus & Auto's Pty Ltd,4,company;service;excl_heavy,1
8851,1-3F0NMZM,MVRL56859,WARDEN MOBILE REPAIRS & MAINTENANCE PTY LTD,4,company;service;excl_mobile,1
8852,1-XT3-3815,MVRL29930,Warners Bay Paint & Panel Pty Ltd,4,company;excl_body,1
8853,1-71E90O,MVRL47288,Warren Barron,4,sole_trader;service;excl_tyres,1
8854,1-XTX-639,MVRL44537,Warren Noel Manson,4,sole_trader;service;excl_electrical,1
8855,1-3Y8OQHW,MVRL61015,Warwick Farm Automotive Pty Limited,4,company;service;excl_heavy,1
8856,1-XTB-2112,MVRL37448,Watson Tractors Pty Ltd,4,company;excl_heavy,1
8857,1-1HVZ4C1,MVRL51990,Watson's Caravans Port Macquarie Pty Ltd,4,company;excl_specialty_vehicle,1
8858,1-XTH-487,MVRL43282,Watsons Caravans Coffs Harbour Pty Ltd,4,company;excl_specialty_vehicle,1
8859,1-3HINJTP,MVRL57114,Wauchope Tyre & Mower Pty Ltd,4,company;excl_tyres,1
8860,1-2VUJUHN,MVRL54512,Waverley Council,4,sole_trader;excl_other,1
8861,1-394EN8D,MVRL55960,Wayne John Anderson,4,sole_trader;service;excl_mobile,1
8862,1-XUC-2652,MVRL43479,Wayne John Wheelhouse,4,sole_trader;excl_tyres,1
8863,1-XU2-3872,MVRL28702,Wayne Kelvin Monkhouse,4,sole_trader;excl_electrical,1
8864,1-XU2-2821,MVRL25657,Wayne Michael Laughton,4,sole_trader;service;excl_electrical,1
8865,1-3KONLIA,MVRL58127,Wayne Penrose Volkswagen Pty Ltd,4,company;excl_dealer,1
8866,1-14O5KP4,MVRL50899,Wayne Thomas Smash Repairs Pty Ltd,4,company;service;excl_body,1
8867,1-XTN-3249,MVRL23808,Wayne Trevor McKenna,4,sole_trader;service;excl_body;excl_heavy,1
8868,1-XU2-4347,MVRL30077,Wayne Vinckx,4,sole_trader;service;excl_tyres,1
8869,1-Z3XFFQ,MVRL50505,Wayne-John Charles Walker,4,sole_trader;service;excl_performance,1
8870,1-XT3-4492,MVRL31326,WBG Trailer Repairs Pty Ltd,4,company;service;excl_heavy,1
8871,1-4H4BJWM,MVRL64002,WE R AUTO ELECTRICAL AND COMPUTING PTY LTD,4,company;service;excl_electrical,1
8872,1-14N0ZUV,MVRL50941,Webbnco Pty Ltd,4,company;service;excl_tyres,1
8873,1-XSI-623,MVRL11774,Wee Waa Electrics Pty Ltd,4,company;excl_electrical,1
8874,1-40YEIVE,MVRL61308,Weldob Pty Ltd,4,company;excl_tyres,1
8875,1-IXD6HQ,MVRL48644,Wentworth Shire Council,4,sole_trader;excl_other,1
8876,1-3JY5Z94,MVRL57685,Wesley Charles Turvey,4,sole_trader;service;excl_body,1
8877,1-XUC-2159,MVRL41070,Wesley Graeme Chapman,4,sole_trader;service;excl_body,1
8878,1-XTB-1036,MVRL35545,West End Motor Group Pty Ltd,4,company;excl_dealer,1
8879,1-XSI-1738,MVRL14592,West End Panel Service Pty Ltd,4,company;service;excl_body,1
8880,1-XTB-4582,MVRL41764,West Ryde Smash Repairs Pty Ltd,4,company;service;excl_body,1
8881,1-XTH-1012,MVRL44230,Westend Truck Services Pty Ltd,4,company;service;excl_heavy,1
8882,1-38EZ7RF,MVRL55904,Western Diesel & Performance Pty Ltd,4,company;excl_heavy;excl_performance,1
8883,1-182R81J,MVRL51343,Western Farm Machinery Pty Ltd,4,company;excl_heavy,1
8884,1-413UV2I,MVRL61532,Western Farm Pty Ltd,4,company;excl_heavy,1
8885,1-XSI-3206,MVRL17929,Western Motor Cycles Pty Ltd,4,company;excl_specialty_vehicle,1
8886,1-3KJGMQI,MVRL57995,WESTERN SYDNEY CARAVANS PTY LTD,4,company;service;excl_specialty_vehicle,1
8887,1-1LEJOB9,MVRL52226,Western Tractors & Diesel Spares Pty Ltd,4,company;excl_heavy;excl_parts_towing,1
8888,1-XSI-4333,MVRL20331,Western Truck & Trailer Repairs Pty Ltd,4,company;service;excl_heavy,1
8889,1-3P3W150,MVRL59253,WESTERN TRUCK GROUP PTY LTD,4,company;excl_heavy,1
8890,1-2XVQGA,MVRL45539,Westside Auto Electrical NSW Pty Ltd,4,company;service;excl_electrical,1
8891,1-MBF1C2,MVRL49137,Westside Smash Repairs 1 Pty Ltd,4,company;service;excl_body,1
8892,1-XTB-3773,MVRL40241,Wetherill Park Truck Align Pty Ltd,4,company;excl_heavy,1
8893,1-1WT8H39,MVRL52911,WFM Fleet Maintenance Pty Ltd,4,company;excl_heavy,1
8894,1-XTB-3674,MVRL40075,Whacko Water Truck Pty Ltd,4,company;excl_heavy,1
8895,1-4JYK0I4,MVRL64376,WHEELCHAIR VEHICLES PTY LTD,4,company;excl_tyres,1
8896,1-XTH-2256,MVRL6725,Whitehouse Motor Cycles Pty Ltd,4,company;excl_specialty_vehicle,1
8897,1-3K0T95S,MVRL57764,WICKITUP4DABOYZ PTY LTD,4,company;excl_specialty_vehicle,1
8898,1-XT3-3773,MVRL29837,Widevalley Pty Ltd,4,company;excl_dealer,1
8899,1-3ARVKWM,MVRL56192,Wilayers Pty Ltd,4,company;excl_performance,1
8900,1-5DD6NV,MVRL46880,Wilder Motorcycles Pty Ltd,4,company;excl_specialty_vehicle,1
8901,1-2VIAUZG,MVRL54490,Will's Mobile Auto Servicing Pty Ltd,4,company;service;excl_mobile,1
8902,1-3762KJ7,MVRL55722,WILL'S TRUCK & TRAILER REPAIRS PTY LTD,4,company;service;excl_heavy,1
8903,1-34S4RDZ,MVRL55373,William Donald Coote,4,sole_trader;excl_performance,1
8904,1-BIJ3NA,MVRL47951,William Paul Baker,4,sole_trader;excl_tyres,1
8905,1-34QBQAT,MVRL55382,WILSON SWAN PENRITH T & M PTY LIMITED,4,company;service;excl_tyres,1
8906,1-4JNM1M8,MVRL64363,WINDUS DIESEL REPAIRS PTY LTD,4,company;service;excl_heavy,1
8907,1-45ZH012,MVRL62051,WIRED UP CUSTOMS PTY LTD,4,company;excl_performance,1
8908,1-4BQB21E,MVRL62954,WLM AUTO ELECTRICAL PTY LIMITED,4,company;service;excl_electrical,1
8909,1-4578M0I,MVRL61948,WOLF MOBILE MECHANICAL PTY LTD,4,company;service;excl_mobile,1
8910,1-2GD2GFZ,MVRL53824,Wollongong Auto Parts Pty Limited,4,company;service;excl_parts_towing,1
8911,1-XTB-1200,MVRL35819,Wollongong City Council,4,sole_trader;excl_other,1
8912,1-XT3-4658,MVRL31678,Wollongong Diesel & 4X4 Pty Ltd,4,company;service;excl_heavy;excl_performance,1
8913,1-4HXZNHA,MVRL64147,WOLLONGONG TYRES & AUTO REPAIRS PTY LTD,4,company;service;excl_tyres,1
8914,1-KO3C0Y,MVRL48944,Wombat Motor Cycles Pty Ltd,4,company;excl_specialty_vehicle,1
8915,1-XT3-4109,MVRL30507,Woodley Motor Group Pty Ltd,4,company;excl_dealer,1
8916,1-1TCVT9F,MVRL52651,Woollahra Tyre Garage Pty Ltd,4,company;service;excl_tyres,1
8917,1-XTB-1905,MVRL37125,Woorana Pty Ltd,4,company;service;excl_body,1
8918,1-3K9KZIE,MVRL57885,WORKHORSE COLLISION REPAIRS PTY LTD,4,company;service;excl_body,1
8919,1-3LFJ1T6,MVRL58364,WORLD OF TYRES (NSW) PTY LTD,4,company;excl_tyres,1
8920,1-4D1J8O0,MVRL63190,Wright Motorcycles Pty Ltd,4,company;excl_specialty_vehicle,1
8921,1-2A7EG11,MVRL53587,Wright's Farm Machinery P/L,4,company;excl_heavy,1
8922,1-3PW870Y,MVRL59557,WRL Engineering Pty Ltd,4,company;excl_performance,1
8923,1-2WHETAP,MVRL54580,WRMO Pty Ltd,4,company;excl_specialty_vehicle,1
8924,1-4DX7MQK,MVRL63350,Wronas Truck & Track Pty Ltd,4,company;excl_heavy,1
8925,1-2LSZMK4,MVRL54211,Wrong Fuel Rescue Pty Ltd,4,company;excl_other,1
8926,1-40M0JLI,MVRL61283,WUNTEE PTY LTD,4,company;excl_performance,1
8927,1-3PG26XE,MVRL59722,WWW.AUSTRALIANTRAILERPARTS.COM.AU PTY LTD,4,company;excl_heavy,1
8928,1-4650M94,MVRL62008,Wybrow Haulage Pty Ltd,4,company;excl_heavy,1
8929,1-683RAS,MVRL47209,Wysman Pty Ltd,4,company;service;excl_body,1
8930,1-4ERB7BA,MVRL63605,XCARS AUTOMOTIVE AND SMASH REPAIRS PTY LTD,4,company;service;excl_body,1
8931,1-XTH-264,MVRL42971,Xerri J Transport Pty Ltd,4,company;excl_other,1
8932,1-4IVSK7G,MVRL64253,XPDX RENTALS PTY LTD,4,company;excl_other,1
8933,1-3M2UJXA,MVRL58483,XTREME PERFORMANCE GROUP PTY LTD,4,company;excl_performance,1
8934,1-3NHYNTV,MVRL58974,Y&A Car Rentals Pty Ltd,4,company;service;excl_other,1
8935,1-3E95MVN,MVRL56710,Y&S TRUCK AND CAR REPAIRS PTY LTD,4,company;service;excl_heavy,1
8936,1-DSNCXW,MVRL48127,Yaghi Motorsports Pty Ltd,4,company;service;excl_performance,1
8937,1-4295YXW,MVRL61601,Yaks Motorsport Pty Ltd,4,company;excl_performance,1
8938,1-3BDVLQU,MVRL56313,YAMBA ROCKS PTY LTD,4,company;excl_specialty_vehicle,1
8939,1-XT3-1861,MVRL25866,Yamba Welding & Engineering Pty Ltd,4,company;excl_performance,1
8940,1-18VCROD,MVRL51358,Yassroad Tyres & Mechanical Pty Ltd,4,company;service;excl_tyres,1
8941,1-3PNQDRM,MVRL59427,Yenoron Pty Ltd,4,company;excl_electrical,1
8942,1-XTH-588,MVRL43457,Yes Smash Repairs Pty Ltd,4,company;service;excl_body,1
8943,1-4D68TDG,MVRL63231,YNOT TOW & AUTO PTY LTD,4,company;service;excl_parts_towing,1
8944,1-4DBRYOG,MVRL63264,YOUIIS AUTO ELECTRICS & PERFORMANCE PTY LTD,4,company;service;excl_electrical;excl_performance,1
8945,1-XT3-4953,MVRL32321,Z N Z Co Pty Ltd,4,company;service;excl_body,1
8946,1-30SJ5QD,MVRL54889,Zac Lawrence Zanesco,4,sole_trader;service;excl_specialty_vehicle,1
8947,1-3C7R006,MVRL56416,Zachary Charles Woods,4,sole_trader;excl_performance,1
8948,1-XT3-4429,MVRL31184,Zanardo & Rodriquez Sales & Service Pty Ltd,4,company;service;excl_dealer,1
8949,1-4E9365I,MVRL63453,Zane Phelps,4,sole_trader;excl_performance,1
8950,1-XT3-1037,MVRL24020,Zarki Pty Ltd,4,company;service;excl_body;excl_performance,1
8951,1-4DAJIQE,MVRL63295,ZAYN PERFORMANCE PTY LTD,4,company;excl_performance,1
8952,1-3RV6NVI,MVRL60066,ZEN MOTORCYCLES PTY LTD,4,company;excl_specialty_vehicle,1
8953,1-4837EYO,MVRL62474,ZMR HOLDINGS PTY LTD,4,company;service;excl_electrical,1
8954,1-DRNSZJ,MVRL48150,Zoka Holdings Pty Ltd,4,company;service;excl_specialty_vehicle,1
8955,1-495UI8K,MVRL62576,Zuber Car Rental Pty Ltd,4,company;excl_other,1
8956,1-XEGO3U,MVRL50279,Zvonimir Paul Roncevic,4,sole_trader;service;excl_body,1
8957,1-1PF2QBS,MVRL52493,Zzang Motors & Equipment Pty Ltd,4,company;service;excl_performance,1
8958,1-XTX-467,MVRL44076,Andrew McDougall,5,sole_trader;uninformative,2
8959,1-2MFUDHZ,MVRL54225,Andrew McDougall,5,sole_trader;uninformative,2
8960,1-FGDXQ1,MVRL48358,Daniel Bruce Vaughan,5,sole_trader;uninformative,2
8961,1-XUC-146,MVRL32795,David John Bartolo,5,sole_trader;uninformative,2
8962,1-49V1YYQ,MVRL62701,David John Bartolo,5,sole_trader;uninformative,2
8963,1-33VYHNV,MVRL55250,Graeme Ducksbury,5,sole_trader;uninformative,2
8964,1-3CFBCJI,MVRL56438,Iman Shafiey,5,sole_trader;uninformative,2
8965,1-3OEVN5O,MVRL59067,Iman Shafiey,5,sole_trader;uninformative,2
8966,1-3KMU5Q8,MVRL58234,Joshua Basil charles Klein,5,sole_trader;uninformative,2
8967,1-XTQ-2975,MVRL37756,Luigi Ricco,5,sole_trader;uninformative,2
8968,1-2XQ6YS,MVRL45501,Luigi Ricco,5,sole_trader;uninformative,2
8969,1-DI7GIC,MVRL48084,Mark Charles Robertson,5,sole_trader;uninformative,2
8970,1-XUC-2512,MVRL42737,Michael Zammit,5,sole_trader;uninformative,2
8971,1-XUC-3112,MVRL5077,Michael Zammit,5,sole_trader;uninformative,2
8972,1-XTN-3389,MVRL24211,Nick Rouggos,5,sole_trader;uninformative,2
8973,1-6OQSYK,MVRL47217,Ravinesh Ravin Ram,5,sole_trader;uninformative,2
8974,1-48S5TZ0,MVRL62440,Ravinesh Ravin Ram,5,sole_trader;uninformative,2
8975,1-XU2-4038,MVRL29234,Rocco Junior Zoccali,5,sole_trader;uninformative,2
8976,1-XUC-1854,MVRL3980,Scott Lindsay Walker,5,sole_trader;uninformative,2
8977,1-XU2-2323,MVRL24173,Stephen John Bevege,5,sole_trader;uninformative,2
8978,1-4ZW87V,MVRL46783,Stephen John Bevege,5,sole_trader;uninformative,2
8979,1-3CDWR48,MVRL56365,Steven Gulabovski,5,sole_trader;uninformative,2
8980,1-45Z7ZHQ,MVRL62007,Steven Gulabovski,5,sole_trader;uninformative,2
8981,1-49HPXXI,MVRL62553,. Rohit,5,sole_trader;uninformative,1
8982,1-3USR74A,MVRL60468,Aaron Edward Payne,5,sole_trader;uninformative,1
8983,1-3ZB6Q8U,MVRL61156,Aaron Jake Clancy,5,sole_trader;uninformative,1
8984,1-45B1T6L,MVRL61904,Aaron James Kendall,5,sole_trader;uninformative,1
8985,1-45TFW9K,MVRL62069,Aaron James Melville,5,sole_trader;uninformative,1
8986,1-4D5V7UE,MVRL63123,Aaron Jay Crow,5,sole_trader;uninformative,1
8987,1-40237DU,MVRL61207,Aaron John Gibson,5,sole_trader;uninformative,1
8988,1-3OGCENC,MVRL59102,Aaron John McMillan,5,sole_trader;uninformative,1
8989,1-42LFB1U,MVRL61545,Aaron Joshua Fairfull,5,sole_trader;uninformative,1
8990,1-3PM019A,MVRL59533,Aaron Mark Copas,5,sole_trader;uninformative,1
8991,1-4C4FBYE,MVRL62921,Aaron Morgan Penna,5,sole_trader;uninformative,1
8992,1-4GXB9W4,MVRL64040,Aaron Russell Romero,5,sole_trader;uninformative,1
8993,1-4BCWH2Q,MVRL62949,Aaron Samphier,5,sole_trader;uninformative,1
8994,1-3SYDK4M,MVRL60242,Aaron Tyson Leigh,5,sole_trader;uninformative,1
8995,1-XTQ-4730,MVRL41916,Abdo Abdo,5,sole_trader;uninformative,1
8996,1-3UN41L2,MVRL60663,Abdul Ilah Abdul Kader,5,sole_trader;uninformative,1
8997,1-3C05B5Y,MVRL56316,Abdul Majid Baghdadi,5,sole_trader;uninformative,1
8998,1-23JUR1B,MVRL53231,Abdul Wahid Hamid,5,sole_trader;uninformative,1
8999,1-3LRRD44,MVRL58517,Abdulelah Mohsin Abed Alqasto,5,sole_trader;uninformative,1
9000,1-4GE8UDE,MVRL63844,Abdullah-bin-nasir Abdullah-bin-nasir,5,sole_trader;uninformative,1
9001,1-398G4SL,MVRL55965,Abed El Hindi,5,sole_trader;uninformative,1
9002,1-446RWME,MVRL61879,ABHISHEK KUMAR,5,sole_trader;uninformative,1
9003,1-XTX-271,MVRL43488,Abraham Stanbouli,5,sole_trader;uninformative,1
9004,1-1JOC18B,MVRL52065,Abu Saem Saikat,5,sole_trader;uninformative,1
9005,1-XTX-386,MVRL43839,Adam Bruce Bell,5,sole_trader;uninformative,1
9006,1-XTN-2480,MVRL21408,Adam Christopher Roach,5,sole_trader;uninformative,1
9007,1-4H8H4FO,MVRL64019,Adam Christopher Sweeney,5,sole_trader;uninformative,1
9008,1-4BAYVJ,MVRL46572,Adam Colin Clarke,5,sole_trader;uninformative,1
9009,1-4J0BKVE,MVRL64280,Adam Cooper Ostini,5,sole_trader;uninformative,1
9010,1-XTQ-3386,MVRL38639,Adam Cope,5,sole_trader;uninformative,1
9011,1-3LTZPM4,MVRL58645,Adam Craig Burgess,5,sole_trader;uninformative,1
9012,1-4DNE00K,MVRL63308,Adam Craig Lysaght,5,sole_trader;uninformative,1
9013,1-4GRU8J0,MVRL63985,Adam Currey,5,sole_trader;uninformative,1
9014,1-3KB8VLA,MVRL57864,Adam David Byrnes,5,sole_trader;uninformative,1
9015,1-47BR2KO,MVRL62097,Adam David Croll,5,sole_trader;uninformative,1
9016,1-12M70HG,MVRL50774,Adam Douglas McKenzie,5,sole_trader;uninformative,1
9017,1-4DDAVQM,MVRL63250,Adam Jack Waide,5,sole_trader;uninformative,1
9018,1-182YLPZ,MVRL51325,Adam John Brownhill,5,sole_trader;uninformative,1
9019,1-2YJ1KXZ,MVRL54834,Adam John Deguara,5,sole_trader;uninformative,1
9020,1-48RYVC8,MVRL62438,Adam John Dinnerville,5,sole_trader;uninformative,1
9021,1-4DQ8QNY,MVRL63419,Adam John Drew,5,sole_trader;uninformative,1
9022,1-4CJRNIG,MVRL62938,Adam John Heathcote,5,sole_trader;uninformative,1
9023,1-40UA9R4,MVRL61353,Adam John Robertson,5,sole_trader;uninformative,1
9024,1-3YG60CS,MVRL61023,Adam Keith William Barnes,5,sole_trader;uninformative,1
9025,1-3S5WKM4,MVRL60041,Adam Kendrick Pearce,5,sole_trader;uninformative,1
9026,1-3PPB78K,MVRL59810,Adam Lane,5,sole_trader;uninformative,1
9027,1-3BZSAG2,MVRL56378,Adam Luke James,5,sole_trader;uninformative,1
9028,1-43CBWSY,MVRL61704,Adam Max Marotte,5,sole_trader;uninformative,1
9029,1-2YDKS7K,MVRL54709,Adam Michael Gilmore,5,sole_trader;uninformative,1
9030,1-XTX-392,MVRL43849,Adam Michael Russell,5,sole_trader;uninformative,1
9031,1-1KEUGLT,MVRL52133,Adam Michael Vartuli,5,sole_trader;uninformative,1
9032,1-2FIK9WP,MVRL53705,Adam Milani,5,sole_trader;uninformative,1
9033,1-3XVP0CU,MVRL60967,Adam Muhammed Aldainy,5,sole_trader;uninformative,1
9034,1-44WTK1E,MVRL61827,Adam Oakland Silk,5,sole_trader;uninformative,1
9035,1-4F4FUO2,MVRL64017,Adam Paul Dipietro,5,sole_trader;uninformative,1
9036,1-4H0P5V2,MVRL63945,Adam Philip Kent,5,sole_trader;uninformative,1
9037,1-3430VZX,MVRL55251,Adam Rafal Chelminski,5,sole_trader;uninformative,1
9038,1-4IBGONQ,MVRL64091,Adam Robert Fisher,5,sole_trader;uninformative,1
9039,1-4GT16A1,MVRL63974,Adam Scott Cowley,5,sole_trader;uninformative,1
9040,1-XTQ-2007,MVRL35425,Adam Scott Dominick,5,sole_trader;uninformative,1
9041,1-XTQ-3931,MVRL39910,Adam Scott Reid,5,sole_trader;uninformative,1
9042,1-3UUBH8A,MVRL60489,Adam Terence Ranieri,5,sole_trader;uninformative,1
9043,1-3XJ34U2,MVRL60875,Adam Vincent James De Luca,5,sole_trader;uninformative,1
9044,1-41HIJU0,MVRL61427,Adam Vincent Mitchell,5,sole_trader;uninformative,1
9045,1-3WCIZY0,MVRL60835,Adem Dincer,5,sole_trader;uninformative,1
9046,1-3LONB4I,MVRL58362,Aden John Calaz,5,sole_trader;uninformative,1
9047,1-XTQ-4359,MVRL41000,Adnan Mahmoud El Fata,5,sole_trader;uninformative,1
9048,1-45BA4G6,MVRL61886,Adrian Charles Cook,5,sole_trader;uninformative,1
9049,1-1M114UF,MVRL52169,Adrian Christopher Ward,5,sole_trader;uninformative,1
9050,1-3AIKICX,MVRL56137,Adrian David Aiello,5,sole_trader;uninformative,1
9051,1-40Y4YGC,MVRL61359,Adrian Fenech,5,sole_trader;uninformative,1
9052,1-4FBV52,MVRL46532,Adrian Gabriele Di Lullo,5,sole_trader;uninformative,1
9053,1-X5AYN3,MVRL50254,Adrian John Portelli,5,sole_trader;uninformative,1
9054,1-XTQ-1166,MVRL32138,Adrian Joseph Marsh,5,sole_trader;uninformative,1
9055,1-XTX-1428,MVRL7273,Adrian Louis Corvisy,5,sole_trader;uninformative,1
9056,1-QR39UR,MVRL49619,Adrian Peter Shaw,5,sole_trader;uninformative,1
9057,1-XTQ-3230,MVRL38328,Adrian Peter Smith,5,sole_trader;uninformative,1
9058,1-328Y4VD,MVRL55040,Adrian Vincent Dominic Borg,5,sole_trader;uninformative,1
9059,1-4H7N2U6,MVRL64048,Adrian William Henry,5,sole_trader;uninformative,1
9060,1-XTQ-1603,MVRL33293,Adwar Kako,5,sole_trader;uninformative,1
9061,1-XTQ-3905,MVRL39853,Aead Deeb,5,sole_trader;uninformative,1
9062,1-3SGCTH4,MVRL60181,Agy Dassakis,5,sole_trader;uninformative,1
9063,1-3RXRCHA,MVRL59984,Ahmad Abbas,5,sole_trader;uninformative,1
9064,1-3CRR7FE,MVRL56454,Ahmad Alali,5,sole_trader;uninformative,1
9065,1-XUC-325,MVRL33396,Ahmad Bassal,5,sole_trader;uninformative,1
9066,1-3595S6D,MVRL55462,Ahmad Bassam Yassin,5,sole_trader;uninformative,1
9067,1-1KAWFU0,MVRL52149,Ahmad El Taweel,5,sole_trader;uninformative,1
9068,1-3K7A8JO,MVRL57902,Ahmad El-Ahmad,5,sole_trader;uninformative,1
9069,1-3PYOTEA,MVRL59766,Ahmad El-Sayed,5,sole_trader;uninformative,1
9070,1-45A1HPW,MVRL62027,Ahmad Hafizi Bin Abdul Wahab,5,sole_trader;uninformative,1
9071,1-3TDHSUM,MVRL60263,Ahmad Moussa Hawchar,5,sole_trader;uninformative,1
9072,1-3OTN6O0,MVRL59280,Ahmad Soubra,5,sole_trader;uninformative,1
9073,1-3JH8B6U,MVRL57491,Ahmed Asif Akram,5,sole_trader;uninformative,1
9074,1-XTQ-3311,MVRL38480,Ahmed Nemra,5,sole_trader;uninformative,1
9075,1-3UGLY14,MVRL60450,Aidan Artery,5,sole_trader;uninformative,1
9076,1-41P6292,MVRL61417,Aidan Francis Garner,5,sole_trader;uninformative,1
9077,1-3MWXXCY,MVRL58714,Aidan Francis Paine,5,sole_trader;uninformative,1
9078,1-4H8FYQ0,MVRL64004,Aidan Jake Gant,5,sole_trader;uninformative,1
9079,1-3N2SHIS,MVRL58799,Aidan John Pike,5,sole_trader;uninformative,1
9080,1-4GOHVG6,MVRL63910,Aidan Rowe,5,sole_trader;uninformative,1
9081,1-3I1FUAP,MVRL57239,Ajay Vikash,5,sole_trader;uninformative,1
9082,1-4J9MDIM,MVRL64249,Akram Charif,5,sole_trader;uninformative,1
9083,1-4OWK2U,MVRL46548,Al Alanthium,5,sole_trader;uninformative,1
9084,1-XUC-151,MVRL32813,Alan George Bilsborough,5,sole_trader;uninformative,1
9085,1-3VWOKPE,MVRL60680,Alan Hurley,5,sole_trader;uninformative,1
9086,1-XTQ-2138,MVRL35773,Alan James Gamble,5,sole_trader;uninformative,1
9087,1-2FMG8U,MVRL45090,Alan James McCulloch,5,sole_trader;uninformative,1
9088,1-XU2-3394,MVRL27279,Alan James Newton,5,sole_trader;uninformative,1
9089,1-XTH-3711,MVRL10408,Alan James Watson,5,sole_trader;uninformative,1
9090,1-XTQ-4651,MVRL41729,Alan John McLeish,5,sole_trader;uninformative,1
9091,1-XU2-4960,MVRL32166,Alan Mark Yager,5,sole_trader;uninformative,1
9092,1-XUC-1999,MVRL40465,Alan Michael Lesley Mood,5,sole_trader;uninformative,1
9093,1-XTX-2198,MVRL9569,Alan Ronald Leslie Bridger,5,sole_trader;uninformative,1
9094,1-XTX-100,MVRL42953,Alastair Blaxland Roberts,5,sole_trader;uninformative,1
9095,1-4888VY6,MVRL62434,Albert Mitra Talaman,5,sole_trader;uninformative,1
9096,1-3U29QZJ,MVRL60442,Albert Rodriguez,5,sole_trader;uninformative,1
9097,1-3UHTJMO,MVRL60464,Albert Yalda,5,sole_trader;uninformative,1
9098,1-XTQ-3893,MVRL39826,Albert Zanzoul,5,sole_trader;uninformative,1
9099,1-3ZOPFES,MVRL61185,Aleksandar Sirijovski,5,sole_trader;uninformative,1
9100,1-4IUVCW2,MVRL64240,Alessandro Gilardi,5,sole_trader;uninformative,1
9101,1-4I1KN9E,MVRL64187,Alessandro Vincenzo Ditto,5,sole_trader;uninformative,1
9102,1-321J9BT,MVRL55001,Alex Apostolovski,5,sole_trader;uninformative,1
9103,1-XUC-2153,MVRL41058,Alex Chris Nicolopoulos,5,sole_trader;uninformative,1
9104,1-4EIL0OS,MVRL63538,Alex Edwin Kingsley,5,sole_trader;uninformative,1
9105,1-3JQYH7S,MVRL57627,Alex George Ayoub,5,sole_trader;uninformative,1
9106,1-3X1ZQI8,MVRL60877,Alex Herbert,5,sole_trader;uninformative,1
9107,1-XUC-1837,MVRL39717,Alex Louis Szekeres,5,sole_trader;uninformative,1
9108,1-26L8DNW,MVRL53481,Alex Paul Toomey,5,sole_trader;uninformative,1
9109,1-333KT6P,MVRL55159,Alex Smart,5,sole_trader;uninformative,1
9110,1-2KEMOVB,MVRL54046,Alex Werner Eberli,5,sole_trader;uninformative,1
9111,1-4II01MM,MVRL64118,Alexander David Johnson,5,sole_trader;uninformative,1
9112,1-4C431FA,MVRL63042,Alexander James Cella,5,sole_trader;uninformative,1
9113,1-4J3DOUG,MVRL64285,Alexander John Galcsik,5,sole_trader;uninformative,1
9114,1-47GBN1C,MVRL62175,Alexander Joseph Palmisano,5,sole_trader;uninformative,1
9115,1-XTX-491,MVRL44141,Alexander Raymond Wilbow,5,sole_trader;uninformative,1
9116,1-46WZDSG,MVRL62235,Alexander Robert Fredrick Bolton,5,sole_trader;uninformative,1
9117,1-2SPY3B,MVRL45379,Alfred Johns,5,sole_trader;uninformative,1
9118,1-4BJV3WY,MVRL63000,Ali Hazim,5,sole_trader;uninformative,1
9119,1-XTX-167,MVRL43119,Ali Kayachi,5,sole_trader;uninformative,1
9120,1-3Q6JFVY,MVRL59831,Ali Mehdi Khani,5,sole_trader;uninformative,1
9121,1-4216ML8,MVRL61487,Ali Raza,5,sole_trader;uninformative,1
9122,1-4H2WO8W,MVRL63943,Ali Reslan,5,sole_trader;uninformative,1
9123,1-4FIHLEU,MVRL63895,Ali Reza Siah Polo,5,sole_trader;uninformative,1
9124,1-1VC420H,MVRL52770,Ali Sajad,5,sole_trader;uninformative,1
9125,1-469UE1U,MVRL62070,Ali Shanaa,5,sole_trader;uninformative,1
9126,1-XUC-1669,MVRL39060,Alison Victoria Kelly,5,sole_trader;uninformative,1
9127,1-XTN-4521,MVRL27650,Allan Akar Sleiman,5,sole_trader;uninformative,1
9128,1-XU2-1061,MVRL20650,Allan Clifton Lambert,5,sole_trader;uninformative,1
9129,1-3ATOPU4,MVRL56200,Allan Fornasier,5,sole_trader;uninformative,1
9130,1-XTH-3616,MVRL10121,Allan James Hall,5,sole_trader;uninformative,1
9131,1-3PXIER0,MVRL59466,Allan James Wilson,5,sole_trader;uninformative,1
9132,1-XTQ-1906,MVRL35150,Allan Jason Newton,5,sole_trader;uninformative,1
9133,1-3M29S0C,MVRL58455,Allan Morris Garfoot,5,sole_trader;uninformative,1
9134,1-3PGUI5M,MVRL59404,Allan Rex Churchill,5,sole_trader;uninformative,1
9135,1-3SUG4ZG,MVRL60176,Allen Dawood Sulaiman Kali,5,sole_trader;uninformative,1
9136,1-XU2-4091,MVRL29371,Allen John Spencer,5,sole_trader;uninformative,1
9137,1-XTQ-3403,MVRL38676,Amer Kassaa,5,sole_trader;uninformative,1
9138,1-XTX-300,MVRL43585,Amer Shehadeh,5,sole_trader;uninformative,1
9139,1-4DUIUOU,MVRL63334,Amin Aliman Abdul Malek,5,sole_trader;uninformative,1
9140,1-339N5YS,MVRL55212,Amin Chahda,5,sole_trader;uninformative,1
9141,1-44ZIH92,MVRL61805,Amin Charnia,5,sole_trader;uninformative,1
9142,1-4DSHKSO,MVRL63375,Amir Abdul Rahman,5,sole_trader;uninformative,1
9143,1-3S8GHUC,MVRL60114,Amir Anbarasaroy,5,sole_trader;uninformative,1
9144,1-3LY171C,MVRL58502,Amit Satishbhai Patel,5,sole_trader;uninformative,1
9145,1-XUC-1354,MVRL37959,Ammar Ishak,5,sole_trader;uninformative,1
9146,1-4E4KMBY,MVRL63451,Amy Kate Grice,5,sole_trader;uninformative,1
9147,1-3EZUDKA,MVRL56839,Anacleto Vasquez,5,sole_trader;uninformative,1
9148,1-XU2-4312,MVRL29973,Ananda Doddaindalavadi Lingappa,5,sole_trader;uninformative,1
9149,1-XTQ-4984,MVRL42633,Anastasios Stergiopoulos,5,sole_trader;uninformative,1
9150,1-4CUAQPW,MVRL63132,Andi Jankel,5,sole_trader;uninformative,1
9151,1-45D1AFQ,MVRL62042,Andre Daniel Amirkhanian,5,sole_trader;uninformative,1
9152,1-3QQ1ZF5,MVRL59851,Andre Evelyn Smith,5,sole_trader;uninformative,1
9153,1-4A5MNEG,MVRL62690,Andrea Brundu,5,sole_trader;uninformative,1
9154,1-3HFIQDS,MVRL57287,Andrea Melissari,5,sole_trader;uninformative,1
9155,1-XU2-1519,MVRL21916,Andreh Harapeti,5,sole_trader;uninformative,1
9156,1-3YWZSXY,MVRL61060,Andrew Alan Edwards,5,sole_trader;uninformative,1
9157,1-3RYOAEC,MVRL60002,Andrew Barbara,5,sole_trader;uninformative,1
9158,1-XUC-1490,MVRL38409,Andrew Bartholomew,5,sole_trader;uninformative,1
9159,1-3P28LPU,MVRL59637,Andrew Bruce Kent,5,sole_trader;uninformative,1
9160,1-3V5Y607,MVRL60721,Andrew Charles Cregan,5,sole_trader;uninformative,1
9161,1-XUC-1500,MVRL38443,Andrew David Ezzy,5,sole_trader;uninformative,1
9162,1-1EJ99PE,MVRL51745,Andrew David Mcafee,5,sole_trader;uninformative,1
9163,1-3OTSKP0,MVRL59343,Andrew David Romagnolo,5,sole_trader;uninformative,1
9164,1-3TUXFL8,MVRL60311,Andrew David Willoughby,5,sole_trader;uninformative,1
9165,1-48QQS1Q,MVRL62370,Andrew Dean Cowled,5,sole_trader;uninformative,1
9166,1-44HAJVY,MVRL61859,Andrew Dean Mayhew,5,sole_trader;uninformative,1
9167,1-46B9JEO,MVRL62213,Andrew Francis Saide,5,sole_trader;uninformative,1
9168,1-LSSHK5,MVRL49130,Andrew George Galea,5,sole_trader;uninformative,1
9169,1-3PMTHOE,MVRL59680,Andrew George Robinson,5,sole_trader;uninformative,1
9170,1-XUC-116,MVRL32676,Andrew George Tyma,5,sole_trader;uninformative,1
9171,1-JLZW8V,MVRL48760,Andrew Gordon McGown,5,sole_trader;uninformative,1
9172,1-3SW0D4Y,MVRL60188,Andrew Gordon Sneath,5,sole_trader;uninformative,1
9173,1-3JEGXHC,MVRL57466,Andrew Hay,5,sole_trader;uninformative,1
9174,1-44N918U,MVRL61781,Andrew Huy Le,5,sole_trader;uninformative,1
9175,1-3YHVTU0,MVRL61031,Andrew James Baker,5,sole_trader;uninformative,1
9176,1-XTX-459,MVRL44047,Andrew James Devine,5,sole_trader;uninformative,1
9177,1-4CQVURE,MVRL63141,Andrew James Downie,5,sole_trader;uninformative,1
9178,1-2R18QHH,MVRL54523,Andrew James Hemphill,5,sole_trader;uninformative,1
9179,1-XTQ-2274,MVRL36124,Andrew James Johnston,5,sole_trader;uninformative,1
9180,1-4AH99H8,MVRL62870,Andrew James Messner,5,sole_trader;uninformative,1
9181,1-XTQ-2136,MVRL35764,Andrew James Osborne,5,sole_trader;uninformative,1
9182,1-13USGFX,MVRL50890,Andrew Jason Nicholls,5,sole_trader;uninformative,1
9183,1-XTX-410,MVRL43894,Andrew John Duncan,5,sole_trader;uninformative,1
9184,1-XUC-2798,MVRL44166,Andrew John Haddad,5,sole_trader;uninformative,1
9185,1-4EIM7GS,MVRL63539,Andrew John Mowle,5,sole_trader;uninformative,1
9186,1-42QRMZH,MVRL61620,Andrew John Roughan,5,sole_trader;uninformative,1
9187,1-2HYEV9,MVRL45136,Andrew John William Bowden,5,sole_trader;uninformative,1
9188,1-3EY6FGC,MVRL56912,Andrew Jones,5,sole_trader;uninformative,1
9189,1-XUC-1792,MVRL39550,Andrew Justin Cunningham,5,sole_trader;uninformative,1
9190,1-XUC-2736,MVRL43889,Andrew Khizmo,5,sole_trader;uninformative,1
9191,1-3N9ZDGA,MVRL58849,Andrew Laurence Stewart,5,sole_trader;uninformative,1
9192,1-XUC-1719,MVRL39232,Andrew Lesley Maxwell,5,sole_trader;uninformative,1
9193,1-3NYPGUS,MVRL59132,Andrew Liam John Blair,5,sole_trader;uninformative,1
9194,1-3KMMMBE,MVRL58116,Andrew Markham Van Ewyk,5,sole_trader;uninformative,1
9195,1-3MFHEMG,MVRL58575,Andrew Martin Dwyer,5,sole_trader;uninformative,1
9196,1-39ZXE6S,MVRL56085,Andrew McKenzie Finch,5,sole_trader;uninformative,1
9197,1-3ATZDQ5,MVRL56163,Andrew Michael Xuereb,5,sole_trader;uninformative,1
9198,1-3YT9LE4,MVRL61070,Andrew Miller,5,sole_trader;uninformative,1
9199,1-XU2-3996,MVRL29094,Andrew Milton Jarrett,5,sole_trader;uninformative,1
9200,1-34LVPSR,MVRL55367,Andrew Patrick Gallagher,5,sole_trader;uninformative,1
9201,1-XTQ-4531,MVRL41440,Andrew Peter Rickard,5,sole_trader;uninformative,1
9202,1-46L8H58,MVRL62217,Andrew Phillip West-Wilson,5,sole_trader;uninformative,1
9203,1-467YQ6Q,MVRL62071,Andrew Stuart Burton,5,sole_trader;uninformative,1
9204,1-29H0WS2,MVRL53541,Andrew Terrence Price,5,sole_trader;uninformative,1
9205,1-XTQ-1794,MVRL34892,Andrew Thomas Ward,5,sole_trader;uninformative,1
9206,1-3KRPRSE,MVRL58118,Andrew Welsh,5,sole_trader;uninformative,1
9207,1-3MS4CKK,MVRL58759,Andrew William Cummings,5,sole_trader;uninformative,1
9208,1-4164UOK,MVRL61453,Andrew William Easdown,5,sole_trader;uninformative,1
9209,1-3POH5GO,MVRL59449,Andrew William Flynn,5,sole_trader;uninformative,1
9210,1-40Y7QVM,MVRL61336,Andrew Worsnop,5,sole_trader;uninformative,1
9211,1-XTQ-1664,MVRL3429,Angelo Gava,5,sole_trader;uninformative,1
9212,1-XUC-4185,MVRL7843,Angelo Photiou,5,sole_trader;uninformative,1
9213,1-4GH7P0E,MVRL63762,Angelo Raffaele Combatti,5,sole_trader;uninformative,1
9214,1-3LZPSF2,MVRL58504,Angus Ray Hiscocks,5,sole_trader;uninformative,1
9215,1-45ILSO4,MVRL62048,Angus Webster,5,sole_trader;uninformative,1
9216,1-2KST8J8,MVRL54069,Anh Dung Lam,5,sole_trader;uninformative,1
9217,1-368NYAP,MVRL55558,Anil Janwa,5,sole_trader;uninformative,1
9218,1-4EK9JZI,MVRL63600,Anthony Analucas Andres,5,sole_trader;uninformative,1
9219,1-FMYAYZ,MVRL48375,Anthony Buddy Moujalli,5,sole_trader;uninformative,1
9220,1-48BF1DM,MVRL62516,Anthony Christian Arditto,5,sole_trader;uninformative,1
9221,1-XTN-3773,MVRL25275,Anthony Craig Minto,5,sole_trader;uninformative,1
9222,1-XU2-3962,MVRL28975,Anthony David Salafia,5,sole_trader;uninformative,1
9223,1-4FGQ5KS,MVRL63724,Anthony De Santis,5,sole_trader;uninformative,1
9224,1-3IOTGKO,MVRL57328,Anthony Edward Dallimore,5,sole_trader;uninformative,1
9225,1-XUC-2287,MVRL41649,Anthony Francis Bond,5,sole_trader;uninformative,1
9226,1-2LYDU45,MVRL54281,Anthony George Vella,5,sole_trader;uninformative,1
9227,1-1HL7H5A,MVRL51828,Anthony Gordon Marquett,5,sole_trader;uninformative,1
9228,1-4EE5SII,MVRL63458,Anthony James Aberline,5,sole_trader;uninformative,1
9229,1-3L952T0,MVRL58235,Anthony James Robert Ovenstone,5,sole_trader;uninformative,1
9230,1-XU2-2936,MVRL26037,Anthony James Stevens,5,sole_trader;uninformative,1
9231,1-XTN-873,MVRL16554,Anthony John King,5,sole_trader;uninformative,1
9232,1-3BA73O2,MVRL56159,Anthony John Maher,5,sole_trader;uninformative,1
9233,1-XTQ-2961,MVRL37707,Anthony Karedis,5,sole_trader;uninformative,1
9234,1-3PK1DKC,MVRL59666,Anthony Lawrence Badolato,5,sole_trader;uninformative,1
9235,1-4EKHR4S,MVRL63699,Anthony Leslie Cooper,5,sole_trader;uninformative,1
9236,1-4BPNJS4,MVRL62930,Anthony Luke Barrett,5,sole_trader;uninformative,1
9237,1-3FRCGUV,MVRL56927,Anthony Mark Farr,5,sole_trader;uninformative,1
9238,1-4DWI45S,MVRL63347,Anthony Mark Lollback,5,sole_trader;uninformative,1
9239,1-UUXNWX,MVRL49973,Anthony Mark Mcdonough,5,sole_trader;uninformative,1
9240,1-47TOYF,MVRL46348,Anthony Marretta,5,sole_trader;uninformative,1
9241,1-3V59JVG,MVRL60532,Anthony Michael Macpherson-Rogers,5,sole_trader;uninformative,1
9242,1-KT5ENM,MVRL48973,Anthony Monteiro,5,sole_trader;uninformative,1
9243,1-XTQ-1209,MVRL32241,Anthony Parisi,5,sole_trader;uninformative,1
9244,1-3XRCOI2,MVRL60908,Anthony Paul Collorafi,5,sole_trader;uninformative,1
9245,1-45QYSV6,MVRL62002,Anthony Paul Kent,5,sole_trader;uninformative,1
9246,1-XUC-2452,MVRL42408,Anthony Piers Maxwell,5,sole_trader;uninformative,1
9247,1-2T5JL6,MVRL45523,Anthony Raymond Foster,5,sole_trader;uninformative,1
9248,1-1VE20FN,MVRL52758,Anthony Raymond Williamson,5,sole_trader;uninformative,1
9249,1-47OCCRI,MVRL62400,Anthony Robert Reece,5,sole_trader;uninformative,1
9250,1-2M00YPL,MVRL54283,Anthony Robert Russo,5,sole_trader;uninformative,1
9251,1-XTQ-3789,MVRL39612,Anthony Roger Fattore,5,sole_trader;uninformative,1
9252,1-3N2Z747,MVRL58837,Anthony Sarpa,5,sole_trader;uninformative,1
9253,1-XTQ-3897,MVRL39831,Anthony Stephen Mitchell,5,sole_trader;uninformative,1
9254,1-2TU03PP,MVRL54425,Anthony Thomas Quinn,5,sole_trader;uninformative,1
9255,1-2XUW2EF,MVRL54694,Anthony Victor Galea,5,sole_trader;uninformative,1
9256,1-2FSAMWE,MVRL53737,Anthony William Broome,5,sole_trader;uninformative,1
9257,1-3Y15NKS,MVRL60947,Anto Hekimian,5,sole_trader;uninformative,1
9258,1-XTQ-2906,MVRL37598,Antonio Deoliveira,5,sole_trader;uninformative,1
9259,1-XU2-3382,MVRL27248,Antonio Martino,5,sole_trader;uninformative,1
9260,1-XTQ-4799,MVRL42100,Antonio Pipio,5,sole_trader;uninformative,1
9261,1-4HW9JE4,MVRL64145,Antonio Policastrese,5,sole_trader;uninformative,1
9262,1-XTQ-3849,MVRL39733,Antonios Komninos,5,sole_trader;uninformative,1
9263,1-365DHYL,MVRL55557,Antony Giannetti,5,sole_trader;uninformative,1
9264,1-49KBOK7,MVRL62483,Antony Mark Evans,5,sole_trader;uninformative,1
9265,1-XU2-3895,MVRL28767,Antony Roy Watson,5,sole_trader;uninformative,1
9266,1-XTN-2415,MVRL21218,Antoon Gerrit Vanderbent,5,sole_trader;uninformative,1
9267,1-3K9JVNE,MVRL57855,Anupinder Singh,5,sole_trader;uninformative,1
9268,1-Q9XVPY,MVRL49589,Ara Ansourian,5,sole_trader;uninformative,1
9269,1-29PJJQF,MVRL53633,Ariel Marha,5,sole_trader;uninformative,1
9270,1-3ZAJ02H,MVRL61084,Aris Doumas,5,sole_trader;uninformative,1
9271,1-49RXYW0,MVRL62700,Arjun Gaire,5,sole_trader;uninformative,1
9272,1-33NQOEH,MVRL55218,Arran Michael Savaro,5,sole_trader;uninformative,1
9273,1-4J5HA8Q,MVRL64299,Arren Michael Ghazarian,5,sole_trader;uninformative,1
9274,1-44ZI7DU,MVRL61815,Arron John Walker,5,sole_trader;uninformative,1
9275,1-KRKV5N,MVRL48969,Arthur Charlton Norton,5,sole_trader;uninformative,1
9276,1-3TR5T8S,MVRL60475,Arthur Georges,5,sole_trader;uninformative,1
9277,1-XDMNYV,MVRL50300,Arthur Hanna,5,sole_trader;uninformative,1
9278,1-XUC-2869,MVRL44524,Arthur Wayne Davis,5,sole_trader;uninformative,1
9279,1-49P4BRE,MVRL62610,Ashley Adrian Sheather,5,sole_trader;uninformative,1
9280,1-XTQ-1314,MVRL32503,Ashley Gavin Swift,5,sole_trader;uninformative,1
9281,1-49P54UC,MVRL62695,Ashley James Deadman,5,sole_trader;uninformative,1
9282,1-3XTL9FY,MVRL60948,Ashley John Staker,5,sole_trader;uninformative,1
9283,1-3A9D4QT,MVRL56318,Ashley John Sultana,5,sole_trader;uninformative,1
9284,1-4DK0V60,MVRL63284,Ashley Micheal Ursino,5,sole_trader;uninformative,1
9285,1-29HNEFH,MVRL53515,Ashley Shayne Jennings,5,sole_trader;uninformative,1
9286,1-33JSM2M,MVRL55144,Ashot Nazarian,5,sole_trader;uninformative,1
9287,1-2KRPVD,MVRL45191,Ashraf Saad,5,sole_trader;uninformative,1
9288,1-4IY96MG,MVRL64248,Atef Obeid,5,sole_trader;uninformative,1
9289,1-XU2-470,MVRL18826,Athol Ivan Luke,5,sole_trader;uninformative,1
9290,1-3PFZO4I,MVRL59661,Audel Jovero,5,sole_trader;uninformative,1
9291,1-XU2-3629,MVRL27922,Aun Lim,5,sole_trader;uninformative,1
9292,1-XTQ-4136,MVRL40446,Avedis Badoyan,5,sole_trader;uninformative,1
9293,1-XTX-4228,MVRL15182,Avedis Sarkis Boyadjian,5,sole_trader;uninformative,1
9294,1-XTX-46,MVRL42815,Avindra Gangaram,5,sole_trader;uninformative,1
9295,1-48WEOL,MVRL46379,Avron Rafi Sher,5,sole_trader;uninformative,1
9296,1-48QJ2R8,MVRL62373,Avtar Singh,5,sole_trader;uninformative,1
9297,1-47WL5X2,MVRL62261,Awadis Jakmakian,5,sole_trader;uninformative,1
9298,1-3RU6WKU,MVRL59958,Ayden James White,5,sole_trader;uninformative,1
9299,1-4D36H56,MVRL63119,Ayman Tawdrous,5,sole_trader;uninformative,1
9300,1-2WNDAZ9,MVRL54629,Ayoob Abdulkhaleq Abdulameer Hamdan,5,sole_trader;uninformative,1
9301,1-35LO7U1,MVRL55481,Badr Sidiwy,5,sole_trader;uninformative,1
9302,1-4H47MEQ,MVRL63958,Bagher Abdul Rasoul Thamer,5,sole_trader;uninformative,1
9303,1-3AN7XCD,MVRL56270,Bahram Ranjbar,5,sole_trader;uninformative,1
9304,1-3TVLJKG,MVRL60396,Bailey Cooper,5,sole_trader;uninformative,1
9305,1-4E39OUA,MVRL63373,Bailey Maher,5,sole_trader;uninformative,1
9306,1-4GU5Y3W,MVRL63961,Bailey Thomas Simm,5,sole_trader;uninformative,1
9307,1-XTQ-846,MVRL31316,Balas Sabapathy,5,sole_trader;uninformative,1
9308,1-3TF2X1Q,MVRL60328,Bapugouda Sanganagouda Patil,5,sole_trader;uninformative,1
9309,1-40XTXE5,MVRL61389,Baris Demir,5,sole_trader;uninformative,1
9310,1-4EF39BI,MVRL63474,Barry Boland,5,sole_trader;uninformative,1
9311,1-XUC-2059,MVRL40644,Barry Robert Burn,5,sole_trader;uninformative,1
9312,1-XTQ-1138,MVRL32075,Barry Ross Willcocks,5,sole_trader;uninformative,1
9313,1-3K5D166,MVRL57828,Barry Saad,5,sole_trader;uninformative,1
9314,1-VR7Q7E,MVRL50071,Barry Stanley,5,sole_trader;uninformative,1
9315,1-35E0TB7,MVRL55474,Bartolo Cortese,5,sole_trader;uninformative,1
9316,1-3WH1H9A,MVRL60819,Barton Redfern,5,sole_trader;uninformative,1
9317,1-3M757I2,MVRL58489,Basil Karapanos,5,sole_trader;uninformative,1
9318,1-37R7L9F,MVRL55789,Bassem Jamous,5,sole_trader;uninformative,1
9319,1-KMIDYS,MVRL48941,Beau Griggs,5,sole_trader;uninformative,1
9320,1-4JSC7CI,MVRL64375,Beau John Chapman,5,sole_trader;uninformative,1
9321,1-41JNNHW,MVRL61560,Beau Josh Jennar,5,sole_trader;uninformative,1
9322,1-49DX47E,MVRL62618,Beau Maxwell Grainger,5,sole_trader;uninformative,1
9323,1-3LDM17U,MVRL58288,Beau Mitchl McNaught,5,sole_trader;uninformative,1
9324,1-3KZ08LS,MVRL58063,Beau Yani Schofield-Smith,5,sole_trader;uninformative,1
9325,1-4IQ168Q,MVRL64223,Bede Smith,5,sole_trader;uninformative,1
9326,1-XTQ-4711,MVRL41884,Behnam Omidzadeh,5,sole_trader;uninformative,1
9327,1-4HR87AQ,MVRL64126,Belinda Anne Scarlett,5,sole_trader;uninformative,1
9328,1-4CDFY06,MVRL62901,Ben Brandstater,5,sole_trader;uninformative,1
9329,1-4JSILIG,MVRL64328,Ben Bruce Edwards,5,sole_trader;uninformative,1
9330,1-47S1RKC,MVRL62428,Ben Clarence William Walton,5,sole_trader;uninformative,1
9331,1-3P59VPQ,MVRL59331,Ben George Saxon,5,sole_trader;uninformative,1
9332,1-4EV4SDU,MVRL63640,Ben Grogan,5,sole_trader;uninformative,1
9333,1-41H631U,MVRL61489,Ben Holmes,5,sole_trader;uninformative,1
9334,1-3OJUT4U,MVRL59185,Ben Thomas Gillespie,5,sole_trader;uninformative,1
9335,1-47PNLFE,MVRL62332,Ben William Maunder,5,sole_trader;uninformative,1
9336,1-3YQKN09,MVRL61037,Benedict Banaga Fabian,5,sole_trader;uninformative,1
9337,1-3OMRFA8,MVRL59204,Benedict William Johnson,5,sole_trader;uninformative,1
9338,1-33GC6JP,MVRL55202,Benjamin Andrew Gerhard,5,sole_trader;uninformative,1
9339,1-3KVR7OW,MVRL58042,Benjamin Daniel Trippett,5,sole_trader;uninformative,1
9340,1-3LZYVVY,MVRL58460,Benjamin David Anderson,5,sole_trader;uninformative,1
9341,1-4I3UMJS,MVRL64098,Benjamin David Axford,5,sole_trader;uninformative,1
9342,1-1X4CLJJ,MVRL52894,Benjamin David Bartlett,5,sole_trader;uninformative,1
9343,1-47CP47B,MVRL62204,Benjamin Edward Dixon Cooper,5,sole_trader;uninformative,1
9344,1-RNLVXP,MVRL49762,Benjamin Geoffrey Nelson,5,sole_trader;uninformative,1
9345,1-XUC-2841,MVRL44377,Benjamin Gillies Harding,5,sole_trader;uninformative,1
9346,1-3N2AXEE,MVRL58783,Benjamin Hegyi,5,sole_trader;uninformative,1
9347,1-3D5NMU4,MVRL56444,Benjamin Ian Smith,5,sole_trader;uninformative,1
9348,1-3B5DCLU,MVRL56267,Benjamin Jack Callaghan,5,sole_trader;uninformative,1
9349,1-3EFTYV4,MVRL59932,Benjamin James Darcy,5,sole_trader;uninformative,1
9350,1-3RTQAZO,MVRL59973,Benjamin James Dawson,5,sole_trader;uninformative,1
9351,1-3ZNONE2,MVRL61184,Benjamin James Gow,5,sole_trader;uninformative,1
9352,1-4CYTR6C,MVRL63149,Benjamin James Kent,5,sole_trader;uninformative,1
9353,1-3JBGHYE,MVRL57463,Benjamin James Ronald,5,sole_trader;uninformative,1
9354,1-3JFXFY0,MVRL57533,Benjamin James Slaughter,5,sole_trader;uninformative,1
9355,1-3616BKH,MVRL55529,Benjamin James Van Der Linden,5,sole_trader;uninformative,1
9356,1-2VWYK7M,MVRL54541,Benjamin Jason Thompson,5,sole_trader;uninformative,1
9357,1-3P1VEWS,MVRL59629,Benjamin Jay Reardon,5,sole_trader;uninformative,1
9358,1-4CTCPHK,MVRL63073,Benjamin Jeffrey Byrnes,5,sole_trader;uninformative,1
9359,1-4GLKH74,MVRL63900,Benjamin John Brushaber,5,sole_trader;uninformative,1
9360,1-3P9DZPE,MVRL59424,Benjamin John Cremona,5,sole_trader;uninformative,1
9361,1-4ATAOMK,MVRL62827,Benjamin John Harris,5,sole_trader;uninformative,1
9362,1-39OGZK7,MVRL56019,Benjamin John Kirwan,5,sole_trader;uninformative,1
9363,1-380J12V,MVRL55853,Benjamin Joseph Maher,5,sole_trader;uninformative,1
9364,1-3K0UWBS,MVRL57670,Benjamin Kevin Roberts,5,sole_trader;uninformative,1
9365,1-OV3HHX,MVRL49425,Benjamin Kristian Morrison,5,sole_trader;uninformative,1
9366,1-48IZYWI,MVRL62599,Benjamin Laurence Clement,5,sole_trader;uninformative,1
9367,1-3NREHCS,MVRL59013,Benjamin Loeve,5,sole_trader;uninformative,1
9368,1-3KFUZXM,MVRL58100,Benjamin Matthew Preece,5,sole_trader;uninformative,1
9369,1-40XR8WU,MVRL61357,Benjamin Mitchell Windebank,5,sole_trader;uninformative,1
9370,1-XTQ-1803,MVRL34923,Benjamin Philip Cox,5,sole_trader;uninformative,1
9371,1-4BRVKOC,MVRL62917,Benjamin Reginald Phillips,5,sole_trader;uninformative,1
9372,1-3PL8D2M,MVRL59668,Benjamin Roach,5,sole_trader;uninformative,1
9373,1-3PNGWVE,MVRL59460,Benjamin Robert Hazeldine,5,sole_trader;uninformative,1
9374,1-4DYHLQY,MVRL63377,Benjamin Ross Wakefield,5,sole_trader;uninformative,1
9375,1-3QX6NL2,MVRL59872,Benjamin William Coles,5,sole_trader;uninformative,1
9376,1-3YK7TMY,MVRL61045,Benjamin William Pettersson,5,sole_trader;uninformative,1
9377,1-3J6OV5X,MVRL57682,Benjamin William Wilson,5,sole_trader;uninformative,1
9378,1-3LD10L0,MVRL58279,Benn William Roger Kerslake,5,sole_trader;uninformative,1
9379,1-43RBQD0,MVRL61692,Bernard Anthony D'Arcy Bucknell,5,sole_trader;uninformative,1
9380,1-44EBCZE,MVRL61745,Bernie McNeil,5,sole_trader;uninformative,1
9381,1-XUC-2633,MVRL43372,Beryl Christine Stevenson,5,sole_trader;uninformative,1
9382,1-1XMQWWM,MVRL52993,Beshir Abd El Moneim Hegazi Marzouk,5,sole_trader;uninformative,1
9383,1-4G5O63G,MVRL63854,Bhushan Dangol,5,sole_trader;uninformative,1
9384,1-ODMDEI,MVRL49361,Bilal El Said,5,sole_trader;uninformative,1
9385,1-4I4MFYM,MVRL64097,Bilal Hamze,5,sole_trader;uninformative,1
9386,1-1BRKAOQ,MVRL51536,Bilal Hicham Kammoun,5,sole_trader;uninformative,1
9387,1-JUAIAP,MVRL48801,Bill Binios,5,sole_trader;uninformative,1
9388,1-457H2WC,MVRL61929,Bill Henry Game,5,sole_trader;uninformative,1
9389,1-XTQ-991,MVRL31741,Bill Jauleski,5,sole_trader;uninformative,1
9390,1-4BTL9GE,MVRL62972,Bill Kamateros,5,sole_trader;uninformative,1
9391,1-1J7G8ED,MVRL52118,Bill Miceski,5,sole_trader;uninformative,1
9392,1-45KYYPW,MVRL61994,Billy Arthur Kacarovski,5,sole_trader;uninformative,1
9393,1-3YLR6B2,MVRL61020,Billy Glen Reeve Peters,5,sole_trader;uninformative,1
9394,1-24M78LR,MVRL53252,Billy Lloyd O'Donoghue,5,sole_trader;uninformative,1
9395,1-44DWXRQ,MVRL61915,Biorn Glover,5,sole_trader;uninformative,1
9396,1-3MQRBXC,MVRL58683,Bishok Kumar Singh,5,sole_trader;uninformative,1
9397,1-47XYJTI,MVRL62365,Blaine Michael Newberry,5,sole_trader;uninformative,1
9398,1-3VL7Y5S,MVRL60621,Blake Andrew McCulloch,5,sole_trader;uninformative,1
9399,1-1TDBJW9,MVRL52709,Blake Anthony Lutiger,5,sole_trader;uninformative,1
9400,1-393IWSL,MVRL55961,Blake Darcy Robson,5,sole_trader;uninformative,1
9401,1-45FIV8I,MVRL61961,Blake Warren Cox,5,sole_trader;uninformative,1
9402,1-3SQYU3A,MVRL60155,Blye Kenneth Philip,5,sole_trader;uninformative,1
9403,1-4FWO5JA,MVRL63753,Bobby Aringo,5,sole_trader;uninformative,1
9404,1-4CJUX7Y,MVRL63050,Bodie Jack Alcock,5,sole_trader;uninformative,1
9405,1-44QZLY0,MVRL61863,Bol Chhean,5,sole_trader;uninformative,1
9406,1-3G3STHE,MVRL56949,Boris Orazem,5,sole_trader;uninformative,1
9407,1-3MX5SZS,MVRL58722,Brad David Hunt,5,sole_trader;uninformative,1
9408,1-4ALBQIY,MVRL62795,Brad James Deveigne,5,sole_trader;uninformative,1
9409,1-1WOQNCA,MVRL52860,Brad James Shakespeare,5,sole_trader;uninformative,1
9410,1-5DF8IR,MVRL46967,Brad Joseph William Lovelock,5,sole_trader;uninformative,1
9411,1-491FLTU,MVRL62560,Bradd Kenneth Tyler,5,sole_trader;uninformative,1
9412,1-4B12BWI,MVRL62877,Bradley Allan Martin,5,sole_trader;uninformative,1
9413,1-3K0OBIH,MVRL57773,Bradley Davidson,5,sole_trader;uninformative,1
9414,1-3R7JK80,MVRL59917,Bradley Dean White,5,sole_trader;uninformative,1
9415,1-4FBBGH0,MVRL63679,Bradley Dennis Edwards,5,sole_trader;uninformative,1
9416,1-XTX-633,MVRL44515,Bradley Edward Wilkinson,5,sole_trader;uninformative,1
9417,1-344Y6AN,MVRL55303,Bradley Gordon Bishop,5,sole_trader;uninformative,1
9418,1-4EI6728,MVRL63560,Bradley James Purcell,5,sole_trader;uninformative,1
9419,1-3JTK8X2,MVRL57639,Bradley James Wood,5,sole_trader;uninformative,1
9420,1-3WMNYGU,MVRL60701,Bradley John Morrisby,5,sole_trader;uninformative,1
9421,1-1006240,MVRL50537,Bradley John Nolland,5,sole_trader;uninformative,1
9422,1-44FI738,MVRL61777,Bradley John Raymond Souter,5,sole_trader;uninformative,1
9423,1-4BC5KFM,MVRL62945,Bradley Joseph O'Keeffe,5,sole_trader;uninformative,1
9424,1-3OCFM4Y,MVRL59310,Bradley Mark Allan,5,sole_trader;uninformative,1
9425,1-47EF3VK,MVRL62298,Bradley Matthew McClelland,5,sole_trader;uninformative,1
9426,1-3OCZYZ6,MVRL59061,Bradley Robert Denne,5,sole_trader;uninformative,1
9427,1-32FBX9B,MVRL55041,Bradley Roberto Pizzi,5,sole_trader;uninformative,1
9428,1-3U45V8S,MVRL60484,Bradley Scott Martin,5,sole_trader;uninformative,1
9429,1-32ZIC8J,MVRL55107,Bradley Scott Rowe,5,sole_trader;uninformative,1
9430,1-1J4CP5X,MVRL52003,Bradley Stewart Gibbons,5,sole_trader;uninformative,1
9431,1-31U4CSB,MVRL55030,Bradley Wayne Barker,5,sole_trader;uninformative,1
9432,1-1LE2QDH,MVRL52393,Bradley William Paine,5,sole_trader;uninformative,1
9433,1-XUC-1220,MVRL37499,Bradly William Walsh,5,sole_trader;uninformative,1
9434,1-41O1QCG,MVRL61663,Brady Peter Strickland,5,sole_trader;uninformative,1
9435,1-4AH5D9Q,MVRL62687,Braedon Ty Anderson Peacock,5,sole_trader;uninformative,1
9436,1-4C96FY4,MVRL63022,Braith Jackson Winley,5,sole_trader;uninformative,1
9437,1-4EPX09E,MVRL63548,Brandon Haifa,5,sole_trader;uninformative,1
9438,1-3Q56CG6,MVRL59612,Brandon Robert Balderson,5,sole_trader;uninformative,1
9439,1-4DTVU9S,MVRL63408,Brandon Thomas Lamont,5,sole_trader;uninformative,1
9440,1-4CVDVO4,MVRL63226,Bray John Logan,5,sole_trader;uninformative,1
9441,1-4GIVGU4,MVRL63866,Breanne Taleise Appleton,5,sole_trader;uninformative,1
9442,1-XUC-1899,MVRL39976,Brenda Jeffery,5,sole_trader;uninformative,1
9443,1-4G8PDJE,MVRL63814,Brendan John Byron,5,sole_trader;uninformative,1
9444,1-2FODNUH,MVRL53785,Brendan Lee Bryce,5,sole_trader;uninformative,1
9445,1-4451IP2,MVRL61840,Brendan Patrick Daniher,5,sole_trader;uninformative,1
9446,1-3UYTXS2,MVRL60498,Brendan Scott Gillett,5,sole_trader;uninformative,1
9447,1-41H6GPK,MVRL61426,Brendan Scott Lee,5,sole_trader;uninformative,1
9448,1-24YC62J,MVRL53290,Brendan Vincent Buhagiar,5,sole_trader;uninformative,1
9449,1-3PGG5HC,MVRL59425,Brendan Wayne Sullivan,5,sole_trader;uninformative,1
9450,1-4DKVYBG,MVRL63319,Brendan Wesley Heinjus,5,sole_trader;uninformative,1
9451,1-XUC-2440,MVRL42369,Brenden Robert Mckay,5,sole_trader;uninformative,1
9452,1-40MQAIO,MVRL61320,Brendon John Veares,5,sole_trader;uninformative,1
9453,1-4AUKZ2S,MVRL62801,Brendon Michael Sternbeck,5,sole_trader;uninformative,1
9454,1-4EHN1UK,MVRL63524,Brendyn Jaye Mudford,5,sole_trader;uninformative,1
9455,1-2XGGQ2T,MVRL54679,Brent Joel Anderson,5,sole_trader;uninformative,1
9456,1-3JEO6D0,MVRL57472,Brent Maxwell Creighton,5,sole_trader;uninformative,1
9457,1-2WLXNZD,MVRL54628,Brenton Wright,5,sole_trader;uninformative,1
9458,1-4CKY7Z1,MVRL62996,Bret Keizer,5,sole_trader;uninformative,1
9459,1-XTQ-3810,MVRL39663,Brett Adam Mould,5,sole_trader;uninformative,1
9460,1-2G2BW3S,MVRL53743,Brett Alan Warner,5,sole_trader;uninformative,1
9461,1-XUC-1951,MVRL40230,Brett Anthony Howard,5,sole_trader;uninformative,1
9462,1-1O16AGX,MVRL52380,Brett Anthony Mason,5,sole_trader;uninformative,1
9463,1-BYT3Q2,MVRL48005,Brett Anthony Piltz,5,sole_trader;uninformative,1
9464,1-3T2GZXF,MVRL60253,Brett Anthony Shirlaw,5,sole_trader;uninformative,1
9465,1-XTQ-4556,MVRL41486,Brett Christopher Mackay,5,sole_trader;uninformative,1
9466,1-XTQ-4329,MVRL40929,Brett Daniel Lucock,5,sole_trader;uninformative,1
9467,1-RGKEAT,MVRL49724,Brett David Mapperson,5,sole_trader;uninformative,1
9468,1-46M00DF,MVRL62186,Brett David Wilkinson,5,sole_trader;uninformative,1
9469,1-XUC-1324,MVRL37874,Brett Edward Boyd,5,sole_trader;uninformative,1
9470,1-Y9ZXCL,MVRL50393,Brett Edward Hinde,5,sole_trader;uninformative,1
9471,1-XTQ-859,MVRL31341,Brett Hayden Zeidler,5,sole_trader;uninformative,1
9472,1-447ZPAY,MVRL61856,Brett Llewellyn Nish,5,sole_trader;uninformative,1
9473,1-43ABLQE,MVRL61646,Brett Naylor,5,sole_trader;uninformative,1
9474,1-4B5DAJ2,MVRL62808,Brett Robert Mason,5,sole_trader;uninformative,1
9475,1-2VJB7HW,MVRL54481,Brett Ronald Saunders,5,sole_trader;uninformative,1
9476,1-4EV186A,MVRL63574,Brett Ryan,5,sole_trader;uninformative,1
9477,1-4BCPS1I,MVRL62927,Brett Stuart Williams,5,sole_trader;uninformative,1
9478,1-XTQ-3350,MVRL38569,Brett Thomas Lansley,5,sole_trader;uninformative,1
9479,1-1857URS,MVRL51313,Brian Charles Benson,5,sole_trader;uninformative,1
9480,1-XU2-4611,MVRL30946,Brian Clifford Connor,5,sole_trader;uninformative,1
9481,1-40XDYNW,MVRL61367,Brian Craig White,5,sole_trader;uninformative,1
9482,1-XTQ-1565,MVRL33172,Brian Edward Hughes,5,sole_trader;uninformative,1
9483,1-3M4077Q,MVRL58498,Brian Eric FLETCHER,5,sole_trader;uninformative,1
9484,1-CUN2PW,MVRL48266,Brian Georg Veal,5,sole_trader;uninformative,1
9485,1-XTQ-4496,MVRL41366,Brian Henry Hayes,5,sole_trader;uninformative,1
9486,1-3OK924W,MVRL59440,Brian James Dainer,5,sole_trader;uninformative,1
9487,1-3QS2T56,MVRL59801,Brian James O'Mara,5,sole_trader;uninformative,1
9488,1-XTQ-1556,MVRL33132,Brian John Hammond,5,sole_trader;uninformative,1
9489,1-XUC-1846,MVRL39753,Brian Joseph Smith,5,sole_trader;uninformative,1
9490,1-34UYVQV,MVRL55399,Brian Luke Edmunds,5,sole_trader;uninformative,1
9491,1-3IJTTY2,MVRL57254,Brian Malcolm Bennett,5,sole_trader;uninformative,1
9492,1-3K0Z29R,MVRL57784,Brian Malcolm Groth,5,sole_trader;uninformative,1
9493,1-XTQ-1440,MVRL32824,Brian Raymond Garrett,5,sole_trader;uninformative,1
9494,1-XUC-1563,MVRL38653,Brian Sean Maccabe,5,sole_trader;uninformative,1
9495,1-45FC3D2,MVRL61914,Brock Andrew Jaeger,5,sole_trader;uninformative,1
9496,1-3Y5WT6A,MVRL60974,Brock Andrew Stewart,5,sole_trader;uninformative,1
9497,1-4GJLQM6,MVRL63878,Brock James Rowland,5,sole_trader;uninformative,1
9498,1-4DVJLY2,MVRL63417,Brodee Lee Gray,5,sole_trader;uninformative,1
9499,1-46I8GVQ,MVRL62079,Brodie Ian Mar,5,sole_trader;uninformative,1
9500,1-46H1JBG,MVRL62158,Brodie Scott Parry,5,sole_trader;uninformative,1
9501,1-45M3PLY,MVRL61874,BRONWYN GAY FLYNN,5,sole_trader;uninformative,1
9502,1-XUC-515,MVRL34988,Bruce Edward Johnson,5,sole_trader;uninformative,1
9503,1-XUC-2603,MVRL43110,Bruce Howard Beattie,5,sole_trader;uninformative,1
9504,1-XUC-1965,MVRL40297,Bruce Ian Drover,5,sole_trader;uninformative,1
9505,1-3M87H3Y,MVRL58526,Bruce John Johnson,5,sole_trader;uninformative,1
9506,1-XU2-3961,MVRL28966,Bruce John Locke,5,sole_trader;uninformative,1
9507,1-3U8QZRA,MVRL60594,Bruce Leslie Budden,5,sole_trader;uninformative,1
9508,1-3N02W54,MVRL58756,Bruce Mclehose,5,sole_trader;uninformative,1
9509,1-XUC-4849,MVRL9509,Bruce William Gellatly,5,sole_trader;uninformative,1
9510,1-4C8CY5Y,MVRL62923,Bruce William Ponting,5,sole_trader;uninformative,1
9511,1-3LTMHVU,MVRL58425,Bruno Vittorio Dolfo,5,sole_trader;uninformative,1
9512,1-3R2GWPY,MVRL60007,Bryan Allan Rowland,5,sole_trader;uninformative,1
9513,1-3FCLUK4,MVRL56862,Bryan Leigh Redmond,5,sole_trader;uninformative,1
9514,1-4FL210O,MVRL63710,Bryce David Clark,5,sole_trader;uninformative,1
9515,1-4EGIH82,MVRL63581,Bryce Idy Ismanto,5,sole_trader;uninformative,1
9516,1-3NLPVDI,MVRL58957,Bryce Joesph Doyle,5,sole_trader;uninformative,1
9517,1-4D04UDU,MVRL63154,Bryce John Cruickshank,5,sole_trader;uninformative,1
9518,1-49RAQNU,MVRL62699,Bryce Robert Duncan,5,sole_trader;uninformative,1
9519,1-3SPYT96,MVRL60161,Bryce Robert Ian Pont,5,sole_trader;uninformative,1
9520,1-4G4ECL8,MVRL63837,Bryce Ronald Flew,5,sole_trader;uninformative,1
9521,1-3SXF16I,MVRL60174,Bryent Mason Patterson,5,sole_trader;uninformative,1
9522,1-5FMN7Y,MVRL46906,Byron Dowd,5,sole_trader;uninformative,1
9523,1-4GQ3P46,MVRL63919,Byron Mark Elsart Vuik,5,sole_trader;uninformative,1
9524,1-4GS2T0A,MVRL63991,Byron Robert Bown,5,sole_trader;uninformative,1
9525,1-41GVEDA,MVRL61393,Cain Wilmen,5,sole_trader;uninformative,1
9526,1-4B5SPWE,MVRL63002,Cal Abrahams,5,sole_trader;uninformative,1
9527,1-45WEE1Y,MVRL61965,Cale Clem Phelps,5,sole_trader;uninformative,1
9528,1-3N0K0AI,MVRL58760,Callum Francis Edwards,5,sole_trader;uninformative,1
9529,1-4C8UKSC,MVRL62976,Callum Hayden Jones,5,sole_trader;uninformative,1
9530,1-4HMZS6C,MVRL64045,Cameron Alexander Sartori,5,sole_trader;uninformative,1
9531,1-XTQ-3644,MVRL39247,Cameron David Barrett,5,sole_trader;uninformative,1
9532,1-4GGK1H0,MVRL63888,Cameron James White,5,sole_trader;uninformative,1
9533,1-4ELH3N2,MVRL63558,Cameron John Bourchier,5,sole_trader;uninformative,1
9534,1-4GF4C8K,MVRL63860,Cameron John Smith,5,sole_trader;uninformative,1
9535,1-3YFZSU4,MVRL61005,Cameron Lachlan Gjalevski,5,sole_trader;uninformative,1
9536,1-43E1G8S,MVRL61658,Cameron Noel Diver,5,sole_trader;uninformative,1
9537,1-3K33A5U,MVRL57818,Cameron Paul Moon,5,sole_trader;uninformative,1
9538,1-XTQ-3553,MVRL39031,Cameron Scott Tunbridge,5,sole_trader;uninformative,1
9539,1-9S5W6N,MVRL47785,Carl Anton Simmons,5,sole_trader;uninformative,1
9540,1-3J3T5TG,MVRL57383,Carl David Hamilton,5,sole_trader;uninformative,1
9541,1-2ZEUKJT,MVRL54813,Carl Nicholas Goldstone,5,sole_trader;uninformative,1
9542,1-XTN-3482,MVRL24491,Carl Walters,5,sole_trader;uninformative,1
9543,1-3QWZEFO,MVRL59792,Carl Weedon,5,sole_trader;uninformative,1
9544,1-XUC-2548,MVRL42876,Carlo Russo,5,sole_trader;uninformative,1
9545,1-XTX-4127,MVRL14894,Carmelo Arcifa,5,sole_trader;uninformative,1
9546,1-XU2-4834,MVRL31779,Caroline Meyn,5,sole_trader;uninformative,1
9547,1-49Q5AF0,MVRL62702,Casey Jordan Moore,5,sole_trader;uninformative,1
9548,1-3YIE12C,MVRL61007,Casey Leonard,5,sole_trader;uninformative,1
9549,1-4DN6UQ5,MVRL63254,Casey Peter Shore,5,sole_trader;uninformative,1
9550,1-3E0Y20C,MVRL56626,Cecil John Mackenzie,5,sole_trader;uninformative,1
9551,1-XU2-4595,MVRL30887,Cemil Kumcuoglu,5,sole_trader;uninformative,1
9552,1-47AZCJM,MVRL62349,Cesar Oliver Thomet,5,sole_trader;uninformative,1
9553,1-3TP7E6U,MVRL60345,Chad George Edward Fordham,5,sole_trader;uninformative,1
9554,1-3ESOE70,MVRL56748,Chad Scott Moorhouse,5,sole_trader;uninformative,1
9555,1-1V3VSE9,MVRL52734,Chandra Wijaya Jong,5,sole_trader;uninformative,1
9556,1-4EN63HZ,MVRL63535,Chaoming Kuang,5,sole_trader;uninformative,1
9557,1-XTQ-4021,MVRL40194,Charbel Khattar,5,sole_trader;uninformative,1
9558,1-3D4CHZG,MVRL56533,Charbel Mtanios Gerges,5,sole_trader;uninformative,1
9559,1-48IYAOQ,MVRL62559,Charles John Williamson,5,sole_trader;uninformative,1
9560,1-XTN-2556,MVRL21687,Charles Kleinman,5,sole_trader;uninformative,1
9561,1-2KFANGN,MVRL54084,Charles McCarter,5,sole_trader;uninformative,1
9562,1-4J91YYI,MVRL64337,Charles Patrick Anderson,5,sole_trader;uninformative,1
9563,1-49M9HYO,MVRL62724,Charles Patrick Anthony Swan,5,sole_trader;uninformative,1
9564,1-4CT8BJ6,MVRL63071,Charles Ray Zahra,5,sole_trader;uninformative,1
9565,1-NFPP2S,MVRL49259,Charles Raymond Crawford,5,sole_trader;uninformative,1
9566,1-XTQ-4478,MVRL41319,Charles William Buckley,5,sole_trader;uninformative,1
9567,1-3RWKJ80,MVRL59986,Charles-Alfio Costa,5,sole_trader;uninformative,1
9568,1-1KBMKT,MVRL45030,Charlie Azzi,5,sole_trader;uninformative,1
9569,1-2G4GHGX,MVRL53774,Charlie Joseph Teuma,5,sole_trader;uninformative,1
9570,1-4FGEEZG,MVRL63698,Charlie Kazzi,5,sole_trader;uninformative,1
9571,1-3TJBJWS,MVRL60471,Charlie Khadi,5,sole_trader;uninformative,1
9572,1-4HF52MY,MVRL64058,Charlie King Longhurst,5,sole_trader;uninformative,1
9573,1-3SECCKU,MVRL60220,Charlie Ly,5,sole_trader;uninformative,1
9574,1-FVLW44,MVRL48434,Charlie Paul Camilleri,5,sole_trader;uninformative,1
9575,1-XTX-4036,MVRL14630,Charlie Said,5,sole_trader;uninformative,1
9576,1-XTQ-4824,MVRL42149,Chehab Chehab,5,sole_trader;uninformative,1
9577,1-43XKT5A,MVRL61895,Chi Huong Hoang,5,sole_trader;uninformative,1
9578,1-46QG6YM,MVRL62281,Chiazawomekpere Dadson Obika,5,sole_trader;uninformative,1
9579,1-3LW6O1M,MVRL58432,Chin Wang SO,5,sole_trader;uninformative,1
9580,1-3LMRPOC,MVRL58366,Chokri Issa,5,sole_trader;uninformative,1
9581,1-XTX-115,MVRL42982,Chris Hagop Mavlian,5,sole_trader;uninformative,1
9582,1-40EVEAQ,MVRL61344,Chris Jreij,5,sole_trader;uninformative,1
9583,1-2KZ3XYH,MVRL54142,Chris Kasparian,5,sole_trader;uninformative,1
9584,1-XTX-4726,MVRL16656,Chris Kousparis,5,sole_trader;uninformative,1
9585,1-58SB31,MVRL46800,Chris Poulios,5,sole_trader;uninformative,1
9586,1-1HU8W1N,MVRL51931,Christian Adrian Devicenzi,5,sole_trader;uninformative,1
9587,1-3YP50VG,MVRL61072,Christian Andrew Pandelis,5,sole_trader;uninformative,1
9588,1-49R6O6I,MVRL62705,Christian David Felsch,5,sole_trader;uninformative,1
9589,1-4BGCDG2,MVRL62941,Christian Figueroa,5,sole_trader;uninformative,1
9590,1-XTQ-3791,MVRL39618,Christian Moore,5,sole_trader;uninformative,1
9591,1-3KXO4A7,MVRL58078,Christian Pedersen,5,sole_trader;uninformative,1
9592,1-40SP9TY,MVRL61323,Christian Rossi,5,sole_trader;uninformative,1
9593,1-35J4IP5,MVRL55502,Christodoulou Nicholas,5,sole_trader;uninformative,1
9594,1-3MGVQYM,MVRL58593,Christophar James Thompson,5,sole_trader;uninformative,1
9595,1-3JIK34C,MVRL57560,Christopher Ben John Chapman,5,sole_trader;uninformative,1
9596,1-4A8JKOY,MVRL62719,Christopher Brian Duffell,5,sole_trader;uninformative,1
9597,1-4G6OQJ4,MVRL63842,Christopher Bruce Pennington,5,sole_trader;uninformative,1
9598,1-XU2-4666,MVRL31120,Christopher Colin King,5,sole_trader;uninformative,1
9599,1-3BTI7H8,MVRL56404,Christopher Darren Crowe,5,sole_trader;uninformative,1
9600,1-XTX-600,MVRL44422,Christopher David Freeman,5,sole_trader;uninformative,1
9601,1-3SDQRDY,MVRL60171,Christopher David Paton,5,sole_trader;uninformative,1
9602,1-3O5GGP0,MVRL59437,Christopher David Pugh,5,sole_trader;uninformative,1
9603,1-4IMQHZC,MVRL64208,Christopher Dewberry,5,sole_trader;uninformative,1
9604,1-48INGRL,MVRL62479,Christopher Dikeman,5,sole_trader;uninformative,1
9605,1-3ECF1N8,MVRL56740,Christopher Donald Lang,5,sole_trader;uninformative,1
9606,1-XTQ-2929,MVRL37653,Christopher Elton Bale,5,sole_trader;uninformative,1
9607,1-ORNSHD,MVRL49427,Christopher Frank Borg,5,sole_trader;uninformative,1
9608,1-XUC-3086,MVRL5021,Christopher George Wyatt,5,sole_trader;uninformative,1
9609,1-3K99KNU,MVRL57761,Christopher Giblin,5,sole_trader;uninformative,1
9610,1-XTX-609,MVRL44445,Christopher Heagney,5,sole_trader;uninformative,1
9611,1-XTQ-758,MVRL3108,Christopher Ian Atkins,5,sole_trader;uninformative,1
9612,1-443EK0E,MVRL61747,Christopher James Daly,5,sole_trader;uninformative,1
9613,1-1CLBQNQ,MVRL51586,Christopher James Hayward,5,sole_trader;uninformative,1
9614,1-3G517T4,MVRL56958,Christopher James Hensby,5,sole_trader;uninformative,1
9615,1-XUC-2134,MVRL40934,Christopher James Ryan,5,sole_trader;uninformative,1
9616,1-3CVIYVG,MVRL56487,Christopher Jehad Majdalani,5,sole_trader;uninformative,1
9617,1-4DBV122,MVRL63278,Christopher John Aspey,5,sole_trader;uninformative,1
9618,1-3AL0P7N,MVRL56027,Christopher John O'Brien,5,sole_trader;uninformative,1
9619,1-3PERYD8,MVRL59333,Christopher John Turner,5,sole_trader;uninformative,1
9620,1-3OLRNT2,MVRL59225,Christopher John Walsh,5,sole_trader;uninformative,1
9621,1-XU2-2993,MVRL26238,Christopher John Weekes,5,sole_trader;uninformative,1
9622,1-4HM7A9K,MVRL64070,Christopher Jon Stevanovski,5,sole_trader;uninformative,1
9623,1-4F1AER8,MVRL63610,Christopher Kelvin Peterson,5,sole_trader;uninformative,1
9624,1-4BB1UEI,MVRL62993,Christopher Kevin Fox,5,sole_trader;uninformative,1
9625,1-1R91ZHP,MVRL52540,Christopher Koutsouradis,5,sole_trader;uninformative,1
9626,1-3N7OC46,MVRL58954,Christopher Lucto Camacho,5,sole_trader;uninformative,1
9627,1-48QPLKA,MVRL62487,Christopher Luke Bradley,5,sole_trader;uninformative,1
9628,1-4ICGWTI,MVRL64155,Christopher Luke Brown,5,sole_trader;uninformative,1
9629,1-453A0A2,MVRL61913,Christopher Lyell Chater,5,sole_trader;uninformative,1
9630,1-480TFOO,MVRL62425,Christopher Marc Gittany,5,sole_trader;uninformative,1
9631,1-3SL2MVW,MVRL60142,Christopher Mark Maguire,5,sole_trader;uninformative,1
9632,1-3WOD0RT,MVRL60783,Christopher Myles,5,sole_trader;uninformative,1
9633,1-XU2-2179,MVRL23757,Christopher Noel Norris,5,sole_trader;uninformative,1
9634,1-43BJ1C4,MVRL61660,Christopher Patrick Mowle,5,sole_trader;uninformative,1
9635,1-3WPR8IB,MVRL60846,Christopher Paul Joseph Azzopardi,5,sole_trader;uninformative,1
9636,1-489V5RK,MVRL62512,Christopher Ray Hayward,5,sole_trader;uninformative,1
9637,1-2AFZ7NC,MVRL53604,Christopher Raymond Bailey,5,sole_trader;uninformative,1
9638,1-1UYR151,MVRL52840,Christopher Robert Law,5,sole_trader;uninformative,1
9639,1-2S02PM,MVRL45343,Christopher Ross Whiting,5,sole_trader;uninformative,1
9640,1-3WR27FS,MVRL60766,Christopher Roy Smith,5,sole_trader;uninformative,1
9641,1-XUC-2055,MVRL40634,Christopher Scott Whalan,5,sole_trader;uninformative,1
9642,1-44SLUDY,MVRL61801,Christopher Simon Watson,5,sole_trader;uninformative,1
9643,1-43OHH2W,MVRL61674,Christopher Tsionis,5,sole_trader;uninformative,1
9644,1-3G082FX,MVRL56983,Christopher Vassiliou,5,sole_trader;uninformative,1
9645,1-3XV8DOC,MVRL60941,Christopher Vella,5,sole_trader;uninformative,1
9646,1-XUC-1555,MVRL38618,Christopher Warren Bowden,5,sole_trader;uninformative,1
9647,1-45HRSPN,MVRL61923,City of Newcastle,5,sole_trader;uninformative,1
9648,1-4BW5ZAM,MVRL63110,Clancy John Coman,5,sole_trader;uninformative,1
9649,1-15HGZKO,MVRL51065,Claudio Filipe Santos Figueiredo,5,sole_trader;uninformative,1
9650,1-1BL791B,MVRL51582,Clay Daniel George Hunt,5,sole_trader;uninformative,1
9651,1-2ZTUE0,MVRL45546,Clayton John Arnold,5,sole_trader;uninformative,1
9652,1-4IL1ZLE,MVRL64196,Clayton John Kilpatrick,5,sole_trader;uninformative,1
9653,1-XTQ-3302,MVRL38451,Clayton Lawrence,5,sole_trader;uninformative,1
9654,1-OKIYUZ,MVRL49529,Clayton Robert Anderson,5,sole_trader;uninformative,1
9655,1-2D05HIB,MVRL53685,Clayton Robert Eric Hawkey,5,sole_trader;uninformative,1
9656,1-49UQT7J,MVRL62662,Clayton Thomas Page,5,sole_trader;uninformative,1
9657,1-47GPQTW,MVRL62340,Clint Adam Dale Wilkinson,5,sole_trader;uninformative,1
9658,1-1YNALAV,MVRL52952,Clint Robert Bourner,5,sole_trader;uninformative,1
9659,1-3OE9CGQ,MVRL59233,Clinton camilleri,5,sole_trader;uninformative,1
9660,1-3O5FN40,MVRL59146,Clinton Heywood West,5,sole_trader;uninformative,1
9661,1-XUC-1816,MVRL39620,Clinton James Badewitz,5,sole_trader;uninformative,1
9662,1-435C39S,MVRL61632,Clinton Richard O'Connor,5,sole_trader;uninformative,1
9663,1-3ZJ8G44,MVRL61247,Cody James Booby,5,sole_trader;uninformative,1
9664,1-41BSUAA,MVRL61424,Cody James Roy Fitzgerald,5,sole_trader;uninformative,1
9665,1-47XWID2,MVRL62310,Cody Strong,5,sole_trader;uninformative,1
9666,1-47MR1AI,MVRL62318,Cody Tresize,5,sole_trader;uninformative,1
9667,1-40FI6QA,MVRL61362,Colby David Harwood,5,sole_trader;uninformative,1
9668,1-XUC-953,MVRL36533,Colin Bruce Naveau,5,sole_trader;uninformative,1
9669,1-W3G0LS,MVRL50109,Colin James Brown,5,sole_trader;uninformative,1
9670,1-4ISFVPI,MVRL64172,Colin James Parsons,5,sole_trader;uninformative,1
9671,1-XSI-1876,MVRL14905,Colin John McCartney,5,sole_trader;uninformative,1
9672,1-XUC-3937,MVRL7204,Colin Peter O'Grady,5,sole_trader;uninformative,1
9673,1-XTX-4714,MVRL16619,Colin Robert Joyce,5,sole_trader;uninformative,1
9674,1-5UDFCD,MVRL47026,Colin Warneken,5,sole_trader;uninformative,1
9675,1-XTQ-3886,MVRL39814,Colin William Turner,5,sole_trader;uninformative,1
9676,1-XU2-1401,MVRL21595,Con Angelis,5,sole_trader;uninformative,1
9677,1-XUC-17,MVRL32346,Con Miskos,5,sole_trader;uninformative,1
9678,1-40OTKCK,MVRL61313,Connor John Hedges,5,sole_trader;uninformative,1
9679,1-4D2KJJM,MVRL63198,Cooper Lachlan McCabe,5,sole_trader;uninformative,1
9680,1-ROI92V,MVRL49743,Coralee Rose Child,5,sole_trader;uninformative,1
9681,1-4AEFFJM,MVRL62799,Corey Adam Hunt,5,sole_trader;uninformative,1
9682,1-4FXYWGU,MVRL63802,Corey Blake Foyle,5,sole_trader;uninformative,1
9683,1-4FB8B5A,MVRL63680,Corey Dunster,5,sole_trader;uninformative,1
9684,1-4CQ1OOS,MVRL62929,Corey Irvine,5,sole_trader;uninformative,1
9685,1-362N9OR,MVRL55547,Corey Mark Poidevin,5,sole_trader;uninformative,1
9686,1-4FIYL0C,MVRL63760,Corey Wayne Thomas,5,sole_trader;uninformative,1
9687,1-3E6H9JM,MVRL56713,Cory Michael Tatarko,5,sole_trader;uninformative,1
9688,1-48NUTZA,MVRL62433,Costa Skapetis,5,sole_trader;uninformative,1
9689,1-5I59EU,MVRL46936,Cot To,5,sole_trader;uninformative,1
9690,1-3X524T,MVRL46253,Craig Alan Hendy,5,sole_trader;uninformative,1
9691,1-XTX-3222,MVRL1229,Craig Allan Lewis,5,sole_trader;uninformative,1
9692,1-27G1B4D,MVRL53410,Craig Allan Rusten,5,sole_trader;uninformative,1
9693,1-3PQD59H,MVRL59503,Craig Andrew Bonomi,5,sole_trader;uninformative,1
9694,1-XU2-4719,MVRL31285,Craig Anthony David Weller,5,sole_trader;uninformative,1
9695,1-XTQ-1028,MVRL31823,Craig Anthony Weale,5,sole_trader;uninformative,1
9696,1-2ZB5S9Z,MVRL54817,Craig Buhagiar,5,sole_trader;uninformative,1
9697,1-XUC-871,MVRL36224,Craig Cameronne,5,sole_trader;uninformative,1
9698,1-2V73VU5,MVRL54534,Craig Campbell Dawson,5,sole_trader;uninformative,1
9699,1-XTQ-1311,MVRL32499,Craig Campbell Richard Broad,5,sole_trader;uninformative,1
9700,1-3FMSKMK,MVRL56948,Craig Dominic Jones,5,sole_trader;uninformative,1
9701,1-3LQC8UO,MVRL58428,Craig George Richards,5,sole_trader;uninformative,1
9702,1-3M8HPZE,MVRL58530,Craig Huggett,5,sole_trader;uninformative,1
9703,1-113GYON,MVRL50698,Craig Ian Morris,5,sole_trader;uninformative,1
9704,1-37JRU2B,MVRL55794,Craig John Boulton,5,sole_trader;uninformative,1
9705,1-XTX-109,MVRL42969,Craig Kelvin Killen,5,sole_trader;uninformative,1
9706,1-478NC1Y,MVRL62280,Craig Leslie Etherton,5,sole_trader;uninformative,1
9707,1-XTQ-4265,MVRL40768,Craig Mervyn Fletcher,5,sole_trader;uninformative,1
9708,1-415UVGC,MVRL61390,Craig Richard Smith,5,sole_trader;uninformative,1
9709,1-34P2JY5,MVRL55321,Craig Robert Lusty,5,sole_trader;uninformative,1
9710,1-36J29ZZ,MVRL55632,Craig Robert Walsh,5,sole_trader;uninformative,1
9711,1-3P2QLBG,MVRL59291,Craig William King,5,sole_trader;uninformative,1
9712,1-3RC492M,MVRL59886,Crystal-lee Cager,5,sole_trader;uninformative,1
9713,1-46FM0Y8,MVRL62223,Curtis James Byrne,5,sole_trader;uninformative,1
9714,1-1HY3CK5,MVRL51859,Cyril Govender,5,sole_trader;uninformative,1
9715,1-3WIGKM7,MVRL60737,Dale John Murphy,5,sole_trader;uninformative,1
9716,1-41TTP06,MVRL61436,Dale Ryan Griffiths,5,sole_trader;uninformative,1
9717,1-4IIWIQG,MVRL64119,Dale Stephen Harold Hunter,5,sole_trader;uninformative,1
9718,1-XU2-2486,MVRL24665,Damian Laduska,5,sole_trader;uninformative,1
9719,1-3ZOCKQE,MVRL61182,Damian Ron Cirillo,5,sole_trader;uninformative,1
9720,1-3MBTHMU,MVRL58615,Damian Scott Fisher,5,sole_trader;uninformative,1
9721,1-34MM8HD,MVRL55370,Damian Scott Taber Haynes,5,sole_trader;uninformative,1
9722,1-G073ZL,MVRL48448,Damien Addison Harper,5,sole_trader;uninformative,1
9723,1-3NGMB2W,MVRL59012,Damien Black,5,sole_trader;uninformative,1
9724,1-3NS6PXG,MVRL59044,Damien Coutts,5,sole_trader;uninformative,1
9725,1-XTQ-2137,MVRL35767,Damien Russell Radburn,5,sole_trader;uninformative,1
9726,1-3KOHDDY,MVRL58134,Damien Walter Head,5,sole_trader;uninformative,1
9727,1-XUC-1729,MVRL39287,Damon John Rodstrom,5,sole_trader;uninformative,1
9728,1-4FMOTXW,MVRL63743,Dan Yemane Kidane,5,sole_trader;uninformative,1
9729,1-18O0PRB,MVRL51377,Daniel Alfar,5,sole_trader;uninformative,1
9730,1-32VSFWX,MVRL55160,Daniel Anthony Andrews,5,sole_trader;uninformative,1
9731,1-3PQ7INM,MVRL59448,Daniel Anwar Jawabreh,5,sole_trader;uninformative,1
9732,1-3PIWBLE,MVRL59523,Daniel Bernard Wright,5,sole_trader;uninformative,1
9733,1-XU2-4638,MVRL31045,Daniel Berwyn Knoll,5,sole_trader;uninformative,1
9734,1-3VOYQBU,MVRL60578,Daniel Christopher Joyce,5,sole_trader;uninformative,1
9735,1-3JPB9P2,MVRL57595,Daniel Correia Lima,5,sole_trader;uninformative,1
9736,1-3Z9BBF0,MVRL61152,Daniel David Alfred Williams,5,sole_trader;uninformative,1
9737,1-2Y9GW3D,MVRL54763,Daniel Edward Letton,5,sole_trader;uninformative,1
9738,1-416ASTQ,MVRL61469,Daniel Fowkes,5,sole_trader;uninformative,1
9739,1-XTQ-4389,MVRL41094,Daniel Garland,5,sole_trader;uninformative,1
9740,1-4GN2QJY,MVRL63926,Daniel George Gulliver,5,sole_trader;uninformative,1
9741,1-XTQ-493,MVRL30367,Daniel George Nicholson,5,sole_trader;uninformative,1
9742,1-21U82X0,MVRL53124,Daniel Heinz Oderberg,5,sole_trader;uninformative,1
9743,1-4FDVKJC,MVRL63644,Daniel James Carmody,5,sole_trader;uninformative,1
9744,1-3N94B78,MVRL58913,Daniel James Cleary,5,sole_trader;uninformative,1
9745,1-4JJD3TC,MVRL64304,Daniel James Copping,5,sole_trader;uninformative,1
9746,1-4EKR9LY,MVRL63534,Daniel James Hughes,5,sole_trader;uninformative,1
9747,1-4FCYAR2,MVRL63686,Daniel James Leslie Bass,5,sole_trader;uninformative,1
9748,1-4BLMET8,MVRL62953,Daniel James Pearce,5,sole_trader;uninformative,1
9749,1-QB7PZC,MVRL49593,Daniel James Russell,5,sole_trader;uninformative,1
9750,1-4F4R50Y,MVRL63638,Daniel James Ward,5,sole_trader;uninformative,1
9751,1-4GU2MBY,MVRL63962,Daniel Jewell Matthews,5,sole_trader;uninformative,1
9752,1-3KCKXNF,MVRL57881,Daniel John Bangel,5,sole_trader;uninformative,1
9753,1-41R0F2U,MVRL61537,Daniel John Horstead,5,sole_trader;uninformative,1
9754,1-XTX-595,MVRL44406,Daniel John Lineham,5,sole_trader;uninformative,1
9755,1-30URC01,MVRL54917,Daniel John Marsh,5,sole_trader;uninformative,1
9756,1-4E0K8RG,MVRL63452,Daniel John Martin,5,sole_trader;uninformative,1
9757,1-2A2UF7W,MVRL53597,Daniel John Paulson,5,sole_trader;uninformative,1
9758,1-4E8MBDM,MVRL63505,Daniel John Thorpe,5,sole_trader;uninformative,1
9759,1-42RCY14,MVRL61580,Daniel John White,5,sole_trader;uninformative,1
9760,1-XUC-1117,MVRL37114,Daniel Jose Aguiar,5,sole_trader;uninformative,1
9761,1-XTQ-4664,MVRL41770,Daniel Joseph Brescia,5,sole_trader;uninformative,1
9762,1-6EKFO7,MVRL47211,Daniel Joseph Bright,5,sole_trader;uninformative,1
9763,1-3P5P9GG,MVRL59647,Daniel Kevin Robinson,5,sole_trader;uninformative,1
9764,1-384417R,MVRL55844,Daniel Lawrence Wardlaw,5,sole_trader;uninformative,1
9765,1-1HW1VMS,MVRL51912,Daniel Lea Potter,5,sole_trader;uninformative,1
9766,1-4GDSVNE,MVRL63828,Daniel Lee Bundock,5,sole_trader;uninformative,1
9767,1-3WAJAUU,MVRL60706,Daniel Leslie Warren,5,sole_trader;uninformative,1
9768,1-3SA3QV8,MVRL60147,Daniel Luke Grintell,5,sole_trader;uninformative,1
9769,1-3T0HRSA,MVRL60316,Daniel Marjanovic,5,sole_trader;uninformative,1
9770,1-44UZYDE,MVRL61873,Daniel Neale,5,sole_trader;uninformative,1
9771,1-4AWY39M,MVRL62821,Daniel Palangas,5,sole_trader;uninformative,1
9772,1-47LM43I,MVRL62345,Daniel Poropat,5,sole_trader;uninformative,1
9773,1-3TG2Q7Q,MVRL60332,Daniel Raymond Brown,5,sole_trader;uninformative,1
9774,1-4E8IX5P,MVRL63440,Daniel Robert Greber,5,sole_trader;uninformative,1
9775,1-4C39NF8,MVRL62935,Daniel Roland Heuser,5,sole_trader;uninformative,1
9776,1-1LYOFPZ,MVRL52196,Daniel Timothy John Tierney,5,sole_trader;uninformative,1
9777,1-IWCBVC,MVRL48638,Daniel Trupiano,5,sole_trader;uninformative,1
9778,1-3NOMH4Q,MVRL59087,Daniel Viglione,5,sole_trader;uninformative,1
9779,1-4AY5U10,MVRL62955,Daniel Wayne Platts,5,sole_trader;uninformative,1
9780,1-2WEQ7CB,MVRL54564,Daniel William Bell,5,sole_trader;uninformative,1
9781,1-49YATDU,MVRL62678,Daniel William Clark,5,sole_trader;uninformative,1
9782,1-4DL2U0Y,MVRL63272,Daniel William Fonti,5,sole_trader;uninformative,1
9783,1-43OAMEM,MVRL61722,Daniel William Griffiths,5,sole_trader;uninformative,1
9784,1-3XJUZUY,MVRL60896,Daniel William McCarthy,5,sole_trader;uninformative,1
9785,1-4J4JDDW,MVRL64287,Daniel William Smith,5,sole_trader;uninformative,1
9786,1-47G6D6T,MVRL62291,Danilo Sakyat Catubig,5,sole_trader;uninformative,1
9787,1-XUC-1042,MVRL36853,Dannillo Dal Broi,5,sole_trader;uninformative,1
9788,1-37X3GDB,MVRL55820,Dannule John Connaughton,5,sole_trader;uninformative,1
9789,1-XU2-2124,MVRL23577,Danny Anthony Goldspink,5,sole_trader;uninformative,1
9790,1-3JOMSC6,MVRL57647,Danny Sheather,5,sole_trader;uninformative,1
9791,1-494DAZY,MVRL62488,Danny Stoikovski,5,sole_trader;uninformative,1
9792,1-KBNUFW,MVRL48929,Danny William Beveridge,5,sole_trader;uninformative,1
9793,1-XTQ-60,MVRL29163,Dante Igor Fuentes,5,sole_trader;uninformative,1
9794,1-4EB2R7N,MVRL63629,Darcy Charles Ewing,5,sole_trader;uninformative,1
9795,1-474DTC0,MVRL62149,Darcy Raymond Griffiths,5,sole_trader;uninformative,1
9796,1-6LMYA2,MVRL47323,Darko Gracek,5,sole_trader;uninformative,1
9797,1-1FZ3FRZ,MVRL51748,Darko Gudelj,5,sole_trader;uninformative,1
9798,1-XUC-1092,MVRL36990,Darrell Heath Sydenham,5,sole_trader;uninformative,1
9799,1-XUC-3304,MVRL5565,Darrell James Gleeson,5,sole_trader;uninformative,1
9800,1-38CU3DC,MVRL55875,Darrell John Farrelly,5,sole_trader;uninformative,1
9801,1-3B5SRR7,MVRL56203,Darrell John Malone,5,sole_trader;uninformative,1
9802,1-XTQ-2740,MVRL37161,Darrell Parsons,5,sole_trader;uninformative,1
9803,1-4DUPQOW,MVRL63353,Darren Andrew Douch,5,sole_trader;uninformative,1
9804,1-XTQ-3564,MVRL39059,Darren Anthony Potts,5,sole_trader;uninformative,1
9805,1-XUC-2597,MVRL43086,Darren Carl Davidson,5,sole_trader;uninformative,1
9806,1-4JLMRXI,MVRL64327,Darren Charles Horton,5,sole_trader;uninformative,1
9807,1-XU2-3243,MVRL26871,Darren Cooper,5,sole_trader;uninformative,1
9808,1-RF1FSG,MVRL49711,Darren Francis Gersbach,5,sole_trader;uninformative,1
9809,1-1FI7OVI,MVRL51732,Darren Guy Erick Harris,5,sole_trader;uninformative,1
9810,1-3KYLAJC,MVRL58161,Darren James Butler,5,sole_trader;uninformative,1
9811,1-1L8D6V6,MVRL52174,Darren James Parker,5,sole_trader;uninformative,1
9812,1-3N4F25C,MVRL58889,Darren John Mcguire,5,sole_trader;uninformative,1
9813,1-3RHJQQQ,MVRL59926,Darren John Morrris,5,sole_trader;uninformative,1
9814,1-3J5TUNU,MVRL57840,Darren John Muldoon,5,sole_trader;uninformative,1
9815,1-3TPI0JA,MVRL60349,Darren John Purcell,5,sole_trader;uninformative,1
9816,1-2ZGKQAZ,MVRL54854,Darren John Simpson,5,sole_trader;uninformative,1
9817,1-XTX-192,MVRL43296,Darren John Williams,5,sole_trader;uninformative,1
9818,1-46NU0VA,MVRL62104,Darren Keith Barrett,5,sole_trader;uninformative,1
9819,1-XTQ-2463,MVRL36570,Darren Kenneth Rogers,5,sole_trader;uninformative,1
9820,1-3TNBCMY,MVRL60340,Darren Lindsey Holcombe,5,sole_trader;uninformative,1
9821,1-XUC-4284,MVRL8104,Darren Michael Herbert Gardiner,5,sole_trader;uninformative,1
9822,1-XTQ-1429,MVRL32790,Darren Mitchell Goodridge,5,sole_trader;uninformative,1
9823,1-XUC-731,MVRL35717,Darren Peter Walton,5,sole_trader;uninformative,1
9824,1-2J5D6WJ,MVRL53877,Darren Raymond Cormick,5,sole_trader;uninformative,1
9825,1-47NA3FW,MVRL62416,Darren Salvestrin,5,sole_trader;uninformative,1
9826,1-XTQ-4446,MVRL41241,Darren Shaw,5,sole_trader;uninformative,1
9827,1-16BYZHX,MVRL51160,Darren Van Den Bogaard,5,sole_trader;uninformative,1
9828,1-4IHU1AZ,MVRL64076,Darren William Bates,5,sole_trader;uninformative,1
9829,1-XTX-264,MVRL43480,Darryl Callaghan,5,sole_trader;uninformative,1
9830,1-XTQ-1196,MVRL32206,Darryl James Horne,5,sole_trader;uninformative,1
9831,1-3GGGT1Y,MVRL56968,Daryl James McCririe,5,sole_trader;uninformative,1
9832,1-4FECH5N,MVRL63662,Daryl John Hobbs,5,sole_trader;uninformative,1
9833,1-XU2-233,MVRL18162,Daryl John Odewahn,5,sole_trader;uninformative,1
9834,1-2MVY4XG,MVRL54292,David Alan Parmenter,5,sole_trader;uninformative,1
9835,1-XUC-79,MVRL32542,David Alfred Deveraux,5,sole_trader;uninformative,1
9836,1-9BTMEG,MVRL47890,David Andrew Allport,5,sole_trader;uninformative,1
9837,1-1HW1VEL,MVRL52921,David Andrew Curran,5,sole_trader;uninformative,1
9838,1-XTX-44,MVRL42812,David Andrew Osmond,5,sole_trader;uninformative,1
9839,1-3P9U9XA,MVRL59374,David Andrew Roberts,5,sole_trader;uninformative,1
9840,1-XTQ-3001,MVRL37841,David Andrew Shaw,5,sole_trader;uninformative,1
9841,1-39SQZLH,MVRL56046,David Anthony Endres,5,sole_trader;uninformative,1
9842,1-3RW1J16,MVRL60072,David Anthony Smith,5,sole_trader;uninformative,1
9843,1-422G730,MVRL61520,David Asher Nelson,5,sole_trader;uninformative,1
9844,1-XTN-2048,MVRL20092,David Aubrey Harnett,5,sole_trader;uninformative,1
9845,1-3E9X2O5,MVRL56714,David Austin Elliott,5,sole_trader;uninformative,1
9846,1-XTQ-2503,MVRL36656,David Barry Smith,5,sole_trader;uninformative,1
9847,1-1BZF1Q7,MVRL53311,David Brasch McCallum,5,sole_trader;uninformative,1
9848,1-3AXVQH0,MVRL56346,David Brian Edwards,5,sole_trader;uninformative,1
9849,1-12SG12G,MVRL50755,David Brian Kelly,5,sole_trader;uninformative,1
9850,1-43986B8,MVRL61700,David Casarotto,5,sole_trader;uninformative,1
9851,1-XTQ-2293,MVRL36181,David Cavaleri,5,sole_trader;uninformative,1
9852,1-XUC-1942,MVRL40174,David Charlton Weston,5,sole_trader;uninformative,1
9853,1-XYIN99,MVRL50362,David Cooper,5,sole_trader;uninformative,1
9854,1-3O9CEPW,MVRL59168,David De Pasquale,5,sole_trader;uninformative,1
9855,1-3KH4GU4,MVRL57940,David Duncan Simpson,5,sole_trader;uninformative,1
9856,1-XTQ-3094,MVRL38049,David Edward Burton,5,sole_trader;uninformative,1
9857,1-XU2-1175,MVRL20986,David Edward Hilling,5,sole_trader;uninformative,1
9858,1-XU2-2517,MVRL24734,David Edward Lewis,5,sole_trader;uninformative,1
9859,1-3XJPSWE,MVRL60892,David Eggins,5,sole_trader;uninformative,1
9860,1-46CK39U,MVRL62133,David Field,5,sole_trader;uninformative,1
9861,1-2WYPDFD,MVRL54641,David Francis Healey,5,sole_trader;uninformative,1
9862,1-27DHMPZ,MVRL53409,David Gatto,5,sole_trader;uninformative,1
9863,1-3ZAC112,MVRL61149,David Graham Migan,5,sole_trader;uninformative,1
9864,1-XTQ-4001,MVRL40135,David Grant Aitchison,5,sole_trader;uninformative,1
9865,1-43VYDSQ,MVRL61831,David Harold Dando,5,sole_trader;uninformative,1
9866,1-3SG7H4Y,MVRL60139,David Holmes,5,sole_trader;uninformative,1
9867,1-4GETMQ8,MVRL63932,David Ian Girkin,5,sole_trader;uninformative,1
9868,1-1DBBTES,MVRL51601,David James Garfoot,5,sole_trader;uninformative,1
9869,1-2VE46TD,MVRL54471,David James George Nash,5,sole_trader;uninformative,1
9870,1-XTQ-4328,MVRL40927,David James Goatcher,5,sole_trader;uninformative,1
9871,1-2ADVXZS,MVRL53582,David James Raddatz,5,sole_trader;uninformative,1
9872,1-16CUMTC,MVRL51166,David James Walker,5,sole_trader;uninformative,1
9873,1-3JQLCPI,MVRL57634,David Jeffery Davies,5,sole_trader;uninformative,1
9874,1-XTQ-908,MVRL31540,David John Allibone Breedon,5,sole_trader;uninformative,1
9875,1-XU2-972,MVRL20362,David John Armstrong,5,sole_trader;uninformative,1
9876,1-XUC-2620,MVRL43293,David John Callinan,5,sole_trader;uninformative,1
9877,1-4JOYLO8,MVRL64336,David John Engelhardt,5,sole_trader;uninformative,1
9878,1-XTX-90,MVRL42928,David John Fuller,5,sole_trader;uninformative,1
9879,1-XTN-4068,MVRL26175,David John Gebran,5,sole_trader;uninformative,1
9880,1-XUC-1468,MVRL38345,David John Gibson,5,sole_trader;uninformative,1
9881,1-XUC-2782,MVRL44104,David John Hadlow,5,sole_trader;uninformative,1
9882,1-XU2-3981,MVRL29038,David John Hitchcock,5,sole_trader;uninformative,1
9883,1-3V66J82,MVRL60492,David John Kiel,5,sole_trader;uninformative,1
9884,1-K2RVG7,MVRL48867,David John Tarabay,5,sole_trader;uninformative,1
9885,1-46DJT6R,MVRL62178,David John Wells,5,sole_trader;uninformative,1
9886,1-3PQI8N4,MVRL59678,David Joseph Giordmaina,5,sole_trader;uninformative,1
9887,1-46169SU,MVRL62110,David Joseph Kelly,5,sole_trader;uninformative,1
9888,1-31CB7HX,MVRL54929,David Joseph Matias,5,sole_trader;uninformative,1
9889,1-2Y27CLV,MVRL54739,David Keith Turnbull,5,sole_trader;uninformative,1
9890,1-2V6IMXR,MVRL54576,David Kenneth Mckinnon,5,sole_trader;uninformative,1
9891,1-3QDQQ6O,MVRL59767,David Kennon Gronholt,5,sole_trader;uninformative,1
9892,1-3QA9E5C,MVRL59683,David King,5,sole_trader;uninformative,1
9893,1-XTQ-505,MVRL30395,David Lawrence,5,sole_trader;uninformative,1
9894,1-434ZUWR,MVRL62025,David Levi,5,sole_trader;uninformative,1
9895,1-1GJ2J2N,MVRL51819,David Luis Costa,5,sole_trader;uninformative,1
9896,1-3XV3B9Y,MVRL60942,David Macdonald,5,sole_trader;uninformative,1
9897,1-3RHUECQ,MVRL59927,David Mars Armstrong,5,sole_trader;uninformative,1
9898,1-3LSBBLO,MVRL58486,David Masing,5,sole_trader;uninformative,1
9899,1-4DX7M9J,MVRL63372,David Matthew O'Hara,5,sole_trader;uninformative,1
9900,1-XTQ-3346,MVRL38552,David Maxwell Deakin,5,sole_trader;uninformative,1
9901,1-XTQ-102,MVRL29273,David Maxwell Tucker,5,sole_trader;uninformative,1
9902,1-XTQ-1585,MVRL33230,David Mercia,5,sole_trader;uninformative,1
9903,1-XTN-2250,MVRL20706,David Michael Ayres,5,sole_trader;uninformative,1
9904,1-3TP1EBG,MVRL60368,David Michael Harfield,5,sole_trader;uninformative,1
9905,1-XTN-2880,MVRL22661,David Peter Peterson,5,sole_trader;uninformative,1
9906,1-3ADJQ3Z,MVRL56119,David Philip Webb,5,sole_trader;uninformative,1
9907,1-XU2-4535,MVRL30707,David Phillip Schubert,5,sole_trader;uninformative,1
9908,1-35SMHK3,MVRL55492,David Rhys Caswell,5,sole_trader;uninformative,1
9909,1-XTX-4543,MVRL16124,David Robert John Handley,5,sole_trader;uninformative,1
9910,1-46N88T6,MVRL62196,David Rodrigues Vasconcelos,5,sole_trader;uninformative,1
9911,1-3K0KOMV,MVRL57774,David Ronald James Lewin,5,sole_trader;uninformative,1
9912,1-XU2-3080,MVRL26445,David Ross Chambers,5,sole_trader;uninformative,1
9913,1-40SFTQ2,MVRL61288,David Roy Meissner,5,sole_trader;uninformative,1
9914,1-483J3WU,MVRL62493,David Sidney Goss,5,sole_trader;uninformative,1
9915,1-XTQ-4760,MVRL41992,David Sleiman,5,sole_trader;uninformative,1
9916,1-3M19TXM,MVRL58466,David Stoppel,5,sole_trader;uninformative,1
9917,1-WOKTJT,MVRL50170,David Stuart Balnave,5,sole_trader;uninformative,1
9918,1-XTQ-1643,MVRL33398,David Terrence Mortimer,5,sole_trader;uninformative,1
9919,1-JO0Q27,MVRL48811,David Thomas Neilson,5,sole_trader;uninformative,1
9920,1-248CYIL,MVRL53260,David Vassallo,5,sole_trader;uninformative,1
9921,1-161HB29,MVRL51111,David Vella,5,sole_trader;uninformative,1
9922,1-3CJGZA9,MVRL56426,David Walsh,5,sole_trader;uninformative,1
9923,1-2Y28WUB,MVRL54741,David Walter Joseph Pacor,5,sole_trader;uninformative,1
9924,1-XTQ-3164,MVRL38177,David Walter Simpson,5,sole_trader;uninformative,1
9925,1-4840COW,MVRL62300,David Warren Lazzaro,5,sole_trader;uninformative,1
9926,1-1O342IB,MVRL52402,David William Ayliffe,5,sole_trader;uninformative,1
9927,1-4EM3RIG,MVRL63552,David William Carpenter,5,sole_trader;uninformative,1
9928,1-4BQTPYK,MVRL63010,David William Pearce,5,sole_trader;uninformative,1
9929,1-XTQ-1109,MVRL32000,David William White,5,sole_trader;uninformative,1
9930,1-28KKOG0,MVRL53555,Dawoud Hassan Majidi,5,sole_trader;uninformative,1
9931,1-AOCPRY,MVRL47928,Dean Alexander Porteous,5,sole_trader;uninformative,1
9932,1-49RDSYY,MVRL62646,Dean Bradley Miller,5,sole_trader;uninformative,1
9933,1-4AM55VW,MVRL62871,Dean Daniel Muscat,5,sole_trader;uninformative,1
9934,1-38RYU6B,MVRL56092,Dean Kevin Mcintosh,5,sole_trader;uninformative,1
9935,1-3RC9HV1,MVRL59881,Dean Martin Sparrow,5,sole_trader;uninformative,1
9936,1-3LZWQ1G,MVRL58424,Dean Oliver Norman,5,sole_trader;uninformative,1
9937,1-3VVJQ9U,MVRL60679,Dean Richard O'Sullivan,5,sole_trader;uninformative,1
9938,1-4JJ2K22,MVRL64264,Dean Rodney Urquhart,5,sole_trader;uninformative,1
9939,1-3L7W4AM,MVRL58123,Dean Simonovic,5,sole_trader;uninformative,1
9940,1-4HSGB0I,MVRL64150,Dean William John Cook,5,sole_trader;uninformative,1
9941,1-384BJGD,MVRL55850,Deanne Mitchell,5,sole_trader;uninformative,1
9942,1-4FSJRC4,MVRL63971,Deborah Anne Saville,5,sole_trader;uninformative,1
9943,1-3EO1DPA,MVRL56899,Dejan Veselinovic,5,sole_trader;uninformative,1
9944,1-2Z64QT8,MVRL54794,Demetre Georgiadis,5,sole_trader;uninformative,1
9945,1-3MV3Y88,MVRL58660,Denis Alan Greensill,5,sole_trader;uninformative,1
9946,1-3CI8S70,MVRL56441,Denis Clive Meier,5,sole_trader;uninformative,1
9947,1-XTN-3968,MVRL25835,Denis Edward Whitall,5,sole_trader;uninformative,1
9948,1-8NRE9V,MVRL47613,Denis Vinogradov,5,sole_trader;uninformative,1
9949,1-XUC-2858,MVRL44482,Dennis De Zordo,5,sole_trader;uninformative,1
9950,1-3MLK9BI,MVRL58674,Dennis Ha,5,sole_trader;uninformative,1
9951,1-3IPIHL2,MVRL57273,Dennis Joseph Klasen,5,sole_trader;uninformative,1
9952,1-476S1VW,MVRL62355,Dennis Richard Johnson,5,sole_trader;uninformative,1
9953,1-FUBDZA,MVRL48416,Dennis William Pinchbeck,5,sole_trader;uninformative,1
9954,1-44BJVO6,MVRL61769,Denver Douglas Wales,5,sole_trader;uninformative,1
9955,1-45UO18M,MVRL62092,Denzel Jamie Jackson,5,sole_trader;uninformative,1
9956,1-4HXK2DK,MVRL64095,Derek Robert Watkins,5,sole_trader;uninformative,1
9957,1-3OA7EZ7,MVRL59223,Desmond James Peisley,5,sole_trader;uninformative,1
9958,1-XUC-2924,MVRL4586,Desmond Joseph Kelly,5,sole_trader;uninformative,1
9959,1-4ELNUYS,MVRL63555,Dev Anand Mishra,5,sole_trader;uninformative,1
9960,1-240UYPT,MVRL53237,Dhirendra Prasad,5,sole_trader;uninformative,1
9961,1-41JLH4I,MVRL61430,Dhruva John McRae,5,sole_trader;uninformative,1
9962,1-4COLP3E,MVRL63036,Diaa Mikha Yeld Zouri,5,sole_trader;uninformative,1
9963,1-46L0KNU,MVRL62151,Dian William Murray,5,sole_trader;uninformative,1
9964,1-3HX1M05,MVRL57207,Dib Maarbani,5,sole_trader;uninformative,1
9965,1-XTX-607,MVRL44442,Dieter Klaus Cremer,5,sole_trader;uninformative,1
9966,1-399YVEJ,MVRL55968,Dilipkumar Narsinhbhai Patel,5,sole_trader;uninformative,1
9967,1-4GC3V44,MVRL63865,Dillon John Douch,5,sole_trader;uninformative,1
9968,1-WJO0EN,MVRL50181,Dimitrios Adamopoulos,5,sole_trader;uninformative,1
9969,1-XUC-1519,MVRL38484,Dimitrios Economou,5,sole_trader;uninformative,1
9970,1-3F0EQ2A,MVRL56906,Dimitrios James Pappas,5,sole_trader;uninformative,1
9971,1-XU2-3746,MVRL28318,Dimitrios Tsavdaridis,5,sole_trader;uninformative,1
9972,1-XTX-121,MVRL42990,Dinh Le Thuy Le,5,sole_trader;uninformative,1
9973,1-3U66XLK,MVRL60421,Dion Michael Angelo Mariconte,5,sole_trader;uninformative,1
9974,1-XUC-2503,MVRL42699,Dion Patrick Coughlan,5,sole_trader;uninformative,1
9975,1-3TMLMIB,MVRL60277,Dion Terry Bennett,5,sole_trader;uninformative,1
9976,1-XTQ-2146,MVRL35802,Dionisios Mytilinios,5,sole_trader;uninformative,1
9977,1-48N1K8I,MVRL62489,Dolovan Mohammad,5,sole_trader;uninformative,1
9978,1-XUC-527,MVRL35027,Domenic Casciato,5,sole_trader;uninformative,1
9979,1-XU2-2619,MVRL25050,Domenic Lalli,5,sole_trader;uninformative,1
9980,1-3AN7XLG,MVRL56141,Domenic Raschilla,5,sole_trader;uninformative,1
9981,1-3QQVSDM,MVRL59794,Domenico Antonio Guttuso,5,sole_trader;uninformative,1
9982,1-3SRZFO2,MVRL60116,Domenico Celi,5,sole_trader;uninformative,1
9983,1-477A24K,MVRL62243,Domenico Lucisano,5,sole_trader;uninformative,1
9984,1-2XESWU8,MVRL54637,Domenico Rosa,5,sole_trader;uninformative,1
9985,1-4D638UA,MVRL63076,Domhnall Breandan Mc Carthy,5,sole_trader;uninformative,1
9986,1-XUC-4880,MVRL9603,Dominic Galati,5,sole_trader;uninformative,1
9987,1-4JY7L40,MVRL64395,Dominic Martin Borg,5,sole_trader;uninformative,1
9988,1-XTQ-1428,MVRL3279,Dominico Vescio,5,sole_trader;uninformative,1
9989,1-BRWXEV,MVRL47956,Don Pesic,5,sole_trader;uninformative,1
9990,1-XTN-396,MVRL15159,Donald Allan Lark,5,sole_trader;uninformative,1
9991,1-XUC-2615,MVRL43267,Donald Ian Houghton,5,sole_trader;uninformative,1
9992,1-3DGQIMW,MVRL56513,Donald James Mackay,5,sole_trader;uninformative,1
9993,1-XUC-4408,MVRL8394,Donald William Walsh,5,sole_trader;uninformative,1
9994,1-3D8R0JQ,MVRL56493,Donato Di Nardo,5,sole_trader;uninformative,1
9995,1-4970WRA,MVRL62545,Dong Cheol Chae,5,sole_trader;uninformative,1
9996,1-3KRI4YI,MVRL58131,Dong Woo Suh,5,sole_trader;uninformative,1
9997,1-3LQ42EO,MVRL58350,Donn Avila,5,sole_trader;uninformative,1
9998,1-46P8OJR,MVRL62134,Donovan Baird O'Brien,5,sole_trader;uninformative,1
9999,1-34BRA3J,MVRL55432,Douglas Adam,5,sole_trader;uninformative,1
10000,1-2JMA129,MVRL53946,Douglas Andrew Pope,5,sole_trader;uninformative,1
10001,1-3RZT140,MVRL60018,Douglas James Pullar,5,sole_trader;uninformative,1
10002,1-371BNOF,MVRL55714,Douglas Lindsay Kirkland,5,sole_trader;uninformative,1
10003,1-XUC-3179,MVRL525,Douglas Raymond Lane,5,sole_trader;uninformative,1
10004,1-18FJKK7,MVRL51301,Dragoljub Zoric,5,sole_trader;uninformative,1
10005,1-4ECHYHQ,MVRL63455,Drew David Earle,5,sole_trader;uninformative,1
10006,1-XTQ-3022,MVRL37889,Drew Evan Humphries,5,sole_trader;uninformative,1
10007,1-4CO5SXI,MVRL63048,Drew William Heath,5,sole_trader;uninformative,1
10008,1-3K3O46Y,MVRL57827,Duane Leon Newell,5,sole_trader;uninformative,1
10009,1-XTQ-1526,MVRL33060,Duc Dung Huynh,5,sole_trader;uninformative,1
10010,1-XUC-965,MVRL36574,Duncan Crawford,5,sole_trader;uninformative,1
10011,1-44BXVNS,MVRL61803,Dung Quoc Luu,5,sole_trader;uninformative,1
10012,1-4E7R3RQ,MVRL63507,Dwayne Leonard Bailey,5,sole_trader;uninformative,1
10013,1-4BU3POC,MVRL62740,Dwayne Michael Halpin,5,sole_trader;uninformative,1
10014,1-4822M3S,MVRL62293,Dylan Brian Morgan,5,sole_trader;uninformative,1
10015,1-4B6A8T5,MVRL62818,Dylan Deaves,5,sole_trader;uninformative,1
10016,1-3EA4YVE,MVRL56720,Dylan Goncalves,5,sole_trader;uninformative,1
10017,1-48D2TSU,MVRL62642,Dylan James Barma,5,sole_trader;uninformative,1
10018,1-40VEYGA,MVRL61356,Dylan Jayden Ellul,5,sole_trader;uninformative,1
10019,1-3MTXEWQ,MVRL58696,Dylan John Guenthroth,5,sole_trader;uninformative,1
10020,1-401K9LY,MVRL61231,Dylan Lucock,5,sole_trader;uninformative,1
10021,1-3VP206A,MVRL60624,Dylan Robert Wood,5,sole_trader;uninformative,1
10022,1-3VGFKD6,MVRL60720,Dylon James Wrona,5,sole_trader;uninformative,1
10023,1-4FBRO1W,MVRL63678,Eddieson Vila Tuazon,5,sole_trader;uninformative,1
10024,1-4BFZNP6,MVRL62937,Eduardo Jr Seguisabal Cometa,5,sole_trader;uninformative,1
10025,1-3UXY2DO,MVRL60486,Edward Bruce Keller,5,sole_trader;uninformative,1
10026,1-4G5LZBW,MVRL63863,Edward Douglas MCLEOD,5,sole_trader;uninformative,1
10027,1-4HDW83W,MVRL64059,Edward Luke Langman,5,sole_trader;uninformative,1
10028,1-42JPCVQ,MVRL61581,Edward Patterson,5,sole_trader;uninformative,1
10029,1-3V3PXCW,MVRL60520,EFREN JR FULGENTES CAILAO,5,sole_trader;uninformative,1
10030,1-3QUPFNW,MVRL59789,Efstathios Ikis Skapetis,5,sole_trader;uninformative,1
10031,1-XUC-3666,MVRL6520,Efstratios George Manoulis,5,sole_trader;uninformative,1
10032,1-XTQ-903,MVRL31527,Eian Wallace Jones,5,sole_trader;uninformative,1
10033,1-357YGTZ,MVRL55437,Eimed Moukhallalati,5,sole_trader;uninformative,1
10034,1-361XT0,MVRL45710,Eleftherios Korialos,5,sole_trader;uninformative,1
10035,1-3K6YIE4,MVRL57809,Elias Chami,5,sole_trader;uninformative,1
10036,1-4G0Q5FI,MVRL63831,Elias Gerges,5,sole_trader;uninformative,1
10037,1-368DD9R,MVRL55599,Elias Izzat Khzouz,5,sole_trader;uninformative,1
10038,1-XTQ-2676,MVRL3702,Elias Karavasilias,5,sole_trader;uninformative,1
10039,1-3R6XERG,MVRL59884,Elias Nakhl,5,sole_trader;uninformative,1
10040,1-3GERGJ5,MVRL57021,Elias Saade,5,sole_trader;uninformative,1
10041,1-3P93T8C,MVRL59648,Elias Vasilopoulos,5,sole_trader;uninformative,1
10042,1-FMRIXL,MVRL48424,Elio Dominico Dal Broi,5,sole_trader;uninformative,1
10043,1-XTX-2605,MVRL10620,Elizabeth Margaret Robins,5,sole_trader;uninformative,1
10044,1-2XAKRZ7,MVRL54654,Ellis Papandrew,5,sole_trader;uninformative,1
10045,1-XUC-1730,MVRL39288,Ellouis Kamel Salman,5,sole_trader;uninformative,1
10046,1-47Z4GNB,MVRL62315,Elmer Perilla,5,sole_trader;uninformative,1
10047,1-XUC-1862,MVRL39825,Elvis Kiseloski,5,sole_trader;uninformative,1
10048,1-XTQ-2485,MVRL36617,Elvis Mansour,5,sole_trader;uninformative,1
10049,1-3AZFCVF,MVRL56211,Emad Jaber,5,sole_trader;uninformative,1
10050,1-3THET8Y,MVRL60269,Emad Omar,5,sole_trader;uninformative,1
10051,1-4H93GGE,MVRL63963,Emanuel Naeim Abadi,5,sole_trader;uninformative,1
10052,1-15XKN4G,MVRL51140,Emil Zino,5,sole_trader;uninformative,1
10053,1-46QKXPU,MVRL62191,Emmanuel Marcelo Santos,5,sole_trader;uninformative,1
10054,1-3OSMAHK,MVRL59210,Endru Edwar,5,sole_trader;uninformative,1
10055,1-4GKU6ZI,MVRL63893,Eren Aydiniz,5,sole_trader;uninformative,1
10056,1-XUC-2344,MVRL4186,Eric Gerard Hanscombe,5,sole_trader;uninformative,1
10057,1-WSR755,MVRL50268,Erich Zauchenberger,5,sole_trader;uninformative,1
10058,1-3MUPHZC,MVRL58709,Erik Leo Daniella Wyns,5,sole_trader;uninformative,1
10059,1-XTX-91,MVRL42934,Erin Jones,5,sole_trader;uninformative,1
10060,1-3YP1E0,MVRL46383,Ernest Jacobs,5,sole_trader;uninformative,1
10061,1-XTQ-79,MVRL29212,Erny Lothar Ranftl,5,sole_trader;uninformative,1
10062,1-4JOD6OT,MVRL64302,Essa Bahar Khalaf,5,sole_trader;uninformative,1
10063,1-4ARJAQI,MVRL62804,Ethan Craig Mansfield,5,sole_trader;uninformative,1
10064,1-3JSXHYU,MVRL57617,Ethan Grant Stirling,5,sole_trader;uninformative,1
10065,1-45RLA7A,MVRL61999,Ethan Piece Whigham Reid,5,sole_trader;uninformative,1
10066,1-4G9CEH2,MVRL63856,Ethan Sebastian Jimenez,5,sole_trader;uninformative,1
10067,1-2VJ9OEF,MVRL54485,Ethan William Harris,5,sole_trader;uninformative,1
10068,1-XUC-662,MVRL35471,Ethem Mola,5,sole_trader;uninformative,1
10069,1-XTX-331,MVRL43666,Eugeino Franco,5,sole_trader;uninformative,1
10070,1-3NP34A6,MVRL59010,Eugene Floyd,5,sole_trader;uninformative,1
10071,1-41X8FI0,MVRL61459,Eunsung Yum,5,sole_trader;uninformative,1
10072,1-2YVNWY3,MVRL55082,Evan Jacob Ingram,5,sole_trader;uninformative,1
10073,1-3683CD9,MVRL55592,Evan Poles,5,sole_trader;uninformative,1
10074,1-4ATCD06,MVRL62725,Evan Robert Pearce,5,sole_trader;uninformative,1
10075,1-4DM6EIW,MVRL63369,Evan Thomas Price,5,sole_trader;uninformative,1
10076,1-4GX0WCC,MVRL63950,Evangelos Tragaris,5,sole_trader;uninformative,1
10077,1-3ZYLSRU,MVRL61559,Evripidis Paul Anthony Mougios,5,sole_trader;uninformative,1
10078,1-2FN10Z,MVRL45078,Fabian Storino,5,sole_trader;uninformative,1
10079,1-4JA2SLU,MVRL64338,Fadi Agha,5,sole_trader;uninformative,1
10080,1-4H83ACA,MVRL64129,Fadi Alajieh,5,sole_trader;uninformative,1
10081,1-14CHNPH,MVRL50868,Fadi Asaad Matti,5,sole_trader;uninformative,1
10082,1-2N6ROZ7,MVRL54417,Fadi Boulad,5,sole_trader;uninformative,1
10083,1-4FOHTL4,MVRL63775,Fadi Sabah Betto,5,sole_trader;uninformative,1
10084,1-3MESJT4,MVRL58573,Faiz Wali,5,sole_trader;uninformative,1
10085,1-36NL73B,MVRL55761,Faruk Afroz Ali,5,sole_trader;uninformative,1
10086,1-3TR5UBY,MVRL60439,Fawaz Badra,5,sole_trader;uninformative,1
10087,1-3OW9KJC,MVRL59275,FEI GU,5,sole_trader;uninformative,1
10088,1-4AWFGOS,MVRL62636,Felicity Lee Taylor,5,sole_trader;uninformative,1
10089,1-3L65ZWW,MVRL58200,FELIX III PIMENTEL LOPEZ,5,sole_trader;uninformative,1
10090,1-3NDBTF0,MVRL58882,Felix Magsakay,5,sole_trader;uninformative,1
10091,1-47HL212,MVRL62352,Ferenc Kiss,5,sole_trader;uninformative,1
10092,1-XTQ-4529,MVRL41435,Ferruccio Gulielimini,5,sole_trader;uninformative,1
10093,1-3LO7PT0,MVRL58387,Filip Spasov,5,sole_trader;uninformative,1
10094,1-4DTCODO,MVRL63391,Flamur Polozani,5,sole_trader;uninformative,1
10095,1-XTQ-3537,MVRL38993,Foti Efthimiadis,5,sole_trader;uninformative,1
10096,1-33UHW6N,MVRL55231,Francesco Giovanni Panaia,5,sole_trader;uninformative,1
10097,1-3U2JZY6,MVRL60411,Francesco Rossi,5,sole_trader;uninformative,1
10098,1-XUC-2133,MVRL40931,Francesco Versace,5,sole_trader;uninformative,1
10099,1-2D3UR6X,MVRL53714,Francis Gregory Ryan,5,sole_trader;uninformative,1
10100,1-XTN-2055,MVRL20115,Francis Michael Cassar,5,sole_trader;uninformative,1
10101,1-XUC-1011,MVRL36741,Francisco Oribello,5,sole_trader;uninformative,1
10102,1-3MBHIM6,MVRL58613,Francisco Steven Granero,5,sole_trader;uninformative,1
10103,1-XUC-4952,MVRL9779,Franco Salvestrin,5,sole_trader;uninformative,1
10104,1-3BOKBI3,MVRL56347,Frank Alexander Page,5,sole_trader;uninformative,1
10105,1-6TSMWR,MVRL47287,Frank Andrew Grima,5,sole_trader;uninformative,1
10106,1-4GJ00H2,MVRL63784,Frank Anthony Zammit,5,sole_trader;uninformative,1
10107,1-WG1W3K,MVRL50152,Frank Franzone,5,sole_trader;uninformative,1
10108,1-XTQ-1247,MVRL32337,Frank Gagliardi,5,sole_trader;uninformative,1
10109,1-2MPGCKY,MVRL54260,Frank John Migdalski,5,sole_trader;uninformative,1
10110,1-4C6TF6R,MVRL63013,Frank Novak,5,sole_trader;uninformative,1
10111,1-1PYHF94,MVRL52495,Frank Scuglia,5,sole_trader;uninformative,1
10112,1-7OZC3J,MVRL47478,Franklin Blake Lyon,5,sole_trader;uninformative,1
10113,1-48PUDJ0,MVRL62446,Franklin Jr Jallorina,5,sole_trader;uninformative,1
10114,1-3N4EN7K,MVRL58843,Frans Suryakusuma,5,sole_trader;uninformative,1
10115,1-39VJWCZ,MVRL55977,Franz Boensch,5,sole_trader;uninformative,1
10116,1-XTQ-1741,MVRL34731,Fred Hatem,5,sole_trader;uninformative,1
10117,1-332CKU9,MVRL55190,Frederick James Gotts,5,sole_trader;uninformative,1
10118,1-XTQ-496,MVRL30370,Fredrick Gerada,5,sole_trader;uninformative,1
10119,1-4F1QXZ0,MVRL63685,Fulei Suo,5,sole_trader;uninformative,1
10120,1-1WIOZAJ,MVRL52867,Fytos Neofytou,5,sole_trader;uninformative,1
10121,1-XTQ-245,MVRL29673,Gabi Galayini,5,sole_trader;uninformative,1
10122,1-44OHPLY,MVRL61826,Gabriel Mark Ingle,5,sole_trader;uninformative,1
10123,1-3QCT6LM,MVRL59753,Gabriele Attolico,5,sole_trader;uninformative,1
10124,1-XTQ-3668,MVRL39304,Gaetano Guy Anthony Maruca,5,sole_trader;uninformative,1
10125,1-2KV4RSH,MVRL54105,Garbhan Flynn,5,sole_trader;uninformative,1
10126,1-35TK0Y3,MVRL55518,Gareth Houghton,5,sole_trader;uninformative,1
10127,1-2532H8T,MVRL53295,Garry Alan Bowley,5,sole_trader;uninformative,1
10128,1-36CQBF0,MVRL55622,Garry Allan Jobson,5,sole_trader;uninformative,1
10129,1-XTQ-3869,MVRL39782,Garry Francis Barling,5,sole_trader;uninformative,1
10130,1-3JJ4EK7,MVRL57518,Garry James Bell,5,sole_trader;uninformative,1
10131,1-P9I18L,MVRL49464,Garry John Moody,5,sole_trader;uninformative,1
10132,1-3EU3QAZ,MVRL56747,Garry Ko,5,sole_trader;uninformative,1
10133,1-3IO4OTM,MVRL57354,Garry Wayne Winter,5,sole_trader;uninformative,1
10134,1-3N0VS2C,MVRL58764,Garry William Sonter,5,sole_trader;uninformative,1
10135,1-XTX-4586,MVRL16251,Gary Arthur Rickard,5,sole_trader;uninformative,1
10136,1-XTX-2315,MVRL9940,Gary Bernard Gerrey,5,sole_trader;uninformative,1
10137,1-XU2-1146,MVRL209,Gary David Flynn,5,sole_trader;uninformative,1
10138,1-XTQ-4113,MVRL40392,Gary Douglas Wise,5,sole_trader;uninformative,1
10139,1-XTH-4901,MVRL13772,Gary Maxwell Willoughby,5,sole_trader;uninformative,1
10140,1-XTQ-4138,MVRL40449,Gary Noel Rogers,5,sole_trader;uninformative,1
10141,1-3JGC608,MVRL57584,Gary Peter Curtis,5,sole_trader;uninformative,1
10142,1-48QTIK4,MVRL62491,Gary Powter,5,sole_trader;uninformative,1
10143,1-XUC-2767,MVRL4406,Gary Raymond Shephard,5,sole_trader;uninformative,1
10144,1-314ZMO,MVRL45578,Gary Samuel Bugeja,5,sole_trader;uninformative,1
10145,1-3XVL1IC,MVRL60992,Gary Stephen Hart,5,sole_trader;uninformative,1
10146,1-XU2-113,MVRL17779,Gary Thomas Hudson,5,sole_trader;uninformative,1
10147,1-3XAR9DY,MVRL60786,Gary William O'Riain,5,sole_trader;uninformative,1
10148,1-3JXP43W,MVRL57737,Gavan Ross McClymont,5,sole_trader;uninformative,1
10149,1-38QHYXR,MVRL55988,Gavin Charles Worthy,5,sole_trader;uninformative,1
10150,1-41JYJYS,MVRL61429,Gavin Martin,5,sole_trader;uninformative,1
10151,1-3Y0035O,MVRL60978,Gavin Shannon Stewart,5,sole_trader;uninformative,1
10152,1-4CVSLFI,MVRL63342,Gavin Wade Bessant,5,sole_trader;uninformative,1
10153,1-XTQ-133,MVRL29372,Geoffory Whittaker,5,sole_trader;uninformative,1
10154,1-XPMW1B,MVRL50320,Geoffrey Anthony Dawes,5,sole_trader;uninformative,1
10155,1-3N27B0S,MVRL58781,Geoffrey Bruce Akins,5,sole_trader;uninformative,1
10156,1-1HVZ40B,MVRL51916,Geoffrey David Wheatley,5,sole_trader;uninformative,1
10157,1-2LZOTKN,MVRL54415,Geoffrey Donald Beasley,5,sole_trader;uninformative,1
10158,1-XTX-4391,MVRL15659,Geoffrey Donald Bock,5,sole_trader;uninformative,1
10159,1-XTQ-4879,MVRL42285,Geoffrey Ian Redfern,5,sole_trader;uninformative,1
10160,1-2J7CPRY,MVRL54067,Geoffrey Leon Baden,5,sole_trader;uninformative,1
10161,1-34FSE0Z,MVRL55333,Geoffrey Leonard Woods,5,sole_trader;uninformative,1
10162,1-3JJ4DZ3,MVRL57485,Geoffrey Matthew Adams,5,sole_trader;uninformative,1
10163,1-XTN-2282,MVRL20828,Geoffrey Mills,5,sole_trader;uninformative,1
10164,1-XTQ-4652,MVRL4173,Geoffrey Neville Boyd,5,sole_trader;uninformative,1
10165,1-412OFPS,MVRL61377,Geoffrey Noel Golding,5,sole_trader;uninformative,1
10166,1-XTQ-3278,MVRL38410,Geoffrey Owen Turner,5,sole_trader;uninformative,1
10167,1-3PSSGC7,MVRL59539,Geoffrey Raymond Foot,5,sole_trader;uninformative,1
10168,1-17PNKWX,MVRL51251,Geoffrey Robert Webb,5,sole_trader;uninformative,1
10169,1-XU2-3796,MVRL28470,Geoffrey William Langford,5,sole_trader;uninformative,1
10170,1-XU2-2307,MVRL24135,George Abdulnour,5,sole_trader;uninformative,1
10171,1-187RCMI,MVRL51299,George Alvanos,5,sole_trader;uninformative,1
10172,1-3SCNLFM,MVRL60058,George Andrew Yiasemides,5,sole_trader;uninformative,1
10173,1-XTX-490,MVRL44140,George Banbekian,5,sole_trader;uninformative,1
10174,1-32GGC0P,MVRL55050,George Chaaya,5,sole_trader;uninformative,1
10175,1-XTX-611,MVRL44448,George Chahid Abdo,5,sole_trader;uninformative,1
10176,1-XUH-9,MVRL9905,George Charles Parkin,5,sole_trader;uninformative,1
10177,1-3I2XWFU,MVRL57242,George Fouad,5,sole_trader;uninformative,1
10178,1-XU2-1200,MVRL21036,George Grech,5,sole_trader;uninformative,1
10179,1-HR5DBA,MVRL48610,George Halteh,5,sole_trader;uninformative,1
10180,1-449HMOY,MVRL61748,George Hanania,5,sole_trader;uninformative,1
10181,1-XTX-67,MVRL42869,George Keosseian,5,sole_trader;uninformative,1
10182,1-3JQDBFJ,MVRL57665,George Mouses,5,sole_trader;uninformative,1
10183,1-XU2-4168,MVRL2963,George Namnoum,5,sole_trader;uninformative,1
10184,1-XTQ-2952,MVRL37689,George Nosworthy,5,sole_trader;uninformative,1
10185,1-4COBCMC,MVRL63035,George Panagiotidis,5,sole_trader;uninformative,1
10186,1-XTQ-1904,MVRL35145,George Salloum,5,sole_trader;uninformative,1
10187,1-3LXTT9A,MVRL58501,George Sestak,5,sole_trader;uninformative,1
10188,1-XTN-3116,MVRL23437,George Shalala,5,sole_trader;uninformative,1
10189,1-XTQ-3551,MVRL39026,George Tzortzis,5,sole_trader;uninformative,1
10190,1-XTQ-1742,MVRL34739,George Vergotis,5,sole_trader;uninformative,1
10191,1-4HF8ZM8,MVRL64061,George Wallace Leov,5,sole_trader;uninformative,1
10192,1-4DEH5II,MVRL63285,George Yacoub,5,sole_trader;uninformative,1
10193,1-XTX-3650,MVRL13523,Geradus Hermanus Langes,5,sole_trader;uninformative,1
10194,1-XTQ-4960,MVRL42585,Gerald Agido,5,sole_trader;uninformative,1
10195,1-1S0JY72,MVRL52629,Gerard Keith Strawbridge,5,sole_trader;uninformative,1
10196,1-368Z4OT,MVRL55625,Gerard Martin Stuart,5,sole_trader;uninformative,1
10197,1-3P88ONI,MVRL59383,Gerhard Josef Proesser,5,sole_trader;uninformative,1
10198,1-3W9AWTO,MVRL60687,Gerwin Castro Aquino,5,sole_trader;uninformative,1
10199,1-XU2-1289,MVRL21300,Ghassen Mokdassi,5,sole_trader;uninformative,1
10200,1-16RV0PI,MVRL51202,Ghulam Mustafa,5,sole_trader;uninformative,1
10201,1-4HAURB0,MVRL64080,Giacomo Chiozzotto Gaida,5,sole_trader;uninformative,1
10202,1-6SWKKC,MVRL47273,Gianni Gaio,5,sole_trader;uninformative,1
10203,1-49ET2JM,MVRL62633,Gil Tabornal Gualiza,5,sole_trader;uninformative,1
10204,1-3KBQ3EM,MVRL57893,Gilbert Frederic Martin,5,sole_trader;uninformative,1
10205,1-3PU99K8,MVRL59621,Giovanni Battista Pizzinni,5,sole_trader;uninformative,1
10206,1-1ND7S57,MVRL52396,Giovanni Di Pietro,5,sole_trader;uninformative,1
10207,1-XU2-3815,MVRL28542,Giovanni Muscara,5,sole_trader;uninformative,1
10208,1-XTQ-4472,MVRL41303,Giovanni Roso Tassone,5,sole_trader;uninformative,1
10209,1-1G5LM67,MVRL51755,Giuseppe Antonino Torrisi,5,sole_trader;uninformative,1
10210,1-35AA6CN,MVRL55435,Giuseppe Antonio Salvatore,5,sole_trader;uninformative,1
10211,1-1LQJ8OE,MVRL52241,Giuseppe Bartolillo,5,sole_trader;uninformative,1
10212,1-3X9KPQI,MVRL60870,Giuseppe De Salvo,5,sole_trader;uninformative,1
10213,1-1E74P3J,MVRL51999,Giuseppe Roccazzella,5,sole_trader;uninformative,1
10214,1-3CEYTEO,MVRL56440,Glen Allan Amos Burgess,5,sole_trader;uninformative,1
10215,1-XTQ-4345,MVRL40973,Glen Andrew Mitchell,5,sole_trader;uninformative,1
10216,1-XT5YFM,MVRL50356,Glen Anthony Sonter,5,sole_trader;uninformative,1
10217,1-42CZFZH,MVRL61592,Glen Barry Jones,5,sole_trader;uninformative,1
10218,1-XTQ-4964,MVRL42594,Glen Fotheringham,5,sole_trader;uninformative,1
10219,1-3IWHL9E,MVRL57270,Glen Kelleher,5,sole_trader;uninformative,1
10220,1-XUC-1964,MVRL40288,Glen Lewin Ingram,5,sole_trader;uninformative,1
10221,1-44WHGBA,MVRL61828,Glen Mark Youngman,5,sole_trader;uninformative,1
10222,1-4G50IU6,MVRL63886,Glen Michael Marijancevic,5,sole_trader;uninformative,1
10223,1-2LKC7SE,MVRL54133,Glen Michael Thorp,5,sole_trader;uninformative,1
10224,1-4FFG19Y,MVRL63671,Glen Neville Fisher,5,sole_trader;uninformative,1
10225,1-4GM71RM,MVRL63916,Glen Norton,5,sole_trader;uninformative,1
10226,1-XTQ-3447,MVRL38784,Glen Patrick Conaty,5,sole_trader;uninformative,1
10227,1-44ZKR90,MVRL61916,Glen Robert Hapgood,5,sole_trader;uninformative,1
10228,1-XTX-517,MVRL44222,Glen Tye,5,sole_trader;uninformative,1
10229,1-XTX-38,MVRL42797,Glen Wesley Lindop,5,sole_trader;uninformative,1
10230,1-3IE5NE2,MVRL57261,Glen William Monaghan,5,sole_trader;uninformative,1
10231,1-XU2-3689,MVRL28110,Glenn Allen Hall,5,sole_trader;uninformative,1
10232,1-3CKLL9F,MVRL56374,Glenn Edward Dodsworth,5,sole_trader;uninformative,1
10233,1-3Q28C12,MVRL59600,Glenn Jeremijczyk,5,sole_trader;uninformative,1
10234,1-G542OC,MVRL48459,Glenn Ralph Hetherington,5,sole_trader;uninformative,1
10235,1-4EMZ12O,MVRL63527,Glenn Richard Gosper,5,sole_trader;uninformative,1
10236,1-3D7TL1R,MVRL56535,Glenn Robert Burke,5,sole_trader;uninformative,1
10237,1-449UJA8,MVRL62036,Glyn Rankin,5,sole_trader;uninformative,1
10238,1-PNO6DJ,MVRL49516,Glynne William Blanckenberg,5,sole_trader;uninformative,1
10239,1-3RD2VTY,MVRL59856,Gonaduwage Dhanesha Udhayana Perera Gunasekera,5,sole_trader;uninformative,1
10240,1-XTQ-1278,MVRL32418,Gordon Alexander Campbell,5,sole_trader;uninformative,1
10241,1-2WW57O3,MVRL54614,Gore Jordanoski,5,sole_trader;uninformative,1
10242,1-1B2KH3C,MVRL51477,Gorgis Dishe Yokhanna Al Qasrany,5,sole_trader;uninformative,1
10243,1-4GBDD2U,MVRL63857,Grace Susan Ryan,5,sole_trader;uninformative,1
10244,1-XTQ-4708,MVRL41877,Graeme Alexander Mckeich,5,sole_trader;uninformative,1
10245,1-3K0R4VO,MVRL57780,Graeme James Fraser,5,sole_trader;uninformative,1
10246,1-XTQ-2351,MVRL36316,Graeme James Jack,5,sole_trader;uninformative,1
10247,1-ZR3IV1,MVRL50549,Graeme Madden,5,sole_trader;uninformative,1
10248,1-XTN-1513,MVRL18433,Graeme Maxwell Britten,5,sole_trader;uninformative,1
10249,1-3LQNCPU,MVRL58332,Graeme Mervyn Shoard,5,sole_trader;uninformative,1
10250,1-44ULQ72,MVRL62015,Graeme Moylyn Gadsby,5,sole_trader;uninformative,1
10251,1-XU2-1270,MVRL21238,Graham Alexander Stanmore,5,sole_trader;uninformative,1
10252,1-15XJ00H,MVRL51143,Graham Allan Luke,5,sole_trader;uninformative,1
10253,1-XU2-3278,MVRL26970,Graham Eric Ingram,5,sole_trader;uninformative,1
10254,1-XU2-2159,MVRL2369,Graham Frederick Hitchick,5,sole_trader;uninformative,1
10255,1-3NB1K0Q,MVRL58819,Graham John Fleming,5,sole_trader;uninformative,1
10256,1-XTQ-4973,MVRL42603,Graham Kidd,5,sole_trader;uninformative,1
10257,1-3DELRDO,MVRL56647,Graham Nigel Southwell,5,sole_trader;uninformative,1
10258,1-XTQ-850,MVRL3133,Graham Russell Thomas,5,sole_trader;uninformative,1
10259,1-XUC-2856,MVRL4447,Graham Walter Cox,5,sole_trader;uninformative,1
10260,1-XUC-928,MVRL36431,Grahame Frederick Holmes,5,sole_trader;uninformative,1
10261,1-481GRZ8,MVRL62526,Grant Arthur John Thompson,5,sole_trader;uninformative,1
10262,1-133AYD4,MVRL50772,Grant Crossman,5,sole_trader;uninformative,1
10263,1-3HYNTZ6,MVRL57233,Grant Edwards,5,sole_trader;uninformative,1
10264,1-3KSL958,MVRL58027,Grant Michael Edwards,5,sole_trader;uninformative,1
10265,1-3JIQLCU,MVRL57513,Grant Richard Healey,5,sole_trader;uninformative,1
10266,1-4CDXARA,MVRL63041,Grant Shaw,5,sole_trader;uninformative,1
10267,1-XTQ-987,MVRL31736,Grant Thomas Roberts,5,sole_trader;uninformative,1
10268,1-PA7LSN,MVRL49478,Grant Wayne Robertson,5,sole_trader;uninformative,1
10269,1-XTX-363,MVRL43769,Greg Andrew Mcfarlane,5,sole_trader;uninformative,1
10270,1-10CPC5B,MVRL50791,Greg Goding,5,sole_trader;uninformative,1
10271,1-4DU300N,MVRL63271,Gregorio Francisco Trujillo Jara,5,sole_trader;uninformative,1
10272,1-XU2-3372,MVRL27201,Gregory Allan Smith,5,sole_trader;uninformative,1
10273,1-9GHMW0,MVRL47748,Gregory Charles Skellern,5,sole_trader;uninformative,1
10274,1-XUC-2837,MVRL44360,Gregory Dean Murray,5,sole_trader;uninformative,1
10275,1-3Z3FVDE,MVRL61104,Gregory James Chalmers,5,sole_trader;uninformative,1
10276,1-3I5HEUM,MVRL57181,Gregory James Keith,5,sole_trader;uninformative,1
10277,1-15D2AVS,MVRL51000,Gregory James Lowe,5,sole_trader;uninformative,1
10278,1-26UZ05B,MVRL53394,Gregory John Burt,5,sole_trader;uninformative,1
10279,1-XTQ-849,MVRL31329,Gregory John Cole,5,sole_trader;uninformative,1
10280,1-43NS8LC,MVRL61787,Gregory John Collison,5,sole_trader;uninformative,1
10281,1-XTQ-1966,MVRL35340,Gregory John Nixon,5,sole_trader;uninformative,1
10282,1-PIVHHD,MVRL49500,Gregory John Pennells,5,sole_trader;uninformative,1
10283,1-2N88FA7,MVRL54385,Gregory John Tracy,5,sole_trader;uninformative,1
10284,1-XUC-1958,MVRL40259,Gregory John Visscher,5,sole_trader;uninformative,1
10285,1-XTQ-2063,MVRL35580,Gregory Macdona Strange,5,sole_trader;uninformative,1
10286,1-XUC-299,MVRL33301,Gregory Mark Hayes,5,sole_trader;uninformative,1
10287,1-FJT46X,MVRL48360,Gregory Neil Roper,5,sole_trader;uninformative,1
10288,1-2XQU2NN,MVRL54693,Gregory Richard Hughes,5,sole_trader;uninformative,1
10289,1-XTQ-4968,MVRL42598,Gregory Robert Stubbs,5,sole_trader;uninformative,1
10290,1-XTQ-3800,MVRL39630,Gregory Tanti,5,sole_trader;uninformative,1
10291,1-XEI6O2,MVRL50280,Gregory Wray Evans,5,sole_trader;uninformative,1
10292,1-XTN-843,MVRL1648,Guiseppe Natali Salerno,5,sole_trader;uninformative,1
10293,1-3K4WY3S,MVRL57837,Guneshilan Guneshilan,5,sole_trader;uninformative,1
10294,1-3UVGACC,MVRL60480,Gursewak Singh Mallhi,5,sole_trader;uninformative,1
10295,1-3UR835S,MVRL60571,Guy Castellino,5,sole_trader;uninformative,1
10296,1-2K494M3,MVRL54011,Guy Francis Winnall,5,sole_trader;uninformative,1
10297,1-36WU6HF,MVRL55694,Guy Justin Stewart,5,sole_trader;uninformative,1
10298,1-49FB8VG,MVRL62647,Gyanesh Mani,5,sole_trader;uninformative,1
10299,1-XTQ-4813,MVRL42131,Habib Ben Rachid,5,sole_trader;uninformative,1
10300,1-3KFP2WX,MVRL57971,Hafez Ahmad Jalloul,5,sole_trader;uninformative,1
10301,1-354E0S6,MVRL55504,Haider Ali Shafar,5,sole_trader;uninformative,1
10302,1-XTQ-4253,MVRL40730,Haitham Saleh,5,sole_trader;uninformative,1
10303,1-3JK6ZC4,MVRL57442,Hak Sarkis Bouzakian,5,sole_trader;uninformative,1
10304,1-4BRWJWE,MVRL63017,HAKE KI MOUNGA TUALAU,5,sole_trader;uninformative,1
10305,1-46NG5RI,MVRL62255,Hamed Kareem,5,sole_trader;uninformative,1
10306,1-3NG4BKW,MVRL58881,Hamish Alexander Louis McMahon,5,sole_trader;uninformative,1
10307,1-415FQ26,MVRL61379,Hamish Michael Thompson,5,sole_trader;uninformative,1
10308,1-41RH991,MVRL61610,Hamlet Yasamin,5,sole_trader;uninformative,1
10309,1-45OGA8C,MVRL62088,Haney Khachouf,5,sole_trader;uninformative,1
10310,1-44JAUCA,MVRL61767,Hang Lin,5,sole_trader;uninformative,1
10311,1-4A4DG20,MVRL62733,Hans Serdinsek,5,sole_trader;uninformative,1
10312,1-XTQ-4225,MVRL40652,Hari Balak,5,sole_trader;uninformative,1
10313,1-XTQ-2294,MVRL36185,Hariton Nalbandian,5,sole_trader;uninformative,1
10314,1-3L8RXI4,MVRL58213,Harley Dylan Osullivan,5,sole_trader;uninformative,1
10315,1-4EYZV0Q,MVRL63618,Harley John Harmer,5,sole_trader;uninformative,1
10316,1-4BBI4QU,MVRL62873,Harley Mark Knight,5,sole_trader;uninformative,1
10317,1-3S3EXGW,MVRL60000,Harmandeep Singh,5,sole_trader;uninformative,1
10318,1-4DWD4CV,MVRL63280,Harout Temamian,5,sole_trader;uninformative,1
10319,1-3LBAT1Y,MVRL58262,Harrison Douglas Shepherd,5,sole_trader;uninformative,1
10320,1-3FN33MG,MVRL56876,Harrison Mark Wells,5,sole_trader;uninformative,1
10321,1-4ISQMTM,MVRL64228,Harrison Phillip Perkins,5,sole_trader;uninformative,1
10322,1-4EPX44U,MVRL63547,Harrison Robert Rich,5,sole_trader;uninformative,1
10323,1-3K9OT1I,MVRL57857,Harry Andrew Grivas,5,sole_trader;uninformative,1
10324,1-3B1M5P2,MVRL56194,Harry Hatzopoulos,5,sole_trader;uninformative,1
10325,1-4EV7350,MVRL63575,Harry Hondronicolas,5,sole_trader;uninformative,1
10326,1-3N2T32C,MVRL58836,Harry Michael Paparizos,5,sole_trader;uninformative,1
10327,1-470LZKM,MVRL62183,Harvey Paul Blackmore,5,sole_trader;uninformative,1
10328,1-4DQ0IGC,MVRL63367,Hasan Faisal Tayeh,5,sole_trader;uninformative,1
10329,1-4HD6OAA,MVRL64063,Hasan Nafea Kadhim Albaythani,5,sole_trader;uninformative,1
10330,1-3ECF18G,MVRL56756,Hassan Arja,5,sole_trader;uninformative,1
10331,1-3UT25I2,MVRL60600,Hassan Ayache,5,sole_trader;uninformative,1
10332,1-2JVWVB5,MVRL53939,Hassan Dehaine,5,sole_trader;uninformative,1
10333,1-NV62WJ,MVRL49311,Hassan Dergham,5,sole_trader;uninformative,1
10334,1-338SMAF,MVRL55149,Hassan Issa,5,sole_trader;uninformative,1
10335,1-2Z2RIJL,MVRL54831,Hassan Jindi,5,sole_trader;uninformative,1
10336,1-3QVM7J7,MVRL59808,Hassan Naboulsi,5,sole_trader;uninformative,1
10337,1-3YY5044,MVRL61059,Hassan Nehme,5,sole_trader;uninformative,1
10338,1-3TRURGM,MVRL60309,Hassan Oueik,5,sole_trader;uninformative,1
10339,1-3LZG570,MVRL58420,Haulio Mahe,5,sole_trader;uninformative,1
10340,1-1O7NYC7,MVRL52400,Hayden Ashley Davis,5,sole_trader;uninformative,1
10341,1-4D0QLZA,MVRL63187,Hayden Denis Hawke,5,sole_trader;uninformative,1
10342,1-4IV38X2,MVRL64267,Hayden Leigh Davis,5,sole_trader;uninformative,1
10343,1-290RXQR,MVRL53486,Hayden William Gillon,5,sole_trader;uninformative,1
10344,1-4FY70NF,MVRL63771,Haydn Joseph Churcher,5,sole_trader;uninformative,1
10345,1-37YYD0P,MVRL55976,Hazar Mahmood Ahmed,5,sole_trader;uninformative,1
10346,1-3JXU69Y,MVRL58087,Heath Summers,5,sole_trader;uninformative,1
10347,1-36K8O17,MVRL55629,Heath William Overall,5,sole_trader;uninformative,1
10348,1-3SLHS1G,MVRL60218,Heather Jasmine McKenzie,5,sole_trader;uninformative,1
10349,1-24RIZ3X,MVRL53284,Hee Chan Kim,5,sole_trader;uninformative,1
10350,1-4I50N9K,MVRL64171,Heena Nilesh Patel,5,sole_trader;uninformative,1
10351,1-3U1YGE6,MVRL60430,Heenaben Rohitkumar Sorathiya,5,sole_trader;uninformative,1
10352,1-4EWKSRY,MVRL63582,Hendy Tjim,5,sole_trader;uninformative,1
10353,1-425429S,MVRL61554,Heo Wookbum,5,sole_trader;uninformative,1
10354,1-XTX-698,MVRL4664,Herbert Edward Crowe,5,sole_trader;uninformative,1
10355,1-XU2-3723,MVRL28244,Herbert Joseph Micallef,5,sole_trader;uninformative,1
10356,1-44VY9DE,MVRL61902,Hessam Kashani,5,sole_trader;uninformative,1
10357,1-XUC-1621,MVRL38899,Hessel John Meyer,5,sole_trader;uninformative,1
10358,1-44DWZO2,MVRL61799,Hin Joo Gan,5,sole_trader;uninformative,1
10359,1-1QYLV9B,MVRL52565,Hisham Allam,5,sole_trader;uninformative,1
10360,1-XTX-342,MVRL43710,Ho Eun Jeong,5,sole_trader;uninformative,1
10361,1-XTQ-2976,MVRL37757,Hong Ming Wang,5,sole_trader;uninformative,1
10362,1-1PZ5BMZ,MVRL52497,Hongliang Liu,5,sole_trader;uninformative,1
10363,1-4G62C18,MVRL63839,Hosip Kevorkian,5,sole_trader;uninformative,1
10364,1-3M7ZNZ1,MVRL58524,Housam Omar,5,sole_trader;uninformative,1
10365,1-XUC-2160,MVRL41075,Howard Charles Cromar,5,sole_trader;uninformative,1
10366,1-3H04J0K,MVRL56930,Hristijan Galovski,5,sole_trader;uninformative,1
10367,1-4GMX9M8,MVRL63924,Hristos Dalavikas,5,sole_trader;uninformative,1
10368,1-8WZFDG,MVRL47688,Hugh Alistair Pickering,5,sole_trader;uninformative,1
10369,1-XTX-901,MVRL5417,Hugh James Loy,5,sole_trader;uninformative,1
10370,1-3FH9P6G,MVRL56989,Hugh Ralph Robinson,5,sole_trader;uninformative,1
10371,1-4GK9QE0,MVRL63897,Hugh William Woodhouse,5,sole_trader;uninformative,1
10372,1-3PNBGZQ,MVRL59420,Husam Al-Musawi,5,sole_trader;uninformative,1
10373,1-4DS23PE,MVRL63366,Hussein Bazzi,5,sole_trader;uninformative,1
10374,1-3FIQWMY,MVRL56849,Hussein Beydoun,5,sole_trader;uninformative,1
10375,1-4BXO9JO,MVRL63006,Hussein Choukair,5,sole_trader;uninformative,1
10376,1-3CA6OFU,MVRL56419,Hussein Mousselamani,5,sole_trader;uninformative,1
10377,1-47LO6ZM,MVRL62398,Huynh Tai,5,sole_trader;uninformative,1
10378,1-2VB540B,MVRL54467,Hyunwoong Kim,5,sole_trader;uninformative,1
10379,1-46H79ZQ,MVRL62115,Hyunyool Lee,5,sole_trader;uninformative,1
10380,1-1Z367TP,MVRL53019,Ian Andrew Johnson,5,sole_trader;uninformative,1
10381,1-2ONW5M,MVRL45289,Ian Bruce Hinrichsen,5,sole_trader;uninformative,1
10382,1-XTN-3951,MVRL25787,Ian David Usher,5,sole_trader;uninformative,1
10383,1-200DLMB,MVRL53052,Ian Donald Saunders,5,sole_trader;uninformative,1
10384,1-XUC-2080,MVRL40727,Ian Douglas Cattanach,5,sole_trader;uninformative,1
10385,1-XU2-1568,MVRL22047,Ian Dunkley,5,sole_trader;uninformative,1
10386,1-XU2-3945,MVRL28919,Ian Geoffrey McDonald,5,sole_trader;uninformative,1
10387,1-3SYHTNI,MVRL60187,Ian Gregory Cox,5,sole_trader;uninformative,1
10388,1-372FP11,MVRL55719,Ian Huntley,5,sole_trader;uninformative,1
10389,1-XUC-1776,MVRL39486,Ian John Crawford,5,sole_trader;uninformative,1
10390,1-4JX6RQ9,MVRL64321,Ian John Grooms,5,sole_trader;uninformative,1
10391,1-XUC-771,MVRL35898,Ian John Higgins,5,sole_trader;uninformative,1
10392,1-XTX-224,MVRL43356,Ian John Tucker,5,sole_trader;uninformative,1
10393,1-42XZ1BS,MVRL61602,Ian Leslie Courtney,5,sole_trader;uninformative,1
10394,1-XTH-4157,MVRL11808,Ian Leslie Gordon,5,sole_trader;uninformative,1
10395,1-3BIPKOE,MVRL56296,Ian Matthew Larkings,5,sole_trader;uninformative,1
10396,1-489MKVU,MVRL62468,Ian Maxwell Parks,5,sole_trader;uninformative,1
10397,1-387OHUZ,MVRL55863,Ian Robert Callaghan,5,sole_trader;uninformative,1
10398,1-XTQ-3026,MVRL37906,Ian Treneski,5,sole_trader;uninformative,1
10399,1-XU2-3971,MVRL29019,Ian Wilfred Griffiths,5,sole_trader;uninformative,1
10400,1-3BA1JDL,MVRL56230,Ibrahim Ali Soummaka,5,sole_trader;uninformative,1
10401,1-3JLWGJY,MVRL57559,Iman Mohagheghi Fard,5,sole_trader;uninformative,1
10402,1-4BXWGEY,MVRL62980,Ioannis Christofis,5,sole_trader;uninformative,1
10403,1-4FQ1A1C,MVRL63725,Isaac Cram,5,sole_trader;uninformative,1
10404,1-XTN-4680,MVRL28078,Israel Hatooka,5,sole_trader;uninformative,1
10405,1-3NC7W8O,MVRL58938,Isuru Bimsara Gajanayake,5,sole_trader;uninformative,1
10406,1-4G4VLVW,MVRL63852,Ivan Capeski,5,sole_trader;uninformative,1
10407,1-XTQ-4542,MVRL41458,Ivan Kovac,5,sole_trader;uninformative,1
10408,1-7BM4C1,MVRL47397,Ivan Paul Hoey,5,sole_trader;uninformative,1
10409,1-4AFXKFM,MVRL62753,Ivan Pliaskin,5,sole_trader;uninformative,1
10410,1-XU2-466,MVRL1882,Ivan Zaknic,5,sole_trader;uninformative,1
10411,1-XUC-2645,MVRL43441,Ivica Zlatomir Velnic,5,sole_trader;uninformative,1
10412,1-XTX-1742,MVRL8269,Ivon Faithfull,5,sole_trader;uninformative,1
10413,1-JR8MZQ,MVRL48814,Ivor Terence Jones,5,sole_trader;uninformative,1
10414,1-34ENH99,MVRL55443,Izzat Khzouz,5,sole_trader;uninformative,1
10415,1-3NZVXO0,MVRL59049,Jaber Alshaer,5,sole_trader;uninformative,1
10416,1-4EVXEWG,MVRL63579,Jack Adam Alexander Donald,5,sole_trader;uninformative,1
10417,1-36ONTY5,MVRL55658,Jack Alan Ramon,5,sole_trader;uninformative,1
10418,1-3Q5SYBM,MVRL59798,Jack Andrew Davidson,5,sole_trader;uninformative,1
10419,1-3DONF1G,MVRL56651,Jack Andrew Davis,5,sole_trader;uninformative,1
10420,1-34JVLXP,MVRL55329,Jack Anthony Poultney,5,sole_trader;uninformative,1
10421,1-4EA6VBS,MVRL63459,Jack Anthony Scettro,5,sole_trader;uninformative,1
10422,1-4CH3WJW,MVRL63053,Jack Dean Standen,5,sole_trader;uninformative,1
10423,1-35CXICV,MVRL55468,Jack Favaloro,5,sole_trader;uninformative,1
10424,1-42MH6GM,MVRL61595,Jack Francis McCahill,5,sole_trader;uninformative,1
10425,1-4EKPLBY,MVRL63533,Jack Fraser Cliff,5,sole_trader;uninformative,1
10426,1-3IOY5A0,MVRL57271,Jack Freeman Baker,5,sole_trader;uninformative,1
10427,1-4KHMOEP,MVRL64382,Jack Geoffrey Jones,5,sole_trader;uninformative,1
10428,1-4DDYMQM,MVRL63472,Jack Hai-Yun Cheung,5,sole_trader;uninformative,1
10429,1-XU2-3404,MVRL27308,Jack Kelleyan,5,sole_trader;uninformative,1
10430,1-426QHVI,MVRL61619,Jack Kevin Saunders,5,sole_trader;uninformative,1
10431,1-4CWKBAK,MVRL63199,Jack Leslie Andersen,5,sole_trader;uninformative,1
10432,1-4B49876,MVRL62853,Jack Relph,5,sole_trader;uninformative,1
10433,1-4DPFIWC,MVRL63497,Jack Wilson,5,sole_trader;uninformative,1
10434,1-23DWV7L,MVRL53229,Jack Yemenian,5,sole_trader;uninformative,1
10435,1-4FHT6AS,MVRL63704,Jackson Davies,5,sole_trader;uninformative,1
10436,1-3LCUW10,MVRL58210,Jackson Peter Copeman,5,sole_trader;uninformative,1
10437,1-4GJR6N4,MVRL63898,Jackson Steven Frank Hersee,5,sole_trader;uninformative,1
10438,1-3U2D6MW,MVRL60357,Jacob Albert Shirley,5,sole_trader;uninformative,1
10439,1-41F45PU,MVRL61463,Jacob Bryan Portelli,5,sole_trader;uninformative,1
10440,1-3Q3OAVW,MVRL59613,Jacob Daniel Bourke,5,sole_trader;uninformative,1
10441,1-4IA6W1I,MVRL64177,Jacob David Fletcher,5,sole_trader;uninformative,1
10442,1-4GEM1J8,MVRL63834,Jacob Fellowes,5,sole_trader;uninformative,1
10443,1-41AU2X4,MVRL61494,Jacob Hugh Felice,5,sole_trader;uninformative,1
10444,1-2NHQ36L,MVRL54372,Jacob Ian Marshall,5,sole_trader;uninformative,1
10445,1-3QAAE7Y,MVRL59693,Jacob James Meredith,5,sole_trader;uninformative,1
10446,1-4JLBIBK,MVRL64384,Jacob Ray Khattar,5,sole_trader;uninformative,1
10447,1-4C94R3U,MVRL62975,Jacob Samuel Zietsch,5,sole_trader;uninformative,1
10448,1-3TUG4WU,MVRL60317,Jacob William Upton,5,sole_trader;uninformative,1
10449,1-34AI7R5,MVRL55312,Jacopo Musca,5,sole_trader;uninformative,1
10450,1-46K00LS,MVRL62099,Jad Jehad Majdalani,5,sole_trader;uninformative,1
10451,1-4JF441W,MVRL64352,Jaden David Laubscher,5,sole_trader;uninformative,1
10452,1-XTX-209,MVRL43330,Jae Seung Chung,5,sole_trader;uninformative,1
10453,1-4DYHGDM,MVRL63443,Jaedein Gabanski,5,sole_trader;uninformative,1
10454,1-4061AN0,MVRL61214,Jai Anthony Trotter,5,sole_trader;uninformative,1
10455,1-4D3MZDE,MVRL63151,Jai Patrick Steele,5,sole_trader;uninformative,1
10456,1-3IX0L4K,MVRL57345,Jaidyn Michael Steele,5,sole_trader;uninformative,1
10457,1-4042H8E,MVRL61240,Jaime Berry,5,sole_trader;uninformative,1
10458,1-4GQ1W5U,MVRL63920,Jake Allyn Kennedy,5,sole_trader;uninformative,1
10459,1-36KGTLD,MVRL55624,Jake Cassar,5,sole_trader;uninformative,1
10460,1-3O1C2HA,MVRL59129,Jake Maurice Breed,5,sole_trader;uninformative,1
10461,1-4640GT5,MVRL62054,Jake Peter Rice,5,sole_trader;uninformative,1
10462,1-3GB5TME,MVRL56964,Jake Trotter,5,sole_trader;uninformative,1
10463,1-3S1WKFU,MVRL60037,Jake Tyler Mitchell,5,sole_trader;uninformative,1
10464,1-1HSM07A,MVRL53413,Jamal Moukhallalati,5,sole_trader;uninformative,1
10465,1-4HLBPB0,MVRL64029,James Alfred De Abreu,5,sole_trader;uninformative,1
10466,1-346PA3N,MVRL55285,James Andrew Hansen Travis,5,sole_trader;uninformative,1
10467,1-4IEYDBA,MVRL64306,James Andrew Lathouras,5,sole_trader;uninformative,1
10468,1-1O5RM4L,MVRL52468,James Andrew Morrison,5,sole_trader;uninformative,1
10469,1-3SMZ4RK,MVRL60129,James Andrew Stewart,5,sole_trader;uninformative,1
10470,1-ODJK3Z,MVRL49370,James Anthony King,5,sole_trader;uninformative,1
10471,1-29H691T,MVRL53518,James Brendon Russ,5,sole_trader;uninformative,1
10472,1-4EO88II,MVRL63550,JAMES CAMERON KELLY,5,sole_trader;uninformative,1
10473,1-71K5OJ,MVRL47309,James Colin Mckinnon,5,sole_trader;uninformative,1
10474,1-XTQ-4681,MVRL41812,James Craig Price,5,sole_trader;uninformative,1
10475,1-4B3TT12,MVRL62883,James Dimitri Mekrizis,5,sole_trader;uninformative,1
10476,1-XUC-1884,MVRL39905,James Elliot Brown,5,sole_trader;uninformative,1
10477,1-12K4G88,MVRL50761,James Frederick Santangelo,5,sole_trader;uninformative,1
10478,1-2WWAJHE,MVRL54590,James Geoffrey Pendleton,5,sole_trader;uninformative,1
10479,1-3P6PTI8,MVRL59408,James John Anderson,5,sole_trader;uninformative,1
10480,1-4HXNIUC,MVRL63998,James John Collits,5,sole_trader;uninformative,1
10481,1-1HL4MRJ,MVRL51854,James Lawerence Palmer,5,sole_trader;uninformative,1
10482,1-3Z081XY,MVRL61055,James Mathew Bateman-Crowther,5,sole_trader;uninformative,1
10483,1-47P1OB2,MVRL62258,James Michael Connelly,5,sole_trader;uninformative,1
10484,1-47S98KS,MVRL62422,James Page,5,sole_trader;uninformative,1
10485,1-3F0EPYZ,MVRL56809,James Paul Peak,5,sole_trader;uninformative,1
10486,1-XTN-4577,MVRL27789,James Paul Smith,5,sole_trader;uninformative,1
10487,1-2MJPCLC,MVRL54257,James Paul Sutton,5,sole_trader;uninformative,1
10488,1-4HQW7OY,MVRL64134,James Paul William Holmes,5,sole_trader;uninformative,1
10489,1-3OQ8RMY,MVRL59229,James Raymond Lee,5,sole_trader;uninformative,1
10490,1-36GFOE1,MVRL55677,James Richard Beesley,5,sole_trader;uninformative,1
10491,1-3NPRYW0,MVRL59035,James Robert Fohmsbee,5,sole_trader;uninformative,1
10492,1-4TATBX,MVRL46727,James Robert Wagner,5,sole_trader;uninformative,1
10493,1-3P7UMW0,MVRL59339,James Stephen Hughes,5,sole_trader;uninformative,1
10494,1-46N9QKG,MVRL62090,James Steven McGrath,5,sole_trader;uninformative,1
10495,1-3JK5IBS,MVRL57629,James Stuart Mills,5,sole_trader;uninformative,1
10496,1-31YY801,MVRL54961,James Thomas King,5,sole_trader;uninformative,1
10497,1-3N20B82,MVRL58789,James Thomas Vivers,5,sole_trader;uninformative,1
10498,1-XTX-3881,MVRL14177,James William Wright,5,sole_trader;uninformative,1
10499,1-3XDDHXM,MVRL60897,James Woodvale Boyle,5,sole_trader;uninformative,1
10500,1-1X6JCRV,MVRL52938,Jamie Andjal,5,sole_trader;uninformative,1
10501,1-3ZP6LU4,MVRL61187,Jamie Andrew Loomes,5,sole_trader;uninformative,1
10502,1-1RNV98E,MVRL52580,Jamie Ashcroft,5,sole_trader;uninformative,1
10503,1-47AGSBS,MVRL62269,Jamie Brian Camilleri,5,sole_trader;uninformative,1
10504,1-4FEUXV2,MVRL63684,Jamie John Hill,5,sole_trader;uninformative,1
10505,1-45BT06Y,MVRL61981,Jamie Jorgensen,5,sole_trader;uninformative,1
10506,1-4AMN00U,MVRL62783,Jamie Lee Apps,5,sole_trader;uninformative,1
10507,1-XUC-2748,MVRL43982,Jamie Leroy Bezzina,5,sole_trader;uninformative,1
10508,1-3Q3UZZC,MVRL59714,Jamie Lou Pryor,5,sole_trader;uninformative,1
10509,1-3Z61LT4,MVRL61137,Jamie Michael McKinnon Letham,5,sole_trader;uninformative,1
10510,1-XU2-4444,MVRL30397,Jamie Michael Stubbs,5,sole_trader;uninformative,1
10511,1-3MBM1IC,MVRL58570,Jamie Richard Gardoll,5,sole_trader;uninformative,1
10512,1-356PAB9,MVRL55429,Jamie Sammut,5,sole_trader;uninformative,1
10513,1-XTX-178,MVRL43256,Jamie Troy Mccutcheon,5,sole_trader;uninformative,1
10514,1-4HWSTWC,MVRL64054,Jan Michal Banasiak,5,sole_trader;uninformative,1
10515,1-3ZO43NM,MVRL61188,Jared Earl Robertson,5,sole_trader;uninformative,1
10516,1-1BXHD35,MVRL51524,Jared Stuart Hunt,5,sole_trader;uninformative,1
10517,1-3YQSUV2,MVRL61077,Jarrod Alan Bowen,5,sole_trader;uninformative,1
10518,1-XUC-2289,MVRL41651,Jarrod Allen Saunders,5,sole_trader;uninformative,1
10519,1-4DJRT7K,MVRL63286,Jarrod Charles Edward Gatt,5,sole_trader;uninformative,1
10520,1-9T73NG,MVRL47790,Jarrod Moore,5,sole_trader;uninformative,1
10521,1-3Y25WU8,MVRL60956,Jarrod Nelson,5,sole_trader;uninformative,1
10522,1-2KM2P9U,MVRL54034,Jarrod Stephen Gould,5,sole_trader;uninformative,1
10523,1-4AGMBT2,MVRL62825,Jarrod Stewart Brus,5,sole_trader;uninformative,1
10524,1-4ATH3BU,MVRL62788,Jarrod William Wall,5,sole_trader;uninformative,1
10525,1-4C7PYSY,MVRL62922,Jason Al Qasrany,5,sole_trader;uninformative,1
10526,1-3GFL1X3,MVRL57047,Jason Andrew Hantos,5,sole_trader;uninformative,1
10527,1-3PWNJQQ,MVRL59566,Jason Barry Mulley,5,sole_trader;uninformative,1
10528,1-1D8EH1S,MVRL51546,Jason Brent McCraw,5,sole_trader;uninformative,1
10529,1-3F1JNCM,MVRL56827,Jason Charbel Boustani,5,sole_trader;uninformative,1
10530,1-3UA093Q,MVRL60429,Jason David Learmonth,5,sole_trader;uninformative,1
10531,1-3285PY7,MVRL55006,Jason De Sousa Ferreira,5,sole_trader;uninformative,1
10532,1-XTQ-4972,MVRL42602,Jason Dean Brown,5,sole_trader;uninformative,1
10533,1-35XGVHT,MVRL55508,Jason Gerald Paul Portelli,5,sole_trader;uninformative,1
10534,1-43I2OUI,MVRL61641,Jason Hipwell,5,sole_trader;uninformative,1
10535,1-4FBM3HC,MVRL63681,Jason Ian Budden,5,sole_trader;uninformative,1
10536,1-42M94R6,MVRL61553,Jason Ian Heiler,5,sole_trader;uninformative,1
10537,1-30OACZZ,MVRL54907,Jason Jaber,5,sole_trader;uninformative,1
10538,1-3FBKKYC,MVRL56893,Jason John Caswell,5,sole_trader;uninformative,1
10539,1-2Z8P4E3,MVRL54968,Jason Johnson,5,sole_trader;uninformative,1
10540,1-3EBYS0A,MVRL56752,Jason Lawrence Gee,5,sole_trader;uninformative,1
10541,1-1ORC6OP,MVRL52412,Jason Lee Boyle,5,sole_trader;uninformative,1
10542,1-2FSOTT7,MVRL53768,Jason Leslie Smith,5,sole_trader;uninformative,1
10543,1-XUC-1321,MVRL37866,Jason Lyndon O'Rourke,5,sole_trader;uninformative,1
10544,1-XTQ-4354,MVRL40987,Jason McCoy,5,sole_trader;uninformative,1
10545,1-5QICOL,MVRL47036,Jason Michael Hetherington,5,sole_trader;uninformative,1
10546,1-21N7CT5,MVRL53114,Jason Michael Hottes,5,sole_trader;uninformative,1
10547,1-3S7QTUG,MVRL60029,Jason Micheal Miller,5,sole_trader;uninformative,1
10548,1-2YF7M09,MVRL54759,Jason Patrick,5,sole_trader;uninformative,1
10549,1-3KCC8MW,MVRL57954,Jason Paul Atkinson,5,sole_trader;uninformative,1
10550,1-408W012,MVRL61249,Jason Peter Rowan,5,sole_trader;uninformative,1
10551,1-4I7JX0S,MVRL64164,Jason Reuben Garbutt,5,sole_trader;uninformative,1
10552,1-3UNXAQY,MVRL60690,Jason Robert Meech,5,sole_trader;uninformative,1
10553,1-4HEW14C,MVRL64030,Jason Ronald McGuffie,5,sole_trader;uninformative,1
10554,1-T2CN1J,MVRL49826,Jason Scott Thorn,5,sole_trader;uninformative,1
10555,1-WWCNNH,MVRL50202,Jason Thomas Megna,5,sole_trader;uninformative,1
10556,1-3DCAKM4,MVRL56566,Jason Trent Parkes,5,sole_trader;uninformative,1
10557,1-34I8C35,MVRL55408,Jason Vella,5,sole_trader;uninformative,1
10558,1-29TO09B,MVRL53590,Jason Vlado Stanja,5,sole_trader;uninformative,1
10559,1-XTX-408,MVRL43890,Jason William Greentree,5,sole_trader;uninformative,1
10560,1-35OUAON,MVRL55473,Jay Adam Young,5,sole_trader;uninformative,1
10561,1-49KUJKM,MVRL62689,Jay Brian Vincent,5,sole_trader;uninformative,1
10562,1-4GH7PDK,MVRL63761,Jayden Corey Gatt,5,sole_trader;uninformative,1
10563,1-482CQY8,MVRL62460,Jayden Costarella,5,sole_trader;uninformative,1
10564,1-4HB0AQG,MVRL64078,Jayden Lay Quach,5,sole_trader;uninformative,1
10565,1-4DVWMIY,MVRL63355,Jayden Luke Gooley,5,sole_trader;uninformative,1
10566,1-3YZM6TU,MVRL61061,Jaymie Viehbock,5,sole_trader;uninformative,1
10567,1-454QGKO,MVRL61905,Jayson Daniel Reid,5,sole_trader;uninformative,1
10568,1-11612NZ,MVRL50614,Jayson Paul Collins,5,sole_trader;uninformative,1
10569,1-40M4OI2,MVRL61297,Jaysson Gregory Snape,5,sole_trader;uninformative,1
10570,1-48XC8PE,MVRL62453,Jean Claude Kizana,5,sole_trader;uninformative,1
10571,1-44JCP2S,MVRL61814,Jed Col Gascoigne,5,sole_trader;uninformative,1
10572,1-2FEJYQJ,MVRL53871,Jeferson Eugenio Jacinto Gerhadt,5,sole_trader;uninformative,1
10573,1-XTQ-4844,MVRL42199,Jeff Ellis,5,sole_trader;uninformative,1
10574,1-XTX-1308,MVRL6864,Jeffrey Alan Stiffle,5,sole_trader;uninformative,1
10575,1-3S07O0,MVRL46179,Jeffrey Brian Hillyar,5,sole_trader;uninformative,1
10576,1-3LL9THB,MVRL58371,Jeffrey Dalli,5,sole_trader;uninformative,1
10577,1-3MS0U4C,MVRL58753,Jeffrey David Pritchard,5,sole_trader;uninformative,1
10578,1-3KOGNA7,MVRL58064,Jeffrey John Smit,5,sole_trader;uninformative,1
10579,1-XUC-1143,MVRL37241,Jeffrey Mark Mennuni,5,sole_trader;uninformative,1
10580,1-5LH4H3,MVRL46970,Jeffrey Orion Carson,5,sole_trader;uninformative,1
10581,1-4G0CZV6,MVRL63829,Jeffrey Robert Harvey,5,sole_trader;uninformative,1
10582,1-3K180M0,MVRL57789,Jehad Joe Majdalani,5,sole_trader;uninformative,1
10583,1-4BTENRQ,MVRL62899,Jei Robert Mulholland Mackey,5,sole_trader;uninformative,1
10584,1-3KK8VCR,MVRL58135,Jenson John,5,sole_trader;uninformative,1
10585,1-XTX-84,MVRL42919,Jeremie Alexandre Blandin De Chalain,5,sole_trader;uninformative,1
10586,1-3IPV9UP,MVRL57326,Jeremy Bernard Cowley,5,sole_trader;uninformative,1
10587,1-4C9PQSA,MVRL63195,Jeremy James Allan Cross,5,sole_trader;uninformative,1
10588,1-4IJGR6Y,MVRL64259,Jeremy John Boskovich,5,sole_trader;uninformative,1
10589,1-488EC3R,MVRL62267,Jeremy Jude Fernandez,5,sole_trader;uninformative,1
10590,1-3XJ5HVQ,MVRL60869,Jeremy Luke Pearsall,5,sole_trader;uninformative,1
10591,1-3DLU0GR,MVRL56632,Jeremy Michael Shaw,5,sole_trader;uninformative,1
10592,1-1FJS374,MVRL51734,Jeremy Nathan Blackney,5,sole_trader;uninformative,1
10593,1-3LZQI4K,MVRL58512,Jeremy Robert Lieschke,5,sole_trader;uninformative,1
10594,1-XTQ-3442,MVRL38758,Jeremy Schinko,5,sole_trader;uninformative,1
10595,1-45LB1OR,MVRL61889,Jerry Gordola,5,sole_trader;uninformative,1
10596,1-3JF8V12,MVRL57479,Jesse Baildon,5,sole_trader;uninformative,1
10597,1-46W7F3M,MVRL62166,Jesse Colin Walter Guy Grew,5,sole_trader;uninformative,1
10598,1-3U0EE0S,MVRL60414,Jesse Dagger,5,sole_trader;uninformative,1
10599,1-3YOJSSI,MVRL61011,Jesse Eathon O'Neill,5,sole_trader;uninformative,1
10600,1-4DMCESG,MVRL63293,Jesse Graham Hill,5,sole_trader;uninformative,1
10601,1-46JET6G,MVRL62195,Jesse James Pittman,5,sole_trader;uninformative,1
10602,1-4GM4M6U,MVRL63885,Jesse McCartney,5,sole_trader;uninformative,1
10603,1-49DVJGM,MVRL62615,Jesse Nicholas Bowman,5,sole_trader;uninformative,1
10604,1-3E6893A,MVRL56633,Jesse Robert Greenham,5,sole_trader;uninformative,1
10605,1-38LIRJD,MVRL55898,Jesse Robert Ryan,5,sole_trader;uninformative,1
10606,1-4DBFCJK,MVRL63276,Jesse Robert Trevett,5,sole_trader;uninformative,1
10607,1-4957AQ8,MVRL62566,Jesse-Jye Lenny Maurice Mcmillan,5,sole_trader;uninformative,1
10608,1-4B5W34K,MVRL62864,Jessica Ann Tuck,5,sole_trader;uninformative,1
10609,1-3TCTQPA,MVRL60248,Jiahui Huang,5,sole_trader;uninformative,1
10610,1-3S8BNNS,MVRL60036,Jiaming Liu,5,sole_trader;uninformative,1
10611,1-41O6SK6,MVRL61438,Jianrui Hu,5,sole_trader;uninformative,1
10612,1-3VSOGW0,MVRL60755,Jiayu Wang,5,sole_trader;uninformative,1
10613,1-4D2X5ES,MVRL63262,Jihad Dib,5,sole_trader;uninformative,1
10614,1-3RZZI1A,MVRL60039,Jim Tsolakki,5,sole_trader;uninformative,1
10615,1-1MPP6CC,MVRL52309,Jimmy Aligiannis,5,sole_trader;uninformative,1
10616,1-3HAMHS8,MVRL57122,Jimmy Kittisack,5,sole_trader;uninformative,1
10617,1-3MXXR3I,MVRL58727,Jimmy Lolas,5,sole_trader;uninformative,1
10618,1-3ZUHL1U,MVRL61094,Jinlong Li,5,sole_trader;uninformative,1
10619,1-3WZ3FMY,MVRL60994,Joana Cristina Marques Terencio,5,sole_trader;uninformative,1
10620,1-3TKLNOY,MVRL60288,Joao Carlos Costa Lopes,5,sole_trader;uninformative,1
10621,1-XTN-4053,MVRL26131,Joddy Craigg Olson,5,sole_trader;uninformative,1
10622,1-4GFBQ3E,MVRL63861,Jodie Lee Campbell,5,sole_trader;uninformative,1
10623,1-2WXZITS,MVRL54634,Joe Daher,5,sole_trader;uninformative,1
10624,1-XTQ-2260,MVRL36089,Joe Ida,5,sole_trader;uninformative,1
10625,1-47KNTVK,MVRL62343,Joe Kabboura,5,sole_trader;uninformative,1
10626,1-3IHKF0G,MVRL57274,Joe Mastrodomenico,5,sole_trader;uninformative,1
10627,1-2Y5H781,MVRL54726,Joe Pirreca,5,sole_trader;uninformative,1
10628,1-46PLDYQ,MVRL62270,Joel Alan Seaman,5,sole_trader;uninformative,1
10629,1-4FLXDLM,MVRL63747,Joel Anthony Jacovelli,5,sole_trader;uninformative,1
10630,1-4FPJ4PM,MVRL63805,Joel Benjamin Dunkley,5,sole_trader;uninformative,1
10631,1-48AVFU6,MVRL62442,Joel Chisholm Byram,5,sole_trader;uninformative,1
10632,1-4DRXJDK,MVRL63509,Joel Dawson,5,sole_trader;uninformative,1
10633,1-1PCQNRJ,MVRL52466,Joel Enzo Feltrin,5,sole_trader;uninformative,1
10634,1-3A8D9N3,MVRL56082,Joel Martin Grech,5,sole_trader;uninformative,1
10635,1-3SWEKAM,MVRL60207,Joel Ruben Pavez,5,sole_trader;uninformative,1
10636,1-4K828D4,MVRL64288,Joel Thomas White,5,sole_trader;uninformative,1
10637,1-41EG32,MVRL46296,John Alam,5,sole_trader;uninformative,1
10638,1-3SSE1CS,MVRL60153,John Albert Donnelly,5,sole_trader;uninformative,1
10639,1-4BCBXP8,MVRL63080,John Alexander Macgregor,5,sole_trader;uninformative,1
10640,1-XUC-2676,MVRL43553,John Alexander Philp,5,sole_trader;uninformative,1
10641,1-48QX8SM,MVRL62492,John Alfio Bonaccorso,5,sole_trader;uninformative,1
10642,1-XTN-2389,MVRL21137,John Alfred Lee,5,sole_trader;uninformative,1
10643,1-3QA3Q4M,MVRL59682,John Andrew Mannile,5,sole_trader;uninformative,1
10644,1-XU2-2964,MVRL26148,John Anthony Farrell,5,sole_trader;uninformative,1
10645,1-XTH-3590,MVRL10047,John Anthony Panetta,5,sole_trader;uninformative,1
10646,1-27YUR1V,MVRL53636,John Anthony Stewart,5,sole_trader;uninformative,1
10647,1-XTQ-616,MVRL30675,John Anthony Vella,5,sole_trader;uninformative,1
10648,1-3D1TO76,MVRL56485,John Anthony Wells,5,sole_trader;uninformative,1
10649,1-32FG1QL,MVRL55123,John Arthur Harris,5,sole_trader;uninformative,1
10650,1-XU2-1978,MVRL23182,John Austin Brice,5,sole_trader;uninformative,1
10651,1-XU2-4689,MVRL31194,John Buchanan Macrae,5,sole_trader;uninformative,1
10652,1-XTQ-4019,MVRL40185,John Cecil Williams,5,sole_trader;uninformative,1
10653,1-3OSW5CK,MVRL59263,John Charles Furber,5,sole_trader;uninformative,1
10654,1-3W6ZBL7,MVRL60718,John Charles Sprague,5,sole_trader;uninformative,1
10655,1-4GKHTUI,MVRL63896,John Desisto,5,sole_trader;uninformative,1
10656,1-XTH-3824,MVRL10703,John Elvyn Wilson,5,sole_trader;uninformative,1
10657,1-4CPPUW6,MVRL63079,John Ernest Medel Cunanan,5,sole_trader;uninformative,1
10658,1-3O3V7AQ,MVRL59214,JOHN FLORIDIA,5,sole_trader;uninformative,1
10659,1-3ITI95C,MVRL57341,John Francesco Deconti,5,sole_trader;uninformative,1
10660,1-40XVL4H,MVRL61374,John Francis Fitzgerald,5,sole_trader;uninformative,1
10661,1-XTN-3611,MVRL24813,John Goian,5,sole_trader;uninformative,1
10662,1-17Z5OSL,MVRL51291,John Gregory,5,sole_trader;uninformative,1
10663,1-1MAOF8E,MVRL52297,John Gregory Woods,5,sole_trader;uninformative,1
10664,1-XTX-1289,MVRL6800,John Haensel,5,sole_trader;uninformative,1
10665,1-1DIUXN3,MVRL51614,John Hugh Brown,5,sole_trader;uninformative,1
10666,1-46AZDD6,MVRL62010,John James Piddington,5,sole_trader;uninformative,1
10667,1-XTQ-3711,MVRL39410,John Joseph Oriordan,5,sole_trader;uninformative,1
10668,1-WWAFUG,MVRL50199,John Joseph Smyth,5,sole_trader;uninformative,1
10669,1-42IMV0,MVRL46315,John Joseph Tarrant,5,sole_trader;uninformative,1
10670,1-XTQ-1697,MVRL34631,John Keskovski,5,sole_trader;uninformative,1
10671,1-2JGXB91,MVRL53925,John Khouri,5,sole_trader;uninformative,1
10672,1-4EHFFOU,MVRL63529,John Kouris,5,sole_trader;uninformative,1
10673,1-3UM0INI,MVRL60562,John Kyriakidis,5,sole_trader;uninformative,1
10674,1-41JCR3R,MVRL61584,John Leslie Adderton,5,sole_trader;uninformative,1
10675,1-2LB623E,MVRL54125,John Leslie Hellyer,5,sole_trader;uninformative,1
10676,1-3NIE6U0,MVRL58900,John Luke Sardisco,5,sole_trader;uninformative,1
10677,1-ITWXB8,MVRL48631,John Matthew Donnelly,5,sole_trader;uninformative,1
10678,1-XTQ-909,MVRL31541,John Matthew Walsh,5,sole_trader;uninformative,1
10679,1-4ELFJWY,MVRL63557,John Mazraeanie,5,sole_trader;uninformative,1
10680,1-XTQ-65,MVRL29184,John Mcconnell,5,sole_trader;uninformative,1
10681,1-3MS5J52,MVRL59100,John McGill Ayre,5,sole_trader;uninformative,1
10682,1-XTN-302,MVRL14910,John Mchugh,5,sole_trader;uninformative,1
10683,1-3LR3G5E,MVRL58343,John McLoughlin,5,sole_trader;uninformative,1
10684,1-3XP6ANE,MVRL60913,John Michael Hodder,5,sole_trader;uninformative,1
10685,1-3I43CJK,MVRL57247,John Michael Tiamzon Oliva,5,sole_trader;uninformative,1
10686,1-1NJF9DH,MVRL52310,John Nikolovski,5,sole_trader;uninformative,1
10687,1-1H0ER8G,MVRL51829,John Novak,5,sole_trader;uninformative,1
10688,1-21RGZ71,MVRL53187,John Oste,5,sole_trader;uninformative,1
10689,1-XTQ-484,MVRL30348,John Papaioannou,5,sole_trader;uninformative,1
10690,1-3RVC5SI,MVRL59979,John Peter Cambourakis,5,sole_trader;uninformative,1
10691,1-XTX-2027,MVRL9102,John Peter Cane,5,sole_trader;uninformative,1
10692,1-451FTE6,MVRL61891,John Peter Cassels Shelley,5,sole_trader;uninformative,1
10693,1-77DVUC,MVRL47338,John Peter Sarkis,5,sole_trader;uninformative,1
10694,1-1RE4PN5,MVRL52576,John Philip Henderson,5,sole_trader;uninformative,1
10695,1-7JHX2A,MVRL47443,John Philip Payn,5,sole_trader;uninformative,1
10696,1-XTQ-4647,MVRL41723,John Raymond Mcdonald,5,sole_trader;uninformative,1
10697,1-2UODZ5P,MVRL54667,John Richard Swadling,5,sole_trader;uninformative,1
10698,1-47U7SR6,MVRL62448,John Rizeq,5,sole_trader;uninformative,1
10699,1-3JHRDMI,MVRL57421,John Robert Finke,5,sole_trader;uninformative,1
10700,1-XUC-3078,MVRL5009,John Robert Simon,5,sole_trader;uninformative,1
10701,1-4AHH7ZY,MVRL62779,John Sebelic,5,sole_trader;uninformative,1
10702,1-XTX-278,MVRL43515,John Shankar,5,sole_trader;uninformative,1
10703,1-XTQ-4777,MVRL42039,John Steve Camacho,5,sole_trader;uninformative,1
10704,1-XTX-2786,MVRL11159,John Stuart Carter(Jnr),5,sole_trader;uninformative,1
10705,1-434YFX6,MVRL61621,John Suba,5,sole_trader;uninformative,1
10706,1-45ZL4GY,MVRL62011,John Tabuso,5,sole_trader;uninformative,1
10707,1-XTQ-2280,MVRL36135,John Terence Murphy,5,sole_trader;uninformative,1
10708,1-XU2-4343,MVRL30065,John Topalidis,5,sole_trader;uninformative,1
10709,1-20JCNA3,MVRL53064,John Trevor Bown,5,sole_trader;uninformative,1
10710,1-XUC-2466,MVRL42541,John Vella,5,sole_trader;uninformative,1
10711,1-XU2-3391,MVRL27276,John Vergotis,5,sole_trader;uninformative,1
10712,1-XTX-399,MVRL43864,John Ververis,5,sole_trader;uninformative,1
10713,1-1VTG1C4,MVRL52885,John Vittorio,5,sole_trader;uninformative,1
10714,1-3L4SMAO,MVRL58171,John William Lacey,5,sole_trader;uninformative,1
10715,1-39ZI46T,MVRL56059,John William Mathews,5,sole_trader;uninformative,1
10716,1-XTX-3308,MVRL12523,John William Reynolds,5,sole_trader;uninformative,1
10717,1-3E1H71B,MVRL56630,John William Riley,5,sole_trader;uninformative,1
10718,1-4EZF80S,MVRL63587,John William Whitelaw Newton,5,sole_trader;uninformative,1
10719,1-3K6XU9I,MVRL57823,John Wooderson,5,sole_trader;uninformative,1
10720,1-XTN-1134,MVRL17350,John Zaghloul,5,sole_trader;uninformative,1
10721,1-3QMREGV,MVRL59809,John-Corey Wrona,5,sole_trader;uninformative,1
10722,1-3U6OJG6,MVRL60382,Johnnie Kennedy,5,sole_trader;uninformative,1
10723,1-OEOXZ9,MVRL49399,Johnny Alam,5,sole_trader;uninformative,1
10724,1-3HXDLZW,MVRL57138,Johnny Calabrese,5,sole_trader;uninformative,1
10725,1-3R0TJ2O,MVRL59971,Johnny Qiu,5,sole_trader;uninformative,1
10726,1-4IZJY1I,MVRL64278,Johnny Reb Muscat,5,sole_trader;uninformative,1
10727,1-3XMQX7A,MVRL60998,Jon Bernard Russell Subloo,5,sole_trader;uninformative,1
10728,1-3TSEQAY,MVRL60329,Jon Bohan,5,sole_trader;uninformative,1
10729,1-4BGC2PO,MVRL62958,Jonathan Adam Russo,5,sole_trader;uninformative,1
10730,1-4G3SSK0,MVRL63838,Jonathan David Govier,5,sole_trader;uninformative,1
10731,1-V4C3BX,MVRL50057,Jonathan George Volonte,5,sole_trader;uninformative,1
10732,1-XTQ-3532,MVRL38989,Jonathan Luke Wightman,5,sole_trader;uninformative,1
10733,1-1O7PNNJ,MVRL52394,Jonathan Magro,5,sole_trader;uninformative,1
10734,1-486DSFA,MVRL62348,Jonathan Patrick Ernesto Vidotto,5,sole_trader;uninformative,1
10735,1-3WDVTGK,MVRL60866,Jonathan Reuben Barretto,5,sole_trader;uninformative,1
10736,1-XTQ-4993,MVRL42662,Jonathan Todd Britten,5,sole_trader;uninformative,1
10737,1-XTX-282,MVRL43526,Jonathon Craig Woodland,5,sole_trader;uninformative,1
10738,1-2VR5DPV,MVRL54612,Jonathon Miles Murdoch,5,sole_trader;uninformative,1
10739,1-4APAKKA,MVRL62785,Jonathon Ray Hooper,5,sole_trader;uninformative,1
10740,1-4BRPW1E,MVRL62925,Jonelle Bucasan,5,sole_trader;uninformative,1
10741,1-47PF0V2,MVRL62330,Jordan Carr,5,sole_trader;uninformative,1
10742,1-4FIPGBA,MVRL63707,Jordan James Moriarty,5,sole_trader;uninformative,1
10743,1-45AJI2G,MVRL61952,Jordan Kenneth John Effer,5,sole_trader;uninformative,1
10744,1-3P5UPV0,MVRL59491,Jordan Kyle Ashton,5,sole_trader;uninformative,1
10745,1-3S21LHC,MVRL59993,Jordan Thomas Ryan,5,sole_trader;uninformative,1
10746,1-46S60XW,MVRL62236,Jordan Tortora,5,sole_trader;uninformative,1
10747,1-4G8ODYK,MVRL63808,Jordan William Stansell,5,sole_trader;uninformative,1
10748,1-4GP8F06,MVRL64020,Jordon Tang,5,sole_trader;uninformative,1
10749,1-XTQ-892,MVRL31501,Jorge Antonio Musa-Gonzalez,5,sole_trader;uninformative,1
10750,1-3JXNBQ1,MVRL57743,Jose Luis Fernandez,5,sole_trader;uninformative,1
10751,1-449OYCC,MVRL61778,Joseph Alexander Heath,5,sole_trader;uninformative,1
10752,1-1W8PHNF,MVRL52875,Joseph Andrew Adams,5,sole_trader;uninformative,1
10753,1-2XXDTT5,MVRL54699,Joseph Anthony Parrino,5,sole_trader;uninformative,1
10754,1-XUC-2345,MVRL41863,Joseph Benedict Kirkman,5,sole_trader;uninformative,1
10755,1-3AM2KH2,MVRL56240,Joseph Borg,5,sole_trader;uninformative,1
10756,1-XUC-1869,MVRL39854,Joseph Daniel Gauci,5,sole_trader;uninformative,1
10757,1-XTX-12,MVRL42703,Joseph George Holz,5,sole_trader;uninformative,1
10758,1-3W135CS,MVRL60665,Joseph Glenn Scrymgeour,5,sole_trader;uninformative,1
10759,1-4DOKDPU,MVRL63399,Joseph Lavorato,5,sole_trader;uninformative,1
10760,1-3X62AKU,MVRL60798,Joseph Mathew Tedone,5,sole_trader;uninformative,1
10761,1-46WST1E,MVRL62268,Joseph Michael McLeod,5,sole_trader;uninformative,1
10762,1-3NFZVHU,MVRL58883,Joseph Pedavoli,5,sole_trader;uninformative,1
10763,1-4FLY7LM,MVRL63748,Joseph Ridley Howe,5,sole_trader;uninformative,1
10764,1-XTQ-4584,MVRL41563,Joseph Sassine,5,sole_trader;uninformative,1
10765,1-XTX-1035,MVRL5944,Joseph Shafiq Khan,5,sole_trader;uninformative,1
10766,1-4IG9C50,MVRL64153,Joseph Simon Ellis,5,sole_trader;uninformative,1
10767,1-3W3AK4U,MVRL60652,Josh Laurence Pascoe,5,sole_trader;uninformative,1
10768,1-3G5O8BI,MVRL56913,Joshua Adam Boskovich,5,sole_trader;uninformative,1
10769,1-4G2QGC8,MVRL63914,Joshua Allan Cusack,5,sole_trader;uninformative,1
10770,1-3LBMS5O,MVRL58283,Joshua Brian Goddard,5,sole_trader;uninformative,1
10771,1-3SZY4E6,MVRL60424,Joshua Burbury,5,sole_trader;uninformative,1
10772,1-460N1BY,MVRL62047,Joshua Burrough,5,sole_trader;uninformative,1
10773,1-3536II1,MVRL55412,Joshua Colin James Boardman,5,sole_trader;uninformative,1
10774,1-3D5A8SS,MVRL56436,Joshua David Collins,5,sole_trader;uninformative,1
10775,1-4DSXMKY,MVRL63386,Joshua Eli Ryan,5,sole_trader;uninformative,1
10776,1-3JQ0V1E,MVRL57506,Joshua Grant Grassick,5,sole_trader;uninformative,1
10777,1-3XC6HGC,MVRL60792,Joshua Gregory Hargraves,5,sole_trader;uninformative,1
10778,1-4EYU84K,MVRL63700,Joshua Isaac Barnes,5,sole_trader;uninformative,1
10779,1-3K0AHIJ,MVRL57796,Joshua James Barrett,5,sole_trader;uninformative,1
10780,1-35OHKC5,MVRL55548,Joshua John McCluand,5,sole_trader;uninformative,1
10781,1-4I43SNE,MVRL64110,Joshua Keith Platt,5,sole_trader;uninformative,1
10782,1-4IVY78C,MVRL64255,Joshua Mark William Gray,5,sole_trader;uninformative,1
10783,1-3GAM5Z8,MVRL56933,Joshua Maxwell,5,sole_trader;uninformative,1
10784,1-40KRJ7W,MVRL61340,Joshua Michael Taylor,5,sole_trader;uninformative,1
10785,1-1LWPTX6,MVRL52327,Joshua Paul Camp,5,sole_trader;uninformative,1
10786,1-3TJ8JI8,MVRL60437,Joshua Peter Stephen Bell,5,sole_trader;uninformative,1
10787,1-3M1RWVT,MVRL58454,Joshua Phillip Stennett,5,sole_trader;uninformative,1
10788,1-4FS7Z0R,MVRL63735,Joshua Richard Vandervelden,5,sole_trader;uninformative,1
10789,1-469J7WC,MVRL62137,Joshua Robert Hammond,5,sole_trader;uninformative,1
10790,1-2J86GWV,MVRL53892,Joshua Roy Green,5,sole_trader;uninformative,1
10791,1-2M69XXT,MVRL54218,Joshua Russell McGhee,5,sole_trader;uninformative,1
10792,1-3TB1RC6,MVRL60346,Joshua Shane Montgomery,5,sole_trader;uninformative,1
10793,1-46XBY1,MVRL46335,Joshua Simon Frogley,5,sole_trader;uninformative,1
10794,1-4CCXGIO,MVRL62916,Joshua Thomas Binnie,5,sole_trader;uninformative,1
10795,1-3UP55AP,MVRL60592,Joshua Thomas Salt,5,sole_trader;uninformative,1
10796,1-4AS0714,MVRL62791,Joshua Thomas Strong,5,sole_trader;uninformative,1
10797,1-3477B3T,MVRL55291,Joshua William Geoffrey Russell,5,sole_trader;uninformative,1
10798,1-3JEFABW,MVRL57460,Joshua-Paul Buchanan Hammond,5,sole_trader;uninformative,1
10799,1-4EOE7X8,MVRL63526,Juan Carlos Campelo,5,sole_trader;uninformative,1
10800,1-4FM10P2,MVRL63749,Juan Eduardo Guerrero Castillo,5,sole_trader;uninformative,1
10801,1-291BUK8,MVRL53479,Juan Jhamil Cuba Cespedes,5,sole_trader;uninformative,1
10802,1-4CK44S2,MVRL63104,Juan Martin Romulo Medero,5,sole_trader;uninformative,1
10803,1-XTN-4884,MVRL28714,Juan Martinez,5,sole_trader;uninformative,1
10804,1-3XTYT6K,MVRL60911,Juan Miguel Pabustan Lopez,5,sole_trader;uninformative,1
10805,1-41QONHY,MVRL61402,Julian Andrew Hutchen,5,sole_trader;uninformative,1
10806,1-3C98FB2,MVRL56390,Julian Conrad Pimentel,5,sole_trader;uninformative,1
10807,1-40V7Z6G,MVRL61373,Julian Walter Seeto,5,sole_trader;uninformative,1
10808,1-4CBK890,MVRL62918,Julie Wendy Thompson,5,sole_trader;uninformative,1
10809,1-1MLU8KH,MVRL52313,Julius Lesley Haraszta,5,sole_trader;uninformative,1
10810,1-46W373E,MVRL62262,Junghwan Lee,5,sole_trader;uninformative,1
10811,1-4GUB6FW,MVRL63949,Junyong Park,5,sole_trader;uninformative,1
10812,1-410RGCE,MVRL61384,Justin Abela,5,sole_trader;uninformative,1
10813,1-3RW2U0A,MVRL60035,Justin Andrew Barnes,5,sole_trader;uninformative,1
10814,1-3S333LI,MVRL60145,Justin Christopher Rose,5,sole_trader;uninformative,1
10815,1-36A65X1,MVRL55572,Justin Corey Bosworth,5,sole_trader;uninformative,1
10816,1-BJQX52,MVRL47941,Justin Dale Smith,5,sole_trader;uninformative,1
10817,1-4F8GU0G,MVRL63683,Justin Donald Messenger,5,sole_trader;uninformative,1
10818,1-3X6TQWK,MVRL60881,Justin Doyle,5,sole_trader;uninformative,1
10819,1-45JGOME,MVRL62017,Justin James Smith,5,sole_trader;uninformative,1
10820,1-3OWTB3C,MVRL59296,Justin John Collins,5,sole_trader;uninformative,1
10821,1-43DIMYU,MVRL61647,Justin John Gatt,5,sole_trader;uninformative,1
10822,1-47MQNMU,MVRL62394,Justin Jovanovski,5,sole_trader;uninformative,1
10823,1-3OZJRPG,MVRL59406,Justin Kurt Little,5,sole_trader;uninformative,1
10824,1-3JWUNKM,MVRL57687,Justin Partington,5,sole_trader;uninformative,1
10825,1-7HUWPD,MVRL47435,Justin Paul Bailey,5,sole_trader;uninformative,1
10826,1-4CNVKCC,MVRL62992,Justin Peter Louttit,5,sole_trader;uninformative,1
10827,1-46DTK4I,MVRL62139,Justin Thomas O'Reilly,5,sole_trader;uninformative,1
10828,1-3KFI4BI,MVRL57955,Justin Varasuntara,5,sole_trader;uninformative,1
10829,1-20U8ZBX,MVRL53074,Jwanyun Kim,5,sole_trader;uninformative,1
10830,1-3SMS30U,MVRL60225,Jye Herron,5,sole_trader;uninformative,1
10831,1-3CB92CG,MVRL56469,Ka Lok Gary So,5,sole_trader;uninformative,1
10832,1-46KP1RQ,MVRL62147,Kale James Nicholson,5,sole_trader;uninformative,1
10833,1-3GOZXIQ,MVRL56966,Kalem Ralph Hush,5,sole_trader;uninformative,1
10834,1-4B2TMDS,MVRL62880,Kalid Taleb,5,sole_trader;uninformative,1
10835,1-3C6MEYE,MVRL56413,Kalim Abdul,5,sole_trader;uninformative,1
10836,1-4H7LNQG,MVRL64024,Kaluthara Koralalage Don Hirun Anthony Koralalage,5,sole_trader;uninformative,1
10837,1-4HI5M8K,MVRL64031,Kalvin George Joewono,5,sole_trader;uninformative,1
10838,1-4833DK8,MVRL62337,Kalyan Kesara Vagjani,5,sole_trader;uninformative,1
10839,1-3WKZ1F0,MVRL60803,Kamal Haddad,5,sole_trader;uninformative,1
10840,1-XTQ-2838,MVRL37442,Kamil Farhat,5,sole_trader;uninformative,1
10841,1-458ZY26,MVRL62035,Kane Maurice Trent Smith,5,sole_trader;uninformative,1
10842,1-4HFTB9O,MVRL64117,Karam Rafid Bahnam Mero,5,sole_trader;uninformative,1
10843,1-41RJANU,MVRL61450,Karl Francis Nurse,5,sole_trader;uninformative,1
10844,1-XU2-3136,MVRL26628,Karl Joseph Richardson,5,sole_trader;uninformative,1
10845,1-415VTKE,MVRL61381,Karl Ross Allen,5,sole_trader;uninformative,1
10846,1-4D6XS0U,MVRL63447,Karwan Ali,5,sole_trader;uninformative,1
10847,1-3JIQCR4,MVRL57489,Katrina Lee Gilmour,5,sole_trader;uninformative,1
10848,1-481KUJM,MVRL62338,Kawal Jit Singh,5,sole_trader;uninformative,1
10849,1-436ONEK,MVRL61629,Keagan Grant Stevens,5,sole_trader;uninformative,1
10850,1-3ZFIWRY,MVRL61147,Keegan Jon O'Callaghan,5,sole_trader;uninformative,1
10851,1-3PCVS78,MVRL59655,Keegan Mark Wilkinson Shepherd,5,sole_trader;uninformative,1
10852,1-44BU21C,MVRL61867,Keiran Mitchell Isaacs,5,sole_trader;uninformative,1
10853,1-RHQH2L,MVRL49725,Keith Lindsay Stewart,5,sole_trader;uninformative,1
10854,1-4H38WN2,MVRL63942,Keith Rumble,5,sole_trader;uninformative,1
10855,1-4739JS4,MVRL62283,Kelly John Hampton,5,sole_trader;uninformative,1
10856,1-XUC-1491,MVRL38417,Kelvin Francis Goodman,5,sole_trader;uninformative,1
10857,1-XTN-2473,MVRL21386,Kemal Karahangil,5,sole_trader;uninformative,1
10858,1-12AY1NG,MVRL50762,Ken George Evans,5,sole_trader;uninformative,1
10859,1-XTX-454,MVRL44027,Ken James Lahoud,5,sole_trader;uninformative,1
10860,1-3XUQA8O,MVRL60962,Kendall James Hume,5,sole_trader;uninformative,1
10861,1-XTQ-3910,MVRL39864,Kenneth Adamthwaite,5,sole_trader;uninformative,1
10862,1-34TKIJV,MVRL55419,Kenneth Alan Shields,5,sole_trader;uninformative,1
10863,1-XTQ-4766,MVRL42005,Kenneth Bryan O'rourke,5,sole_trader;uninformative,1
10864,1-3IPD564,MVRL57224,Kenneth David Williams,5,sole_trader;uninformative,1
10865,1-4DMAKK5,MVRL63269,Kenneth Douglas Sheelah,5,sole_trader;uninformative,1
10866,1-3S37Q8E,MVRL60090,Kenneth James Moon,5,sole_trader;uninformative,1
10867,1-CLDO0B,MVRL48009,Kenneth John Sewell,5,sole_trader;uninformative,1
10868,1-XTN-4531,MVRL27670,Kenneth Michael Vinnicombe,5,sole_trader;uninformative,1
10869,1-3NGXFBS,MVRL58862,Kenneth Raymond Jeffery,5,sole_trader;uninformative,1
10870,1-XTX-1245,MVRL662,Kenneth Sydney Lincoln,5,sole_trader;uninformative,1
10871,1-3JGJH3Q,MVRL57791,Kenny Hing Kau Chow,5,sole_trader;uninformative,1
10872,1-4BGV2PA,MVRL62962,Kenny Koulis,5,sole_trader;uninformative,1
10873,1-3WD6U3K,MVRL60712,Kent Patrick O'Leary,5,sole_trader;uninformative,1
10874,1-18FJIQZ,MVRL51310,Kerrod James Leary,5,sole_trader;uninformative,1
10875,1-356UQC5,MVRL55439,Kerry Edward Mills,5,sole_trader;uninformative,1
10876,1-40TQ2T4,MVRL61361,Kerry Gouskos,5,sole_trader;uninformative,1
10877,1-3PCRDXE,MVRL59515,Keven Michael Mooney,5,sole_trader;uninformative,1
10878,1-XU2-444,MVRL18756,Kevin Charles Peter Rayneau,5,sole_trader;uninformative,1
10879,1-3PLPLT0,MVRL59403,Kevin James Davis,5,sole_trader;uninformative,1
10880,1-4J5WY9G,MVRL64318,Kevin James Oakes,5,sole_trader;uninformative,1
10881,1-XTX-53,MVRL42830,Kevin John Agustin,5,sole_trader;uninformative,1
10882,1-Z6O8A3,MVRL50475,Kevin Mcdonald,5,sole_trader;uninformative,1
10883,1-XTQ-3990,MVRL40100,Kevin Michael Hudson,5,sole_trader;uninformative,1
10884,1-XTQ-4830,MVRL42168,Kevin Patrick Hiscox,5,sole_trader;uninformative,1
10885,1-41KUV3A,MVRL61445,Kevin Raymond Connor,5,sole_trader;uninformative,1
10886,1-3KY39FA,MVRL58215,Kevin Scott Quinn,5,sole_trader;uninformative,1
10887,1-TI18GU,MVRL49942,Kevin Smith,5,sole_trader;uninformative,1
10888,1-3PHZI42,MVRL59392,Kevin Solomos,5,sole_trader;uninformative,1
10889,1-1WOSY33,MVRL52856,Khac Phung Nguyen,5,sole_trader;uninformative,1
10890,1-25Y9GK3,MVRL53397,Khaled Arja,5,sole_trader;uninformative,1
10891,1-XUC-2844,MVRL44393,Khaled Moerbany,5,sole_trader;uninformative,1
10892,1-3LI50NY,MVRL58321,Khaled Walid Derbas,5,sole_trader;uninformative,1
10893,1-XUC-84,MVRL32565,Khalid Dabaja,5,sole_trader;uninformative,1
10894,1-XTQ-3949,MVRL39958,Khalil Arjangh,5,sole_trader;uninformative,1
10895,1-4E2IE9S,MVRL63371,Khalil El Masri,5,sole_trader;uninformative,1
10896,1-40NO5BF,MVRL61333,Khoder Junior Ghassa,5,sole_trader;uninformative,1
10897,1-1IL9SUB,MVRL51971,Khodor Jaghbir,5,sole_trader;uninformative,1
10898,1-3M6KC54,MVRL58560,Kieran Leigh Tidyman,5,sole_trader;uninformative,1
10899,1-XUC-962,MVRL36563,Kieren John Nugent,5,sole_trader;uninformative,1
10900,1-4EOL1ZK,MVRL63602,Kierran Dallas Wardrop,5,sole_trader;uninformative,1
10901,1-XTQ-1218,MVRL32264,Kigham Karkourian,5,sole_trader;uninformative,1
10902,1-XTH-4817,MVRL13557,Kim Royce Thompson,5,sole_trader;uninformative,1
10903,1-2YNDAZX,MVRL54788,Kim Terrence Donovan,5,sole_trader;uninformative,1
10904,1-XU2-4409,MVRL30271,Klaus Michalski,5,sole_trader;uninformative,1
10905,1-XTQ-1229,MVRL32294,Konstantinos Christos,5,sole_trader;uninformative,1
10906,1-44PLM0I,MVRL61899,Konstantinos Stamiris,5,sole_trader;uninformative,1
10907,1-4G2X3GA,MVRL63791,Kooper Anthony David Isedale-Smith,5,sole_trader;uninformative,1
10908,1-4I15QNR,MVRL64037,Korial Adam Korial Korial,5,sole_trader;uninformative,1
10909,1-4CCFOHA,MVRL62915,Korin John Caldwell,5,sole_trader;uninformative,1
10910,1-4EKJ93U,MVRL63531,Kosal Eng,5,sole_trader;uninformative,1
10911,1-4BAS5ZG,MVRL63007,Krikor Aghayan,5,sole_trader;uninformative,1
10912,1-4A01QWG,MVRL62857,Kris James Butler,5,sole_trader;uninformative,1
10913,1-49OM90Q,MVRL62554,Kristian Reichert,5,sole_trader;uninformative,1
10914,1-XTN-4407,MVRL27327,Kum Wing Choi,5,sole_trader;uninformative,1
10915,1-36FP49V,MVRL55604,Kurt Andrew Smith,5,sole_trader;uninformative,1
10916,1-3K8GM0A,MVRL57859,Kurt Carl Murphy,5,sole_trader;uninformative,1
10917,1-44KW9MI,MVRL61789,Kurt James Mccracken,5,sole_trader;uninformative,1
10918,1-48Q3F2Q,MVRL62484,Kurt Maxwell,5,sole_trader;uninformative,1
10919,1-34BURKJ,MVRL55324,Kurt Michael Lew,5,sole_trader;uninformative,1
10920,1-13N4EQK,MVRL50897,Kwai Cheung Harris Law,5,sole_trader;uninformative,1
10921,1-4EZS6UW,MVRL63586,Kyaw Myo Win,5,sole_trader;uninformative,1
10922,1-4H8YJ6Q,MVRL64003,Kye Thomas Mooney,5,sole_trader;uninformative,1
10923,1-4HC3NJ6,MVRL63984,Kyle Benjamin Perkins,5,sole_trader;uninformative,1
10924,1-46MUOTE,MVRL62190,Kyle Daniel Head,5,sole_trader;uninformative,1
10925,1-3RMTLF2,MVRL59957,Kym Benjamin Epe,5,sole_trader;uninformative,1
10926,1-XUC-2746,MVRL43976,Kyung Bok Oh,5,sole_trader;uninformative,1
10927,1-3NNUSH0,MVRL58966,Kyung Chan Son,5,sole_trader;uninformative,1
10928,1-3GDU8QE,MVRL57014,Kyung Taik Park,5,sole_trader;uninformative,1
10929,1-3OT3M08,MVRL59412,Lachlan Alexander Parsons,5,sole_trader;uninformative,1
10930,1-3ZDTSWO,MVRL61141,Lachlan George Calder,5,sole_trader;uninformative,1
10931,1-434IIOS,MVRL61634,Lachlan James Kevin Mumford,5,sole_trader;uninformative,1
10932,1-44FXDS2,MVRL61786,Lachlan Kobi O'Neill,5,sole_trader;uninformative,1
10933,1-4ECFC9I,MVRL63512,Lachlan Lance McClure,5,sole_trader;uninformative,1
10934,1-3MRKRZU,MVRL58719,Lachlan Matthew Hunter,5,sole_trader;uninformative,1
10935,1-3NGW7GC,MVRL58952,Lahcen Saadi,5,sole_trader;uninformative,1
10936,1-46IVM1M,MVRL62100,Lakshan Chandika Muthugama Thibbotuwawa Muthugamage,5,sole_trader;uninformative,1
10937,1-42V8RMK,MVRL61670,Lance Allan Mclean,5,sole_trader;uninformative,1
10938,1-2ZUXLY9,MVRL54855,Lance Arthur Aaron Simmonds,5,sole_trader;uninformative,1
10939,1-XUC-69,MVRL32521,Lang Edward Shields,5,sole_trader;uninformative,1
10940,1-XTQ-89,MVRL29240,Larry William Glen-Holmes,5,sole_trader;uninformative,1
10941,1-XTQ-4815,MVRL42133,Laurence Joseph Steel,5,sole_trader;uninformative,1
10942,1-XTN-4580,MVRL278,Laurens Johannes Mulder,5,sole_trader;uninformative,1
10943,1-XTX-2124,MVRL9377,Lawrence Alderton,5,sole_trader;uninformative,1
10944,1-XU2-4206,MVRL29729,Lawrence James Tuohey,5,sole_trader;uninformative,1
10945,1-48ZWM1W,MVRL62435,Lawrence Oliver Carter,5,sole_trader;uninformative,1
10946,1-QUCGFU,MVRL49656,Lawrence Sydney Young,5,sole_trader;uninformative,1
10947,1-P3BUJM,MVRL49499,Leba Bounassif,5,sole_trader;uninformative,1
10948,1-4DGZX44,MVRL63245,Lecke Justin Frost,5,sole_trader;uninformative,1
10949,1-40NINII,MVRL61289,Lee James Wood,5,sole_trader;uninformative,1
10950,1-QWDPYN,MVRL49647,Lee James Zygmund,5,sole_trader;uninformative,1
10951,1-1MPLX8P,MVRL52516,Lee Murray,5,sole_trader;uninformative,1
10952,1-4G0CIWW,MVRL63830,Lee Paul Bale,5,sole_trader;uninformative,1
10953,1-3DWJHOC,MVRL56664,Lefteris Kontos,5,sole_trader;uninformative,1
10954,1-4ENAJV8,MVRL63543,Leigh Oliver Williams,5,sole_trader;uninformative,1
10955,1-WWAFMQ,MVRL50240,Leigh Phillip Bird,5,sole_trader;uninformative,1
10956,1-F0M8UX,MVRL48379,Leigh Simon Treacey,5,sole_trader;uninformative,1
10957,1-2767MEN,MVRL53392,Leigh White,5,sole_trader;uninformative,1
10958,1-46FR2QY,MVRL62224,Leigh William Holmberg,5,sole_trader;uninformative,1
10959,1-2YGDS45,MVRL54814,Leo Vangelovski,5,sole_trader;uninformative,1
10960,1-3I3KVN6,MVRL57246,Leon Craig Bradford,5,sole_trader;uninformative,1
10961,1-3D6YBIU,MVRL56608,Leon Elias,5,sole_trader;uninformative,1
10962,1-3QGXYI4,MVRL59776,Leon Graham Gyarmati,5,sole_trader;uninformative,1
10963,1-2WAUY5B,MVRL54561,Leon Terrence Currie,5,sole_trader;uninformative,1
10964,1-XU2-196,MVRL18046,Leonard J McCloghry,5,sole_trader;uninformative,1
10965,1-1MPSELN,MVRL52293,Leonardo Pereira Osorio,5,sole_trader;uninformative,1
10966,1-XTN-1867,MVRL19579,Leslie David Stevens,5,sole_trader;uninformative,1
10967,1-V4SK8H,MVRL50000,Leslie John McCann,5,sole_trader;uninformative,1
10968,1-XTN-4414,MVRL27351,Levent Suna,5,sole_trader;uninformative,1
10969,1-4JNP5VC,MVRL64344,Levi Brown,5,sole_trader;uninformative,1
10970,1-46UJYBK,MVRL62336,Lewis Nelson Younger,5,sole_trader;uninformative,1
10971,1-3M6HLMS,MVRL58565,Lewis William Landrigan,5,sole_trader;uninformative,1
10972,1-3TSKPEA,MVRL60333,Liam Andrew Watson,5,sole_trader;uninformative,1
10973,1-4F2QVYC,MVRL63653,Liam Ashley Sedat-Carey,5,sole_trader;uninformative,1
10974,1-3PUCDKQ,MVRL59535,Liam Beverly,5,sole_trader;uninformative,1
10975,1-46S6YLU,MVRL62113,Liam James Grant,5,sole_trader;uninformative,1
10976,1-4GM6BIC,MVRL63872,Liam Mark Szczygiel,5,sole_trader;uninformative,1
10977,1-48PRFN2,MVRL62490,Liam Ritchie Levoshko,5,sole_trader;uninformative,1
10978,1-47W7SQK,MVRL62339,Lila Nath Subedi,5,sole_trader;uninformative,1
10979,1-3QMKFDA,MVRL59860,Lincoln Douglas Brunskill,5,sole_trader;uninformative,1
10980,1-XUC-2412,MVRL42204,Linda Wing Yip,5,sole_trader;uninformative,1
10981,1-3WNQOC4,MVRL60790,Lindsay John Cortis,5,sole_trader;uninformative,1
10982,1-XU2-1810,MVRL22740,Lindsay John Jones,5,sole_trader;uninformative,1
10983,1-XU2-648,MVRL19341,Lindsay John Mcmillan,5,sole_trader;uninformative,1
10984,1-25YQ97B,MVRL53376,Lindsay John Wall,5,sole_trader;uninformative,1
10985,1-XTN-1915,MVRL19749,Lindsay Neville Hawes,5,sole_trader;uninformative,1
10986,1-XUC-2675,MVRL43547,Lindsay Raymond George Mumford,5,sole_trader;uninformative,1
10987,1-40INFBM,MVRL61268,Lindsay Richmond Parr,5,sole_trader;uninformative,1
10988,1-4CW901G,MVRL63502,Lindsey Neale Stephens,5,sole_trader;uninformative,1
10989,1-3YG2V9O,MVRL61002,Linh Le,5,sole_trader;uninformative,1
10990,1-3NV8BIY,MVRL59130,Lloyd Richard Spinks,5,sole_trader;uninformative,1
10991,1-47IX9RQ,MVRL62396,Logan Andrew Crawford,5,sole_trader;uninformative,1
10992,1-4FTHIIS,MVRL63765,Logan Dane Ingold,5,sole_trader;uninformative,1
10993,1-4E5ISA0,MVRL63421,Logan George Parker,5,sole_trader;uninformative,1
10994,1-4KEH01G,MVRL64366,Lorenz Schwarz,5,sole_trader;uninformative,1
10995,1-3YH254Y,MVRL61025,Louay Alameddine,5,sole_trader;uninformative,1
10996,1-4DMI9FM,MVRL63236,Louis Kilany,5,sole_trader;uninformative,1
10997,1-4CZ4G44,MVRL63175,Lovepreet Singh,5,sole_trader;uninformative,1
10998,1-1WTT6EX,MVRL53022,Lucas Austin Sampson,5,sole_trader;uninformative,1
10999,1-4E0CDIS,MVRL63449,Lucas Ethan Braithwaite,5,sole_trader;uninformative,1
11000,1-48XG6Z2,MVRL62531,Lucas Jake Kirkwood,5,sole_trader;uninformative,1
11001,1-XU2-4216,MVRL29755,Lucas Martineos,5,sole_trader;uninformative,1
11002,1-4JWD79U,MVRL64323,Lucas Ryan Martin,5,sole_trader;uninformative,1
11003,1-3IPUUHG,MVRL57321,Lucian Spoiala,5,sole_trader;uninformative,1
11004,1-4FQGP1C,MVRL63745,Luciano John Becher,5,sole_trader;uninformative,1
11005,1-3PKFTSO,MVRL59667,Luis Matti,5,sole_trader;uninformative,1
11006,1-2KIGC15,MVRL54031,Luke Abela,5,sole_trader;uninformative,1
11007,1-3J8TF6B,MVRL57437,Luke Allen Mangion,5,sole_trader;uninformative,1
11008,1-4CU0094,MVRL62995,Luke Anthony Scanu,5,sole_trader;uninformative,1
11009,1-3II7J9K,MVRL57212,Luke Barrowcliff,5,sole_trader;uninformative,1
11010,1-3D0QIIC,MVRL56526,Luke Brett Hutchings,5,sole_trader;uninformative,1
11011,1-3MYX55U,MVRL58711,Luke Charles Galea,5,sole_trader;uninformative,1
11012,1-4FSTPNU,MVRL63756,Luke Colin Pellow,5,sole_trader;uninformative,1
11013,1-XTQ-4660,MVRL41760,Luke Damian Griffiths,5,sole_trader;uninformative,1
11014,1-47EOA0G,MVRL62168,Luke Daniel Sant,5,sole_trader;uninformative,1
11015,1-3P9UP4S,MVRL59361,Luke Douglas Marshall,5,sole_trader;uninformative,1
11016,1-4IQXBN4,MVRL64214,Luke Geoffrey Mcgregor,5,sole_trader;uninformative,1
11017,1-4GC2HTO,MVRL63849,Luke Monaghan,5,sole_trader;uninformative,1
11018,1-3VY4P16,MVRL60674,Luke Neill Green,5,sole_trader;uninformative,1
11019,1-3SDKXQ6,MVRL60125,Luke Paton,5,sole_trader;uninformative,1
11020,1-XUC-2497,MVRL42684,Luke Petrou,5,sole_trader;uninformative,1
11021,1-45M3U14,MVRL62005,Luke Pieper,5,sole_trader;uninformative,1
11022,1-4HH5CXG,MVRL64068,Luke Ryan Turnbull,5,sole_trader;uninformative,1
11023,1-3GHMV92,MVRL56963,Luke Ryan Turvey,5,sole_trader;uninformative,1
11024,1-4DHFQ5O,MVRL63283,Luke Sargent,5,sole_trader;uninformative,1
11025,1-3W7QP24,MVRL60703,Lyle Martin Donald Williams,5,sole_trader;uninformative,1
11026,1-XU2-1828,MVRL22789,Lyle Thomas Pickham,5,sole_trader;uninformative,1
11027,1-3RYMTRC,MVRL60060,Lyle William Jennings,5,sole_trader;uninformative,1
11028,1-1TWV6KP,MVRL52728,Maaroof Sediqi,5,sole_trader;uninformative,1
11029,1-57Z7W1,MVRL46789,Maciej Roman Kirstein,5,sole_trader;uninformative,1
11030,1-4AFONR6,MVRL62754,Maciej Stanislaw Czajka,5,sole_trader;uninformative,1
11031,1-4FPOVX2,MVRL63742,Mackenzie Hall,5,sole_trader;uninformative,1
11032,1-3Z9Y5L2,MVRL61154,Mackenzie Michael Johnson,5,sole_trader;uninformative,1
11033,1-41E5C6W,MVRL61413,Madawa charitha sakaraja sakarajage,5,sole_trader;uninformative,1
11034,1-3RWKNL8,MVRL59985,Mahamed Krayem,5,sole_trader;uninformative,1
11035,1-1IEBO5C,MVRL51975,Mahdi Saljh Hamed,5,sole_trader;uninformative,1
11036,1-4E0B028,MVRL63415,Maher Nasser Georges,5,sole_trader;uninformative,1
11037,1-4D8FYNW,MVRL63206,Mahmoud Bahsa,5,sole_trader;uninformative,1
11038,1-3E8NT08,MVRL56641,Mahmoud El Hamwi,5,sole_trader;uninformative,1
11039,1-3JXPQB2,MVRL57744,Mahmoud El-Chami,5,sole_trader;uninformative,1
11040,1-49A1PSM,MVRL62552,Mahmoud Ghazi,5,sole_trader;uninformative,1
11041,1-4E685HA,MVRL63427,Mahmoud Hussein,5,sole_trader;uninformative,1
11042,1-3RPTU8M,MVRL59938,Mahmoud Kassir,5,sole_trader;uninformative,1
11043,1-3AUB5E2,MVRL56184,Mahmoud Rai,5,sole_trader;uninformative,1
11044,1-444E8WS,MVRL61793,Mai Hoang Phuoc Nguyen,5,sole_trader;uninformative,1
11045,1-436M6NK,MVRL61624,Malcolm John Aylett,5,sole_trader;uninformative,1
11046,1-3BQLGS0,MVRL56299,Malek Eid,5,sole_trader;uninformative,1
11047,1-4G7UUES,MVRL63855,Mandeep Singh Samra,5,sole_trader;uninformative,1
11048,1-2BLDWYW,MVRL53674,Mangesh Balu Chorat,5,sole_trader;uninformative,1
11049,1-46N3F8U,MVRL62024,Manjo Chalhoub,5,sole_trader;uninformative,1
11050,1-47CP4BI,MVRL62208,Manoj Nadarajah,5,sole_trader;uninformative,1
11051,1-3AI4LE5,MVRL56132,Manouk Baghdassarian,5,sole_trader;uninformative,1
11052,1-QOWDZU,MVRL49632,Mansour Jreige,5,sole_trader;uninformative,1
11053,1-XTQ-4663,MVRL41767,Manuel Aranega,5,sole_trader;uninformative,1
11054,1-XTQ-2865,MVRL37515,Manuel Hliounakis,5,sole_trader;uninformative,1
11055,1-43SINKI,MVRL61715,Marc Joseph Dadula Hilado,5,sole_trader;uninformative,1
11056,1-4H3U7EO,MVRL63952,Marc Selan,5,sole_trader;uninformative,1
11057,1-3QX75RF,MVRL59836,Marco Beglinger,5,sole_trader;uninformative,1
11058,1-XUC-198,MVRL32938,Marcus Eichhorn,5,sole_trader;uninformative,1
11059,1-4YQV9S,MVRL46762,Marcus Fitchett Wemyss Heath,5,sole_trader;uninformative,1
11060,1-4AUCJO0,MVRL62806,Marcus Frank Cavallaro,5,sole_trader;uninformative,1
11061,1-13GYQUD,MVRL50833,Marcus Kevin Stephens,5,sole_trader;uninformative,1
11062,1-3Y41MEZ,MVRL60959,Marcus Reginald Osborne,5,sole_trader;uninformative,1
11063,1-XTQ-4987,MVRL42643,Marcus William Karam,5,sole_trader;uninformative,1
11064,1-417SW7A,MVRL61403,Mario Andrew Philipou,5,sole_trader;uninformative,1
11065,1-1F1V3KV,MVRL51901,Mario Compatangelo,5,sole_trader;uninformative,1
11066,1-3WAUXAG,MVRL60839,Mario Gulisano,5,sole_trader;uninformative,1
11067,1-3R6P0BW,MVRL59845,Mario Kingsley,5,sole_trader;uninformative,1
11068,1-38YXTMP,MVRL55994,Mario Mora,5,sole_trader;uninformative,1
11069,1-XUC-4273,MVRL8081,Mario Pappalardo,5,sole_trader;uninformative,1
11070,1-XTX-338,MVRL43702,Mark Albert Oliver,5,sole_trader;uninformative,1
11071,1-3PYF3YA,MVRL59773,Mark Alexander Wilkinson,5,sole_trader;uninformative,1
11072,1-XTN-4592,MVRL27828,Mark Andrew Austin,5,sole_trader;uninformative,1
11073,1-XTX-4849,MVRL17018,Mark Andrew Cowling,5,sole_trader;uninformative,1
11074,1-36B6GZ1,MVRL55591,Mark Andrew Dawson,5,sole_trader;uninformative,1
11075,1-QMH27W,MVRL49615,Mark Andrew Stanger,5,sole_trader;uninformative,1
11076,1-1VGXR77,MVRL52812,Mark Andrew Wingrove,5,sole_trader;uninformative,1
11077,1-361XQR,MVRL45832,Mark Anthony Cooper,5,sole_trader;uninformative,1
11078,1-XTN-4415,MVRL27355,Mark Anthony Howard,5,sole_trader;uninformative,1
11079,1-XU2-851,MVRL20023,Mark Anthony Sands,5,sole_trader;uninformative,1
11080,1-XUC-1666,MVRL39050,Mark Anthony Sawyer,5,sole_trader;uninformative,1
11081,1-XTQ-3213,MVRL38292,Mark Anthony Thomas,5,sole_trader;uninformative,1
11082,1-3LR1RS2,MVRL58388,Mark Anthony Toomey,5,sole_trader;uninformative,1
11083,1-4GBJ0EU,MVRL63848,Mark Bryan Fletcher,5,sole_trader;uninformative,1
11084,1-4FC640I,MVRL63663,Mark Christopher Rudd,5,sole_trader;uninformative,1
11085,1-XU2-2416,MVRL24462,Mark Colin Bainbridge,5,sole_trader;uninformative,1
11086,1-OBAKEF,MVRL49356,Mark Curtin,5,sole_trader;uninformative,1
11087,1-E8O5PF,MVRL48189,Mark David James Stead,5,sole_trader;uninformative,1
11088,1-3DSUXH6,MVRL56621,Mark David McLeod,5,sole_trader;uninformative,1
11089,1-3SXTVVE,MVRL60175,Mark Denis Wiley,5,sole_trader;uninformative,1
11090,1-XTN-3843,MVRL25466,Mark Dow Walton,5,sole_trader;uninformative,1
11091,1-XTN-3804,MVRL25375,Mark English,5,sole_trader;uninformative,1
11092,1-G34SXR,MVRL48494,Mark Francis Stevens,5,sole_trader;uninformative,1
11093,1-3NG21P4,MVRL58884,Mark Garry Rootes,5,sole_trader;uninformative,1
11094,1-XTQ-3330,MVRL38514,Mark Gary Pucher,5,sole_trader;uninformative,1
11095,1-3NE48YS,MVRL58859,Mark Geoffrey Young,5,sole_trader;uninformative,1
11096,1-XTQ-225,MVRL29612,Mark Gerard Butler,5,sole_trader;uninformative,1
11097,1-UXVHPY,MVRL49971,Mark Henry Plummer,5,sole_trader;uninformative,1
11098,1-2GL0NV,MVRL45122,Mark James Gumbleton,5,sole_trader;uninformative,1
11099,1-4IQZQEG,MVRL64272,Mark James Jackson,5,sole_trader;uninformative,1
11100,1-44PKME0,MVRL61900,Mark James Lyons,5,sole_trader;uninformative,1
11101,1-2BL13O2,MVRL53668,Mark Jeffrey Peters,5,sole_trader;uninformative,1
11102,1-XU2-2428,MVRL24504,Mark Kenneth Theodore,5,sole_trader;uninformative,1
11103,1-3LP1H48,MVRL58347,Mark Kourkees,5,sole_trader;uninformative,1
11104,1-3J25P9X,MVRL57314,Mark Leslie Fielder,5,sole_trader;uninformative,1
11105,1-XTN-3390,MVRL24213,Mark Milton Bower,5,sole_trader;uninformative,1
11106,1-2NALHQP,MVRL54416,Mark Morrison,5,sole_trader;uninformative,1
11107,1-XTQ-1333,MVRL32559,Mark Nicholas Donovan,5,sole_trader;uninformative,1
11108,1-XTX-41,MVRL42803,Mark Paul Ostermann,5,sole_trader;uninformative,1
11109,1-XTN-4914,MVRL28778,Mark Raymond Ewings,5,sole_trader;uninformative,1
11110,1-ZA75EC,MVRL50476,Mark Robert Carpenter,5,sole_trader;uninformative,1
11111,1-42F1GF6,MVRL61949,Mark Robert Dudacek,5,sole_trader;uninformative,1
11112,1-3OF8DZ6,MVRL59069,Mark Rose,5,sole_trader;uninformative,1
11113,1-1U9QCR9,MVRL52749,Mark Ross Jones,5,sole_trader;uninformative,1
11114,1-1G40GTT,MVRL51892,Mark Saad,5,sole_trader;uninformative,1
11115,1-XTX-349,MVRL43729,Mark Shane Thurtell,5,sole_trader;uninformative,1
11116,1-XUC-2529,MVRL42793,Mark Shane Wilson,5,sole_trader;uninformative,1
11117,1-4BXQQ6I,MVRL63263,Mark Stephen Lewis,5,sole_trader;uninformative,1
11118,1-4F9J6QA,MVRL63648,Mark Stockley,5,sole_trader;uninformative,1
11119,1-XTQ-2120,MVRL35730,Mark Thomas Hyatt,5,sole_trader;uninformative,1
11120,1-XUC-720,MVRL35687,Mark Thomas Young,5,sole_trader;uninformative,1
11121,1-40YX990,MVRL61375,Mark Wayne Springfield,5,sole_trader;uninformative,1
11122,1-3TMDADE,MVRL60348,Mark William Barry Korsch,5,sole_trader;uninformative,1
11123,1-XU2-3545,MVRL27671,Mark William Sammut,5,sole_trader;uninformative,1
11124,1-3PUDKB2,MVRL59553,Mark-Ryan Bernardo Legaspi,5,sole_trader;uninformative,1
11125,1-326Q5CZ,MVRL55018,Marko Mitrovic,5,sole_trader;uninformative,1
11126,1-481F08S,MVRL62353,Marlon Marcos,5,sole_trader;uninformative,1
11127,1-3B4O9OA,MVRL56216,Marshall Andrew Bell,5,sole_trader;uninformative,1
11128,1-3WTGPEA,MVRL60769,Marten Nomm,5,sole_trader;uninformative,1
11129,1-3Q2EKCW,MVRL59603,Martin Casserley,5,sole_trader;uninformative,1
11130,1-FHOOV5,MVRL48354,Martin Christian Gottstein,5,sole_trader;uninformative,1
11131,1-37B7LWN,MVRL55756,Martin Ian Wasley,5,sole_trader;uninformative,1
11132,1-16FAJ2X,MVRL51164,Martin James De Kock,5,sole_trader;uninformative,1
11133,1-XUC-1728,MVRL39280,Martin John Goldstone,5,sole_trader;uninformative,1
11134,1-1G90D2U,MVRL51787,Martin Khamis,5,sole_trader;uninformative,1
11135,1-41HPUFC,MVRL61428,Martin Terence Attard,5,sole_trader;uninformative,1
11136,1-XUC-455,MVRL34807,Marty Dick,5,sole_trader;uninformative,1
11137,1-XTX-411,MVRL43895,Martyn William Dwyer,5,sole_trader;uninformative,1
11138,1-49WLC57,MVRL62671,Marwan Hamze,5,sole_trader;uninformative,1
11139,1-4GJMTE0,MVRL63929,Mason Alexander Dempsey,5,sole_trader;uninformative,1
11140,1-3LE572M,MVRL58317,massimiliano cassoni,5,sole_trader;uninformative,1
11141,1-3Y0AQHE,MVRL61019,Mathew Anthony Mifsud,5,sole_trader;uninformative,1
11142,1-3W0L6Q6,MVRL60685,Mathew Craig Ramaker,5,sole_trader;uninformative,1
11143,1-3ECY5OI,MVRL56728,Mathew David Sainsbury,5,sole_trader;uninformative,1
11144,1-4G50WUW,MVRL63853,Mathew Denis Uildriks,5,sole_trader;uninformative,1
11145,1-4H8GLJY,MVRL64005,Mathew Glenn Haberfield,5,sole_trader;uninformative,1
11146,1-4E1RZR6,MVRL63397,Mathew James Anthony Claridge,5,sole_trader;uninformative,1
11147,1-493SDOS,MVRL62585,Mathew Jeffrey Lennon,5,sole_trader;uninformative,1
11148,1-3V5Y83A,MVRL60728,Mathew John Nelson,5,sole_trader;uninformative,1
11149,1-4BER8QO,MVRL62898,Mathew Joseph Jonoski,5,sole_trader;uninformative,1
11150,1-48JYM4S,MVRL62533,Mathew Keith McDonald,5,sole_trader;uninformative,1
11151,1-4737BP2,MVRL62260,Mathew Luke Higgins,5,sole_trader;uninformative,1
11152,1-3H7HOE1,MVRL57196,Mathew Nicholas Barnes,5,sole_trader;uninformative,1
11153,1-4A60CRA,MVRL62816,Mathew Paul Adams,5,sole_trader;uninformative,1
11154,1-3R6RYG6,MVRL59914,Mathew Paul Kennedy,5,sole_trader;uninformative,1
11155,1-48JL7TG,MVRL62611,Mathew Ridley,5,sole_trader;uninformative,1
11156,1-36O6591,MVRL55653,Mathew Stanley Smart,5,sole_trader;uninformative,1
11157,1-3VPI1Y2,MVRL60762,Matt Candish,5,sole_trader;uninformative,1
11158,1-3NGE5SU,MVRL58994,Matt David Murray,5,sole_trader;uninformative,1
11159,1-3P57S56,MVRL59356,Matt Dawson-Andrews,5,sole_trader;uninformative,1
11160,1-3QJTKKC,MVRL59828,Matt John Abela,5,sole_trader;uninformative,1
11161,1-O4VGKL,MVRL49337,Matthew Adam Lay,5,sole_trader;uninformative,1
11162,1-3CT7AT0,MVRL56446,Matthew Alexander Parker-Tynan,5,sole_trader;uninformative,1
11163,1-XTQ-1931,MVRL35229,Matthew Arnold White,5,sole_trader;uninformative,1
11164,1-3STGX0A,MVRL60219,Matthew Brian Benney,5,sole_trader;uninformative,1
11165,1-2KSXFNZ,MVRL54148,Matthew Brian Woolerton,5,sole_trader;uninformative,1
11166,1-1LOK1BB,MVRL52172,Matthew Campbell Riley,5,sole_trader;uninformative,1
11167,1-3VXF83G,MVRL60776,Matthew Charles Phillips,5,sole_trader;uninformative,1
11168,1-4J1GIKQ,MVRL64277,Matthew Charles Reichardt,5,sole_trader;uninformative,1
11169,1-2JLXN8,MVRL45167,Matthew Craig Tyack,5,sole_trader;uninformative,1
11170,1-3M3M26G,MVRL58494,Matthew David Vicary,5,sole_trader;uninformative,1
11171,1-4F4WPPY,MVRL63701,Matthew Davydde Albans,5,sole_trader;uninformative,1
11172,1-173XVWC,MVRL51217,Matthew Desmond Harmer,5,sole_trader;uninformative,1
11173,1-48X4DW,MVRL46370,Matthew Di Maria,5,sole_trader;uninformative,1
11174,1-3TO1P3O,MVRL60341,Matthew Donald Jeffcoate,5,sole_trader;uninformative,1
11175,1-3LVIY2K,MVRL58414,Matthew Gordon Hughes,5,sole_trader;uninformative,1
11176,1-42GQQKU,MVRL61508,Matthew Ian Menzies,5,sole_trader;uninformative,1
11177,1-4F07GXY,MVRL63619,Matthew James,5,sole_trader;uninformative,1
11178,1-49QBBPS,MVRL62684,Matthew James Coates,5,sole_trader;uninformative,1
11179,1-29W4NOC,MVRL53538,Matthew James Hopwood,5,sole_trader;uninformative,1
11180,1-3CKU2I,MVRL45952,Matthew James McDonald,5,sole_trader;uninformative,1
11181,1-340VNZX,MVRL55243,Matthew James Rawson,5,sole_trader;uninformative,1
11182,1-3JS7J4O,MVRL57681,Matthew James Smithers,5,sole_trader;uninformative,1
11183,1-2NYSC23,MVRL54399,Matthew Jason French,5,sole_trader;uninformative,1
11184,1-3JMNZUC,MVRL57445,Matthew John Best,5,sole_trader;uninformative,1
11185,1-XTQ-3000,MVRL37837,Matthew John Fish,5,sole_trader;uninformative,1
11186,1-4AVEZXW,MVRL62746,Matthew John McKenzie,5,sole_trader;uninformative,1
11187,1-3I02IVC,MVRL57227,Matthew John Pearse,5,sole_trader;uninformative,1
11188,1-XTN-3053,MVRL2324,Matthew John Perkins,5,sole_trader;uninformative,1
11189,1-3OZFGQ0,MVRL59469,Matthew John Small,5,sole_trader;uninformative,1
11190,1-4E597Z0,MVRL63436,Matthew John Stephenson,5,sole_trader;uninformative,1
11191,1-XTX-1328,MVRL6940,Matthew John Windsor,5,sole_trader;uninformative,1
11192,1-3L52GDO,MVRL58184,Matthew Joseph Fletcher,5,sole_trader;uninformative,1
11193,1-3D2QK7F,MVRL56527,Matthew Joseph Salter,5,sole_trader;uninformative,1
11194,1-3838IMQ,MVRL55854,Matthew Joshua North,5,sole_trader;uninformative,1
11195,1-3AF1XW5,MVRL56134,Matthew Kevin Goodbun,5,sole_trader;uninformative,1
11196,1-4AGSZOM,MVRL62769,Matthew Luke Fliedner Abbott,5,sole_trader;uninformative,1
11197,1-42BICX4,MVRL61606,Matthew Neil Kerma,5,sole_trader;uninformative,1
11198,1-XTQ-4864,MVRL42245,Matthew Paul Thurlow,5,sole_trader;uninformative,1
11199,1-XTX-237,MVRL43403,Matthew Perry,5,sole_trader;uninformative,1
11200,1-3JMKQMW,MVRL57565,Matthew Peter Holcombe,5,sole_trader;uninformative,1
11201,1-4DM4NMG,MVRL63362,Matthew Peter James Wade,5,sole_trader;uninformative,1
11202,1-4AZM2AG,MVRL62854,Matthew Portelli,5,sole_trader;uninformative,1
11203,1-33QC4OH,MVRL55177,Matthew Robert Lukins,5,sole_trader;uninformative,1
11204,1-4B7T0E4,MVRL63097,Matthew Rosenthal,5,sole_trader;uninformative,1
11205,1-2J5MZ15,MVRL53883,Matthew Scott Power,5,sole_trader;uninformative,1
11206,1-2L65D8J,MVRL54189,Matthew Thomas Craig,5,sole_trader;uninformative,1
11207,1-2MQMNJF,MVRL54327,Matthew Thomas Hawke,5,sole_trader;uninformative,1
11208,1-4IDGQO8,MVRL64200,Matthew Thomas Pace,5,sole_trader;uninformative,1
11209,1-4D8LTG8,MVRL63207,Matthew Thomas Preston,5,sole_trader;uninformative,1
11210,1-4CFFSO6,MVRL62931,Matthew Todd Webber,5,sole_trader;uninformative,1
11211,1-3S00J2W,MVRL60122,Matthew Wade Cotter,5,sole_trader;uninformative,1
11212,1-3ER0H8A,MVRL56829,Matthew Warren Pirie,5,sole_trader;uninformative,1
11213,1-3RQFNHI,MVRL60075,Matthew William Leslie Crozier,5,sole_trader;uninformative,1
11214,1-44JINVK,MVRL61816,Matthew Wintle,5,sole_trader;uninformative,1
11215,1-4GSS7GK,MVRL63938,Matthew-Nigel Henderson,5,sole_trader;uninformative,1
11216,1-2B0LOA5,MVRL53619,Maurice Girotto,5,sole_trader;uninformative,1
11217,1-XTX-4941,MVRL17272,Maurice Leslie King,5,sole_trader;uninformative,1
11218,1-3Q32A0K,MVRL59669,Maurice Thomas Alfred Schembri,5,sole_trader;uninformative,1
11219,1-2WKQE23,MVRL54601,Max Jonathan Winter,5,sole_trader;uninformative,1
11220,1-4476J9U,MVRL61847,Maximillian Leister-Williams,5,sole_trader;uninformative,1
11221,1-XU2-2318,MVRL24167,Maxwell Ronald Hutchins,5,sole_trader;uninformative,1
11222,1-4E7IP2O,MVRL63438,Mayssara El Ali,5,sole_trader;uninformative,1
11223,1-3PCV3S2,MVRL59409,Maytham Badawi,5,sole_trader;uninformative,1
11224,1-4BWAY4E,MVRL63029,Mayura Sihantha Nanayakkara Badungodage,5,sole_trader;uninformative,1
11225,1-3L6TODS,MVRL58112,Mazen Helwe,5,sole_trader;uninformative,1
11226,1-4EUZRP4,MVRL63573,Mehidi Hussaini,5,sole_trader;uninformative,1
11227,1-1IDVYQ1,MVRL51940,Melissa Ann Hardwicke,5,sole_trader;uninformative,1
11228,1-XTX-707,MVRL4699,Melvin John Yeomans,5,sole_trader;uninformative,1
11229,1-XTX-3015,MVRL11747,Mervyn Patrick Peetz,5,sole_trader;uninformative,1
11230,1-3LOIJX6,MVRL58521,Mesut Ceyhan,5,sole_trader;uninformative,1
11231,1-XUC-2834,MVRL44345,Michael A Vella,5,sole_trader;uninformative,1
11232,1-3YVDCVA,MVRL61046,Michael Alexander Williams,5,sole_trader;uninformative,1
11233,1-39VPKP1,MVRL56066,Michael Andrew Cooke,5,sole_trader;uninformative,1
11234,1-16I89OY,MVRL51122,Michael Andrew Inzitari,5,sole_trader;uninformative,1
11235,1-4CIKWCP,MVRL62900,Michael Anthony Acland,5,sole_trader;uninformative,1
11236,1-1N0YUE7,MVRL52373,Michael Anthony Caruana,5,sole_trader;uninformative,1
11237,1-4465XDE,MVRL61807,Michael Anthony Cimino,5,sole_trader;uninformative,1
11238,1-U2ADCA,MVRL49910,Michael Arthur Mcleay,5,sole_trader;uninformative,1
11239,1-44SY400,MVRL61871,Michael Benjamin Fenech,5,sole_trader;uninformative,1
11240,1-XU2-4041,MVRL29245,Michael Bognar,5,sole_trader;uninformative,1
11241,1-4IELGVA,MVRL64156,Michael Bond,5,sole_trader;uninformative,1
11242,1-3JWTNJY,MVRL57729,Michael Brejwo,5,sole_trader;uninformative,1
11243,1-3F4TVQC,MVRL56854,Michael Brian Buttriss,5,sole_trader;uninformative,1
11244,1-3IVD0FY,MVRL57293,Michael Broadbent,5,sole_trader;uninformative,1
11245,1-128LML1,MVRL50705,Michael Carnovale,5,sole_trader;uninformative,1
11246,1-2WTK7DV,MVRL54720,Michael Cazilieris,5,sole_trader;uninformative,1
11247,1-XU2-4387,MVRL30194,Michael Christopher Roberts,5,sole_trader;uninformative,1
11248,1-XTX-245,MVRL43427,Michael Chryssovelonis,5,sole_trader;uninformative,1
11249,1-45UKTV0,MVRL62083,Michael D'amato,5,sole_trader;uninformative,1
11250,1-4I5DKMM,MVRL64217,Michael David Dimond,5,sole_trader;uninformative,1
11251,1-45LUIXI,MVRL62064,Michael David Goggins,5,sole_trader;uninformative,1
11252,1-404JL7Y,MVRL61339,Michael David Payne,5,sole_trader;uninformative,1
11253,1-3KXBKKY,MVRL58120,Michael Diaz Tolentino,5,sole_trader;uninformative,1
11254,1-XU2-4805,MVRL31658,Michael Dolores,5,sole_trader;uninformative,1
11255,1-3XYVJWW,MVRL60926,Michael Dominic Cappello,5,sole_trader;uninformative,1
11256,1-1PMBJSQ,MVRL52464,Michael Driscoll Woodham,5,sole_trader;uninformative,1
11257,1-3NAW150,MVRL58809,Michael Edward Keegan,5,sole_trader;uninformative,1
11258,1-3P3IERO,MVRL59348,Michael Edward Victor Lindeberg,5,sole_trader;uninformative,1
11259,1-XUC-2426,MVRL42298,Michael Ernest Eddes,5,sole_trader;uninformative,1
11260,1-XTN-221,MVRL14685,Michael Ernest Ward,5,sole_trader;uninformative,1
11261,1-1RFQH86,MVRL52585,Michael Franke,5,sole_trader;uninformative,1
11262,1-PRE0T3,MVRL49537,Michael Gambin,5,sole_trader;uninformative,1
11263,1-36FKQX1,MVRL55607,Michael Geoffery Granger,5,sole_trader;uninformative,1
11264,1-1O31WUG,MVRL52387,Michael George Shoobert,5,sole_trader;uninformative,1
11265,1-XTN-4165,MVRL26554,Michael George Turner,5,sole_trader;uninformative,1
11266,1-36GEBJF,MVRL55614,Michael Gerard Buckley,5,sole_trader;uninformative,1
11267,1-3J76F9A,MVRL57441,Michael Gus Mohr,5,sole_trader;uninformative,1
11268,1-135KWGY,MVRL50800,Michael Hart,5,sole_trader;uninformative,1
11269,1-2JLY0B,MVRL45175,Michael Horsley,5,sole_trader;uninformative,1
11270,1-XUC-2480,MVRL42617,Michael James Anthony,5,sole_trader;uninformative,1
11271,1-XU2-2917,MVRL25984,Michael James Charnock,5,sole_trader;uninformative,1
11272,1-4JJR8QG,MVRL64332,Michael James Grant,5,sole_trader;uninformative,1
11273,1-4J3MBBE,MVRL64286,Michael James Lynch,5,sole_trader;uninformative,1
11274,1-XTX-3264,MVRL12382,Michael James Mentakis,5,sole_trader;uninformative,1
11275,1-147ASWQ,MVRL50949,Michael James White,5,sole_trader;uninformative,1
11276,1-3THNMGE,MVRL60264,Michael John Barton,5,sole_trader;uninformative,1
11277,1-4J9IE5U,MVRL64350,Michael John Bourke,5,sole_trader;uninformative,1
11278,1-XTN-3705,MVRL25075,Michael John Camilleri,5,sole_trader;uninformative,1
11279,1-XTQ-3148,MVRL38150,Michael John Dowsett,5,sole_trader;uninformative,1
11280,1-8WWFCH,MVRL47643,Michael John Evans,5,sole_trader;uninformative,1
11281,1-3IYBXDM,MVRL57308,Michael John Foley,5,sole_trader;uninformative,1
11282,1-37BBY9O,MVRL55749,Michael John Henderson,5,sole_trader;uninformative,1
11283,1-3JUNOYG,MVRL57794,Michael John Jenkins,5,sole_trader;uninformative,1
11284,1-1K6ZY0X,MVRL52097,Michael John Lovering,5,sole_trader;uninformative,1
11285,1-1TU5JE2,MVRL52665,Michael John Malone,5,sole_trader;uninformative,1
11286,1-3IGYYI3,MVRL57410,Michael John Mercuri,5,sole_trader;uninformative,1
11287,1-XTN-369,MVRL15094,Michael John Mooney,5,sole_trader;uninformative,1
11288,1-40395VW,MVRL61210,Michael John Moore,5,sole_trader;uninformative,1
11289,1-4FQPX4M,MVRL63732,Michael John O dwyer,5,sole_trader;uninformative,1
11290,1-1O9KXQ4,MVRL52564,Michael John O'Brien,5,sole_trader;uninformative,1
11291,1-4BGSO06,MVRL62944,Michael John Strada,5,sole_trader;uninformative,1
11292,1-3IVUVWO,MVRL57294,Michael John Watts,5,sole_trader;uninformative,1
11293,1-XUC-1294,MVRL37753,Michael Kazafaniotis,5,sole_trader;uninformative,1
11294,1-2LBBMM5,MVRL54139,Michael Kevin Curtis,5,sole_trader;uninformative,1
11295,1-47PR76S,MVRL62406,Michael Nicolaou,5,sole_trader;uninformative,1
11296,1-2KAPPJ3,MVRL54045,Michael Noel MacCabe,5,sole_trader;uninformative,1
11297,1-J5URNU,MVRL48680,Michael O'Meara,5,sole_trader;uninformative,1
11298,1-4IEPCII,MVRL64270,Michael Patrick Elliott,5,sole_trader;uninformative,1
11299,1-3X6C2T4,MVRL60827,Michael Patrick Gleeson,5,sole_trader;uninformative,1
11300,1-3KYVPE2,MVRL58164,MICHAEL patrick GOOLEY,5,sole_trader;uninformative,1
11301,1-43T39X8,MVRL61775,Michael Peter Wilson,5,sole_trader;uninformative,1
11302,1-4DS23CT,MVRL63322,Michael Portelli,5,sole_trader;uninformative,1
11303,1-XU2-3777,MVRL28402,Michael Raphael Saunders,5,sole_trader;uninformative,1
11304,1-XU2-3437,MVRL27396,Michael Raub,5,sole_trader;uninformative,1
11305,1-3NOS9BQ,MVRL59006,Michael Raymond Georgiou,5,sole_trader;uninformative,1
11306,1-4GOMTLS,MVRL63911,Michael Robert Amey,5,sole_trader;uninformative,1
11307,1-XUC-256,MVRL33142,Michael Robert Rech,5,sole_trader;uninformative,1
11308,1-4GD4C8M,MVRL63827,Michael Samuel Nader,5,sole_trader;uninformative,1
11309,1-4BEUF82,MVRL62943,Michael Scott Yates,5,sole_trader;uninformative,1
11310,1-XTX-634,MVRL44519,Michael Shane Anderson,5,sole_trader;uninformative,1
11311,1-35BZD38,MVRL55434,Michael Shane Walker,5,sole_trader;uninformative,1
11312,1-3J32ZTS,MVRL57387,Michael Silva,5,sole_trader;uninformative,1
11313,1-46IFXXA,MVRL62050,Michael Steven Gerace,5,sole_trader;uninformative,1
11314,1-35Z9NZ9,MVRL55514,Michael Stuart Cunningham,5,sole_trader;uninformative,1
11315,1-3JHW8GK,MVRL57456,Michael Terrence Scott,5,sole_trader;uninformative,1
11316,1-2VL8FX0,MVRL54480,Michael Thomas Francis,5,sole_trader;uninformative,1
11317,1-46IHKCM,MVRL62049,Michael Timario Maquidato,5,sole_trader;uninformative,1
11318,1-2GIRF8D,MVRL53818,Michael Timothy Clarke,5,sole_trader;uninformative,1
11319,1-4584D2S,MVRL61978,Michael Todorovski,5,sole_trader;uninformative,1
11320,1-4HAFULW,MVRL64077,Michael Torrecilla,5,sole_trader;uninformative,1
11321,1-XTQ-4744,MVRL41957,Michael Tratford Mcleod,5,sole_trader;uninformative,1
11322,1-XTN-3650,MVRL24915,Michael Vincent Scully,5,sole_trader;uninformative,1
11323,1-3BYHYBK,MVRL56371,Michael William Scicluna,5,sole_trader;uninformative,1
11324,1-XUC-504,MVRL3495,Michael Williamson,5,sole_trader;uninformative,1
11325,1-3D41MVQ,MVRL56563,Michael Younan,5,sole_trader;uninformative,1
11326,1-1LQLH0U,MVRL52202,Micheal Barsha,5,sole_trader;uninformative,1
11327,1-3Z79NC0,MVRL61174,Micheal Blackhurst,5,sole_trader;uninformative,1
11328,1-4GIE2R8,MVRL63899,Micheal Colin Pilon,5,sole_trader;uninformative,1
11329,1-46VEXPG,MVRL62205,Micheal Eiric Stacey,5,sole_trader;uninformative,1
11330,1-4FYLTQA,MVRL63783,Michel Saad,5,sole_trader;uninformative,1
11331,1-44EQW2N,MVRL61819,Mihajlo Milovanovic,5,sole_trader;uninformative,1
11332,1-4GK70RA,MVRL63884,Mihran Aboudian,5,sole_trader;uninformative,1
11333,1-XTX-65,MVRL42863,Mihran Lepedjian,5,sole_trader;uninformative,1
11334,1-XTX-378,MVRL43813,Mike Sugita,5,sole_trader;uninformative,1
11335,1-XU2-3827,MVRL28569,Milan Brndusic,5,sole_trader;uninformative,1
11336,1-1MPNV86,MVRL52284,Milan Manyi,5,sole_trader;uninformative,1
11337,1-3ZVO7MC,MVRL61278,Mina Farid,5,sole_trader;uninformative,1
11338,1-3X9HENA,MVRL60876,Mina Kamel,5,sole_trader;uninformative,1
11339,1-3WSXSVY,MVRL60801,Mina Samy Gad Abdalla,5,sole_trader;uninformative,1
11340,1-2LJSBP,MVRL45223,Minh Cuong Tran,5,sole_trader;uninformative,1
11341,1-POS1WG,MVRL49517,Minh Tuan Pham,5,sole_trader;uninformative,1
11342,1-2W9WDLZ,MVRL54579,Minhajali Miyanjibhai Metha,5,sole_trader;uninformative,1
11343,1-395DQUP,MVRL55962,Mirko Nuotatore,5,sole_trader;uninformative,1
11344,1-XTQ-2326,MVRL36260,Miroslav Antic,5,sole_trader;uninformative,1
11345,1-4JS16I8,MVRL64386,Mitchel John Petersen,5,sole_trader;uninformative,1
11346,1-4HZMDE4,MVRL64074,Mitchell Brent Whittingham,5,sole_trader;uninformative,1
11347,1-3DJ32OG,MVRL56554,Mitchell Crowhurst,5,sole_trader;uninformative,1
11348,1-300YUCN,MVRL54938,Mitchell David McTackett,5,sole_trader;uninformative,1
11349,1-3K0Z248,MVRL57778,Mitchell David Noy,5,sole_trader;uninformative,1
11350,1-4GN55UQ,MVRL63947,Mitchell David Sharpe,5,sole_trader;uninformative,1
11351,1-48B1F6E,MVRL62364,Mitchell David Vella,5,sole_trader;uninformative,1
11352,1-14BB8Q4,MVRL50879,Mitchell Fardel Haddad,5,sole_trader;uninformative,1
11353,1-3I35AUA,MVRL57245,Mitchell Francis Kinsela,5,sole_trader;uninformative,1
11354,1-3PP3BV6,MVRL59554,Mitchell Grogan,5,sole_trader;uninformative,1
11355,1-45D16N2,MVRL61974,Mitchell Houston,5,sole_trader;uninformative,1
11356,1-3TX1ESQ,MVRL60405,Mitchell Ireland,5,sole_trader;uninformative,1
11357,1-4HCI4YA,MVRL63982,Mitchell James Tyson,5,sole_trader;uninformative,1
11358,1-3JM81U6,MVRL57563,Mitchell Lawson Bartley,5,sole_trader;uninformative,1
11359,1-3AL2W32,MVRL56146,Mitchell Leah Young,5,sole_trader;uninformative,1
11360,1-3566AWD,MVRL55456,Mitchell Lee Potts,5,sole_trader;uninformative,1
11361,1-39MTCI0,MVRL55982,Mitchell Ray Starr,5,sole_trader;uninformative,1
11362,1-4AGQC74,MVRL62750,Mitchell Robert Lappa,5,sole_trader;uninformative,1
11363,1-465UC16,MVRL62143,Mitchell Robinson,5,sole_trader;uninformative,1
11364,1-4H8IEA8,MVRL64049,Mitchell Stuart Anderson,5,sole_trader;uninformative,1
11365,1-4EQ8H5U,MVRL63564,Mitchell Thomas Gambin,5,sole_trader;uninformative,1
11366,1-1G8TCH1,MVRL51760,Mitchell Wayne Hopkinson,5,sole_trader;uninformative,1
11367,1-4A72RD6,MVRL62745,Mitchell William Gannon,5,sole_trader;uninformative,1
11368,1-3D5OZMB,MVRL56612,Moez Buksh,5,sole_trader;uninformative,1
11369,1-47L4BI4,MVRL62397,Mohamad Ahmad Chaker,5,sole_trader;uninformative,1
11370,1-4D8XR18,MVRL63242,Mohamad Ali,5,sole_trader;uninformative,1
11371,1-XTX-418,MVRL43921,Mohamad Ali Naboulsi,5,sole_trader;uninformative,1
11372,1-3KBJTJD,MVRL57863,Mohamad Jabakhanji,5,sole_trader;uninformative,1
11373,1-3QGHFFM,MVRL59779,Mohamad Mohamad,5,sole_trader;uninformative,1
11374,1-4B6H0VA,MVRL62890,Mohamad Muheissen,5,sole_trader;uninformative,1
11375,1-3L4YVBU,MVRL58294,Mohamad Said Zraika,5,sole_trader;uninformative,1
11376,1-3UQRRM4,MVRL60487,Mohamad Tarek Zahabe,5,sole_trader;uninformative,1
11377,1-36HGP1L,MVRL55615,Mohamad Yahya Samhat,5,sole_trader;uninformative,1
11378,1-43SKRR4,MVRL61708,Mohamad Zuheir El Zaylah,5,sole_trader;uninformative,1
11379,1-3VLMXUO,MVRL60642,Mohamed Derbas,5,sole_trader;uninformative,1
11380,1-3S54GWG,MVRL60046,Mohamed Elassad,5,sole_trader;uninformative,1
11381,1-4F3ETLI,MVRL63673,Mohamed Elnagar,5,sole_trader;uninformative,1
11382,1-3VXQHGS,MVRL60816,Mohamed Nasr Ibrahim Ahmed Nasr,5,sole_trader;uninformative,1
11383,1-44IMQ8C,MVRL61839,Mohamed Nour Meteb,5,sole_trader;uninformative,1
11384,1-2Y9VXUZ,MVRL54809,Mohamed Osman,5,sole_trader;uninformative,1
11385,1-3TUX93W,MVRL60336,Mohamed Sleiman,5,sole_trader;uninformative,1
11386,1-TW49KX,MVRL49878,Mohammad Abbas,5,sole_trader;uninformative,1
11387,1-47PV0QG,MVRL62245,Mohammad Hashimi,5,sole_trader;uninformative,1
11388,1-40V03ME,MVRL61355,Mohammad Helmi,5,sole_trader;uninformative,1
11389,1-THTH1B,MVRL49861,Mohammad Mahrouf Baburi,5,sole_trader;uninformative,1
11390,1-47IP1XG,MVRL62342,Mohammed Kabeer Hayathu Mohammed,5,sole_trader;uninformative,1
11391,1-XUC-2734,MVRL43881,Mohammed Kaleem,5,sole_trader;uninformative,1
11392,1-4AD3KP4,MVRL62734,Mohammed Naizar Ali Mohamed Nadeer,5,sole_trader;uninformative,1
11393,1-32T2B9X,MVRL55096,Mohammed Raad Jameel,5,sole_trader;uninformative,1
11394,1-3RN9X5E,MVRL60092,Mohammed Rachid,5,sole_trader;uninformative,1
11395,1-31Z5YHQ,MVRL54985,Mohammed Taghi Zahmatkesh,5,sole_trader;uninformative,1
11396,1-XTQ-3992,MVRL40112,Mohammed Trad,5,sole_trader;uninformative,1
11397,1-43QT0EI,MVRL61743,Mohmed Abdulrahman,5,sole_trader;uninformative,1
11398,1-3L9UDGS,MVRL58217,Mojtaba Miranbeig,5,sole_trader;uninformative,1
11399,1-4AV99ZG,MVRL62850,Moshuang Li,5,sole_trader;uninformative,1
11400,1-3LPJVPK,MVRL58341,Mouhamed Chahrour,5,sole_trader;uninformative,1
11401,1-XTN-3704,MVRL25068,Mourad Alamali,5,sole_trader;uninformative,1
11402,1-2CADIPT,MVRL53694,Moustafa Haddad,5,sole_trader;uninformative,1
11403,1-XTQ-4871,MVRL42266,Mouwaffak Helwe,5,sole_trader;uninformative,1
11404,1-3MLE9FU,MVRL58702,Muhamed Ammouri,5,sole_trader;uninformative,1
11405,1-4IQE7C9,MVRL64169,Muhammad Mubashir Alam,5,sole_trader;uninformative,1
11406,1-XTQ-3354,MVRL38584,Muhammad Saleem,5,sole_trader;uninformative,1
11407,1-489FFL0,MVRL62485,Muhammad Shahrul Naim Burhanuddin,5,sole_trader;uninformative,1
11408,1-3LOO7MI,MVRL58423,Muhsin Kuyruk,5,sole_trader;uninformative,1
11409,1-XTN-4309,MVRL26973,Mui Lieu,5,sole_trader;uninformative,1
11410,1-39H05KZ,MVRL56169,Muni Raviaksh Mudaliar,5,sole_trader;uninformative,1
11411,1-W71SCL,MVRL50149,Murad Romeo Shoker,5,sole_trader;uninformative,1
11412,1-3IUYF8F,MVRL57431,Murat Kali,5,sole_trader;uninformative,1
11413,1-XUC-2361,MVRL41902,Murray Fenton,5,sole_trader;uninformative,1
11414,1-4IR4K9J,MVRL64324,Murtaza Amiry,5,sole_trader;uninformative,1
11415,1-3E977SW,MVRL56716,Mustafa Celik,5,sole_trader;uninformative,1
11416,1-4F903JE,MVRL63682,Mustapha Hammoud,5,sole_trader;uninformative,1
11417,1-15OBXN9,MVRL51047,Myles Sydney Hunter,5,sole_trader;uninformative,1
11418,1-XUC-1615,MVRL38873,Nabih Saliba,5,sole_trader;uninformative,1
11419,1-3P8K5K8,MVRL59453,Nadim Alameddine,5,sole_trader;uninformative,1
11420,1-1IHEC9D,MVRL51982,Nadim Hajje,5,sole_trader;uninformative,1
11421,1-XTX-244,MVRL43421,Nadir Ibrahim,5,sole_trader;uninformative,1
11422,1-45D6UM1,MVRL61910,Nadzit Kader,5,sole_trader;uninformative,1
11423,1-49HE7GC,MVRL62563,Nael Nazar Najeeb Lerato,5,sole_trader;uninformative,1
11424,1-2D2SGCL,MVRL53681,Nahid Feyzi Sobbi,5,sole_trader;uninformative,1
11425,1-XTQ-3212,MVRL38290,Narend Chand,5,sole_trader;uninformative,1
11426,1-XU2-3926,MVRL28847,Nateel Karan,5,sole_trader;uninformative,1
11427,1-41O8ODA,MVRL61479,Nathan Alexander Morrison,5,sole_trader;uninformative,1
11428,1-4DT2128,MVRL63392,Nathan Allan Mitchell,5,sole_trader;uninformative,1
11429,1-4EKXDB4,MVRL63643,Nathan Andrew Clauss,5,sole_trader;uninformative,1
11430,1-XTQ-1283,MVRL32428,Nathan Andrew Furney,5,sole_trader;uninformative,1
11431,1-43PHE56,MVRL61764,Nathan Carl Henkes,5,sole_trader;uninformative,1
11432,1-3MOTMUE,MVRL58667,Nathan Drew Jordan,5,sole_trader;uninformative,1
11433,1-3TWLUPE,MVRL60431,Nathan Edward Burrows,5,sole_trader;uninformative,1
11434,1-40839UU,MVRL61246,Nathan Edwin Veitch,5,sole_trader;uninformative,1
11435,1-4E4E8SW,MVRL63450,Nathan Geoffrey Pearce,5,sole_trader;uninformative,1
11436,1-42BW7AS,MVRL61531,Nathan George Matthews,5,sole_trader;uninformative,1
11437,1-4EEIVJO,MVRL63518,Nathan George Sands,5,sole_trader;uninformative,1
11438,1-3R9W7TT,MVRL59910,Nathan Glenn Summerhayes,5,sole_trader;uninformative,1
11439,1-3V32EEC,MVRL60512,Nathan Hamilton Harborne,5,sole_trader;uninformative,1
11440,1-4IKLC3Q,MVRL64194,Nathan James Grech,5,sole_trader;uninformative,1
11441,1-3H9JE5S,MVRL57017,Nathan John Learmouth,5,sole_trader;uninformative,1
11442,1-1XBERT9,MVRL52940,Nathan John Riggs,5,sole_trader;uninformative,1
11443,1-41JZY10,MVRL61451,Nathan Joseph Sharwood,5,sole_trader;uninformative,1
11444,1-3SSU9PG,MVRL60202,Nathan Leslie Barsby,5,sole_trader;uninformative,1
11445,1-4I4WG3W,MVRL64216,Nathan Lewis Lavender,5,sole_trader;uninformative,1
11446,1-44MVS6Y,MVRL61796,Nathan Luke Cordina,5,sole_trader;uninformative,1
11447,1-46CID9C,MVRL62131,Nathan Luke McAndrew,5,sole_trader;uninformative,1
11448,1-3VQ76J2,MVRL60741,Nathan Newell,5,sole_trader;uninformative,1
11449,1-3NO4492,MVRL58968,Nathan Paul Elsley,5,sole_trader;uninformative,1
11450,1-1JXU3D5,MVRL52068,Nathan Robert Austen,5,sole_trader;uninformative,1
11451,1-3NMKQP0,MVRL58960,Nathan Ross Brown,5,sole_trader;uninformative,1
11452,1-4IDI7AS,MVRL64109,Nathan Scott Cox,5,sole_trader;uninformative,1
11453,1-62LDUU,MVRL47083,Nathan Thomas Ackling,5,sole_trader;uninformative,1
11454,1-3KBLO9Q,MVRL58025,Nathan Tobias Newell,5,sole_trader;uninformative,1
11455,1-35T1AR9,MVRL55517,Nathan Troy Rickard,5,sole_trader;uninformative,1
11456,1-1D8DWT5,MVRL51599,Nathan William Wood,5,sole_trader;uninformative,1
11457,1-3TUVXA8,MVRL60479,Navdeep Singh Tumber,5,sole_trader;uninformative,1
11458,1-31LSD5D,MVRL54944,Navin Chand,5,sole_trader;uninformative,1
11459,1-3P2GVV6,MVRL59261,Naweed Faghiryar,5,sole_trader;uninformative,1
11460,1-3VZXMH8,MVRL60711,Nazih Awad,5,sole_trader;uninformative,1
11461,1-3KN12V4,MVRL57921,Ned Bassil,5,sole_trader;uninformative,1
11462,1-UQY7IL,MVRL49984,Nehmeh Estephan,5,sole_trader;uninformative,1
11463,1-2L9XOJL,MVRL54373,Neil Adam Merchant,5,sole_trader;uninformative,1
11464,1-3HM4PIQ,MVRL57026,Neil Andrew Lobsey,5,sole_trader;uninformative,1
11465,1-3RBRH6I,MVRL59961,Neil Cheong,5,sole_trader;uninformative,1
11466,1-XTN-4558,MVRL27735,Neil David Duffy,5,sole_trader;uninformative,1
11467,1-17WQSFN,MVRL51278,Neil David Wallace,5,sole_trader;uninformative,1
11468,1-3VHW2FO,MVRL60648,Neil Donald Feltis,5,sole_trader;uninformative,1
11469,1-3LKLDSS,MVRL58313,Neil Edgar John Spelman,5,sole_trader;uninformative,1
11470,1-2N4HWJX,MVRL54382,Neil Francis Smith,5,sole_trader;uninformative,1
11471,1-XUC-1133,MVRL37180,Neil James Avard,5,sole_trader;uninformative,1
11472,1-3PALECO,MVRL59484,Neil James Worgan,5,sole_trader;uninformative,1
11473,1-410XYT8,MVRL61376,Neil John Anger,5,sole_trader;uninformative,1
11474,1-15TELPL,MVRL51086,Neil Jullienne,5,sole_trader;uninformative,1
11475,1-38RPOEN,MVRL55926,Neil Malcolm Smith,5,sole_trader;uninformative,1
11476,1-20LZJXK,MVRL53084,Neil Murray,5,sole_trader;uninformative,1
11477,1-L0XF5N,MVRL49015,Neil Raymond Wright,5,sole_trader;uninformative,1
11478,1-XTN-3858,MVRL25498,Neil Steven Armour,5,sole_trader;uninformative,1
11479,1-2WZ523R,MVRL54607,Neill Halliger,5,sole_trader;uninformative,1
11480,1-35BZD81,MVRL55587,Nelio Paul Spinola,5,sole_trader;uninformative,1
11481,1-46UGL48,MVRL62145,Neville Bolam,5,sole_trader;uninformative,1
11482,1-XU2-4315,MVRL29983,Neville Colin Harper,5,sole_trader;uninformative,1
11483,1-3HUEPD2,MVRL57123,Neville John Riley,5,sole_trader;uninformative,1
11484,1-XUC-646,MVRL35422,Newton James Short,5,sole_trader;uninformative,1
11485,1-4F1CM6E,MVRL63635,Nguyen Khoa Tran,5,sole_trader;uninformative,1
11486,1-470JQ0I,MVRL62327,Nicholas Alexander Dyer,5,sole_trader;uninformative,1
11487,1-4F1BAKJ,MVRL63559,Nicholas Anthony Agland,5,sole_trader;uninformative,1
11488,1-3LGD2Z1,MVRL58304,Nicholas Bruce Dunnage,5,sole_trader;uninformative,1
11489,1-3SYTH76,MVRL60276,Nicholas Charles Merten,5,sole_trader;uninformative,1
11490,1-4IKM67M,MVRL64195,Nicholas Dommenic Pambris,5,sole_trader;uninformative,1
11491,1-XTQ-4045,MVRL40246,Nicholas Fyans Bedggood,5,sole_trader;uninformative,1
11492,1-XTQ-1548,MVRL33109,Nicholas Hutton,5,sole_trader;uninformative,1
11493,1-3XPHTU2,MVRL60914,Nicholas James Flanagan,5,sole_trader;uninformative,1
11494,1-2ZJYQX5,MVRL54877,Nicholas John Foss,5,sole_trader;uninformative,1
11495,1-4HH02O0,MVRL64067,Nicholas Joseph Morcombe,5,sole_trader;uninformative,1
11496,1-XTN-2410,MVRL21204,Nicholas Kafes,5,sole_trader;uninformative,1
11497,1-XUC-2336,MVRL41840,Nicholas Leslie McDonald,5,sole_trader;uninformative,1
11498,1-4DTRECK,MVRL63351,Nicholas Louis D'Adam,5,sole_trader;uninformative,1
11499,1-19G59DE,MVRL51485,Nicholas Mark Blake,5,sole_trader;uninformative,1
11500,1-4G6I50K,MVRL63847,Nicholas Michael Hazelton,5,sole_trader;uninformative,1
11501,1-XU2-4968,MVRL32195,Nicholas Panagiotlaris,5,sole_trader;uninformative,1
11502,1-3MSD8JG,MVRL58771,Nicholas Persic,5,sole_trader;uninformative,1
11503,1-3MNAFEM,MVRL58616,Nicholas Phillip Traves,5,sole_trader;uninformative,1
11504,1-34REKMJ,MVRL55392,Nicholas Robert Bonanno,5,sole_trader;uninformative,1
11505,1-1UX038J,MVRL52748,Nicholas Ryan Tipper,5,sole_trader;uninformative,1
11506,1-35CTCBT,MVRL55430,Nicholas Scott Keough,5,sole_trader;uninformative,1
11507,1-3X48C5O,MVRL60778,Nicholas Varsamas,5,sole_trader;uninformative,1
11508,1-3QG0UVI,MVRL59780,Nicholas Vithoulkas,5,sole_trader;uninformative,1
11509,1-4GKRI04,MVRL63906,Nicholas Walter Django Brown,5,sole_trader;uninformative,1
11510,1-394EUI1,MVRL55973,Nicholas William Carne,5,sole_trader;uninformative,1
11511,1-3NO4TQ0,MVRL58991,Nick Fazzalaro,5,sole_trader;uninformative,1
11512,1-3RAT2LY,MVRL59821,Nick Kagaras,5,sole_trader;uninformative,1
11513,1-XUC-1161,MVRL37291,Nick Michaloudakis,5,sole_trader;uninformative,1
11514,1-3AMJM8F,MVRL56130,Nick Ross Geracitano,5,sole_trader;uninformative,1
11515,1-42MA08S,MVRL61549,Nickolas Aidan Poisel,5,sole_trader;uninformative,1
11516,1-3OCALCO,MVRL59260,Nickolas Konstandopoulos,5,sole_trader;uninformative,1
11517,1-4G6OOI2,MVRL63841,Nico Israel Malikchan,5,sole_trader;uninformative,1
11518,1-4HQQJ3E,MVRL64122,Nicola Antonino Rotondo,5,sole_trader;uninformative,1
11519,1-XU2-3078,MVRL26441,Nicola Massari,5,sole_trader;uninformative,1
11520,1-3P20OM5,MVRL59254,Nicolai Bisciarri,5,sole_trader;uninformative,1
11521,1-3EHTT6F,MVRL56689,Nicolaos (Nick) Plegas,5,sole_trader;uninformative,1
11522,1-3JMOCOA,MVRL57568,Nicolas John Martin,5,sole_trader;uninformative,1
11523,1-3MWN5VS,MVRL58655,Nigel James Counter,5,sole_trader;uninformative,1
11524,1-XU2-4108,MVRL29436,Nigel John West,5,sole_trader;uninformative,1
11525,1-3FUVQZ2,MVRL56999,Nigel Kent Williams,5,sole_trader;uninformative,1
11526,1-3NG2V5O,MVRL58885,Nigel Robert Craig,5,sole_trader;uninformative,1
11527,1-16JN8JQ,MVRL51127,Nikola Macura,5,sole_trader;uninformative,1
11528,1-3H3TUD1,MVRL57082,Nikolaos Glytsos,5,sole_trader;uninformative,1
11529,1-XTX-4749,MVRL16722,Nikos Andreou Georgiou,5,sole_trader;uninformative,1
11530,1-4AZORFE,MVRL62855,Niniv Slewo,5,sole_trader;uninformative,1
11531,1-3OVYO8I,MVRL59222,Nirav Janardan Bhatt,5,sole_trader;uninformative,1
11532,1-46LN4Y2,MVRL62162,Nischal Neeraj Prasad,5,sole_trader;uninformative,1
11533,1-4926J0O,MVRL62473,Nizar Dharani,5,sole_trader;uninformative,1
11534,1-48KNASG,MVRL62501,Noel Edmond Douglas Mason,5,sole_trader;uninformative,1
11535,1-XUC-1001,MVRL36697,Noel Guardo Sugui,5,sole_trader;uninformative,1
11536,1-XTX-4694,MVRL16571,Noel Richard Parker,5,sole_trader;uninformative,1
11537,1-XU2-3869,MVRL28692,Norman Austin Poole,5,sole_trader;uninformative,1
11538,1-XU2-2779,MVRL25507,Nouhad Zeitoun,5,sole_trader;uninformative,1
11539,1-33KYTO0,MVRL55272,Nour Eddine Loraichi,5,sole_trader;uninformative,1
11540,1-4H2WP2M,MVRL63959,Nurol Orhan,5,sole_trader;uninformative,1
11541,1-3UMATF0,MVRL60564,Oguzhan Bacanak,5,sole_trader;uninformative,1
11542,1-3DA8Q7S,MVRL56692,Ohanes Jkourkouzian,5,sole_trader;uninformative,1
11543,1-XTQ-2796,MVRL37302,Okan Okandan,5,sole_trader;uninformative,1
11544,1-XTX-273,MVRL43493,Olaf Hennig,5,sole_trader;uninformative,1
11545,1-43IT8NY,MVRL61728,Oliver Trantham-webb,5,sole_trader;uninformative,1
11546,1-3IK4AON,MVRL57276,Omar Eid,5,sole_trader;uninformative,1
11547,1-XTX-631,MVRL44500,Ooz Baram,5,sole_trader;uninformative,1
11548,1-XTQ-4356,MVRL40992,Orazio Maurizio Pagano,5,sole_trader;uninformative,1
11549,1-42RYB1U,MVRL61564,Orey Joseph Sawatzki,5,sole_trader;uninformative,1
11550,1-4BY0WKS,MVRL63166,Osaretin Eguae,5,sole_trader;uninformative,1
11551,1-44B2WI8,MVRL61850,Oscar Henry Sutherland,5,sole_trader;uninformative,1
11552,1-3MVNDX4,MVRL58650,Oussama Kaakati,5,sole_trader;uninformative,1
11553,1-XTX-4265,MVRL1529,Owen Bruce Rose,5,sole_trader;uninformative,1
11554,1-1VQZ63C,MVRL52791,Owen Francis Partridge,5,sole_trader;uninformative,1
11555,1-4988LWC,MVRL62567,Owen Michael Miller,5,sole_trader;uninformative,1
11556,1-41BUMZF,MVRL61611,Owiter Khoshaba,5,sole_trader;uninformative,1
11557,1-XUC-1323,MVRL37873,Paden Phuong Duong,5,sole_trader;uninformative,1
11558,1-47MX6L6,MVRL62325,Pankaj Bhagwan Mane,5,sole_trader;uninformative,1
11559,1-4FGCMW8,MVRL63670,Paolo Dal Ceredo,5,sole_trader;uninformative,1
11560,1-4F4UKY,MVRL46434,Parvin Ram Narayan,5,sole_trader;uninformative,1
11561,1-30R09L,MVRL45531,Pascal Eid,5,sole_trader;uninformative,1
11562,1-XU2-2702,MVRL25273,Pasquale Rumolo,5,sole_trader;uninformative,1
11563,1-XU2-4182,MVRL29664,Patrick Carbone,5,sole_trader;uninformative,1
11564,1-XUC-2006,MVRL40486,Patrick Douglas Gardner,5,sole_trader;uninformative,1
11565,1-3KSBQPC,MVRL58054,Patrick Edwin Glover,5,sole_trader;uninformative,1
11566,1-3Y3TI2U,MVRL60953,Patrick Ian Wearne,5,sole_trader;uninformative,1
11567,1-37F1X7D,MVRL55770,Patrick James Heffernan,5,sole_trader;uninformative,1
11568,1-329CBVB,MVRL55003,Patrick James Purmodh,5,sole_trader;uninformative,1
11569,1-4B7AHP0,MVRL62872,Patrick John Whitwell,5,sole_trader;uninformative,1
11570,1-XTN-4699,MVRL28143,Patrick Phillip Murphy,5,sole_trader;uninformative,1
11571,1-4DSHMSM,MVRL63335,Patrick Raymond Fosse,5,sole_trader;uninformative,1
11572,1-512IQK,MVRL46696,Patrick Stace,5,sole_trader;uninformative,1
11573,1-1CKWW7X,MVRL51595,Paul Alexander McFarlane,5,sole_trader;uninformative,1
11574,1-XUC-2811,MVRL44215,Paul Anthony Bonnici,5,sole_trader;uninformative,1
11575,1-XUC-2021,MVRL40529,Paul Anthony Eames,5,sole_trader;uninformative,1
11576,1-XTQ-3774,MVRL39566,Paul Anthony Leary,5,sole_trader;uninformative,1
11577,1-4GQH6XM,MVRL63935,Paul Anthony Nicholls,5,sole_trader;uninformative,1
11578,1-2185GP0,MVRL53098,Paul Arthur Balfour,5,sole_trader;uninformative,1
11579,1-29WAZ5L,MVRL53564,Paul Brian Davis,5,sole_trader;uninformative,1
11580,1-C2CLSI,MVRL48120,Paul Burt,5,sole_trader;uninformative,1
11581,1-K9M8WP,MVRL48902,Paul Charles Teuma,5,sole_trader;uninformative,1
11582,1-3K0C152,MVRL57777,Paul Christos Manitsas,5,sole_trader;uninformative,1
11583,1-34KC8BB,MVRL55345,Paul Colin Lockyer,5,sole_trader;uninformative,1
11584,1-XUC-785,MVRL35958,Paul Dingli,5,sole_trader;uninformative,1
11585,1-XTQ-4857,MVRL42229,Paul Doueihi,5,sole_trader;uninformative,1
11586,1-37EYGQT,MVRL55769,Paul Edward Curtis,5,sole_trader;uninformative,1
11587,1-2ZLTSW9,MVRL54843,Paul Edward Kaufline,5,sole_trader;uninformative,1
11588,1-24JXDUX,MVRL53256,Paul Eric Dunk,5,sole_trader;uninformative,1
11589,1-1CJJAVK,MVRL51575,Paul George Zammit,5,sole_trader;uninformative,1
11590,1-2YF3E3X,MVRL54733,Paul Graham,5,sole_trader;uninformative,1
11591,1-160K4Z6,MVRL51088,Paul James Calder,5,sole_trader;uninformative,1
11592,1-4FAO9ES,MVRL63658,Paul James Fitzgerald,5,sole_trader;uninformative,1
11593,1-2RABUK,MVRL45325,Paul John Evans,5,sole_trader;uninformative,1
11594,1-21DJKF7,MVRL53101,Paul John Kirkby,5,sole_trader;uninformative,1
11595,1-XU2-3424,MVRL27352,Paul Joseph Duggan,5,sole_trader;uninformative,1
11596,1-47JVYHC,MVRL62206,Paul Joseph Lazzaro,5,sole_trader;uninformative,1
11597,1-46WTKYO,MVRL62229,Paul Joseph Thompson,5,sole_trader;uninformative,1
11598,1-XTQ-3366,MVRL38605,Paul Kenneth St Quintin,5,sole_trader;uninformative,1
11599,1-XTN-2836,MVRL22532,Paul Kennith Drennan,5,sole_trader;uninformative,1
11600,1-46GC0F6,MVRL62169,Paul Lanuto,5,sole_trader;uninformative,1
11601,1-ZOIOGW,MVRL50517,Paul Leighton Scrivens,5,sole_trader;uninformative,1
11602,1-XU2-2456,MVRL24561,Paul Lukes,5,sole_trader;uninformative,1
11603,1-12W8TXD,MVRL50766,Paul Martin Goring,5,sole_trader;uninformative,1
11604,1-N2QCGH,MVRL49196,Paul Massoud,5,sole_trader;uninformative,1
11605,1-4F0X13S,MVRL63589,Paul Matthew Magro,5,sole_trader;uninformative,1
11606,1-XUC-1715,MVRL39219,Paul Milton Cleaves,5,sole_trader;uninformative,1
11607,1-3NSSXEB,MVRL58969,Paul Murray Carswell,5,sole_trader;uninformative,1
11608,1-3Q87XNO,MVRL59625,Paul Nathan Massingham,5,sole_trader;uninformative,1
11609,1-32CE7DD,MVRL55031,Paul Philip Cusack,5,sole_trader;uninformative,1
11610,1-3URIVZU,MVRL60612,Paul Robert Gumbleton,5,sole_trader;uninformative,1
11611,1-33CUKID,MVRL55157,Paul Robert Macrae,5,sole_trader;uninformative,1
11612,1-XU2-1749,MVRL22573,Paul Robert Moran,5,sole_trader;uninformative,1
11613,1-XUC-1244,MVRL37616,Paul Uhliar,5,sole_trader;uninformative,1
11614,1-3K4U0ZM,MVRL57835,Paul Villa,5,sole_trader;uninformative,1
11615,1-R0CX3X,MVRL49659,Paul Vincent Woods,5,sole_trader;uninformative,1
11616,1-14A800B,MVRL50867,Paul William Hurry,5,sole_trader;uninformative,1
11617,1-2JS8SF,MVRL45172,Paul William Pritchard,5,sole_trader;uninformative,1
11618,1-4AT6M9Y,MVRL62803,Paul William Sinfield,5,sole_trader;uninformative,1
11619,1-3RPWR3M,MVRL59940,Paulo Cesar Saavedra Flores,5,sole_trader;uninformative,1
11620,1-3KTBSKS,MVRL58081,Pavel Grozdov,5,sole_trader;uninformative,1
11621,1-464WJ6Y,MVRL62078,Pavlos Vithoulkas,5,sole_trader;uninformative,1
11622,1-3MW6EMU,MVRL58651,Pavo Deri,5,sole_trader;uninformative,1
11623,1-47LKS9U,MVRL62322,Pece Kotevski,5,sole_trader;uninformative,1
11624,1-46WGB96,MVRL62197,Pecheth Kinh,5,sole_trader;uninformative,1
11625,1-3DJKPUA,MVRL56572,Pedavoli Christopher Marc,5,sole_trader;uninformative,1
11626,1-2YM84J4,MVRL54790,Pedro Ribero,5,sole_trader;uninformative,1
11627,1-4GP7F9S,MVRL63930,Peng Wang,5,sole_trader;uninformative,1
11628,1-45I2RWV,MVRL61883,Peng Zhang,5,sole_trader;uninformative,1
11629,1-48PBXSU,MVRL62464,Perry Louis Davenport,5,sole_trader;uninformative,1
11630,1-3TAUUNE,MVRL60230,Peter Agelonitis,5,sole_trader;uninformative,1
11631,1-XTQ-1993,MVRL35398,Peter Alexopoulos,5,sole_trader;uninformative,1
11632,1-3URZ71G,MVRL60466,Peter Allan Cooke,5,sole_trader;uninformative,1
11633,1-16P9005,MVRL51132,Peter Allan Hunt,5,sole_trader;uninformative,1
11634,1-11FAYC5,MVRL50642,Peter Alwyn Harvy,5,sole_trader;uninformative,1
11635,1-XUC-209,MVRL32993,Peter Andrew Bardwell,5,sole_trader;uninformative,1
11636,1-XUC-2737,MVRL43898,Peter Anthony Rutledge,5,sole_trader;uninformative,1
11637,1-PK28UE,MVRL49541,Peter Anthony Wilson,5,sole_trader;uninformative,1
11638,1-XTX-4078,MVRL14739,Peter Antonopoulos,5,sole_trader;uninformative,1
11639,1-35CAU29,MVRL55425,Peter Back,5,sole_trader;uninformative,1
11640,1-XUC-3893,MVRL7126,Peter Brian Hunt,5,sole_trader;uninformative,1
11641,1-XU2-2774,MVRL25484,Peter Caruso,5,sole_trader;uninformative,1
11642,1-XTX-1357,MVRL7053,Peter Charles Goudie,5,sole_trader;uninformative,1
11643,1-184MKAV,MVRL51295,Peter Christian Wedell,5,sole_trader;uninformative,1
11644,1-RL7HTE,MVRL49719,Peter Chronopoulos,5,sole_trader;uninformative,1
11645,1-45ECN5G,MVRL61990,Peter Clarence Hennessy,5,sole_trader;uninformative,1
11646,1-40HVCKO,MVRL61299,Peter Cruickshanks,5,sole_trader;uninformative,1
11647,1-1977QMO,MVRL51405,Peter Daniels,5,sole_trader;uninformative,1
11648,1-3ONC1HY,MVRL59190,Peter David Bowtell,5,sole_trader;uninformative,1
11649,1-XTQ-4911,MVRL42393,Peter Douglas Haig,5,sole_trader;uninformative,1
11650,1-3Q1U5B8,MVRL59657,Peter Edward Challman,5,sole_trader;uninformative,1
11651,1-3WZMSBI,MVRL60784,Peter Edward Stone,5,sole_trader;uninformative,1
11652,1-3OYGTT4,MVRL59390,Peter Ernest Abigail,5,sole_trader;uninformative,1
11653,1-4F6AIWO,MVRL63632,Peter Frank Van Rosi,5,sole_trader;uninformative,1
11654,1-4B7TIT6,MVRL62849,Peter Frank Violi,5,sole_trader;uninformative,1
11655,1-1K831MT,MVRL52071,Peter Gray,5,sole_trader;uninformative,1
11656,1-XTN-2750,MVRL22281,Peter Ian Mirfin,5,sole_trader;uninformative,1
11657,1-7LCBEW,MVRL47495,Peter James Acton,5,sole_trader;uninformative,1
11658,1-JPBU7M,MVRL48815,Peter James Clark,5,sole_trader;uninformative,1
11659,1-XUC-4073,MVRL7514,Peter James Deeble,5,sole_trader;uninformative,1
11660,1-XUC-738,MVRL35739,Peter James Fletcher,5,sole_trader;uninformative,1
11661,1-XTQ-3055,MVRL37953,Peter James Hill,5,sole_trader;uninformative,1
11662,1-XTQ-3140,MVRL38131,Peter James Kandel,5,sole_trader;uninformative,1
11663,1-VQANZ2,MVRL50077,Peter James McDonald,5,sole_trader;uninformative,1
11664,1-XU2-1335,MVRL21433,Peter James Pelchen,5,sole_trader;uninformative,1
11665,1-1PIL9EL,MVRL52619,Peter James Poole,5,sole_trader;uninformative,1
11666,1-XUC-3872,MVRL7068,Peter James Short,5,sole_trader;uninformative,1
11667,1-2KF7G7E,MVRL54036,Peter John Buttigieg,5,sole_trader;uninformative,1
11668,1-XUC-2004,MVRL40481,Peter John Croft,5,sole_trader;uninformative,1
11669,1-28KPLHW,MVRL53530,Peter John Easton,5,sole_trader;uninformative,1
11670,1-3JOPEI6,MVRL57592,Peter John Ferguson,5,sole_trader;uninformative,1
11671,1-39SNQ1T,MVRL56045,Peter John Miller,5,sole_trader;uninformative,1
11672,1-XTN-4535,MVRL27687,Peter John Ritchie,5,sole_trader;uninformative,1
11673,1-XTQ-2660,MVRL37003,Peter Joseph,5,sole_trader;uninformative,1
11674,1-XTQ-1374,MVRL32656,Peter Khoury,5,sole_trader;uninformative,1
11675,1-XTN-3447,MVRL24384,Peter Koolbanis,5,sole_trader;uninformative,1
11676,1-3YSK8L6,MVRL61035,Peter Lewis Jenkyns,5,sole_trader;uninformative,1
11677,1-4DM6TQ4,MVRL63370,Peter Lloyd Mason,5,sole_trader;uninformative,1
11678,1-XTQ-2355,MVRL36328,Peter Martin McCall,5,sole_trader;uninformative,1
11679,1-3LZF2VW,MVRL58459,Peter Masters,5,sole_trader;uninformative,1
11680,1-2Z2RYQ3,MVRL54832,Peter Maurice O'Toole,5,sole_trader;uninformative,1
11681,1-XTN-1294,MVRL17801,Peter Michael,5,sole_trader;uninformative,1
11682,1-3XCQ4Q0,MVRL60758,Peter Michael Hodkinson,5,sole_trader;uninformative,1
11683,1-XU2-3995,MVRL29092,Peter Michael Kane,5,sole_trader;uninformative,1
11684,1-3DKIXJ4,MVRL56542,Peter Michael Patton,5,sole_trader;uninformative,1
11685,1-4DVZZFQ,MVRL63448,Peter Michael Swiatkiwsky,5,sole_trader;uninformative,1
11686,1-KWN66T,MVRL48993,Peter Mitchell Price,5,sole_trader;uninformative,1
11687,1-XTQ-2629,MVRL36925,Peter Moffatt,5,sole_trader;uninformative,1
11688,1-XTQ-2023,MVRL35466,Peter Nick Pizzichemi,5,sole_trader;uninformative,1
11689,1-4D55GL0,MVRL63116,Peter Petrou,5,sole_trader;uninformative,1
11690,1-4A0LIY2,MVRL62688,Peter Philippou,5,sole_trader;uninformative,1
11691,1-XTX-483,MVRL44121,Peter Plomaritis,5,sole_trader;uninformative,1
11692,1-3GXU5NK,MVRL57034,Peter Raymond McLean,5,sole_trader;uninformative,1
11693,1-23OZCAD,MVRL53304,Peter Robert Neve,5,sole_trader;uninformative,1
11694,1-3XB4GN4,MVRL60791,Peter Saliba,5,sole_trader;uninformative,1
11695,1-XTQ-715,MVRL30951,Peter Sutherland,5,sole_trader;uninformative,1
11696,1-XTN-2740,MVRL22250,Peter Terrence Cowley,5,sole_trader;uninformative,1
11697,1-XUC-279,MVRL33204,Peter Tsintominas,5,sole_trader;uninformative,1
11698,1-XTN-3020,MVRL23133,Peter Ttoullounge,5,sole_trader;uninformative,1
11699,1-H8R2W5,MVRL48546,Peter Warren Andrews,5,sole_trader;uninformative,1
11700,1-XTX-893,MVRL5398,Peter Wayne Ball,5,sole_trader;uninformative,1
11701,1-3J8OS48,MVRL57449,Peter Xiros,5,sole_trader;uninformative,1
11702,1-1MPPW8Y,MVRL52244,Peyman Khazaee,5,sole_trader;uninformative,1
11703,1-2M4VFCX,MVRL54217,Phi Hung Thomas Hoang,5,sole_trader;uninformative,1
11704,1-3QMRXNK,MVRL59861,Phi Thoan Le,5,sole_trader;uninformative,1
11705,1-3ORYRCC,MVRL59195,Phil Hoken,5,sole_trader;uninformative,1
11706,1-V5973V,MVRL50001,Philip Albert Piddington,5,sole_trader;uninformative,1
11707,1-XTN-2985,MVRL23042,Philip Arthur Bradley,5,sole_trader;uninformative,1
11708,1-XUC-4193,MVRL7875,Philip James Underwood,5,sole_trader;uninformative,1
11709,1-19T5844,MVRL51518,Philip John Brewin,5,sole_trader;uninformative,1
11710,1-XUC-2113,MVRL40846,Philip John Wilson,5,sole_trader;uninformative,1
11711,1-XTX-311,MVRL43607,Philip Michael Wickings,5,sole_trader;uninformative,1
11712,1-4K5Y8J,MVRL46489,Philip Norman Denyer,5,sole_trader;uninformative,1
11713,1-5NTNGS,MVRL46984,Philip Refalo,5,sole_trader;uninformative,1
11714,1-XTN-3168,MVRL23566,Philip Vuong,5,sole_trader;uninformative,1
11715,1-3MSYA1N,MVRL58635,Phillip Abraham Milner,5,sole_trader;uninformative,1
11716,1-3TCUYF6,MVRL60268,Phillip Andrew Burey,5,sole_trader;uninformative,1
11717,1-3VXL9X,MVRL46239,Phillip Arthur Judd,5,sole_trader;uninformative,1
11718,1-31MERBL,MVRL54982,Phillip Blease,5,sole_trader;uninformative,1
11719,1-XU2-2476,MVRL24626,Phillip Bussoletti,5,sole_trader;uninformative,1
11720,1-XUC-2643,MVRL43435,Phillip Calaitzopoulos,5,sole_trader;uninformative,1
11721,1-XU2-3988,MVRL29068,Phillip George Cooper,5,sole_trader;uninformative,1
11722,1-3AIWSEJ,MVRL56138,Phillip James Amos,5,sole_trader;uninformative,1
11723,1-XTQ-1208,MVRL32234,Phillip James Camp,5,sole_trader;uninformative,1
11724,1-40XLCSJ,MVRL61315,Phillip James Wykamp,5,sole_trader;uninformative,1
11725,1-3MJCHI8,MVRL58604,Phillip John Clarke,5,sole_trader;uninformative,1
11726,1-3ULP2VW,MVRL60581,Phillip John Mulligan,5,sole_trader;uninformative,1
11727,1-XTX-508,MVRL44196,Phillip John Pallister,5,sole_trader;uninformative,1
11728,1-XTN-4176,MVRL26576,Phillip John Wonson,5,sole_trader;uninformative,1
11729,1-1KYG9OF,MVRL52173,Phillip Joss Hutchinson,5,sole_trader;uninformative,1
11730,1-XUC-1565,MVRL38656,Phillip Murray Driscoll,5,sole_trader;uninformative,1
11731,1-3NGFUZ8,MVRL58979,Phillip Scott O'connor,5,sole_trader;uninformative,1
11732,1-46MVHJK,MVRL62189,Phillip Velevski,5,sole_trader;uninformative,1
11733,1-49TY9GV,MVRL62604,Phuong Binh Minh Tran,5,sole_trader;uninformative,1
11734,1-3AXKB7Q,MVRL56107,Pier Farag,5,sole_trader;uninformative,1
11735,1-3KUO8TL,MVRL58062,Pierre Paul Nasrallah,5,sole_trader;uninformative,1
11736,1-2MLMXS1,MVRL54331,Pietro Mammone,5,sole_trader;uninformative,1
11737,1-3W3JE8K,MVRL60684,Prabhjyot Singh,5,sole_trader;uninformative,1
11738,1-1XHJYMU,MVRL52910,Pradeep Narayan,5,sole_trader;uninformative,1
11739,1-4BSCO8W,MVRL63094,Prasan Rai,5,sole_trader;uninformative,1
11740,1-48CAKNC,MVRL62366,Prenisha Ishwarpersad,5,sole_trader;uninformative,1
11741,1-2WPNWBB,MVRL54574,Prideri Gaudi Santillana Michato,5,sole_trader;uninformative,1
11742,1-4DY6390,MVRL63376,Prince Ikechukwu Obioha,5,sole_trader;uninformative,1
11743,1-4DH0ERY,MVRL63248,Pulin Hemantkumar Patel,5,sole_trader;uninformative,1
11744,1-48WD90S,MVRL62537,Purnima Umayantha Adikari Mudiyanselage,5,sole_trader;uninformative,1
11745,1-4G2YP8A,MVRL63792,Qasim Greenaway,5,sole_trader;uninformative,1
11746,1-2B2ZBXI,MVRL53676,Qassim Jabar Al Abody,5,sole_trader;uninformative,1
11747,1-42DCMD8,MVRL61782,Quang Tuyen Pham,5,sole_trader;uninformative,1
11748,1-4QSTRQ,MVRL46570,Qudratullah Gulzari,5,sole_trader;uninformative,1
11749,1-4C98D6W,MVRL62932,Quoc Hung Phan,5,sole_trader;uninformative,1
11750,1-4GZUPLS,MVRL63999,Raaziq Nabeel Rafikh,5,sole_trader;uninformative,1
11751,1-49CU4E6,MVRL62570,Rabieh El-zbaidieh,5,sole_trader;uninformative,1
11752,1-XTQ-4111,MVRL40390,Rabih Raad,5,sole_trader;uninformative,1
11753,1-1VBRTTQ,MVRL52816,Rachid Khallouq,5,sole_trader;uninformative,1
11754,1-39XVBBV,MVRL56051,Rae Leslie Godbolt,5,sole_trader;uninformative,1
11755,1-3K5PBL4,MVRL57765,RAED KHAFAJI,5,sole_trader;uninformative,1
11756,1-1Z0J8LZ,MVRL52958,Raef Naseim,5,sole_trader;uninformative,1
11757,1-3Z20SUQ,MVRL61105,Raffaele Valentino Dimento,5,sole_trader;uninformative,1
11758,1-60F1ZS,MVRL47112,Raffi Banbekian,5,sole_trader;uninformative,1
11759,1-3GY0XH2,MVRL57083,Raffi Dakasian,5,sole_trader;uninformative,1
11760,1-XTQ-2560,MVRL36794,Rainer Meudt,5,sole_trader;uninformative,1
11761,1-2MW00T6,MVRL54293,Rajesh Subhash Agnihotri,5,sole_trader;uninformative,1
11762,1-4D31JAE,MVRL63219,Rajeshwar Nath,5,sole_trader;uninformative,1
11763,1-41D0YQQ,MVRL61391,Rajiv Ronald Singh,5,sole_trader;uninformative,1
11764,1-XTQ-2911,MVRL37606,Ralph David Murray,5,sole_trader;uninformative,1
11765,1-37R98L9,MVRL55811,Ralph Newton,5,sole_trader;uninformative,1
11766,1-4IL6IMA,MVRL64193,Raman Raj Mishra,5,sole_trader;uninformative,1
11767,1-94RYZ5,MVRL47692,Rami Yakob,5,sole_trader;uninformative,1
11768,1-3JLGFBA,MVRL57554,Ramzi Majed Saleem Zidan,5,sole_trader;uninformative,1
11769,1-XUC-963,MVRL36564,Randall James Lloyde,5,sole_trader;uninformative,1
11770,1-XU2-4088,MVRL29359,Randall Scott Jones,5,sole_trader;uninformative,1
11771,1-490KUV0,MVRL62444,Rangimarie Justin Roa,5,sole_trader;uninformative,1
11772,1-3SBNRNY,MVRL60127,Rany R Saeed,5,sole_trader;uninformative,1
11773,1-49H24WG,MVRL62679,Raphael Elias Willersdorf,5,sole_trader;uninformative,1
11774,1-38ENXE,MVRL45847,Rassem El-Arja,5,sole_trader;uninformative,1
11775,1-1EOBDSK,MVRL51684,Ratana Lim,5,sole_trader;uninformative,1
11776,1-4E5SD8D,MVRL63488,Ratchaneewan Cheasakul,5,sole_trader;uninformative,1
11777,1-359Z4CN,MVRL55431,Raul Gerodias,5,sole_trader;uninformative,1
11778,1-34MFSMP,MVRL55360,Ravi Babu,5,sole_trader;uninformative,1
11779,1-2FKAK54,MVRL53727,Ravindra Kumar,5,sole_trader;uninformative,1
11780,1-41EW80A,MVRL61415,Ravneel Pillay,5,sole_trader;uninformative,1
11781,1-34NIUH9,MVRL55638,Raymond Anthony Bathis,5,sole_trader;uninformative,1
11782,1-XUC-2704,MVRL43711,Raymond Anthony Peruzzi,5,sole_trader;uninformative,1
11783,1-35WDD2L,MVRL55527,Raymond Badaoui,5,sole_trader;uninformative,1
11784,1-3TFGTT8,MVRL60354,Raymond Grudic,5,sole_trader;uninformative,1
11785,1-4DD6OUE,MVRL63333,Raymond John Hammond,5,sole_trader;uninformative,1
11786,1-YKVHFG,MVRL50439,Raymond John Kelly,5,sole_trader;uninformative,1
11787,1-XU2-3435,MVRL27384,Raymond John Payne,5,sole_trader;uninformative,1
11788,1-3HWUTL2,MVRL57128,Raymond Joseph Xerri,5,sole_trader;uninformative,1
11789,1-XTQ-2477,MVRL36595,Raymond Zammit,5,sole_trader;uninformative,1
11790,1-4J4288O,MVRL64351,Raymonde Mark Sanders,5,sole_trader;uninformative,1
11791,1-3Y1FEB6,MVRL60943,Rebecca Louise Ghoulmieh,5,sole_trader;uninformative,1
11792,1-4EN059O,MVRL63594,Reece Christian Forrester,5,sole_trader;uninformative,1
11793,1-44IZPIA,MVRL61896,Reece Edwin John Robinson,5,sole_trader;uninformative,1
11794,1-4GG827Q,MVRL63883,Reece Mildenhall,5,sole_trader;uninformative,1
11795,1-3LON8L4,MVRL58374,Reenal Anand Krishna,5,sole_trader;uninformative,1
11796,1-3K3NP0U,MVRL57802,Reinzie Philip Shirly De Silva,5,sole_trader;uninformative,1
11797,1-2RPWMHJ,MVRL54400,Remon Lazar,5,sole_trader;uninformative,1
11798,1-3N97J6N,MVRL58798,Renae Joy Went,5,sole_trader;uninformative,1
11799,1-XTQ-2479,MVRL36600,Renata Lewandowska,5,sole_trader;uninformative,1
11800,1-XTQ-2569,MVRL36822,Rhett O'brien,5,sole_trader;uninformative,1
11801,1-4HDVRJI,MVRL64137,Rhiannon Angela Davies,5,sole_trader;uninformative,1
11802,1-3QIOP44,MVRL59777,Rhys Dominic Tomasulo,5,sole_trader;uninformative,1
11803,1-45YJ7AA,MVRL62012,Rhys Graham Duck,5,sole_trader;uninformative,1
11804,1-1LSIK1H,MVRL52156,Riaan Bezuidenhout,5,sole_trader;uninformative,1
11805,1-346LZL4,MVRL55266,Ricardo Fabian Castillo,5,sole_trader;uninformative,1
11806,1-2FW2A14,MVRL53752,Ricardo Waldemar Rosa Duera,5,sole_trader;uninformative,1
11807,1-3ZATITK,MVRL61098,Riccardo Sannio,5,sole_trader;uninformative,1
11808,1-47KBW1E,MVRL62207,Richard Alan Smith,5,sole_trader;uninformative,1
11809,1-NF2O3U,MVRL49260,Richard Armindo Fernandez,5,sole_trader;uninformative,1
11810,1-11O5ZI5,MVRL50694,Richard Carl Wood,5,sole_trader;uninformative,1
11811,1-XTQ-1638,MVRL33393,Richard Charles Green,5,sole_trader;uninformative,1
11812,1-2YOOVXB,MVRL54779,Richard Chor,5,sole_trader;uninformative,1
11813,1-4D8FIPG,MVRL63164,Richard Crisanto Linasa,5,sole_trader;uninformative,1
11814,1-XU2-4619,MVRL30996,Richard Den Brinker,5,sole_trader;uninformative,1
11815,1-XTQ-2518,MVRL36699,Richard Ernest Watkins,5,sole_trader;uninformative,1
11816,1-XTX-1711,MVRL8121,Richard Francis Sheard,5,sole_trader;uninformative,1
11817,1-17J87B6,MVRL51248,Richard Frederick House,5,sole_trader;uninformative,1
11818,1-3Q3UJ8A,MVRL59620,Richard Geoffrey Lackie,5,sole_trader;uninformative,1
11819,1-5AZUO3,MVRL46888,Richard Geoffrey Swane,5,sole_trader;uninformative,1
11820,1-XUC-1064,MVRL36929,Richard Glenn Jefferay,5,sole_trader;uninformative,1
11821,1-43985T6,MVRL61699,Richard Hapin Panit,5,sole_trader;uninformative,1
11822,1-3NAPZ8A,MVRL58852,Richard Jak-Kung Ea,5,sole_trader;uninformative,1
11823,1-3IVL7UO,MVRL57296,Richard James Ansell,5,sole_trader;uninformative,1
11824,1-39V36DL,MVRL55999,Richard James Craft,5,sole_trader;uninformative,1
11825,1-1U9LLWP,MVRL52707,Richard James Halvorson,5,sole_trader;uninformative,1
11826,1-XTQ-3399,MVRL38669,Richard James Symyniuk,5,sole_trader;uninformative,1
11827,1-2MKU8B,MVRL45233,Richard John Bowyer,5,sole_trader;uninformative,1
11828,1-3M5YC26,MVRL58449,Richard John Cluley,5,sole_trader;uninformative,1
11829,1-XTQ-450,MVRL30256,Richard John Gow,5,sole_trader;uninformative,1
11830,1-4AVCHVO,MVRL62867,Richard John Mcleod,5,sole_trader;uninformative,1
11831,1-XU2-2239,MVRL23941,Richard John Povey,5,sole_trader;uninformative,1
11832,1-LNKH0J,MVRL49353,Richard Keith Watts,5,sole_trader;uninformative,1
11833,1-XTN-3402,MVRL24251,Richard Leslie Dean Cross,5,sole_trader;uninformative,1
11834,1-1IOTRL8,MVRL51935,Richard Marat,5,sole_trader;uninformative,1
11835,1-1GMLGHS,MVRL51941,Richard Paul Berton,5,sole_trader;uninformative,1
11836,1-49HWUR0,MVRL62691,Richard Simon Cooke,5,sole_trader;uninformative,1
11837,1-4EC5WVG,MVRL63467,Richard Stephen Gianoli,5,sole_trader;uninformative,1
11838,1-GFPFYP,MVRL48538,Richard Stretton,5,sole_trader;uninformative,1
11839,1-3ENAYW4,MVRL56800,Richard Thomas Scilley,5,sole_trader;uninformative,1
11840,1-3B7ZJ21,MVRL56312,Richard William Bligh,5,sole_trader;uninformative,1
11841,1-XTQ-3544,MVRL39009,Richard William Schmidt,5,sole_trader;uninformative,1
11842,1-4CEVBZM,MVRL63011,Richard William Turner,5,sole_trader;uninformative,1
11843,1-4D88G9Q,MVRL63165,Rick Anthony Mantle,5,sole_trader;uninformative,1
11844,1-XU2-3190,MVRL26759,Rick James Pender,5,sole_trader;uninformative,1
11845,1-4BWYX00,MVRL63004,Rick Piper,5,sole_trader;uninformative,1
11846,1-3TCISSG,MVRL60250,Rick Toohill,5,sole_trader;uninformative,1
11847,1-44PRBCG,MVRL61901,Ricky Aaron Barnett,5,sole_trader;uninformative,1
11848,1-3R4CVZM,MVRL59848,Ricky Michael Harvey,5,sole_trader;uninformative,1
11849,1-3Z99Y4U,MVRL61150,Riley John Pike,5,sole_trader;uninformative,1
11850,1-4DEE6OY,MVRL63297,RIMON HIKMAT SHBA,5,sole_trader;uninformative,1
11851,1-3O072PF,MVRL59071,Rinaldo (Ronald) Palumbo,5,sole_trader;uninformative,1
11852,1-3IPIHI0,MVRL57229,Riordan Power,5,sole_trader;uninformative,1
11853,1-XU2-2947,MVRL26081,Rita Di Cesare,5,sole_trader;uninformative,1
11854,1-3ZSEVJY,MVRL61213,Rizaldy Barsanas Cabilangan,5,sole_trader;uninformative,1
11855,1-4FE9S1I,MVRL63647,Roarke Daly Ramsey,5,sole_trader;uninformative,1
11856,1-3L9L4CY,MVRL58257,Robeen Alfaz Mohammed,5,sole_trader;uninformative,1
11857,1-47XYJJ8,MVRL62249,Robert Alexander John Szady,5,sole_trader;uninformative,1
11858,1-3CJNCI7,MVRL56409,Robert Alexander Noble,5,sole_trader;uninformative,1
11859,1-XUC-3738,MVRL673,Robert Andrew Brooks,5,sole_trader;uninformative,1
11860,1-XTQ-4795,MVRL42089,Robert Andrew Lindsay,5,sole_trader;uninformative,1
11861,1-XTQ-453,MVRL30261,Robert Andrew Rich,5,sole_trader;uninformative,1
11862,1-3B9LDGW,MVRL56271,Robert Anthony Pascall,5,sole_trader;uninformative,1
11863,1-4DS5HW9,MVRL63290,Robert Anthony Salecich,5,sole_trader;uninformative,1
11864,1-XTX-236,MVRL43402,Robert Anthony Stankovic,5,sole_trader;uninformative,1
11865,1-JO0Q9P,MVRL48813,Robert Daniel,5,sole_trader;uninformative,1
11866,1-3FWDP3Y,MVRL56888,Robert David Dredge,5,sole_trader;uninformative,1
11867,1-2Z56PV5,MVRL54792,Robert David Pace,5,sole_trader;uninformative,1
11868,1-5BU80K,MVRL46859,Robert David Pratten,5,sole_trader;uninformative,1
11869,1-3KHJK3W,MVRL58061,Robert Dean,5,sole_trader;uninformative,1
11870,1-4CWK0H4,MVRL63217,Robert Graham Johnston,5,sole_trader;uninformative,1
11871,1-4B52E44,MVRL62858,Robert Howard,5,sole_trader;uninformative,1
11872,1-3NB8A2M,MVRL58825,Robert Ian Skinner,5,sole_trader;uninformative,1
11873,1-49Y2G3Q,MVRL62677,Robert James Braun,5,sole_trader;uninformative,1
11874,1-XU2-4062,MVRL29290,Robert James Collins,5,sole_trader;uninformative,1
11875,1-4D7M6GY,MVRL63101,Robert James Johnston,5,sole_trader;uninformative,1
11876,1-XUC-2072,MVRL40697,Robert James Orr,5,sole_trader;uninformative,1
11877,1-4DL8V34,MVRL63337,Robert James Scott,5,sole_trader;uninformative,1
11878,1-4CGW65Y,MVRL62973,Robert James Wickham,5,sole_trader;uninformative,1
11879,1-1GTGHJZ,MVRL51823,Robert Jansson,5,sole_trader;uninformative,1
11880,1-1S8UE3P,MVRL52789,Robert Jason Brown,5,sole_trader;uninformative,1
11881,1-XU2-4442,MVRL30392,Robert John Bates,5,sole_trader;uninformative,1
11882,1-XU2-1797,MVRL22707,Robert John Bell,5,sole_trader;uninformative,1
11883,1-3YU1492,MVRL61038,Robert John Dean,5,sole_trader;uninformative,1
11884,1-7G9QPQ,MVRL47413,Robert John Gralton,5,sole_trader;uninformative,1
11885,1-3JG7D7A,MVRL57589,Robert John Hill,5,sole_trader;uninformative,1
11886,1-XTH-3745,MVRL10488,Robert John Jones,5,sole_trader;uninformative,1
11887,1-45P0IBQ,MVRL62023,Robert John Lakeman,5,sole_trader;uninformative,1
11888,1-JAPDH0,MVRL48769,Robert John Martin,5,sole_trader;uninformative,1
11889,1-3OBYK1I,MVRL59259,Robert John Mortlock,5,sole_trader;uninformative,1
11890,1-2MC6S2C,MVRL54212,Robert John O'Connell,5,sole_trader;uninformative,1
11891,1-3VXXHDO,MVRL60757,Robert John Out,5,sole_trader;uninformative,1
11892,1-1UMNA4J,MVRL52786,Robert John Ticehurst,5,sole_trader;uninformative,1
11893,1-47G4NEQ,MVRL62165,Robert Joseph Cribbin,5,sole_trader;uninformative,1
11894,1-32E3I51,MVRL55049,Robert Keith O'toole,5,sole_trader;uninformative,1
11895,1-3A7CQAL,MVRL56075,Robert Leslie Brown,5,sole_trader;uninformative,1
11896,1-3TUG754,MVRL60314,Robert Matthew Hodgson,5,sole_trader;uninformative,1
11897,1-XU2-4435,MVRL30376,Robert Matthew Rayner,5,sole_trader;uninformative,1
11898,1-1FLDGGA,MVRL51738,Robert Michael Remedi,5,sole_trader;uninformative,1
11899,1-4H8GZ36,MVRL64066,Robert Paul Brown,5,sole_trader;uninformative,1
11900,1-XU2-4992,MVRL32265,Robert Peter Garland,5,sole_trader;uninformative,1
11901,1-XTQ-2202,MVRL35947,Robert Piccini,5,sole_trader;uninformative,1
11902,1-37PLPNZ,MVRL55799,Robert Raymond Thurlow,5,sole_trader;uninformative,1
11903,1-XVNN2E,MVRL50352,Robert Sam Cipri,5,sole_trader;uninformative,1
11904,1-XUC-2644,MVRL43438,Robert Scott Beardslee,5,sole_trader;uninformative,1
11905,1-3KN7Q0E,MVRL57820,Robert Spaccavento,5,sole_trader;uninformative,1
11906,1-4DK485U,MVRL63300,Robert Stanley Cady,5,sole_trader;uninformative,1
11907,1-4AZKA8W,MVRL62835,Robert Thomas MacDonald Hannah,5,sole_trader;uninformative,1
11908,1-34VY8DX,MVRL55366,Robert Thomas Mulholland,5,sole_trader;uninformative,1
11909,1-XU2-911,MVRL20189,Robert Weatherall,5,sole_trader;uninformative,1
11910,1-3I3DGWL,MVRL57183,Robert William Oxley,5,sole_trader;uninformative,1
11911,1-49F9MRI,MVRL62616,Roberto Bongiorno,5,sole_trader;uninformative,1
11912,1-XTQ-3042,MVRL37935,Roberto Del Rosario,5,sole_trader;uninformative,1
11913,1-3MR4WXF,MVRL58594,Robin Andrew Walsh,5,sole_trader;uninformative,1
11914,1-XUC-1236,MVRL37568,Rocco Anthony Pirrottina,5,sole_trader;uninformative,1
11915,1-329VLWL,MVRL55066,Rocco Marcozzi,5,sole_trader;uninformative,1
11916,1-3Q061OE,MVRL59734,Rocco Morizzi,5,sole_trader;uninformative,1
11917,1-FWP50N,MVRL48431,Rocco Ripepi,5,sole_trader;uninformative,1
11918,1-XTQ-896,MVRL31508,Rodney Amos Brown,5,sole_trader;uninformative,1
11919,1-XTQ-1683,MVRL34599,Rodney Craig Maher,5,sole_trader;uninformative,1
11920,1-IW1B8S,MVRL48639,Rodney David Gillespie,5,sole_trader;uninformative,1
11921,1-357MF7P,MVRL55426,Rodney Ian Nunn,5,sole_trader;uninformative,1
11922,1-3JM9HAY,MVRL57539,Rodney James Aurisch,5,sole_trader;uninformative,1
11923,1-3JG9RYQ,MVRL57583,Rodney James Laneyrie,5,sole_trader;uninformative,1
11924,1-190II3H,MVRL51376,Rodney James McQueen,5,sole_trader;uninformative,1
11925,1-XTQ-184,MVRL29529,Rodney John Everingham,5,sole_trader;uninformative,1
11926,1-4H9D7JU,MVRL64092,Rodney John Rowe,5,sole_trader;uninformative,1
11927,1-XU2-922,MVRL20224,Rodney John Watson,5,sole_trader;uninformative,1
11928,1-XTX-597,MVRL44419,Rodney Leonard Ernest Bryant,5,sole_trader;uninformative,1
11929,1-XTQ-2303,MVRL36206,Rodney Max Onus,5,sole_trader;uninformative,1
11930,1-XUC-4579,MVRL8818,Roger Raymond Andrews,5,sole_trader;uninformative,1
11931,1-XTX-1852,MVRL8588,Roger William Korte,5,sole_trader;uninformative,1
11932,1-4BVY7OG,MVRL62971,Rohan Murray Wallace Baker,5,sole_trader;uninformative,1
11933,1-XTQ-4118,MVRL40405,Rohitash Chand,5,sole_trader;uninformative,1
11934,1-12ZOLZJ,MVRL50767,Roland Neri,5,sole_trader;uninformative,1
11935,1-3YWMR3I,MVRL61066,Roland Varga,5,sole_trader;uninformative,1
11936,1-47PPEOK,MVRL62413,Roman Serkov,5,sole_trader;uninformative,1
11937,1-XUC-2473,MVRL42579,Romel Awad,5,sole_trader;uninformative,1
11938,1-XTQ-3101,MVRL38059,Ron Ravindra Singh,5,sole_trader;uninformative,1
11939,1-2K7G3LF,MVRL54033,Ronald Arthur Pittard,5,sole_trader;uninformative,1
11940,1-40KHHQA,MVRL61334,Ronald Craig Mccann,5,sole_trader;uninformative,1
11941,1-4EOZGNI,MVRL63596,Ronald Craig Wilson,5,sole_trader;uninformative,1
11942,1-XTN-4368,MVRL27134,Ronald Croker,5,sole_trader;uninformative,1
11943,1-XU2-3911,MVRL28815,Ronald James Mccartney,5,sole_trader;uninformative,1
11944,1-XUC-907,MVRL36398,Ronald Michael Koek,5,sole_trader;uninformative,1
11945,1-2MCWCJF,MVRL54326,Ronald Thomas Tisdell,5,sole_trader;uninformative,1
11946,1-2YXMUBR,MVRL54769,Roni Tarabay,5,sole_trader;uninformative,1
11947,1-5SZPIN,MVRL47017,Rosario Menniti,5,sole_trader;uninformative,1
11948,1-3Q3APYB,MVRL59822,Rosario Natale Maimone,5,sole_trader;uninformative,1
11949,1-XTQ-3171,MVRL38198,Rosario Turrisi,5,sole_trader;uninformative,1
11950,1-3MP2C46,MVRL58621,Rosemary Lillian Nott,5,sole_trader;uninformative,1
11951,1-357KYE,MVRL45658,Rosina Zervas,5,sole_trader;uninformative,1
11952,1-3JGS343,MVRL57483,Ross Alan Freestone,5,sole_trader;uninformative,1
11953,1-3I7YWDM,MVRL57173,Ross Andrew Mackintosh,5,sole_trader;uninformative,1
11954,1-XTN-4983,MVRL28997,Ross Anthony Buxton,5,sole_trader;uninformative,1
11955,1-2L6FFNH,MVRL54116,Ross Carlton Macnamara,5,sole_trader;uninformative,1
11956,1-18STAHP,MVRL51390,Ross Christopher Douglas,5,sole_trader;uninformative,1
11957,1-21ZF0IC,MVRL53141,Ross Clendon Cavanagh-Rose,5,sole_trader;uninformative,1
11958,1-XUC-2698,MVRL43663,Ross Gordon Wattus,5,sole_trader;uninformative,1
11959,1-41UJE92,MVRL61513,Ross James Brace,5,sole_trader;uninformative,1
11960,1-XTQ-120,MVRL29316,Ross John Stafford,5,sole_trader;uninformative,1
11961,1-XU2-302,MVRL18336,Ross Leopold,5,sole_trader;uninformative,1
11962,1-XTN-4059,MVRL26157,Ross Marvin Firth,5,sole_trader;uninformative,1
11963,1-3WPYJ74,MVRL60763,Ross Nigel Clark,5,sole_trader;uninformative,1
11964,1-4E1ATKL,MVRL63422,Ross Stewart,5,sole_trader;uninformative,1
11965,1-4E1WN0U,MVRL63402,Ross Stewart Burgess,5,sole_trader;uninformative,1
11966,1-483N2XQ,MVRL62467,Rossano Alessandro Cacciagiu,5,sole_trader;uninformative,1
11967,1-2WZI7MK,MVRL54659,Rosscoe Paul Hartley,5,sole_trader;uninformative,1
11968,1-4A8LX94,MVRL62727,Rowan Lennard,5,sole_trader;uninformative,1
11969,1-250MYSN,MVRL53328,Roy Anthony Romeo,5,sole_trader;uninformative,1
11970,1-3K7CNCW,MVRL57867,Russell George Holbourn,5,sole_trader;uninformative,1
11971,1-1G44ILT,MVRL51754,Russell James Wildman,5,sole_trader;uninformative,1
11972,1-842MME,MVRL47546,Russell John Penson,5,sole_trader;uninformative,1
11973,1-3PTPS54,MVRL59761,Russell Mark Woodbury,5,sole_trader;uninformative,1
11974,1-XTN-2874,MVRL22651,Russell William Sheppard,5,sole_trader;uninformative,1
11975,1-4COWHBY,MVRL63003,Ryan Anthony Innes,5,sole_trader;uninformative,1
11976,1-4HZ4D9W,MVRL64149,Ryan Bala Krishnan,5,sole_trader;uninformative,1
11977,1-3LJFHH4,MVRL58265,Ryan David Latham,5,sole_trader;uninformative,1
11978,1-4IAQ8Q2,MVRL64237,Ryan Garry Slaughter,5,sole_trader;uninformative,1
11979,1-RSHX1D,MVRL49764,Ryan Hall,5,sole_trader;uninformative,1
11980,1-417QBKY,MVRL61279,Ryan James Davis,5,sole_trader;uninformative,1
11981,1-3XYD7C2,MVRL60933,Ryan James Delicata,5,sole_trader;uninformative,1
11982,1-41GW1AK,MVRL61476,Ryan James Milmlow,5,sole_trader;uninformative,1
11983,1-3A8I13B,MVRL56154,Ryan Jarrod Fenech,5,sole_trader;uninformative,1
11984,1-4JX6RKX,MVRL64367,Ryan Jay Pedro,5,sole_trader;uninformative,1
11985,1-227P8R3,MVRL53136,Ryan John Azzopardi,5,sole_trader;uninformative,1
11986,1-3CLGNPU,MVRL56510,Ryan Kevin O'Connor,5,sole_trader;uninformative,1
11987,1-4GMUJR6,MVRL63917,Ryan Loveday,5,sole_trader;uninformative,1
11988,1-4988OYC,MVRL62644,Ryan Neville Gerhard-Miller,5,sole_trader;uninformative,1
11989,1-35XTG9H,MVRL55499,Ryan Paul Bensch,5,sole_trader;uninformative,1
11990,1-318EZXP,MVRL54957,Ryan Peter Nicol,5,sole_trader;uninformative,1
11991,1-3CEOY8U,MVRL56398,Ryan Scott McPherson,5,sole_trader;uninformative,1
11992,1-45DTSZA,MVRL62062,Ryan Stanley Poole,5,sole_trader;uninformative,1
11993,1-49WWBE2,MVRL62712,Ryan Thomas Conrad,5,sole_trader;uninformative,1
11994,1-G5TXLF,MVRL48480,Saad Mekhael Abosh,5,sole_trader;uninformative,1
11995,1-2FQZZ8A,MVRL53732,Saad Mohammed Khan,5,sole_trader;uninformative,1
11996,1-XTQ-1396,MVRL32702,Saadeh Saad,5,sole_trader;uninformative,1
11997,1-3XUGKBG,MVRL60981,Saboor Ur Rehman Awan,5,sole_trader;uninformative,1
11998,1-4AAAPR8,MVRL62787,Saif Ullah,5,sole_trader;uninformative,1
11999,1-3TMI8SQ,MVRL60338,Sakthivel Navaratnam,5,sole_trader;uninformative,1
12000,1-3JG7DD1,MVRL57458,Salam Petrus,5,sole_trader;uninformative,1
12001,1-3VYR8RY,MVRL60676,Saleh EL ALI,5,sole_trader;uninformative,1
12002,1-276C7CC,MVRL53442,Salim Elbaf,5,sole_trader;uninformative,1
12003,1-QA2K1F,MVRL49591,Salim Jabakanji,5,sole_trader;uninformative,1
12004,1-PA7L9T,MVRL49526,Salim Tannous Chidiac,5,sole_trader;uninformative,1
12005,1-3ND4REU,MVRL59088,Salman AL Shammari,5,sole_trader;uninformative,1
12006,1-NP3P4G,MVRL49301,Salman Bechara,5,sole_trader;uninformative,1
12007,1-3MKCB60,MVRL58797,Salvador Aguilella,5,sole_trader;uninformative,1
12008,1-3R67WHW,MVRL59850,Salvatore Cassisi,5,sole_trader;uninformative,1
12009,1-3DJI1ED,MVRL56476,Salvatore Mangiapane,5,sole_trader;uninformative,1
12010,1-XU2-212,MVRL18096,Salvatore Orti-Tullo,5,sole_trader;uninformative,1
12011,1-KWM4KC,MVRL49025,Salvatore Sam DiGrazia,5,sole_trader;uninformative,1
12012,1-3PIWFM4,MVRL59573,Salwan Habeeb Zaia Yatooma,5,sole_trader;uninformative,1
12013,1-XTX-504,MVRL44181,Sam Alam,5,sole_trader;uninformative,1
12014,1-43IQID4,MVRL61639,Sam Cabena Millen,5,sole_trader;uninformative,1
12015,1-4BY1LSA,MVRL62977,Sam Edward Rutherford,5,sole_trader;uninformative,1
12016,1-XTN-4142,MVRL26498,Sam Ghaleh Samcou,5,sole_trader;uninformative,1
12017,1-3VSN9NM,MVRL60756,Sam Mangiapane,5,sole_trader;uninformative,1
12018,1-4EONQ4Y,MVRL63545,Sam Mikhail,5,sole_trader;uninformative,1
12019,1-492YHF8,MVRL62569,Sam Monteleone,5,sole_trader;uninformative,1
12020,1-BJSGCX,MVRL47942,Sam Tannous,5,sole_trader;uninformative,1
12021,1-4J5H8LK,MVRL64308,Samari Ann Gambrill,5,sole_trader;uninformative,1
12022,1-4HQWNNO,MVRL64125,Samaul James Pepper,5,sole_trader;uninformative,1
12023,1-3L5TJV6,MVRL58225,Samer Jasem,5,sole_trader;uninformative,1
12024,1-32D0R2L,MVRL55052,Samer Khamisy,5,sole_trader;uninformative,1
12025,1-45KKPQO,MVRL62157,Samer Shamali,5,sole_trader;uninformative,1
12026,1-41NM80G,MVRL61579,Sami Brown,5,sole_trader;uninformative,1
12027,1-1BJ9CD1,MVRL51492,Sami Dagher,5,sole_trader;uninformative,1
12028,1-34HBQHV,MVRL55337,Samia Bob Poasa,5,sole_trader;uninformative,1
12029,1-4BU7WMV,MVRL63027,Samir-Dib Abbas,5,sole_trader;uninformative,1
12030,1-4JRUAKY,MVRL64383,Sammy Filippo Gatto,5,sole_trader;uninformative,1
12031,1-3A6VXZ1,MVRL56088,Samuel Arthur Parkinson,5,sole_trader;uninformative,1
12032,1-3RR204G,MVRL59941,Samuel Douglas Jackson,5,sole_trader;uninformative,1
12033,1-3538TCJ,MVRL55489,Samuel Edward Wykes,5,sole_trader;uninformative,1
12034,1-3LVRIHC,MVRL58376,Samuel George Date,5,sole_trader;uninformative,1
12035,1-4J9DFXG,MVRL64359,Samuel James Moore,5,sole_trader;uninformative,1
12036,1-3KPGASM,MVRL58007,Samuel James Worrall,5,sole_trader;uninformative,1
12037,1-3NHU6IC,MVRL58956,Samuel John Chalmers,5,sole_trader;uninformative,1
12038,1-4BUG6G,MVRL46407,Samuel John Kilgore,5,sole_trader;uninformative,1
12039,1-4DEFLV6,MVRL63299,Samuel John Wolstenholme,5,sole_trader;uninformative,1
12040,1-31SD9AZ,MVRL55047,Samuel Joshua Muldoon,5,sole_trader;uninformative,1
12041,1-XUC-840,MVRL36151,Samuel Kafrouny,5,sole_trader;uninformative,1
12042,1-45BQ1HA,MVRL61968,Samuel Messer,5,sole_trader;uninformative,1
12043,1-3VXH6Q8,MVRL60807,Samuel Micheal La Spina,5,sole_trader;uninformative,1
12044,1-3UCHB6A,MVRL60590,Samuel Oram,5,sole_trader;uninformative,1
12045,1-3WN0K5Q,MVRL60789,Samuel Patrick Calleija,5,sole_trader;uninformative,1
12046,1-2BOU502,MVRL53670,Samuel Ronald O'Neill,5,sole_trader;uninformative,1
12047,1-1MPJAJJ,MVRL52281,Samuel Thomas Scott Howell,5,sole_trader;uninformative,1
12048,1-3LW6K8O,MVRL58412,Sandrina Esposito,5,sole_trader;uninformative,1
12049,1-4D7DWB4,MVRL63243,Sandro Bursac,5,sole_trader;uninformative,1
12050,1-XTQ-4940,MVRL42530,Sanjay Prasad,5,sole_trader;uninformative,1
12051,1-26VRJCH,MVRL53393,Sanjeev Lal Sharma,5,sole_trader;uninformative,1
12052,1-42PF7YW,MVRL61575,Santhosh Kumar Shetty,5,sole_trader;uninformative,1
12053,1-3D0O8GQ,MVRL56525,Santo Pandolfo,5,sole_trader;uninformative,1
12054,1-1BHBXOI,MVRL51486,Sarkis Rahban,5,sole_trader;uninformative,1
12055,1-2KGUXJ9,MVRL54052,Sasa Stojanovic,5,sole_trader;uninformative,1
12056,1-3BJBVQ5,MVRL56294,Sasko Apostolov,5,sole_trader;uninformative,1
12057,1-XTQ-4276,MVRL40793,Satyia Narayan,5,sole_trader;uninformative,1
12058,1-XUC-280,MVRL33209,Saverio Dell Aquila,5,sole_trader;uninformative,1
12059,1-423A2M6,MVRL61521,Savry Sok,5,sole_trader;uninformative,1
12060,1-44Y9WQK,MVRL61897,Saxon Beau Berry,5,sole_trader;uninformative,1
12061,1-XTQ-4392,MVRL41100,Sayed Hallal,5,sole_trader;uninformative,1
12062,1-4FVCWFK,MVRL63767,Sayed Hussain Mossavi,5,sole_trader;uninformative,1
12063,1-3R0HP8E,MVRL59970,Sayed Mokdassi,5,sole_trader;uninformative,1
12064,1-473SV4M,MVRL62203,Scott Aaron Riley,5,sole_trader;uninformative,1
12065,1-3KSVLRY,MVRL58014,Scott Alexander McLeod,5,sole_trader;uninformative,1
12066,1-2VBCQT1,MVRL54462,Scott Allan Fowler,5,sole_trader;uninformative,1
12067,1-XTQ-3092,MVRL38044,Scott Allan Neilsen,5,sole_trader;uninformative,1
12068,1-3RPDCAY,MVRL59995,Scott Andrew Byrnes,5,sole_trader;uninformative,1
12069,1-3EZ95Q5,MVRL57169,Scott Andrew Eunson,5,sole_trader;uninformative,1
12070,1-1LKK9DZ,MVRL52210,Scott Andrew Heming,5,sole_trader;uninformative,1
12071,1-17EWKYR,MVRL51266,Scott Andrew Rohrich,5,sole_trader;uninformative,1
12072,1-X01TWO,MVRL50348,Scott Anthony Halliday,5,sole_trader;uninformative,1
12073,1-452CNK8,MVRL61924,Scott Anthony Reid,5,sole_trader;uninformative,1
12074,1-3QVLDNM,MVRL59790,Scott Bradley Landow,5,sole_trader;uninformative,1
12075,1-4HW94O4,MVRL64084,Scott Charles Portelli,5,sole_trader;uninformative,1
12076,1-3N5Y3E2,MVRL58829,Scott Connolly,5,sole_trader;uninformative,1
12077,1-2J1EM8V,MVRL53985,Scott Donald Wells,5,sole_trader;uninformative,1
12078,1-4DD6OWM,MVRL63268,Scott Edwin Whatman,5,sole_trader;uninformative,1
12079,1-1MLGLEN,MVRL52278,Scott Fleming,5,sole_trader;uninformative,1
12080,1-443K8UU,MVRL61758,Scott Garry Izzard,5,sole_trader;uninformative,1
12081,1-3OFQQSC,MVRL59098,Scott Ian,5,sole_trader;uninformative,1
12082,1-2KIE0C5,MVRL54050,Scott James Hoolihan,5,sole_trader;uninformative,1
12083,1-4IH9O52,MVRL64152,Scott Jay Campbell-McLean,5,sole_trader;uninformative,1
12084,1-2MMHJZO,MVRL54235,Scott Lachlan Maclean,5,sole_trader;uninformative,1
12085,1-43S0QFI,MVRL61686,Scott Macmahon Jackson,5,sole_trader;uninformative,1
12086,1-3AJFCJV,MVRL56139,Scott Michael Smith,5,sole_trader;uninformative,1
12087,1-XTQ-4620,MVRL41658,Scott Murray Spokes,5,sole_trader;uninformative,1
12088,1-3KOR0XM,MVRL58077,Scott Nathan Pendergast,5,sole_trader;uninformative,1
12089,1-3JWG536,MVRL57711,Scott Peter Armstrong,5,sole_trader;uninformative,1
12090,1-1IUH6RL,MVRL51984,Scott Ray Norman Kelb,5,sole_trader;uninformative,1
12091,1-3VV1LDO,MVRL60761,Scott Richard Farrell,5,sole_trader;uninformative,1
12092,1-2G2GIGB,MVRL53803,Scott Robert Lassam,5,sole_trader;uninformative,1
12093,1-411R326,MVRL61422,Scott Ronald Arnold,5,sole_trader;uninformative,1
12094,1-2B7ZMIT,MVRL53758,Scott Roy Collins,5,sole_trader;uninformative,1
12095,1-KMIDXJ,MVRL48945,Scott Thomas Martin,5,sole_trader;uninformative,1
12096,1-4J6JRAO,MVRL64342,Scott Warren John Buckingham,5,sole_trader;uninformative,1
12097,1-3UODYNM,MVRL60552,Scott Wayne McBurney,5,sole_trader;uninformative,1
12098,1-487Q5EK,MVRL62528,Scott William Abraham,5,sole_trader;uninformative,1
12099,1-29JX895,MVRL53512,Scott William Barr,5,sole_trader;uninformative,1
12100,1-XTQ-3918,MVRL39880,Scott William Dawson,5,sole_trader;uninformative,1
12101,1-3B5SRGB,MVRL56252,Scott William Evans,5,sole_trader;uninformative,1
12102,1-3P0DLEI,MVRL59295,Sean Alessi,5,sole_trader;uninformative,1
12103,1-4DSZIOM,MVRL63383,Sean Curtis Wildman,5,sole_trader;uninformative,1
12104,1-XUC-2038,MVRL40580,Sean Geoffery Fenwick,5,sole_trader;uninformative,1
12105,1-3KOHKI2,MVRL58124,Sean Joseph Nolan,5,sole_trader;uninformative,1
12106,1-437DDHC,MVRL61696,Sean Michael Herger,5,sole_trader;uninformative,1
12107,1-3SCR9U0,MVRL60068,Sean Newland,5,sole_trader;uninformative,1
12108,1-359XA5J,MVRL55441,Sean Richard Murphy,5,sole_trader;uninformative,1
12109,1-1OZ2FD6,MVRL52437,Sean Robert Griffiths,5,sole_trader;uninformative,1
12110,1-4IACWUI,MVRL64178,Sebastian Esteban Gonzalez Munoz,5,sole_trader;uninformative,1
12111,1-F8Q5DU,MVRL48308,Sebastian Janecki,5,sole_trader;uninformative,1
12112,1-3CWCZGU,MVRL56458,Sebastian Najder,5,sole_trader;uninformative,1
12113,1-3SMNQ2U,MVRL60247,Sebouh Manoukian,5,sole_trader;uninformative,1
12114,1-4GMT7SS,MVRL64176,Sebouh Sam Kouyoumdjian,5,sole_trader;uninformative,1
12115,1-XTQ-4821,MVRL42146,Seon Wook Kim,5,sole_trader;uninformative,1
12116,1-4D77QUC,MVRL63202,Sepehr Monzavian,5,sole_trader;uninformative,1
12117,1-XTN-4777,MVRL28389,Sergio Paul Dellaquila,5,sole_trader;uninformative,1
12118,1-4J1KR80,MVRL64291,Sezer Turedu,5,sole_trader;uninformative,1
12119,1-3PD7AR4,MVRL59656,Shaakir Ahmed Khan,5,sole_trader;uninformative,1
12120,1-EO77LH,MVRL48267,Shane Adam Kelly,5,sole_trader;uninformative,1
12121,1-2M7280N,MVRL54221,Shane Anthony Martin,5,sole_trader;uninformative,1
12122,1-KAK4JC,MVRL48905,Shane Aubrey Atkinson,5,sole_trader;uninformative,1
12123,1-1MPKIDT,MVRL52324,Shane Desmond Hefren,5,sole_trader;uninformative,1
12124,1-3HUTYB7,MVRL57163,Shane Douglas Degunst,5,sole_trader;uninformative,1
12125,1-3ZKZ768,MVRL61448,Shane Henry Randall,5,sole_trader;uninformative,1
12126,1-2WTLC1H,MVRL54719,Shane James Malone,5,sole_trader;uninformative,1
12127,1-XU2-4169,MVRL29630,Shane John Demamiel,5,sole_trader;uninformative,1
12128,1-4CSIADE,MVRL63046,Shane John Luck,5,sole_trader;uninformative,1
12129,1-CTV6U2,MVRL48115,Shane John Rinaldo,5,sole_trader;uninformative,1
12130,1-XTQ-3425,MVRL38721,Shane Keith Mathieson,5,sole_trader;uninformative,1
12131,1-XTX-123,MVRL43000,Shane Michael O'Hara,5,sole_trader;uninformative,1
12132,1-4C5VHRI,MVRL63033,Shane Pak,5,sole_trader;uninformative,1
12133,1-3PVR0UF,MVRL59552,Shane Thomas Broekman,5,sole_trader;uninformative,1
12134,1-3XROC5K,MVRL60955,Shane Warren Walker,5,sole_trader;uninformative,1
12135,1-39OEZUJ,MVRL56005,Shannon Daniel Hodge,5,sole_trader;uninformative,1
12136,1-3XKGK2A,MVRL60871,Shannon Drew Tyrna,5,sole_trader;uninformative,1
12137,1-49EA3IG,MVRL62628,Shannon Mark Rossetto,5,sole_trader;uninformative,1
12138,1-XTQ-3816,MVRL39671,Shao Quan Tan,5,sole_trader;uninformative,1
12139,1-3K39GDK,MVRL57816,Shaopeng Chang,5,sole_trader;uninformative,1
12140,1-XUC-2352,MVRL41879,Sharon Louise Doherty,5,sole_trader;uninformative,1
12141,1-XUC-2018,MVRL40510,Sharron Lee MacFarlane,5,sole_trader;uninformative,1
12142,1-XTQ-2433,MVRL36500,Shatlesh Paul Sarju,5,sole_trader;uninformative,1
12143,1-3N6F3KJ,MVRL59022,Shaun Adam Barnes,5,sole_trader;uninformative,1
12144,1-2M6ZV53,MVRL54220,Shaun Anthony Fletcher,5,sole_trader;uninformative,1
12145,1-1L244QR,MVRL52187,Shaun Anthony Frendo,5,sole_trader;uninformative,1
12146,1-XUC-1231,MVRL37549,Shaun Boyer,5,sole_trader;uninformative,1
12147,1-3471LW1,MVRL55288,Shaun Galardi,5,sole_trader;uninformative,1
12148,1-4EHMCG4,MVRL63523,Shaun Joseph Mercieca,5,sole_trader;uninformative,1
12149,1-4EXXSEI,MVRL63584,Shaun Kelly,5,sole_trader;uninformative,1
12150,1-3IEH5YI,MVRL57263,Shaun Marc Eather,5,sole_trader;uninformative,1
12151,1-XTN-2470,MVRL21383,Shaun Michael Williams,5,sole_trader;uninformative,1
12152,1-3KECRVM,MVRL57987,Shaun Ng,5,sole_trader;uninformative,1
12153,1-3QKZQYK,MVRL59888,Shaun Roderick Veitch,5,sole_trader;uninformative,1
12154,1-4EMH73W,MVRL63542,Shaun Thompson,5,sole_trader;uninformative,1
12155,1-V8M5L6,MVRL50052,Shawn Adam Marks,5,sole_trader;uninformative,1
12156,1-3SDE0KG,MVRL60063,Shawn Garry Adams,5,sole_trader;uninformative,1
12157,1-44KXNXW,MVRL61790,Shawn Garry Barratt,5,sole_trader;uninformative,1
12158,1-4HQCFKU,MVRL64127,Shaylynne Marie Kuhnke,5,sole_trader;uninformative,1
12159,1-3ME71D4,MVRL58545,Sheldon Wesley Foster,5,sole_trader;uninformative,1
12160,1-1M4RQ3L,MVRL52170,Shiju Nambiaparampil Lukose,5,sole_trader;uninformative,1
12161,1-4IL2T3M,MVRL64191,Shivam Sharma,5,sole_trader;uninformative,1
12162,1-4HEGLT8,MVRL64047,Shivraj Singh,5,sole_trader;uninformative,1
12163,1-4CUBLQK,MVRL63158,Shoeb Abdul Raheem .,5,sole_trader;uninformative,1
12164,1-45OO7G4,MVRL62056,Shyam Sasidharan,5,sole_trader;uninformative,1
12165,1-38KAE7H,MVRL55909,Siavash Ali Roudeheni,5,sole_trader;uninformative,1
12166,1-3SN4G0U,MVRL60206,Simeon Peter Bray,5,sole_trader;uninformative,1
12167,1-35K2JKZ,MVRL55471,Simon David Cook,5,sole_trader;uninformative,1
12168,1-XUC-2061,MVRL40649,Simon Doueihi,5,sole_trader;uninformative,1
12169,1-2K0C3FP,MVRL53999,Simon Forrester,5,sole_trader;uninformative,1
12170,1-48MPBUO,MVRL62407,Simon George Thistleton,5,sole_trader;uninformative,1
12171,1-6CHED2,MVRL47234,Simon Glenn Shine,5,sole_trader;uninformative,1
12172,1-3F2PZRS,MVRL56847,Simon Holgate,5,sole_trader;uninformative,1
12173,1-4AF11DE,MVRL62651,Simon John Moir,5,sole_trader;uninformative,1
12174,1-2SREF8,MVRL45408,Simon John Thomas,5,sole_trader;uninformative,1
12175,1-3TNWZKC,MVRL60342,Simon Julien Kuhn,5,sole_trader;uninformative,1
12176,1-3129D83,MVRL54922,Simon Kong,5,sole_trader;uninformative,1
12177,1-2JH1MMS,MVRL53929,Simon So Man Lau,5,sole_trader;uninformative,1
12178,1-367ROPH,MVRL55593,Simon Terrence Jobson,5,sole_trader;uninformative,1
12179,1-NF6I56,MVRL49250,Simon Tsz Wai Lee,5,sole_trader;uninformative,1
12180,1-2XPHUZ7,MVRL54765,Simone Ceccano,5,sole_trader;uninformative,1
12181,1-4JS2BJ6,MVRL64325,Simone Gagliardi,5,sole_trader;uninformative,1
12182,1-34Q0IQH,MVRL55378,Sinisa Volarevic,5,sole_trader;uninformative,1
12183,1-3ZQLLEE,MVRL61166,Slade Riley Gentle,5,sole_trader;uninformative,1
12184,1-3Q6XYG6,MVRL59744,Slavisa Urosevic,5,sole_trader;uninformative,1
12185,1-3ZRD6PA,MVRL61192,Somchai Gerdnoi,5,sole_trader;uninformative,1
12186,1-XTX-489,MVRL44135,Sonja Lee Mitchell,5,sole_trader;uninformative,1
12187,1-3PN35NW,MVRL59685,Soroush Makvandi,5,sole_trader;uninformative,1
12188,1-3NOKGZI,MVRL59005,Sotiris Karamolegos,5,sole_trader;uninformative,1
12189,1-3KPKYES,MVRL57928,Spyridon Tsakozis,5,sole_trader;uninformative,1
12190,1-XTQ-2599,MVRL36874,Srun Krisanaleela,5,sole_trader;uninformative,1
12191,1-4D050DO,MVRL63163,Stamatios Megkos,5,sole_trader;uninformative,1
12192,1-33T3YPH,MVRL55221,Stamatios Sam Liaris,5,sole_trader;uninformative,1
12193,1-XTQ-1703,MVRL3466,Stan Mitzikis,5,sole_trader;uninformative,1
12194,1-1N6PXIG,MVRL52425,Stanley Kriaris,5,sole_trader;uninformative,1
12195,1-3D202C8,MVRL56529,Steafanno Anthony,5,sole_trader;uninformative,1
12196,1-4H3RCH4,MVRL63981,Steffanos Psarros,5,sole_trader;uninformative,1
12197,1-3MYM7OC,MVRL58733,Stelianos Zaraftis,5,sole_trader;uninformative,1
12198,1-47XG1F,MVRL46351,Stephane Bourrigaud,5,sole_trader;uninformative,1
12199,1-3KCDHUE,MVRL57958,Stephen Aaron Shanks,5,sole_trader;uninformative,1
12200,1-L2THSZ,MVRL49022,Stephen Allan Groth,5,sole_trader;uninformative,1
12201,1-38V60T7,MVRL55937,Stephen Andrew Bunyan,5,sole_trader;uninformative,1
12202,1-XU2-1850,MVRL22840,Stephen Andrews,5,sole_trader;uninformative,1
12203,1-4DTDG18,MVRL63396,Stephen Connolly,5,sole_trader;uninformative,1
12204,1-3JOA814,MVRL57677,Stephen Douglas Watt,5,sole_trader;uninformative,1
12205,1-4D7BLDU,MVRL63234,Stephen Dudley Nicholls,5,sole_trader;uninformative,1
12206,1-XTN-1965,MVRL19883,Stephen Edward McDonald,5,sole_trader;uninformative,1
12207,1-XTX-360,MVRL43762,Stephen Edward Webb,5,sole_trader;uninformative,1
12208,1-XTX-283,MVRL43528,Stephen Ernest Chapple,5,sole_trader;uninformative,1
12209,1-XTQ-3049,MVRL37943,Stephen Geoffrey Mottershead,5,sole_trader;uninformative,1
12210,1-XTQ-1875,MVRL35080,Stephen James O'Bryan,5,sole_trader;uninformative,1
12211,1-34VAR59,MVRL55394,Stephen James Steinhardt,5,sole_trader;uninformative,1
12212,1-XTQ-4083,MVRL40324,Stephen John Easter,5,sole_trader;uninformative,1
12213,1-XUC-592,MVRL35252,Stephen John Hedger,5,sole_trader;uninformative,1
12214,1-263MY15,MVRL53378,Stephen John Henderson,5,sole_trader;uninformative,1
12215,1-1M327D1,MVRL52325,Stephen John Lynch,5,sole_trader;uninformative,1
12216,1-34C3I1N,MVRL55331,Stephen John Morgan,5,sole_trader;uninformative,1
12217,1-T4UKY7,MVRL49831,Stephen John Pattison,5,sole_trader;uninformative,1
12218,1-2KRTV5,MVRL45202,Stephen Joseph Pinosa,5,sole_trader;uninformative,1
12219,1-3N6U03O,MVRL58804,Stephen Lieu,5,sole_trader;uninformative,1
12220,1-XTQ-2945,MVRL37678,Stephen Mallia,5,sole_trader;uninformative,1
12221,1-4BCL0Q0,MVRL62948,Stephen Matthew Johnson,5,sole_trader;uninformative,1
12222,1-3OJSLEK,MVRL59372,STEPHEN MCEWAN,5,sole_trader;uninformative,1
12223,1-46UO1C2,MVRL62354,Stephen Monkton,5,sole_trader;uninformative,1
12224,1-49OXM1L,MVRL62629,Stephen Palumbo,5,sole_trader;uninformative,1
12225,1-3UDWJV6,MVRL60425,Stephen Richard Budd,5,sole_trader;uninformative,1
12226,1-XTQ-1315,MVRL32508,Stephen Robert Bailey,5,sole_trader;uninformative,1
12227,1-3KB6U0Y,MVRL57861,Stephen Robert Peak,5,sole_trader;uninformative,1
12228,1-XU2-4873,MVRL31886,Stephen Ross Cohen,5,sole_trader;uninformative,1
12229,1-4A45NC6,MVRL62772,Stephen Tangyan Cualbar,5,sole_trader;uninformative,1
12230,1-3N20H9A,MVRL58780,Stephen William Harris,5,sole_trader;uninformative,1
12231,1-35SMHAZ,MVRL55583,Stevan John Toth,5,sole_trader;uninformative,1
12232,1-48YYG08,MVRL62457,steve beach,5,sole_trader;uninformative,1
12233,1-XU2-3319,MVRL27116,Steve Issa,5,sole_trader;uninformative,1
12234,1-3WVJTBO,MVRL60771,Steve Koufos,5,sole_trader;uninformative,1
12235,1-XTQ-3915,MVRL39872,Steve Lyras,5,sole_trader;uninformative,1
12236,1-XTN-2318,MVRL20929,Steve Magliveras,5,sole_trader;uninformative,1
12237,1-XTQ-4591,MVRL41591,Steve Pantelis,5,sole_trader;uninformative,1
12238,1-XTN-4047,MVRL26106,Steve Patrick Carroll,5,sole_trader;uninformative,1
12239,1-3HVCRX6,MVRL57147,Steve Ribarevski,5,sole_trader;uninformative,1
12240,1-38TFNFB,MVRL55930,Steve Saleba,5,sole_trader;uninformative,1
12241,1-3LMMK8S,MVRL58360,Steven Aleksic,5,sole_trader;uninformative,1
12242,1-3VOCAEK,MVRL60717,Steven Ashley Durbidge,5,sole_trader;uninformative,1
12243,1-1NJJ68H,MVRL52348,Steven Barry Nix,5,sole_trader;uninformative,1
12244,1-XTQ-1516,MVRL33039,Steven Charles Green,5,sole_trader;uninformative,1
12245,1-5K924Z,MVRL47010,Steven Charles Sherwood,5,sole_trader;uninformative,1
12246,1-3UZG532,MVRL60499,Steven David Spiteri,5,sole_trader;uninformative,1
12247,1-3JUWCZI,MVRL57650,Steven Dipizio,5,sole_trader;uninformative,1
12248,1-1ISLNKB,MVRL52005,Steven Frank Peard,5,sole_trader;uninformative,1
12249,1-2U6L6UT,MVRL54412,Steven Georgievski,5,sole_trader;uninformative,1
12250,1-3N2KVUA,MVRL58902,Steven James Roberts,5,sole_trader;uninformative,1
12251,1-4HXZYDI,MVRL64148,Steven James Stuckings,5,sole_trader;uninformative,1
12252,1-3RIP1D2,MVRL60089,Steven John Hill,5,sole_trader;uninformative,1
12253,1-3N72YDT,MVRL58816,Steven John Pennell,5,sole_trader;uninformative,1
12254,1-4CGFNCM,MVRL63039,Steven Jovanovski,5,sole_trader;uninformative,1
12255,1-3F94EQ4,MVRL56853,Steven Mark Mancini,5,sole_trader;uninformative,1
12256,1-XTX-89,MVRL42927,Steven Martin Diffey,5,sole_trader;uninformative,1
12257,1-4CMQU0U,MVRL62974,Steven Matthew Stubbs,5,sole_trader;uninformative,1
12258,1-41UBMMO,MVRL61437,Steven Maugeri,5,sole_trader;uninformative,1
12259,1-XUC-2086,MVRL40758,Steven Maurice Barker,5,sole_trader;uninformative,1
12260,1-2G0KET,MVRL45089,Steven Paul Dimech,5,sole_trader;uninformative,1
12261,1-46ARJ4Y,MVRL62122,Steven Paul Fox,5,sole_trader;uninformative,1
12262,1-XUC-2128,MVRL40917,Steven Reginald George Maher,5,sole_trader;uninformative,1
12263,1-3S3ASJI,MVRL60091,Steven Robert Clarke,5,sole_trader;uninformative,1
12264,1-11YC5EM,MVRL50707,Steven Ronald Holland,5,sole_trader;uninformative,1
12265,1-XTQ-1264,MVRL32390,Steven Sommerville,5,sole_trader;uninformative,1
12266,1-3XYOXXE,MVRL60936,Steven Tickner,5,sole_trader;uninformative,1
12267,1-2MCDJC2,MVRL54325,Steven Troy Goonan,5,sole_trader;uninformative,1
12268,1-XTN-2143,MVRL20375,Steven Xerri,5,sole_trader;uninformative,1
12269,1-463LG5O,MVRL62154,Stewart Allan Lansdowne,5,sole_trader;uninformative,1
12270,1-23B16B4,MVRL53203,Stewart James Grover,5,sole_trader;uninformative,1
12271,1-4H0CGFK,MVRL63939,Stewart Ross Mcginty,5,sole_trader;uninformative,1
12272,1-XTQ-1336,MVRL32561,Stewart Ross Vidler,5,sole_trader;uninformative,1
12273,1-3RWMO6A,MVRL60031,Stipe Niko Ivandic,5,sole_trader;uninformative,1
12274,1-497N1U0,MVRL62614,Stormy Vagg,5,sole_trader;uninformative,1
12275,1-XTX-4654,MVRL16466,Stuart Antony Lavender,5,sole_trader;uninformative,1
12276,1-2WJZTB7,MVRL54567,Stuart Colin Johnson,5,sole_trader;uninformative,1
12277,1-4HC15N2,MVRL64001,Stuart Harold Conroy,5,sole_trader;uninformative,1
12278,1-49XB9JY,MVRL62713,Stuart John Ritchard,5,sole_trader;uninformative,1
12279,1-3M19AP4,MVRL58465,Stuart Moor,5,sole_trader;uninformative,1
12280,1-3OQUCTK,MVRL59154,Stuart Oldfield,5,sole_trader;uninformative,1
12281,1-XVRJ17,MVRL50347,Stuart Paul Kunzli,5,sole_trader;uninformative,1
12282,1-Z314OC,MVRL50466,Stuart Trevor Eastwood,5,sole_trader;uninformative,1
12283,1-3TMKD84,MVRL60347,Subakaran Sundaralingam,5,sole_trader;uninformative,1
12284,1-3T5ZGE,MVRL46203,Suk-Woo Choi,5,sole_trader;uninformative,1
12285,1-XTX-6,MVRL42688,Suleyman Dogan,5,sole_trader;uninformative,1
12286,1-43ZTA9Y,MVRL61797,SUN HO HA,5,sole_trader;uninformative,1
12287,1-41GAIDW,MVRL61423,Susan McGauley,5,sole_trader;uninformative,1
12288,1-VFP3ZX,MVRL50035,Swaran Singh,5,sole_trader;uninformative,1
12289,1-AJOHRZ,MVRL47905,Sy Avalon Merrett,5,sole_trader;uninformative,1
12290,1-4I19C3C,MVRL64186,Tacey Rhiannon White,5,sole_trader;uninformative,1
12291,1-3J3IDSA,MVRL57391,Tahidul Alam,5,sole_trader;uninformative,1
12292,1-4AJESB8,MVRL62840,Tahir Mehboob Wattoo,5,sole_trader;uninformative,1
12293,1-3F6FSMB,MVRL57061,Tai Wan Ly,5,sole_trader;uninformative,1
12294,1-26D4EBR,MVRL53357,Talal Almasri,5,sole_trader;uninformative,1
12295,1-XU2-2580,MVRL24932,Talal Naboulsi,5,sole_trader;uninformative,1
12296,1-3ZL1YLE,MVRL61241,Tan Khoa Jimmy Nguyen,5,sole_trader;uninformative,1
12297,1-XTN-3397,MVRL24236,Tan Phuoc Lai,5,sole_trader;uninformative,1
12298,1-47TULT4,MVRL62447,Tandy Taw Shen Wong,5,sole_trader;uninformative,1
12299,1-3KGEPTC,MVRL57915,Tanios Boustani,5,sole_trader;uninformative,1
12300,1-4F4MA7M,MVRL63641,Taran Michael Guinane,5,sole_trader;uninformative,1
12301,1-3RH2JE2,MVRL59876,Tarek Al Moubayed,5,sole_trader;uninformative,1
12302,1-470IU8C,MVRL62277,Tarek Charif,5,sole_trader;uninformative,1
12303,1-4AEV24E,MVRL62767,Tauren James Bayeh,5,sole_trader;uninformative,1
12304,1-XTX-140,MVRL43070,Tavis Maxwell Evans,5,sole_trader;uninformative,1
12305,1-3PTX3B0,MVRL59560,Taylah Brentt Honeman,5,sole_trader;uninformative,1
12306,1-1ZK4T3C,MVRL53014,Taylor Jabbour,5,sole_trader;uninformative,1
12307,1-XU2-3172,MVRL26717,Terence John Miller,5,sole_trader;uninformative,1
12308,1-XU2-1975,MVRL23179,Terence Krol,5,sole_trader;uninformative,1
12309,1-XU2-2934,MVRL26031,Terrance Michael Martell,5,sole_trader;uninformative,1
12310,1-XTX-2405,MVRL10164,Terrence John Rheinberger,5,sole_trader;uninformative,1
12311,1-4D741P0,MVRL63227,Terrence Michael Duncan,5,sole_trader;uninformative,1
12312,1-4AQEJF2,MVRL62643,Terrence Paul Stone,5,sole_trader;uninformative,1
12313,1-XTQ-3541,MVRL39002,Terry Daniel Murphy,5,sole_trader;uninformative,1
12314,1-3WHKETO,MVRL60723,Terry Ernest Clout,5,sole_trader;uninformative,1
12315,1-XTX-4219,MVRL15166,Terry James Ryan,5,sole_trader;uninformative,1
12316,1-XTQ-3540,MVRL39001,Terry John Pilon,5,sole_trader;uninformative,1
12317,1-XTN-3344,MVRL24096,Terry Leigh Bassett,5,sole_trader;uninformative,1
12318,1-XTQ-2510,MVRL36676,Terry Pastourmoglou,5,sole_trader;uninformative,1
12319,1-CH2693,MVRL48031,Terry Ross Fowler,5,sole_trader;uninformative,1
12320,1-XUC-2351,MVRL41878,Terry Wayne Burn,5,sole_trader;uninformative,1
12321,1-459J1VU,MVRL62046,Thanh Bao Do,5,sole_trader;uninformative,1
12322,1-3PJS4UK,MVRL59665,Thanh Hai Le,5,sole_trader;uninformative,1
12323,1-3UE9TJ0,MVRL60426,Thanh Quoc Tran,5,sole_trader;uninformative,1
12324,1-45YPPZG,MVRL62013,Thomas Alexander Delaney,5,sole_trader;uninformative,1
12325,1-XTX-1197,MVRL6489,Thomas Alexander Morrison,5,sole_trader;uninformative,1
12326,1-3PMG4LI,MVRL59622,Thomas Allen Shields,5,sole_trader;uninformative,1
12327,1-3F177S4,MVRL56886,Thomas Colm Neasy,5,sole_trader;uninformative,1
12328,1-XTN-4701,MVRL28148,Thomas Debono,5,sole_trader;uninformative,1
12329,1-358UNTR,MVRL55427,Thomas Edward Kozyra,5,sole_trader;uninformative,1
12330,1-3TRBG1M,MVRL60445,Thomas Gerald Pickford Boog,5,sole_trader;uninformative,1
12331,1-3Y2AA6E,MVRL60969,Thomas Glen Murray,5,sole_trader;uninformative,1
12332,1-4FJVJP6,MVRL63711,Thomas Hayden Roach,5,sole_trader;uninformative,1
12333,1-4DK7F0A,MVRL63480,Thomas Hearn O'Connell,5,sole_trader;uninformative,1
12334,1-33M1RIF,MVRL55248,Thomas Hugh Clark,5,sole_trader;uninformative,1
12335,1-4B2JU7Q,MVRL62879,Thomas James Farrugia,5,sole_trader;uninformative,1
12336,1-47G6EES,MVRL62311,Thomas James Newbigging,5,sole_trader;uninformative,1
12337,1-4GOAWJ4,MVRL63927,Thomas John Amos Pascoe,5,sole_trader;uninformative,1
12338,1-44E67A4,MVRL61811,Thomas John Duggan,5,sole_trader;uninformative,1
12339,1-3KIA3OW,MVRL57991,Thomas John Smolcic,5,sole_trader;uninformative,1
12340,1-4EJ9RYW,MVRL63541,Thomas Jonathan Alexander,5,sole_trader;uninformative,1
12341,1-4H7KTFW,MVRL63964,Thomas Michael Fishlock,5,sole_trader;uninformative,1
12342,1-238L3BV,MVRL53383,Thomas Michael McDonough,5,sole_trader;uninformative,1
12343,1-44GX9SA,MVRL61753,Thomas Nathaniel Stanford,5,sole_trader;uninformative,1
12344,1-4AY5I1D,MVRL62781,Thomas Raymond Jones,5,sole_trader;uninformative,1
12345,1-4DMCBG6,MVRL63292,Thomas Smith,5,sole_trader;uninformative,1
12346,1-4FAUPZK,MVRL63659,Thomas William Hobson,5,sole_trader;uninformative,1
12347,1-46Z623I,MVRL62123,Thushara Priyanka Hanwellage,5,sole_trader;uninformative,1
12348,1-4E2NBY6,MVRL63363,Thushyanthan Theiventhiran,5,sole_trader;uninformative,1
12349,1-1NPWZEX,MVRL52353,Tibor Borsos,5,sole_trader;uninformative,1
12350,1-1VTNVI2,MVRL52842,Tibor Meszaros,5,sole_trader;uninformative,1
12351,1-XTX-172,MVRL43125,Timothy Allen Bamford,5,sole_trader;uninformative,1
12352,1-2M2IQ70,MVRL54169,Timothy Andrew Doak,5,sole_trader;uninformative,1
12353,1-3Q3KV5Q,MVRL59645,Timothy Bernard Rowe,5,sole_trader;uninformative,1
12354,1-17QONZ5,MVRL51259,Timothy Burgess,5,sole_trader;uninformative,1
12355,1-4CZP9V8,MVRL63102,Timothy Cole Peachey,5,sole_trader;uninformative,1
12356,1-3OSBU7G,MVRL59153,Timothy David Cook,5,sole_trader;uninformative,1
12357,1-4G7Z5OI,MVRL63811,Timothy Edward Perry,5,sole_trader;uninformative,1
12358,1-49R4G7W,MVRL62694,Timothy James Fensom,5,sole_trader;uninformative,1
12359,1-XTQ-2205,MVRL35949,Timothy James Gannon,5,sole_trader;uninformative,1
12360,1-4H13UR2,MVRL63940,Timothy James Hooper,5,sole_trader;uninformative,1
12361,1-3YEPVJI,MVRL61013,Timothy James Jopson,5,sole_trader;uninformative,1
12362,1-3B7DQFK,MVRL56219,Timothy James Oliver,5,sole_trader;uninformative,1
12363,1-4I0LT7U,MVRL64165,Timothy James Reeve,5,sole_trader;uninformative,1
12364,1-44MMP2U,MVRL61892,Timothy James Wighton,5,sole_trader;uninformative,1
12365,1-3OGYADE,MVRL59108,Timothy John Bushelle,5,sole_trader;uninformative,1
12366,1-698IIV,MVRL47142,Timothy John Jarvis,5,sole_trader;uninformative,1
12367,1-2A2YV39,MVRL53602,Timothy John O'Ryan,5,sole_trader;uninformative,1
12368,1-1NTVDXG,MVRL52306,Timothy John Woods,5,sole_trader;uninformative,1
12369,1-3K5JMF0,MVRL57852,Timothy Michael Bakirtzidis,5,sole_trader;uninformative,1
12370,1-3ND0GNG,MVRL58879,Timothy O'Hara,5,sole_trader;uninformative,1
12371,1-XTQ-1515,MVRL33038,Timothy Patrick Howell,5,sole_trader;uninformative,1
12372,1-4CT61EI,MVRL63072,Timothy Paul Hayne,5,sole_trader;uninformative,1
12373,1-38H7CXT,MVRL55901,Timothy Ray Melhuish,5,sole_trader;uninformative,1
12374,1-XU2-4947,MVRL32124,Timothy Raymond Curry,5,sole_trader;uninformative,1
12375,1-4GNWX8S,MVRL63948,Timothy Roger Jones,5,sole_trader;uninformative,1
12376,1-494ZDFE,MVRL62573,Timothy Stuart Drysdale,5,sole_trader;uninformative,1
12377,1-3CZQIFG,MVRL56516,Tobias Gregory Lachlan Richard- Gordon,5,sole_trader;uninformative,1
12378,1-4IR0GPY,MVRL64231,Tobias Robert Kenny,5,sole_trader;uninformative,1
12379,1-3RM49EA,MVRL60025,Toby James Francis,5,sole_trader;uninformative,1
12380,1-32K4WTJ,MVRL55073,Toby Joseph Goldburg,5,sole_trader;uninformative,1
12381,1-XUC-2104,MVRL40817,Todd Andrew Hardy,5,sole_trader;uninformative,1
12382,1-3PNJHF2,MVRL59423,Todd Fraser Howlett,5,sole_trader;uninformative,1
12383,1-49335TG,MVRL62513,Todd Manwaring,5,sole_trader;uninformative,1
12384,1-4ENF044,MVRL63544,Todd Michael Johnston,5,sole_trader;uninformative,1
12385,1-3U2E87K,MVRL60408,Todd Robert Payseno,5,sole_trader;uninformative,1
12386,1-XTX-390,MVRL43846,Todd Ronald Hawley,5,sole_trader;uninformative,1
12387,1-XU2-1387,MVRL21552,Tode Velevski,5,sole_trader;uninformative,1
12388,1-4IJESZG,MVRL64198,Tom Andrew Bayne,5,sole_trader;uninformative,1
12389,1-XTQ-4342,MVRL40952,Tom Papadatos,5,sole_trader;uninformative,1
12390,1-26I9CM4,MVRL53372,Tom Skundric,5,sole_trader;uninformative,1
12391,1-17VQAAZ,MVRL51286,Tommas James Marasco,5,sole_trader;uninformative,1
12392,1-3RAHUIE,MVRL59891,Tommaso Dell'aia,5,sole_trader;uninformative,1
12393,1-XUC-2484,MVRL42648,Tonianne Maree Ryan,5,sole_trader;uninformative,1
12394,1-XTX-811,MVRL5069,Tony Alan Jarvis,5,sole_trader;uninformative,1
12395,1-3LJHATU,MVRL58231,Tony Avati,5,sole_trader;uninformative,1
12396,1-LAQ0WR,MVRL49054,Tony Chavez,5,sole_trader;uninformative,1
12397,1-XUC-2302,MVRL41702,Tony Chryssovelonis,5,sole_trader;uninformative,1
12398,1-3XK8DAW,MVRL60872,Tony Dagher,5,sole_trader;uninformative,1
12399,1-3L5MCVA,MVRL58187,Tony Delia,5,sole_trader;uninformative,1
12400,1-46NY22I,MVRL62065,Tony Gordon Brennan,5,sole_trader;uninformative,1
12401,1-XTN-4828,MVRL28539,Tony Gray Watkins,5,sole_trader;uninformative,1
12402,1-XTQ-1579,MVRL33207,Tony Halabi,5,sole_trader;uninformative,1
12403,1-XU2-4974,MVRL32211,Tony Iacoviello,5,sole_trader;uninformative,1
12404,1-49GNEYH,MVRL62612,Tony Marneros,5,sole_trader;uninformative,1
12405,1-1JZR4ZB,MVRL52190,Tony Oliveri,5,sole_trader;uninformative,1
12406,1-3JRMBVQ,MVRL57612,Tony Petrovski,5,sole_trader;uninformative,1
12407,1-WS6LVX,MVRL50215,Tony Popovski,5,sole_trader;uninformative,1
12408,1-XU2-1758,MVRL22590,Tony R Terry,5,sole_trader;uninformative,1
12409,1-XTQ-3650,MVRL39260,Tony Screnci,5,sole_trader;uninformative,1
12410,1-2582E3X,MVRL53345,Tony Wallace Ware,5,sole_trader;uninformative,1
12411,1-3YVP7H,MVRL46267,Toufic Chehab,5,sole_trader;uninformative,1
12412,1-46PMK6G,MVRL62333,trad Zakhia,5,sole_trader;uninformative,1
12413,1-4ILISVO,MVRL64192,Travis Brian Casey,5,sole_trader;uninformative,1
12414,1-3UY1T4S,MVRL60459,Travis John Hutton,5,sole_trader;uninformative,1
12415,1-429H3E0,MVRL61603,Travis John Smith,5,sole_trader;uninformative,1
12416,1-4831U38,MVRL62476,Travis Keith Brown,5,sole_trader;uninformative,1
12417,1-3KIKUWQ,MVRL57901,Travis Lester James Jarman,5,sole_trader;uninformative,1
12418,1-XTX-541,MVRL44275,Travis McGraw,5,sole_trader;uninformative,1
12419,1-3Z7LXNC,MVRL61160,Travis Ronald Gill,5,sole_trader;uninformative,1
12420,1-3V9TYCQ,MVRL60550,Trent Angus Meadley,5,sole_trader;uninformative,1
12421,1-444V2E0,MVRL61798,Trent Leslie Sellars,5,sole_trader;uninformative,1
12422,1-3X7J8GI,MVRL60808,Trent Morgan,5,sole_trader;uninformative,1
12423,1-40PR8GE,MVRL61322,Trent Neville Armstrong,5,sole_trader;uninformative,1
12424,1-3AYAKJ5,MVRL56161,Trent Thomas Clark,5,sole_trader;uninformative,1
12425,1-2KE9EOB,MVRL54063,Trent Thomas Murphy,5,sole_trader;uninformative,1
12426,1-M8P4YA,MVRL49123,Trent Thomas Nicolia,5,sole_trader;uninformative,1
12427,1-16BYZJ6,MVRL51134,Trevor Allan Murphy,5,sole_trader;uninformative,1
12428,1-3IYI83U,MVRL57356,Trevor Edward Witte,5,sole_trader;uninformative,1
12429,1-47EP9IC,MVRL62234,Trevor John Clarke,5,sole_trader;uninformative,1
12430,1-XTQ-4077,MVRL40316,Trevor Kougias,5,sole_trader;uninformative,1
12431,1-6TORLO,MVRL47250,Trevor Michael Wright,5,sole_trader;uninformative,1
12432,1-4IN5EZE,MVRL64233,Trevor Ronald Moir,5,sole_trader;uninformative,1
12433,1-1JGM30K,MVRL52023,Troy Andrew Nash,5,sole_trader;uninformative,1
12434,1-XTQ-3286,MVRL38419,Troy Andrew Parker,5,sole_trader;uninformative,1
12435,1-4AT8BPC,MVRL62807,Troy Anthony James Cruickshank,5,sole_trader;uninformative,1
12436,1-2XH5EPD,MVRL54707,Troy Anthony Powell,5,sole_trader;uninformative,1
12437,1-46RI55Y,MVRL62248,Troy Benjamin Atchison-Smith,5,sole_trader;uninformative,1
12438,1-XUC-1949,MVRL40220,Troy Cosima Amarant,5,sole_trader;uninformative,1
12439,1-3POK5RA,MVRL59410,Troy Dana Muxlow,5,sole_trader;uninformative,1
12440,1-O2XRRX,MVRL49335,Troy Daniel Sebastian,5,sole_trader;uninformative,1
12441,1-2YPHAAB,MVRL54777,Troy David Robertson,5,sole_trader;uninformative,1
12442,1-2N6KSET,MVRL54491,Troy Erin Beyer,5,sole_trader;uninformative,1
12443,1-B5OZN6,MVRL47945,Troy Jason Thompson,5,sole_trader;uninformative,1
12444,1-3G6T5EC,MVRL57039,Troy John Burgmann,5,sole_trader;uninformative,1
12445,1-3HX4V1A,MVRL57234,Troy John Moncrieff,5,sole_trader;uninformative,1
12446,1-3ATFQHA,MVRL56196,Troy Mark Pearce,5,sole_trader;uninformative,1
12447,1-3YES7GC,MVRL60987,Troy Matthew Keevers,5,sole_trader;uninformative,1
12448,1-4IA1IQW,MVRL64179,Troy Micheal Rogers,5,sole_trader;uninformative,1
12449,1-XTX-377,MVRL43808,Tuan Hung Ngothanh,5,sole_trader;uninformative,1
12450,1-4G58ZVK,MVRL63818,Tye Whitfield,5,sole_trader;uninformative,1
12451,1-4CQXRJS,MVRL63143,Tyler Boyd,5,sole_trader;uninformative,1
12452,1-4DSMO2Q,MVRL63379,Tyler brock Jurd,5,sole_trader;uninformative,1
12453,1-4I9IOBK,MVRL64190,Tyler John Robertson,5,sole_trader;uninformative,1
12454,1-4HDQMB6,MVRL64038,Tyler Jon Melnik,5,sole_trader;uninformative,1
12455,1-3P0O674,MVRL59350,Tyler Shea Anderson,5,sole_trader;uninformative,1
12456,1-3XLP3Q8,MVRL60898,Tyrone Benjamin Walker,5,sole_trader;uninformative,1
12457,1-XTQ-2386,MVRL36382,Tyrone Frederick Hooker,5,sole_trader;uninformative,1
12458,1-3WDLJXS,MVRL60727,Tyson Alan Moore,5,sole_trader;uninformative,1
12459,1-3KBD4DK,MVRL57876,Tyson Richard Donges,5,sole_trader;uninformative,1
12460,1-3JGIEP4,MVRL57480,Tyson Shane John Cooper,5,sole_trader;uninformative,1
12461,1-3YJZCVK,MVRL61021,Udayvir Guleria,5,sole_trader;uninformative,1
12462,1-4IICOAI,MVRL64202,Ugo Natale,5,sole_trader;uninformative,1
12463,1-XTQ-3056,MVRL37955,Vahe Guiroyan,5,sole_trader;uninformative,1
12464,1-4GGS7O4,MVRL63867,Vahid Shahabi,5,sole_trader;uninformative,1
12465,1-XTX-374,MVRL43794,Van Hai Lam,5,sole_trader;uninformative,1
12466,1-4AHH6LO,MVRL62716,Van Thanh Le,5,sole_trader;uninformative,1
12467,1-4J4LY0M,MVRL64301,Vanessa Esther Hall,5,sole_trader;uninformative,1
12468,1-1WOMX4I,MVRL52843,Vanrith Doung,5,sole_trader;uninformative,1
12469,1-4G28MS4,MVRL63832,Varinder Singh,5,sole_trader;uninformative,1
12470,1-3PLQRF2,MVRL59416,Vasko Serovski,5,sole_trader;uninformative,1
12471,1-47LBADI,MVRL62321,Venerando Jr Nabarez Tumanda,5,sole_trader;uninformative,1
12472,1-2KE5WJ7,MVRL54017,Vicken Basmajian,5,sole_trader;uninformative,1
12473,1-4246NZA,MVRL61551,Victor Araujo De Souza,5,sole_trader;uninformative,1
12474,1-XTN-3120,MVRL23445,Victor George Hambly,5,sole_trader;uninformative,1
12475,1-3PY44KO,MVRL59756,Victor Georges,5,sole_trader;uninformative,1
12476,1-4K0RFJO,MVRL64360,Vikas .,5,sole_trader;uninformative,1
12477,1-3SFWRTU,MVRL60132,Vikash .,5,sole_trader;uninformative,1
12478,1-6MYBHM,MVRL47192,Vilash Kumar Sami,5,sole_trader;uninformative,1
12479,1-XU2-4921,MVRL32049,Vincent John Kellahan,5,sole_trader;uninformative,1
12480,1-XTN-2737,MVRL22246,Vincenzo Battiato,5,sole_trader;uninformative,1
12481,1-1Q10XBE,MVRL52482,Vincenzo Rea,5,sole_trader;uninformative,1
12482,1-12NA0P1,MVRL50747,Vinesh Vikash Sharma-Datt,5,sole_trader;uninformative,1
12483,1-4ASZR5A,MVRL62843,Vitalij Schellenberg,5,sole_trader;uninformative,1
12484,1-3MNK7AE,MVRL58634,Vivian Maree Wilson,5,sole_trader;uninformative,1
12485,1-31TPIU2,MVRL54965,Wade Albert Campbell,5,sole_trader;uninformative,1
12486,1-3LHX0D2,MVRL58280,Wade Futcher,5,sole_trader;uninformative,1
12487,1-4EEORD8,MVRL63553,Wade Marie Collins,5,sole_trader;uninformative,1
12488,1-2KM24X7,MVRL54053,Wade Phelps,5,sole_trader;uninformative,1
12489,1-49K5OX8,MVRL62575,Wadih Sukaria,5,sole_trader;uninformative,1
12490,1-XTQ-3243,MVRL38339,Wael Malas,5,sole_trader;uninformative,1
12491,1-4CHO480,MVRL62990,Wael Ragab Abdelkhalek Taha Esmaael,5,sole_trader;uninformative,1
12492,1-491GU4U,MVRL62558,Waleed Metwally,5,sole_trader;uninformative,1
12493,1-4DEE9PK,MVRL63302,Walt Jack Lightowlers,5,sole_trader;uninformative,1
12494,1-3ZZMGP8,MVRL61168,Walter Brett Favelle Toovey,5,sole_trader;uninformative,1
12495,1-XTQ-2201,MVRL35946,Warren George Perry,5,sole_trader;uninformative,1
12496,1-16OZLD7,MVRL51168,Warren James Bailey,5,sole_trader;uninformative,1
12497,1-4GC3Q08,MVRL63864,Warren James Meloni,5,sole_trader;uninformative,1
12498,1-KNJ3UL,MVRL48943,Warren John Stanley,5,sole_trader;uninformative,1
12499,1-XTQ-2360,MVRL36334,Warren Kevin Schultz,5,sole_trader;uninformative,1
12500,1-Z6MFWB,MVRL50472,Warren Phillip Harris,5,sole_trader;uninformative,1
12501,1-XUC-1532,MVRL38557,Warrick Edward Burk,5,sole_trader;uninformative,1
12502,1-XTQ-4003,MVRL40139,Warwick Alwyn Tuckerman,5,sole_trader;uninformative,1
12503,1-3ZZXOU4,MVRL61198,Warwick John De Vallance,5,sole_trader;uninformative,1
12504,1-4IIL4F4,MVRL64357,Waseem Zaeem Qiryaqoz,5,sole_trader;uninformative,1
12505,1-90YMYQ,MVRL47798,Wassim El Helou,5,sole_trader;uninformative,1
12506,1-1PCUSX2,MVRL52465,Wassim Jreij,5,sole_trader;uninformative,1
12507,1-XT3-69,MVRL21897,Watchtower Bible & Tract Society of Australia,5,sole_trader;uninformative,1
12508,1-XTN-2713,MVRL22168,Wayne Albert Gauci,5,sole_trader;uninformative,1
12509,1-XTQ-2038,MVRL35497,Wayne Barry Smith,5,sole_trader;uninformative,1
12510,1-XTX-444,MVRL43999,Wayne Bruce Hipwell,5,sole_trader;uninformative,1
12511,1-3LYRTDS,MVRL58442,Wayne Edward Bruce,5,sole_trader;uninformative,1
12512,1-XTN-1652,MVRL1887,Wayne Frederick Morris,5,sole_trader;uninformative,1
12513,1-XTQ-2330,MVRL36274,Wayne Ian Gill,5,sole_trader;uninformative,1
12514,1-XUC-617,MVRL35318,Wayne John James,5,sole_trader;uninformative,1
12515,1-3UHV8LY,MVRL60452,Wayne Laurie Grima,5,sole_trader;uninformative,1
12516,1-V79731,MVRL50024,Wayne Lee Barrett,5,sole_trader;uninformative,1
12517,1-XUC-2920,MVRL4572,Wayne Leslie Medway,5,sole_trader;uninformative,1
12518,1-XTQ-1393,MVRL32699,Wayne Michael Brady,5,sole_trader;uninformative,1
12519,1-XTQ-4174,MVRL40526,Wayne Peter Andrews,5,sole_trader;uninformative,1
12520,1-4EOXGZI,MVRL63562,Wayne Peter Beaumont,5,sole_trader;uninformative,1
12521,1-XTQ-118,MVRL29309,Wayne Robert Barrett,5,sole_trader;uninformative,1
12522,1-O6S9TK,MVRL49359,Wayne Robert Holding,5,sole_trader;uninformative,1
12523,1-3HY0RTO,MVRL57079,Wayne Robert McKeown,5,sole_trader;uninformative,1
12524,1-XUC-1250,MVRL37625,Wayne Ronald Bennett,5,sole_trader;uninformative,1
12525,1-NMUIQR,MVRL49285,Wayne Stephen Bassett,5,sole_trader;uninformative,1
12526,1-XTN-4712,MVRL28171,Wayne Thomas Shaw,5,sole_trader;uninformative,1
12527,1-4DHV8L5,MVRL63200,Wayne Victor Rand,5,sole_trader;uninformative,1
12528,1-XU2-1235,MVRL21154,Wayne William Sharp,5,sole_trader;uninformative,1
12529,1-XUC-1952,MVRL40239,Wei Gao,5,sole_trader;uninformative,1
12530,1-3S3BSB0,MVRL60093,Wen Long Hu,5,sole_trader;uninformative,1
12531,1-Y9Z-1,MVRL26476,Wendy Anne Meyers,5,sole_trader;uninformative,1
12532,1-398FYPF,MVRL56084,Wesley Brian Richardson,5,sole_trader;uninformative,1
12533,1-4H4KMC0,MVRL64042,Wesley James Adalian,5,sole_trader;uninformative,1
12534,1-3C7HU5G,MVRL56410,Wilfredo Campos Acosta,5,sole_trader;uninformative,1
12535,1-40O1XJS,MVRL61304,Will Martin john Weber,5,sole_trader;uninformative,1
12536,1-3CJK8NA,MVRL56400,William Alan Hurcum,5,sole_trader;uninformative,1
12537,1-169CJ8M,MVRL51085,William Anthony Cini,5,sole_trader;uninformative,1
12538,1-1DO31DL,MVRL51622,William Charles Coomes,5,sole_trader;uninformative,1
12539,1-40XBI62,MVRL61341,William David Bush,5,sole_trader;uninformative,1
12540,1-19K6ZNS,MVRL51432,William Douglas Holroyd,5,sole_trader;uninformative,1
12541,1-188AFRH,MVRL51319,William Gary Bowyer,5,sole_trader;uninformative,1
12542,1-4FIG4CK,MVRL63716,William George Jacobs,5,sole_trader;uninformative,1
12543,1-3OX8OZM,MVRL59266,William Guy Lascelles,5,sole_trader;uninformative,1
12544,1-3S0DMM6,MVRL60027,William Hammill,5,sole_trader;uninformative,1
12545,1-4ECZAIH,MVRL63477,William Jack Ellicott,5,sole_trader;uninformative,1
12546,1-3EUHOBQ,MVRL56860,William James Allen,5,sole_trader;uninformative,1
12547,1-XTQ-886,MVRL31495,William James Ausling,5,sole_trader;uninformative,1
12548,1-3KFGK4Q,MVRL57950,William James Conaty,5,sole_trader;uninformative,1
12549,1-XTN-1908,MVRL19721,William James Foster,5,sole_trader;uninformative,1
12550,1-XTX-2229,MVRL9656,William James Irvine,5,sole_trader;uninformative,1
12551,1-K3O86O,MVRL48855,William John Duff,5,sole_trader;uninformative,1
12552,1-20E63U9,MVRL53088,William Kaddissi,5,sole_trader;uninformative,1
12553,1-34TXR49,MVRL55388,William Morton Woodhouse,5,sole_trader;uninformative,1
12554,1-47CFHZV,MVRL62215,William Patrick Buckley,5,sole_trader;uninformative,1
12555,1-47TSQ1E,MVRL62362,William Patrick Clark,5,sole_trader;uninformative,1
12556,1-XUC-2623,MVRL43308,William Paul Ray,5,sole_trader;uninformative,1
12557,1-4I2QG26,MVRL64167,William Peter Druitt,5,sole_trader;uninformative,1
12558,1-XTN-975,MVRL16895,William Richard Harris,5,sole_trader;uninformative,1
12559,1-XTN-4088,MVRL26257,William Vincent Clark,5,sole_trader;uninformative,1
12560,1-4FI35HM,MVRL63717,William Wish Aiken,5,sole_trader;uninformative,1
12561,1-XUC-1968,MVRL40330,William Zhi Jun Liu,5,sole_trader;uninformative,1
12562,1-40Q30S7,MVRL61248,Wonkyoung Choi,5,sole_trader;uninformative,1
12563,1-XTQ-3796,MVRL39624,Woo Young Lee,5,sole_trader;uninformative,1
12564,1-417JFFI,MVRL61478,Xiaojian Xu,5,sole_trader;uninformative,1
12565,1-4IRI1OW,MVRL64227,Xinghua Wang,5,sole_trader;uninformative,1
12566,1-XTQ-3894,MVRL39827,Xuan Long Le,5,sole_trader;uninformative,1
12567,1-4AHUZ12,MVRL62736,Yaakoub Haj,5,sole_trader;uninformative,1
12568,1-44CBJOJ,MVRL61880,Yahya Daaboul,5,sole_trader;uninformative,1
12569,1-4134NBI,MVRL61385,Yahya El Jundi,5,sole_trader;uninformative,1
12570,1-3LQ8BZ2,MVRL58373,Yahya Majidi,5,sole_trader;uninformative,1
12571,1-LZZ726,MVRL49114,Yahya Rihawi,5,sole_trader;uninformative,1
12572,1-2ZXZ0UJ,MVRL54902,Yan Leung Elvis Loh,5,sole_trader;uninformative,1
12573,1-37OJKOT,MVRL55803,Yarrow Scott Hadley,5,sole_trader;uninformative,1
12574,1-3UB1K6Z,MVRL60412,Yaser Jabbar,5,sole_trader;uninformative,1
12575,1-43M74YK,MVRL61749,Yasir Nisar Butt,5,sole_trader;uninformative,1
12576,1-4A4Z5BA,MVRL62672,Ye Wint Naing,5,sole_trader;uninformative,1
12577,1-456ODS4,MVRL61909,Yew Yuean Wong,5,sole_trader;uninformative,1
12578,1-4FBUXMO,MVRL63665,Yiwen Wan,5,sole_trader;uninformative,1
12579,1-4D7V4MI,MVRL63161,Yong Biao Lin,5,sole_trader;uninformative,1
12580,1-4358DX8,MVRL61678,Yonghoan Jung,5,sole_trader;uninformative,1
12581,1-XTQ-1839,MVRL35004,Yosif Shaba,5,sole_trader;uninformative,1
12582,1-43QWI2E,MVRL61690,Youheng Guo,5,sole_trader;uninformative,1
12583,1-4F60SO2,MVRL63702,Yousef Yohanna,5,sole_trader;uninformative,1
12584,1-3ZNS6OA,MVRL61186,Yousif Rifat Yousif,5,sole_trader;uninformative,1
12585,1-XTQ-4233,MVRL40672,Youssef Fadel Elmir,5,sole_trader;uninformative,1
12586,1-CC3RTE,MVRL48090,Youssef Tobjian,5,sole_trader;uninformative,1
12587,1-XTQ-3977,MVRL40048,Youssef Yehye,5,sole_trader;uninformative,1
12588,1-3A3N1KS,MVRL56290,Yuanxi Li,5,sole_trader;uninformative,1
12589,1-3SLTB9I,MVRL60221,Yupeng Zheng,5,sole_trader;uninformative,1
12590,1-2L4ZU4D,MVRL54099,Yuwer Candiotti Gomez,5,sole_trader;uninformative,1
12591,1-18YEFJ5,MVRL51673,Zac Andrew Camp,5,sole_trader;uninformative,1
12592,1-4D781GU,MVRL63288,Zachariah Walter Crossing,5,sole_trader;uninformative,1
12593,1-47SSRQ4,MVRL62430,Zachary Harold Mallise,5,sole_trader;uninformative,1
12594,1-3Z7K1OO,MVRL61173,Zachary John Webb,5,sole_trader;uninformative,1
12595,1-2JFC0IP,MVRL53920,Zachary Luke Grubb,5,sole_trader;uninformative,1
12596,1-4AZ1H48,MVRL62968,Zachary Robert Mortimer,5,sole_trader;uninformative,1
12597,1-20C5ZW3,MVRL53030,Zachary Stephen Hawke,5,sole_trader;uninformative,1
12598,1-4DSCBL0,MVRL63282,Zachery Steven O'Hara,5,sole_trader;uninformative,1
12599,1-K9M8V1,MVRL48909,Zafer Karabulut,5,sole_trader;uninformative,1
12600,1-3U836VI,MVRL60503,Zafer Krayem,5,sole_trader;uninformative,1
12601,1-3NNDGH,MVRL46262,Zakaria Dakak,5,sole_trader;uninformative,1
12602,1-XTQ-196,MVRL29552,Zalman Strulovici,5,sole_trader;uninformative,1
12603,1-3JJ00FS,MVRL57514,Zane Edwin Amos,5,sole_trader;uninformative,1
12604,1-2LY6QCD,MVRL54273,Zane Kieser,5,sole_trader;uninformative,1
12605,1-4CHX73I,MVRL63246,Zdenek Curik,5,sole_trader;uninformative,1
12606,1-15UISJT,MVRL51028,Zeljko Feliks,5,sole_trader;uninformative,1
12607,1-2VTX6PY,MVRL54568,Zeljko Skocic,5,sole_trader;uninformative,1
12608,1-VGM2N3,MVRL50039,Zhiyong Qin,5,sole_trader;uninformative,1
12609,1-2JV1QG9,MVRL53977,Ziad Harmouch,5,sole_trader;uninformative,1
12610,1-44UNW4C,MVRL61834,Ziad Lababidi,5,sole_trader;uninformative,1
12611,1-3V4W05B,MVRL60599,Ziad Maarouf Senno,5,sole_trader;uninformative,1
12612,1-3YS40G4,MVRL61102,Zsolt Bardos,5,sole_trader;uninformative,1
12613,1-4E6ZFNM,MVRL63498,Zulkiffal Mahmood Yousaf,5,sole_trader;uninformative,1
