block,operator,abn,acn,entity_type,n_licences,n_premises_total,premises,regions,segment,details_coverage,licence_numbers
multi_site,Express Lube Pty Ltd,,135710940,Company,2,9,"56 Memorial Ave WOY WOY; Shop 1 1 Charlton St CESSNOCK; 246-248 The Entrance Road LONG JETTY; UNIT 1 379 MANNS RD WEST GOSFORD; UNIT 2 25 ARIZONA RD CHARMHAVEN; 318-320 Manns Rd WEST GOSFORD; 4 Karalta Rd ERINA; Unit 9A, Building 9, 1-10 Amy Close WYONG; Unit 1 & 2 166 Pacific Hwy TUGGERAH",Central Coast; Hunter; Newcastle; Sydney,service,2/2,MVRL47278; MVRL48567
multi_site,Wollongong City Motors Pty Ltd,,002019598,Company,2,5,93-97 Princes Highway ALBION PARK RAIL; 101 Montague Street NORTH WOLLONGONG; 103-105 Montague Street NORTH WOLLONGONG; Cnr Flinders & Station Streets NORTH WOLLONGONG; Cnr Bourke & Flinders Sts WOLLONGONG,Illawarra; Southern Highlands / Shoalhaven,service,2/2,MVRL36705; MVRL48635
multi_site,Tynan Motors Pty Ltd,,000663347,Company,3,3,39 Beatson Street WOLLONGONG; 3/1 KIORA RD MIRANDA; 98 Oak Road KIRRAWEE,Illawarra; Sydney,service,3/3,MVRL1737; MVRL35891; MVRL44491
multi_site,D & A Luck Automotive Pty Ltd,28600293758,600293758,Company,2,2,60 Hopson St DOUGLAS PARK; 8 29 Camden St WILTON,Sydney,service,2/2,MVRL53524; MVRL54835
multi_site,North Star Motors (NSW) Pty Ltd,,003485041,Company,2,2,337-341 Pacific Highway HEATHERBRAE; Lot 5 Kilkenny Place GLENN INNES,Mid North Coast; New England / North West,service,2/2,MVRL24604; MVRL35308
multi_site,Owen Patrick Bull,,,Individual/Partnership,2,2,,Central Coast,service,0/2,MVRL38696; MVRL60843
multi_site,Rocco Junior Zoccali,,,Individual/Partnership,2,2,,Sydney; Unknown (no address in register),service,0/2,MVRL29234; MVRL35697
multi_site,Suttons Motors Arncliffe Pty Ltd,,000083929,Company,2,2,484-486 VICTORIA ST WETHERILL PARK; 59-93 Princes Highway ARNCLIFFE,Sydney; Unknown (no address in register),service,2/2,MVRL43651; MVRL5064
multi_site,4K Motors Pty Ltd,97677442983,677442983,Company,1,2,644-654 PARRAMATTA RD CROYDON; 144 FRANCES ST LIDCOMBE,Sydney,service,1/1,MVRL62983
multi_site,911 AUTOMOTIVE PTY LTD,26646401774,646401774,Company,1,2,1 AVERILL ST RHODES; 90 DICKSON AV ARTARMON,Sydney,service,1/1,MVRL58549
multi_site,A To Z Automotive Services Pty Ltd,,630763245,Company,1,2,3 22 Munibung Road CARDIFF; 74 MITCHELL RD CARDIFF,Newcastle,service,1/1,MVRL56122
multi_site,David Mitchell AutoBody Services Pty Ltd,,001381595,Company,2,1,104 - 106 Gipps St WOLLONGONG,Illawarra,service,2/2,MVRL43512; MVRL8834
multi_site,Ken Ross Repairs Mudgee Pty Ltd,,105155299,Company,2,1,5 Horatio Lane MUDGEE,Hunter; Unknown (no address in register),service,2/2,MVRL30597; MVRL35066
multi_site,Kumar Motors (Bankstown) Pty Ltd,,003857832,Company,2,1,376 Edgar Street BANKSTOWN,Sydney,service,2/2,MVRL39370; MVRL41962
single_site_company,083 Motors Pty Ltd,,000416571,Company,1,1,"Yass Trade Centre, 5/81 Laidlaw Street YASS",Riverina,service,1/1,MVRL26563
single_site_company,168 MOTOR MECHANIC PTY LTD,57675885131,675885131,Company,1,1,UNIT 3 247 RAILWAY PDE CABRAMATTA,Sydney,service,1/1,MVRL62668
single_site_company,1ST CHOICE MECHANICAL REPAIRS PTY LTD,67169134552,169134552,Company,1,1,UNIT 7 30 SWAN ST WOLLONGONG,Illawarra,service,1/1,MVRL59080
single_site_company,2370 HIGHLAND AUTOMOTIVE PTY LTD,14640387033,640387033,Company,1,1,3 150 Ferguson Street GLEN INNES,New England / North West,service,1/1,MVRL57550
single_site_company,313 Automotive Pty Ltd,,165569308,Company,1,1,313 Lyons Rd RUSSELL LEA,Sydney,service,1/1,MVRL50513
single_site_company,3MD Auto Pty Ltd,18620606171,620006171,Company,1,1,U 1 219 High St MAITLAND,Hunter,service,1/1,MVRL54434
single_site_company,4 B Action Mechanical Services Pty Ltd,,134401853,Company,1,1,30 MAITLAND RD MAYFIELD,Newcastle,service,1/1,MVRL46295
single_site_company,4 Way Suspension Products Pty Ltd,46003121604,003121604,Company,1,1,14 DARLING ST MARSDEN PARK,Sydney,service,1/1,MVRL60927
single_site_company,50SEVEN AUTOMOTIVE PTY LTD,11661764183,661764183,Company,1,1,16 DAPVILLE ST COBAR,Far West / Orana,service,1/1,MVRL60535
single_site_company,5AB Motors Pty Ltd,,167151475,Company,1,1,23 Paterson Pde QUEANBEYAN WEST,Capital Region,service,1/1,MVRL50760
single_site_company,95 Mulga Road Pty Ltd,,087755280,Company,1,1,95 Mulga Road OATLEY,Sydney,service,1/1,MVRL35660
single_site_company,A  A West Automotive Pty Ltd,,094229188,Company,1,1,Unit 2 28 Groves Avenue MCGRATHS HILL,Sydney,service,1/1,MVRL43006
single_site_company,A & A COMBINED PTY. LTD,,600858259,Company,1,1,UNIT 4&5 10-16 Argyle St CAMDEN,Sydney,service,1/1,MVRL61615
single_site_company,A & B Automotive Specialists Pty Ltd,69668774696,668774696,Company,1,1,UNIT 2 352 SOLDIERS POINT RD SALAMANDER BAY,Hunter,service,1/1,MVRL61386
single_site_company,A & B Campbell Pty Ltd,,147736258,Company,1,1,13 Piper Dr BALLINA,Northern Rivers,service,1/1,MVRL48312
single_site_company,A & B WELLS SUPER PROPERTY PTY LTD,29613990453,613990453,Company,1,1,40 DE-HAVILLAND CR BALLINA,Northern Rivers,service,1/1,MVRL63390
single_site_company,A & D Auto Mechanical Repairs Pty Ltd,22621292555,621292555,Company,1,1,25 Mary Parade RYDALMERE,Sydney,service,1/1,MVRL54649
single_site_company,A & D Motors Pty Ltd,,095005413,Company,1,1,10/2-4 Stout Road MOUNT DRUITT,Sydney,service,1/1,MVRL29836
single_site_company,A & J AUTOMOTIVE PTY LTD,93661760096,661760096,Company,1,1,636 PARRAMATTA RD CROYDON,Sydney,service,1/1,MVRL60752
single_site_company,A & J Automotive Repair Services Pty Ltd,,167984885,Company,1,1,U 4 47 Third Ave BLACKTOWN,Sydney,service,1/1,MVRL50746
single_site_company,A & J MARFLEET PTY LTD,28689915464,689915464,Company,1,1,UNIT 6 8 KERTA RD KINCUMBER,Central Coast,service,1/1,MVRL63540
single_site_company,A & K Tsakiris Pty Ltd,83606697509,606697509,Company,1,1,39 Merimbula Dr MERIMBULA,Capital Region,service,1/1,MVRL52217
single_site_company,A & L Mechanical Repairs Pty Ltd,,123360163,Company,1,1,UNIT 2 2-4 DUNLOP ST STRATHFIELD SOUTH,Sydney,service,1/1,MVRL59817
single_site_company,A & P Swadling Pty Ltd,36617748517,617748517,Company,1,1,2-5 44 Shelley Rd MORUYA,Capital Region,service,1/1,MVRL54098
single_site_company,A J & M V Rockliff Pty Ltd,,117178659,Company,1,1,18 URANA ST LOCKHART,Riverina,service,1/1,MVRL63954
single_site_company,A Plus Automotive Pty Ltd,,159267071,Company,1,1,7 Edwin Street MORTLAKE,Sydney,service,1/1,MVRL57726
single_site_company,A R K Automotive Pty Ltd,,606745742,Company,1,1,U 3 2 Paton Pl BALGOWLAH,Sydney,service,1/1,MVRL54266
single_site_company,A&D AUTOMOTIVE PTY LTD,,622826242,Company,1,1,UNIT 4 788-798 OLD ILLAWARRA RD MENAI,Sydney,service,1/1,MVRL55134
single_site_company,A&R MECHANICAL AUTO REPAIR PTY LTD,,662776614,Company,1,1,17 43 FAIRFIELD OLD GUILDORD,Sydney,service,1/1,MVRL60664
single_site_company,A-Z AUTO SYDNEY PTY. LTD.,,623841805,Company,1,1,596-598 Princes Highway ST PETERS,Sydney,service,1/1,MVRL56993
single_site_company,A.A.C. AUTOMOTIVE SPECIALISTS PTY. LIMITED,64069382234,069382234,Company,1,1,UNIT 3 66-68 HEATHCOTE RD MOOREBANK,Sydney,service,1/1,MVRL64356
single_site_company,A1 Automotive Pty Ltd,,132509749,Company,1,1,UNIT 3 5 GRIEVE RD WEST GOSFORD,Sydney,service,1/1,MVRL46308
single_site_company,A1 Europro Automotive Pty Ltd,,167925742,Company,1,1,UNIT 1 11 MILL RD CAMPBELLTOWN,Sydney,service,1/1,MVRL55178
single_site_company,A1 Frey Pty Ltd,13616717214,616717214,Company,1,1,U 1 42 Machinery Dr TWEED HEADS SOUTH,Northern Rivers,service,1/1,MVRL54352
single_site_company,AA Automotive Pty Ltd,37651502108,651502108,Company,1,1,72 KULAROO DR FORSTER,Mid North Coast,service,1/1,MVRL59694
single_site_company,AAA Auto Specialist Pty Ltd,38157993336,157993336,Company,1,1,326 The Entrance Rd LONG JETTY,Central Coast,service,1/1,MVRL49420
single_site_company,AAA REPAIR & SERVICE PTY LTD,95691142855,691142855,Company,1,1,14 VALE RD SOUTH BATHURST,Central West,service,1/1,MVRL63561
single_site_company,AAA Service Autos Pty Ltd,,145221227,Company,1,1,U 5 92 Milperra Rd REVESBY,Sydney,service,1/1,MVRL53613
single_site_company,AAMK Autos Pty Ltd,54654120368,654120368,Company,1,1,UNIT 6 5 STEEL ST BLACKTOWN,Sydney,service,1/1,MVRL59943
single_site_company,Aaron & Claire Hills Pty Ltd,,120917222,Company,1,1,U 5 48-50 Regentville Road JAMISONTOWN,Sydney,service,1/1,MVRL56226
single_site_company,ABES Safer Brakes Pty Limited,,003756269,Company,1,1,99 EDGECLIFF RD BONDI JUNCTION,Sydney,service,1/1,MVRL22629
single_site_company,Abrahamsen Automotive Pty Ltd,,119645564,Company,1,1,322 Frome St MOREE,New England / North West,service,1/1,MVRL42777
single_site_company,ABS Batemans Bay Pty Ltd,,150400785,Company,1,1,28 Kylie Cres BATEMANS BAY,Southern Highlands / Shoalhaven,service,1/1,MVRL48906
single_site_company,Abtrol Pty Ltd,,003785000,Company,1,1,5 Port Stephens Street RAYMOND TERRACE,Mid North Coast,service,1/1,MVRL15192
single_site_company,ACD Auto Service Pty Ltd,56604298535,604298535,Company,1,1,2 Henley Marine Dr FIVE DOCK,Sydney,service,1/1,MVRL51924
single_site_company,ACE AUTO SERVICES PTY LTD,50653200563,653200563,Company,1,1,9-11 ANSON ST TAMINDA,New England / North West,service,1/1,MVRL59631
single_site_company,Ace Automotive Mechanical Pty Ltd,,136625459,Company,1,1,Unit 1A 6 McCormack St ARNDELL PARK,Sydney,service,1/1,MVRL50299
single_site_company,ACE PRESTIGE AUTO REPAIRS PTY LTD,12699118164,699118164,Company,1,1,42 JUSTIN ST SMITHFIELD,Sydney,service,1/1,MVRL64398
single_site_company,Active Automatic Transmissions Pty Ltd,,108870024,Company,1,1,U 3 10 FORGE ST BLACKTOWN,Sydney,service,1/1,MVRL40572
single_site_company,Actual Car Care Pty Ltd,,127766572,Company,1,1,"Cnr Ocean Drive & Emerald Drive PORT MACQUARIE, 2441",Mid North Coast,service,1/1,MVRL44450
single_site_company,Adams Auto Fix Pty Ltd,,112966980,Company,1,1,U 1 19 Abundance Rd MEDOWIE,Newcastle,service,1/1,MVRL41529
single_site_company,Adams Automotive Servicing Pty Ltd,,603108587,Company,1,1,U 4 284 Manns Rd WEST GOSFORD,Sydney,service,1/1,MVRL51362
single_site_company,ADFA Pty Ltd,,080793095,Company,1,1,43 WYONG RD LAMBTON,Newcastle,service,1/1,MVRL60500
single_site_company,ADM Automotive Pty Limited,,130553258,Company,1,1,"Bay 9, 10, 11, 15 Arizona Road CHARMHAVEN",Central Coast,service,1/1,MVRL56160
single_site_company,Adrio Pty Ltd,,002655334,Company,1,1,32 Sydney Road MUDGEE,Hunter,service,1/1,MVRL24375
single_site_company,ADVANCE AUTO REPAIRS PTY LIMITED,,624439078,Company,1,1,U 7 2 Burrows Rd South ST PETERS,Sydney,service,1/1,MVRL55058
single_site_company,Advance Automotive Repair Pty Ltd,,160103659,Company,1,1,813 Fifteenth Ave WEST HOXTON 2171,Sydney,service,1/1,MVRL56244
single_site_company,Advance Vehicle Services Pty Ltd,,168630662,Company,1,1,38-40 Anzac Pde KENSINGTON,Sydney,service,1/1,MVRL56020
single_site_company,Advanced Auto Tech Pty Ltd,40672651955,672651955,Company,1,1,17 URALLA RD PORT MACQUARIE,Mid North Coast,service,1/1,MVRL61738
single_site_company,Advanced Automotive Instrument Company Pty Ltd,37062691070,062691070,Company,1,1,B1 77 Carrington St REVESBY,Sydney,service,1/1,MVRL58686
single_site_company,ADVANCED AUTOMOTIVE PLUS PTY LTD,82690971914,690971914,Company,1,1,UNIT 4 38 BESSEMER ST BLACKTOWN,Sydney,service,1/1,MVRL63569
single_site_company,Advanced Installation Service Pty Ltd,,129892011,Company,1,1,U 1 29 Attunga Rd BLAXLAND,Sydney,service,1/1,MVRL56089
single_site_company,Advanced Mechanical Services (NSW) Pty Ltd,,162939782,Company,1,1,U 2 136 George Rd SALAMANDER BAY,Hunter,service,1/1,MVRL55993
single_site_company,Advanced Mechanics Pty Ltd,35609374727,609374727,Company,1,1,47 RAILWAY ST YENNORA,Sydney,service,1/1,MVRL53280
single_site_company,ADVANCED SQUARED PTY LTD,,641347515,Company,1,1,UNIT 1 13 LORRAINE ST PEAKHURST,Sydney,service,1/1,MVRL57900
single_site_company,ADVANCED VEHICLE SERVICES PTY LTD,,165309124,Company,1,1,9-11 Anzac Parade KENSINGTON,Sydney,service,1/1,MVRL56557
single_site_company,ADY MOTORS PTY LTD,17681421652,681421652,Company,1,1,UNIT 2 11 ELIZABETH ST CAMPSIE,Sydney,service,1/1,MVRL62625
single_site_company,AF Motors Pty Ltd,13626013125,626013125,Company,1,1,UNIT 7 27 MOXON RD PUNCHBOWL,Sydney,service,1/1,MVRL56769
single_site_company,AFM CAR REPAIRS PTY. LTD.,37636300297,636300297,Company,1,1,30 WOODFIELD BVD CARINGBAH,Sydney,service,1/1,MVRL57602
single_site_company,AG AUTO WORKS PTY LTD,15689955922,689955922,Company,1,1,UNIT 10 7 CARRINGTON RD CASTLE HILL,Sydney,service,1/1,MVRL63907
single_site_company,AGA Automotive Services Pty Ltd,,113078425,Company,1,1,196 Chetwynd Road GUILDFORD,Sydney,service,1/1,MVRL34909
single_site_company,Agfix Mechanical Pty Ltd,32164318016,600159091,Company,1,1,214 Aerodrome Rd WALCHA,New England / North West,service,1/1,MVRL51096
single_site_company,Agius Enterprises Pty Ltd,50612881268,612881268,Company,1,1,13 Railway Street EMU PLAINS,Sydney,service,1/1,MVRL53579
single_site_company,Air Dinkum Mechanical Pty Ltd,,663063572,Company,1,1,50 LEEWOOD DR ORANGE,Central West,service,1/1,MVRL60692
single_site_company,AIRCO AUTO INSTRUMENTS PTY LTD,,119696007,Company,1,1,UNIT 33 105A VANESSA ST KINGSGROVE,Sydney,service,1/1,MVRL59562
single_site_company,AJ AUTOMOTIVE SERVICES PTY LTD,57696630403,696630403,Company,1,1,31 FOURTH ST BOOLAROO,Newcastle,service,1/1,MVRL64258
single_site_company,AJ's Mechanical Solutions Pty Ltd,,143388309,Company,1,1,Unit 2 8 Grex Ave MINCHINBURY,Sydney,service,1/1,MVRL47741
single_site_company,AJC AUTOMOTIVE PTY LTD,,629728463,Company,1,1,131 Kembla St WOLLONGONG,Illawarra,service,1/1,MVRL55834
single_site_company,AJC SPECIALISED SERVICES PTY LTD,99644642393,644642393,Company,1,1,11 FARRIER PL RUTHERFORD,Hunter,service,1/1,MVRL63496
single_site_company,AJE MECHANICAL PTY LTD,31639692658,639692658,Company,1,1,U 4 7 Mill Road CAMPBELLTOWN,Sydney,service,1/1,MVRL57671
single_site_company,AJF & SON PTY LTD,64634297742,634297742,Company,1,1,U 1 22 Sunset Avenue BARRACK HEIGHTS,Illawarra,service,1/1,MVRL56795
single_site_company,AJM PROJECTS GROUP PTY LTD,,636364540,Company,1,1,U 1 30 Airds Road MINTO,Sydney,service,1/1,MVRL57056
single_site_company,Al's Mechanical Repairs Pty Ltd,,051421526,Company,1,1,405 Forest Rd PENSHURST,Sydney,service,1/1,MVRL24840
single_site_company,AL-EHSAN CARE PTY LTD,30683466668,683466668,Company,1,1,UNIT 1 11 MEMORIAL AV INGLEBURN,Sydney,service,1/1,MVRL64087
single_site_company,Alan Croker Pty Ltd,,001423758,Company,1,1,4A BLACKBURN RD ULLADULLA,Southern Highlands / Shoalhaven,service,1/1,MVRL57734
single_site_company,Albion Automotive Repairs (NSW) Pty Ltd,,083257845,Company,1,1,58 ALBION ST ANNANDALE,Sydney,service,1/1,MVRL63871
single_site_company,ALBURY AUTO CENTRE PTY LTD,71674592039,674592039,Company,1,1,288 KIEWA ST SOUTH ALBURY,Murray,service,1/1,MVRL62031
single_site_company,Aleco Mechanical Pty Ltd,,,Company,1,1,,Unknown (no address in register),service,0/1,MVRL58713
single_site_company,ALESSI MECHANICAL REPAIRS PTY LTD,,,Company,1,1,,Unknown (no address in register),service,0/1,MVRL63551
single_site_company,Alexs Auto Services Pty Ltd,,,Company,1,1,,Sydney,service,0/1,MVRL32587
single_site_company,ALI AUTO MECHANICAL SERVICES PTY LTD,,,Company,1,1,,Sydney,service,0/1,MVRL63109
single_site_company,All Area Services Pty Ltd,,,Company,1,1,,Southern Highlands / Shoalhaven,service,0/1,MVRL64146
single_site_company,ALL AUTO & MECHANICAL PTY LTD,,,Company,1,1,,Unknown (no address in register),service,0/1,MVRL63037
single_site_company,ALL CARE CAR SERVICES KURRI KURRI PTY LTD,,,Company,1,1,,Hunter,service,0/1,MVRL59020
single_site_company,ALL DRIVE GEARBOX AND  DIFF PTY LIMITED,,,Company,1,1,,Newcastle,service,0/1,MVRL59226
single_site_company,All Engine Repairs Pty Ltd,,,Company,1,1,,Northern Rivers,service,0/1,MVRL39364
single_site_company,All Make Auto Repairs Pty Limited,,,Company,1,1,,Sydney,service,0/1,MVRL53926
single_site_company,All Pro Automotive Pty Ltd,,,Company,1,1,,Sydney,service,0/1,MVRL63649
single_site_company,All Trans Mechanical Pty Ltd,,,Company,1,1,,Far West / Orana,service,0/1,MVRL63008
single_site_company,All Vehicle Repairs and Inspections Pty Ltd,,,Company,1,1,,Sydney,service,0/1,MVRL54536
single_site_company,All West Mechanical Pty Ltd,,,Company,1,1,,Unknown (no address in register),service,0/1,MVRL61202
single_site_company,ALL YOUR REPAIRS AND MAINTENANCE NEEDS PTY LTD,,,Company,1,1,,Unknown (no address in register),service,0/1,MVRL64341
single_site_company,Allambie Mechanical Centre Pty Ltd,,,Company,1,1,,Sydney,service,0/1,MVRL57166
single_site_company,Allan Ross Automotive Pty Ltd,,,Company,1,1,,Central Coast,service,0/1,MVRL32969
single_site_company,Allan's Automotive Repairs Pty Ltd,,,Company,1,1,,Murray,service,0/1,MVRL52509
single_site_company,Allen Dean Management Services Pty Ltd,,,Company,1,1,,Central West,service,0/1,MVRL54560
single_site_company,Allen W Mechanical Repairs Pty Ltd,,,Company,1,1,,Sydney,service,0/1,MVRL34884
single_site_company,ALR MECHANICAL SERVICES PTY LTD,,,Company,1,1,,Unknown (no address in register),service,0/1,MVRL55418
single_site_company,Alstonville Automotive Services Pty Ltd,,,Company,1,1,,Northern Rivers,service,0/1,MVRL56836
single_site_company,ALTAI GROUP PTY. LTD.,,,Company,1,1,,Sydney,service,0/1,MVRL54804
single_site_company,Alvin Automotive Pty Ltd,,,Company,1,1,,Unknown (no address in register),service,0/1,MVRL62297
single_site_company,AM MECHANICS BROOKVALE PTY LTD,,,Company,1,1,,Sydney,service,0/1,MVRL58807
single_site_company,Amakar Pty Ltd,,,Company,1,1,,Coffs Harbour - Grafton,service,0/1,MVRL51352
single_site_company,AMCE SERVICES PTY LTD,,,Company,1,1,,Unknown (no address in register),service,0/1,MVRL61870
single_site_company,Amelabelle Pty Ltd,,,Company,1,1,,Mid North Coast,service,0/1,MVRL62167
single_site_company,AMG AUTO REPAIRS PTY LTD,,,Company,1,1,,Riverina,service,0/1,MVRL63723
single_site_company,AMG Mechanical Repairs Pty Ltd,,,Company,1,1,,Unknown (no address in register),service,0/1,MVRL62028
single_site_company,AMH FINANCIAL SERVICES PTY LIMITED,,,Company,1,1,,Southern Highlands / Shoalhaven,service,0/1,MVRL59276
single_site_company,AMJ AUTO PTY LTD,,,Company,1,1,,Riverina,service,0/1,MVRL62721
single_site_company,ANAMBAH AUTO REPAIRS PTY. LTD,,,Company,1,1,,Hunter,service,0/1,MVRL61823
single_site_company,Anand Motors Pty Ltd,,,Company,1,1,,Sydney,service,0/1,MVRL63345
single_site_company,ANB Aust Pty Ltd,,,Company,1,1,,Sydney,service,0/1,MVRL50871
single_site_company,Anderson Automotive Kempsey Pty Ltd,,,Company,1,1,,New England / North West,service,0/1,MVRL53986
single_site_company,Anderson's Automotive and Air-conditioning Pty Ltd,,,Company,1,1,,Northern Rivers,service,0/1,MVRL61957
single_site_company,Andre Automotive Pty Ltd,,,Company,1,1,,Sydney,service,0/1,MVRL59883
single_site_company,Andrew Miedecke Motors Pty Ltd,,,Company,1,1,,Mid North Coast,service,0/1,MVRL15017
single_site_company,Andrew Walsh Mechanical Pty Ltd,,,Company,1,1,,Riverina,service,0/1,MVRL60742
single_site_company,Andris Automotive Pty Ltd,,,Company,1,1,,Sydney,service,0/1,MVRL55207
single_site_company,Andywill Pty Ltd,,,Company,1,1,,New England / North West,service,0/1,MVRL51873
single_site_company,Angel Auto Services Pty Ltd,,,Company,1,1,,Central Coast,service,0/1,MVRL46292
single_site_company,Annanda Motor Repairs Pty Ltd,,,Company,1,1,,Sydney,service,0/1,MVRL59882
single_site_company,Anthony Motors Pty Ltd,,,Company,1,1,,Sydney,service,0/1,MVRL24178
single_site_company,ANTHONY NEWMAN MOTOR REPAIRS PTY LTD,,,Company,1,1,,Illawarra,service,0/1,MVRL55374
single_site_company,ANYTIME MOTORS PTY LTD,,,Company,1,1,,Sydney,service,0/1,MVRL60925
single_site_company,AOK MANAGEMENT PTY LTD,,,Company,1,1,,Sydney,service,0/1,MVRL63352
single_site_company,Apex Auto Express Pty Ltd,,,Company,1,1,,Sydney,service,0/1,MVRL62075
single_site_company,APEX MECH REPAIRS PTY LTD,,,Company,1,1,,Newcastle,service,0/1,MVRL62019
single_site_company,APLUS REGO N SERVICE CENTRE PTY LTD,,,Company,1,1,,Capital Region,service,0/1,MVRL63054
single_site_company,APPLETON AUTOMOTIVE PTY LTD,,,Company,1,1,,Newcastle,service,0/1,MVRL64275
single_site_company,Applied Mechanical Repairs Pty Ltd,,,Company,1,1,,Sydney,service,0/1,MVRL47796
single_site_company,AR Pty Ltd,,,Company,1,1,,Sydney,service,0/1,MVRL27652
single_site_company,AR TRANSMISSION PTY LTD,,,Company,1,1,,Newcastle,service,0/1,MVRL64295
single_site_company,ARCHCORP HOLDINGS PTY LTD,,,Company,1,1,,Sydney,service,0/1,MVRL60205
single_site_company,Archer's Motor Repairs Pty Ltd,,,Company,1,1,,Sydney,service,0/1,MVRL1107
single_site_company,ARDYS AUTOMOTIVE SERVICES PTY LTD,,,Company,1,1,,Capital Region,service,0/1,MVRL56816
single_site_company,Argyle Automotive Pty Ltd,,,Company,1,1,,Sydney,service,0/1,MVRL58446
single_site_company,ARMOUR AUTOMOTIVE SERVICES PTY LTD,,,Company,1,1,,Sydney,service,0/1,MVRL64154
single_site_company,Arraco Pty Ltd,,,Company,1,1,,Coffs Harbour - Grafton,service,0/1,MVRL52608
single_site_company,ARRB Mechanical Pty Ltd,,,Company,1,1,,Northern Rivers,service,0/1,MVRL56613
single_site_company,ARROWSMITH AUTOMOTIVE PTY LTD,,,Company,1,1,,Unknown (no address in register),service,0/1,MVRL59096
single_site_company,ARS Radiators Australia Pty Ltd,,,Company,1,1,,Sydney,service,0/1,MVRL51610
single_site_company,Artarmon Auto & Air Pty Limited,,,Company,1,1,,Sydney,service,0/1,MVRL61995
single_site_company,Artarmon Mechanical Repairs Pty Ltd,,,Company,1,1,,Sydney,service,0/1,MVRL56791
single_site_company,ASHBURY SERVICE CENTRE PTY LTD,,,Company,1,1,,Sydney,service,0/1,MVRL63690
single_site_company,Ashmore Mechanical Pty Ltd,,,Company,1,1,,Sydney,service,0/1,MVRL59264
single_site_company,ASM REPAIRS PTY LTD,,,Company,1,1,,Unknown (no address in register),service,0/1,MVRL61215
single_site_company,ASR Automotive Pty Ltd,,,Company,1,1,,Sydney,service,0/1,MVRL45856
single_site_company,ASR Automotive Repairs Pty Ltd,,,Company,1,1,,Sydney,service,0/1,MVRL61514
single_site_company,Astavel Pty Ltd,,,Company,1,1,,Unknown (no address in register),service,0/1,MVRL8869
single_site_company,At Call Auto Services Pty Ltd,,,Company,1,1,,Sydney,service,0/1,MVRL59816
single_site_company,ATBI Pty Ltd,,,Company,1,1,,Sydney,service,0/1,MVRL53570
single_site_company,Ateco Automotive Pty Ltd,,,Company,1,1,,Sydney,service,0/1,MVRL8225
single_site_company,ATELIER AUTOMOTIVE PTY LTD,,,Company,1,1,,Unknown (no address in register),service,0/1,MVRL59778
single_site_company,AURAMOTIVE MECHANICAL SERVICES PTY LTD,,,Company,1,1,,Sydney,service,0/1,MVRL58511
single_site_company,Aus Auto Repairs Pty Ltd,,,Company,1,1,,Sydney,service,0/1,MVRL53128
single_site_company,Aus Prestige Repairs Pty Ltd,,,Company,1,1,,Sydney,service,0/1,MVRL63310
single_site_company,Ausind Export & Import Pty Ltd,,,Company,1,1,,Sydney,service,0/1,MVRL38208
single_site_company,Auslank Mechanical Repairs Pty Ltd,,,Company,1,1,,Sydney,service,0/1,MVRL50908
single_site_company,Auspeed Pty Ltd,,,Company,1,1,,Sydney,service,0/1,MVRL40982
single_site_company,AUSPLANT MECHANICAL SERVICES PTY LTD,,,Company,1,1,,Sydney,service,0/1,MVRL62965
single_site_company,Austate Enterprises Pty Ltd,,,Company,1,1,,Sydney,service,0/1,MVRL54704
single_site_company,Austech Motors Pty Ltd,,,Company,1,1,,Sydney,service,0/1,MVRL43340
single_site_company,Austeire Contractors Pty Ltd,,,Company,1,1,,Sydney,service,0/1,MVRL46331
single_site_company,AUSTRALIA MECHANICAL REFRIGERATION PTY LTD,,,Company,1,1,,Sydney,service,0/1,MVRL57267
single_site_company,Australian Auto Network Pty Ltd,,,Company,1,1,,Sydney,service,0/1,MVRL59559
single_site_company,Australian Brake Controls Pty Ltd,,,Company,1,1,,Sydney,service,0/1,MVRL47998
single_site_company,Australian Transmission Centre Pty Ltd,,,Company,1,1,,Sydney,service,0/1,MVRL44270
single_site_company,AUSWIDE VEHICLE SERVICES PTY LTD,,,Company,1,1,,Sydney,service,0/1,MVRL61018
single_site_company,AUTHENTIC AUTOMOTIVE PTY LTD,,,Company,1,1,,Coffs Harbour - Grafton,service,0/1,MVRL55851
single_site_company,AUTO AIR WORLD PTY LTD,,,Company,1,1,,Sydney,service,0/1,MVRL59518
single_site_company,Auto Assist Pty Ltd,,,Company,1,1,,Unknown (no address in register),service,0/1,MVRL55633
single_site_company,AUTO AUSTRALIA PTY LTD,,,Company,1,1,,Unknown (no address in register),service,0/1,MVRL60194
single_site_company,AUTO CONSULT HOLDINGS PTY LTD,,,Company,1,1,,Hunter,service,0/1,MVRL55889
single_site_company,Auto Day Care Pty Ltd,,,Company,1,1,,Unknown (no address in register),service,0/1,MVRL51952
single_site_company,Auto Elements Pty Ltd,,,Company,1,1,,Sydney,service,0/1,MVRL54735
single_site_company,Auto Enginuity Pty Ltd,,,Company,1,1,,Sydney,service,0/1,MVRL59478
single_site_company,Auto Express Australia Pty Ltd,,,Company,1,1,,Sydney,service,0/1,MVRL61236
single_site_company,Auto Express Pty Ltd,,,Company,1,1,,Sydney,service,0/1,MVRL35539
single_site_company,AUTO FIX PADSTOW PTY LTD,,,Company,1,1,,Sydney,service,0/1,MVRL61169
single_site_company,Auto Heidar Service and Repair Car Center Pty Ltd,,,Company,1,1,,Newcastle,service,0/1,MVRL63489
single_site_company,Auto Motor Care Pty Ltd,,,Company,1,1,,Sydney,service,0/1,MVRL54627
single_site_company,Auto Parlour Pty Ltd,,,Company,1,1,,Sydney,service,0/1,MVRL49453
single_site_company,Auto Plex Pty Ltd,,,Company,1,1,,Sydney,service,0/1,MVRL51880
single_site_company,AUTO PLUS GROUP PTY LTD,,,Company,1,1,,Sydney,service,0/1,MVRL61281
single_site_company,Auto Repair Guy Pty Ltd,,,Company,1,1,,Unknown (no address in register),service,0/1,MVRL50530
single_site_company,Auto Solutions NSW Pty Ltd,,,Company,1,1,,Central West,service,0/1,MVRL54920
single_site_company,AUTO SOLUTIONS YASS PTY LTD,,,Company,1,1,,Riverina,service,0/1,MVRL63812
single_site_company,AUTO SUPPORT PTY. LTD.,,,Company,1,1,,Unknown (no address in register),service,0/1,MVRL61709
single_site_company,AUTO TIGER PTY LTD,,,Company,1,1,,Sydney,service,0/1,MVRL55057
single_site_company,Auto Watt Pty Ltd,,,Company,1,1,,Central West,service,0/1,MVRL62102
single_site_company,Auto Works Australia Pty Ltd,,,Company,1,1,,Sydney,service,0/1,MVRL60233
single_site_company,Autocraze Auto Centre Pty Ltd,,,Company,1,1,,Sydney,service,0/1,MVRL53510
single_site_company,Automate Car Care Pty Ltd,,,Company,1,1,,Sydney,service,0/1,MVRL55575
single_site_company,Automatic Transmission Services Pty Ltd,,,Company,1,1,,Newcastle,service,0/1,MVRL4933
single_site_company,AUTOMOTIVE ELITE GROUP NO 3 PTY LTD,,,Company,1,1,,Southern Highlands / Shoalhaven,service,0/1,MVRL63186
single_site_company,AUTOMOTIVE ENGINEERS PTY LTD,,,Company,1,1,,Sydney,service,0/1,MVRL62532
single_site_company,Automotive Gallery Newcastle Pty Ltd,,,Company,1,1,,Newcastle,service,0/1,MVRL43727
single_site_company,Automotive Investment Group Pty Ltd,,,Company,1,1,,Sydney,service,0/1,MVRL62542
single_site_company,Automotive Investments Pty Ltd,,,Company,1,1,,Sydney,service,0/1,MVRL47068
single_site_company,Automotive Mechanical Repair Centre Pty Limited,,,Company,1,1,,Sydney,service,0/1,MVRL53463
single_site_company,Automotive Options Pty Ltd,,,Company,1,1,,Central Coast,service,0/1,MVRL60419
single_site_company,Automotive Professionals Pty Ltd,,,Company,1,1,,Sydney,service,0/1,MVRL22230
single_site_company,Automotive Service Masters Pty Ltd,,,Company,1,1,,Sydney,service,0/1,MVRL63074
single_site_company,Automotive Skills Pty Ltd,,,Company,1,1,,Sydney,service,0/1,MVRL55751
single_site_company,Automotive Surgery Pty Ltd,,,Company,1,1,,Sydney,service,0/1,MVRL53724
single_site_company,Automotive Technologies Group Pty Ltd,,,Company,1,1,,Southern Highlands / Shoalhaven,service,0/1,MVRL61919
single_site_company,Automotive Unlimited Pty Ltd,,,Company,1,1,,Sydney,service,0/1,MVRL37272
single_site_company,Autonova Automotive Pty Ltd,,,Company,1,1,,Sydney,service,0/1,MVRL51700
single_site_company,Autopro MegaStores Pty Ltd,,,Company,1,1,,Central Coast,service,0/1,MVRL59819
single_site_company,Autotech Automotive Services (World Square) Pty Ltd,,,Company,1,1,,Sydney,service,0/1,MVRL45701
single_site_company,AUTOTEK AUSTRALIA PTY. LTD.,,,Company,1,1,,Murray,service,0/1,MVRL64090
single_site_company,Autowerks Automotive Pty Ltd,,,Company,1,1,,Sydney,service,0/1,MVRL49210
single_site_company,AVA Automotive Pty Ltd,,,Company,1,1,,Illawarra,service,0/1,MVRL46919
single_site_company,Avantcruiser Pty Ltd,,,Company,1,1,,Northern Rivers,service,0/1,MVRL48319
single_site_company,Avickers Pty Ltd,,,Company,1,1,,Hunter,service,0/1,MVRL59476
single_site_company,Avoca Auto Services Pty Ltd,,,Company,1,1,,Sydney,service,0/1,MVRL29546
single_site_company,AWC Mechanical Pty Ltd,,,Company,1,1,,Sydney,service,0/1,MVRL61849
single_site_company,Axis Automotive Repair Pty Ltd,,,Company,1,1,,Unknown (no address in register),service,0/1,MVRL61912
single_site_company,Ayers Automotive Pty Ltd,,,Company,1,1,,Sydney,service,0/1,MVRL52989
single_site_company,AYM AUTOMOTIVE PTY LTD,,,Company,1,1,,Capital Region,service,0/1,MVRL63228
single_site_company,AZ Automotive Pty Ltd,,,Company,1,1,,Sydney,service,0/1,MVRL63870
single_site_company,AZNU AUTOMOTIVE PTY LTD,,,Company,1,1,,Northern Rivers,service,0/1,MVRL56848
single_site_company,B & B Car Service and Repairs Pty Ltd,,,Company,1,1,,Mid North Coast,service,0/1,MVRL51403
single_site_company,B & C Automotive Repairs Pty Ltd,,,Company,1,1,,Central West,service,0/1,MVRL20232
single_site_company,B & D Automotive Repairs Pty Ltd,,,Company,1,1,,Southern Highlands / Shoalhaven,service,0/1,MVRL62706
single_site_company,B & H Automotive Pty Ltd,,,Company,1,1,,Sydney,service,0/1,MVRL52575
single_site_company,B & J Byrne Pty Ltd,,,Company,1,1,,Southern Highlands / Shoalhaven,service,0/1,MVRL47580
single_site_company,B & N Jones Pty Ltd,,,Company,1,1,,Sydney,service,0/1,MVRL56461
single_site_company,B & T Automotive Service & Repairs Pty Ltd,,,Company,1,1,,Sydney,service,0/1,MVRL38806
single_site_company,B C Auto Care Pty Ltd,,,Company,1,1,,Sydney,service,0/1,MVRL59582
single_site_company,B J R Automotive Pty Ltd,,,Company,1,1,,Sydney,service,0/1,MVRL52018
single_site_company,B L Motors Pty Ltd,,,Company,1,1,,Illawarra,service,0/1,MVRL60444
single_site_company,B P M Automotive Pty Ltd,,,Company,1,1,,Murray,service,0/1,MVRL54484
single_site_company,B S Auto Pty Ltd,,,Company,1,1,,Sydney,service,0/1,MVRL45572
single_site_company,B&R SHIELDS PTY LTD,,,Company,1,1,,Sydney,service,0/1,MVRL55490
single_site_company,B&W Auto Pty Ltd,,,Company,1,1,,Sydney,service,0/1,MVRL53230
single_site_company,B.M.A. Auotmotive Repairs Pty Ltd,,,Company,1,1,,Capital Region,service,0/1,MVRL46820
single_site_company,B2S AUTO SERVICES PTY LTD,,,Company,1,1,,Sydney,service,0/1,MVRL63388
single_site_company,B2X MANAGEMENT PTY LTD,,,Company,1,1,,Sydney,service,0/1,MVRL58337
single_site_company,Baba Tarandas Pty Ltd,,,Company,1,1,,Sydney,service,0/1,MVRL61927
single_site_company,BACAPA AUTOMOTIVE AND DIAGNOSTICS PTY LTD,,,Company,1,1,,Unknown (no address in register),service,0/1,MVRL57829
single_site_company,BADRA GROUP PTY LTD,,,Company,1,1,,Sydney,service,0/1,MVRL63738
single_site_company,Bahrams Services Pty Ltd,,,Company,1,1,,Sydney,service,0/1,MVRL45619
single_site_company,Bailey's Garage Pty Ltd,,,Company,1,1,,Capital Region,service,0/1,MVRL56793
single_site_company,Bainbridge Automotive Services Pty Ltd,,,Company,1,1,,Sydney,service,0/1,MVRL668
single_site_company,Bal Auto Repairs Pty Ltd,,,Company,1,1,,Sydney,service,0/1,MVRL57428
single_site_company,Balgowlah Automotive Pty Ltd,,,Company,1,1,,Sydney,service,0/1,MVRL4092
single_site_company,Balmain Automotive Pty Ltd,,,Company,1,1,,Sydney,service,0/1,MVRL42824
single_site_company,Balmain Mechanical Repairs Pty Ltd,,,Company,1,1,,Sydney,service,0/1,MVRL44440
single_site_company,Bangalow Auto Centre Pty Ltd,,,Company,1,1,,Northern Rivers,service,0/1,MVRL49765
single_site_company,BAROOGA SERVICE CENTRE PTY LTD,,,Company,1,1,,Border (interstate postcode),service,0/1,MVRL55877
single_site_company,Barr Automotive Pty Ltd,,,Company,1,1,,Sydney,service,0/1,MVRL56421
single_site_company,Barry Hill Motors (NSW) Pty Ltd,,,Company,1,1,,Sydney,service,0/1,MVRL5659
single_site_company,Barry Roberts Automotive Pty Ltd,,,Company,1,1,,Newcastle,service,0/1,MVRL40962
single_site_company,Bartlett Automotive (Aust) Pty Ltd,,,Company,1,1,,Unknown (no address in register),service,0/1,MVRL49750
single_site_company,Barwon Mechanical & Contracting Ptu Ltd,,,Company,1,1,,Unknown (no address in register),service,0/1,MVRL62402
single_site_company,Basha Auto Salon Pty Ltd,,,Company,1,1,,Sydney,service,0/1,MVRL49293
single_site_company,Baskins Service Centre Pty Ltd,,,Company,1,1,,Sydney,service,0/1,MVRL24223
single_site_company,Basso Automotive Pty Ltd,,,Company,1,1,,Sydney,service,0/1,MVRL60385
single_site_company,BAYSHORE DRIVE MOTORS PTY LTD,,,Company,1,1,,Northern Rivers,service,0/1,MVRL61966
single_site_company,BCN AUTO GROUP PTY LTD,,,Company,1,1,,Sydney,service,0/1,MVRL62963
single_site_company,BD Multi Co Pty Ltd,,,Company,1,1,,Sydney,service,0/1,MVRL54616
single_site_company,BDS DUBBO PTY LTD,,,Company,1,1,,Far West / Orana,service,0/1,MVRL62295
single_site_company,Beacon Motors Pty Ltd,,,Company,1,1,,Hunter,service,0/1,MVRL21278
single_site_company,BEAR'S AUTO GROUP PTY LTD,,,Company,1,1,,Illawarra,service,0/1,MVRL60557
single_site_company,BEARS AUTO SOLUTIONS PTY LTD,,,Company,1,1,,Capital Region,service,0/1,MVRL62341
single_site_company,BEARS AUTO TAREN POINT PTY LTD,,,Company,1,1,,Sydney,service,0/1,MVRL63521
single_site_company,Beauchamp Automotive Pty Ltd,,,Company,1,1,,Sydney,service,0/1,MVRL47130
single_site_company,Bebco Automotive Service Pty Ltd,,,Company,1,1,,Sydney,service,0/1,MVRL6392
single_site_company,Beck's Automotive Pty Ltd,,,Company,1,1,,Central West,service,0/1,MVRL56925
single_site_company,Beechey Garage Pty Ltd,,,Company,1,1,,New England / North West,service,0/1,MVRL64373
single_site_company,BELCAT08 PTY LTD,,,Company,1,1,,Northern Rivers,service,0/1,MVRL62544
single_site_company,Belgrave Automotive Pty Ltd,,,Company,1,1,,Sydney,service,0/1,MVRL61953
single_site_company,BELL VALLEY PARTNERSHIP PTY LTD,,,Company,1,1,,Unknown (no address in register),service,0/1,MVRL58847
single_site_company,BELL'S AUTOMOTIVE PTY LTD,,,Company,1,1,,New England / North West,service,0/1,MVRL59030
single_site_company,Bellevue Automotive Centre Pty Ltd,,,Company,1,1,,Sydney,service,0/1,MVRL35794
single_site_company,Belmont Motor Repairs Pty Limited,,,Company,1,1,,Newcastle,service,0/1,MVRL45650
single_site_company,BELMONTE MECHANICAL PTY LTD,,,Company,1,1,,Sydney,service,0/1,MVRL57278
single_site_company,Belmore Motor Works Pty Ltd,,,Company,1,1,,Sydney,service,0/1,MVRL48574
single_site_company,Ben Baden Services Pty Ltd,,,Company,1,1,,Sydney,service,0/1,MVRL46634
single_site_company,Benno Mechanical Pty Ltd,,,Company,1,1,,Unknown (no address in register),service,0/1,MVRL61851
single_site_company,BENNYS AUTO PTY LTD,,,Company,1,1,,Hunter,service,0/1,MVRL60722
single_site_company,BENTAY PTY LTD,,,Company,1,1,,New England / North West,service,0/1,MVRL61050
single_site_company,Beresfield Automotive Pty Ltd,,,Company,1,1,,Newcastle,service,0/1,MVRL50512
single_site_company,BERMAGUI MOTOR WORKS PTY LTD,,,Company,1,1,,Capital Region,service,0/1,MVRL57317
single_site_company,BERMI AUTOS PTY LTD,,,Company,1,1,,Capital Region,service,0/1,MVRL59227
single_site_company,BEST AUTO SERVICE CENTRE PTY LTD,,,Company,1,1,,Sydney,service,0/1,MVRL55457
single_site_company,BEST BITS PTY LTD,,,Company,1,1,,Sydney,service,0/1,MVRL55543
single_site_company,BEST MATES' MECHANICAL PTY LTD,,,Company,1,1,,Unknown (no address in register),service,0/1,MVRL62969
single_site_company,Better Brakes Better Car Servicing Pty Ltd,,,Company,1,1,,Sydney,service,0/1,MVRL50207
single_site_company,Better Value Motors Pty Ltd,,,Company,1,1,,Mid North Coast,service,0/1,MVRL63931
single_site_company,BEYOND AUTO PTY LTD,,,Company,1,1,,Unknown (no address in register),service,0/1,MVRL59769
single_site_company,BG & DZ SERVICES PTY LTD,,,Company,1,1,,Unknown (no address in register),service,0/1,MVRL59606
single_site_company,Bhagowal Holdings Pty Ltd,,,Company,1,1,,Sydney,service,0/1,MVRL45704
single_site_company,BHAVYA MOTORS PTY LTD,,,Company,1,1,,Sydney,service,0/1,MVRL63023
single_site_company,Bhogal Auto Pty Ltd,,,Company,1,1,,Unknown (no address in register),service,0/1,MVRL53490
single_site_company,BIG MICKS AUTO PTY LTD,,,Company,1,1,,Unknown (no address in register),service,0/1,MVRL62752
single_site_company,Big T & Sons Auto Pty Ltd,,,Company,1,1,,Sydney,service,0/1,MVRL63044
single_site_company,Big T Automotive Pty Ltd,,,Company,1,1,,Sydney,service,0/1,MVRL32706
single_site_company,Bill Buckle Autos Pty Ltd,,,Company,1,1,,Sydney,service,0/1,MVRL25039
single_site_company,Bill Robinson Automotive Pty Limited,,,Company,1,1,,Sydney,service,0/1,MVRL28240
single_site_company,Bill's Mechanical Repairs Pty Ltd,,,Company,1,1,,Illawarra,service,0/1,MVRL41074
single_site_company,Bird Automotive Repairs Pty Ltd,,,Company,1,1,,Coffs Harbour - Grafton,service,0/1,MVRL19452
single_site_company,Biti Motors Pty Ltd,,,Company,1,1,,Murray,service,0/1,MVRL10369
single_site_company,BIZ SYSTEMS PTY LTD,,,Company,1,1,,Sydney,service,0/1,MVRL62001
single_site_company,Bizzarrini Pty Ltd,,,Company,1,1,,Southern Highlands / Shoalhaven,service,0/1,MVRL61684
single_site_company,BJF Mechanical Repairs Pty Ltd,,,Company,1,1,,Unknown (no address in register),service,0/1,MVRL56838
single_site_company,BJM Mechanical Pty Ltd,,,Company,1,1,,Sydney,service,0/1,MVRL50380
single_site_company,BJMan Pty Ltd,,,Company,1,1,,Southern Highlands / Shoalhaven,service,0/1,MVRL60231
single_site_company,BKB Motor Vehicle Repairs Pty Ltd,,,Company,1,1,,Sydney,service,0/1,MVRL47268
single_site_company,BKCP PTY LIMITED,,,Company,1,1,,Central Coast,service,0/1,MVRL63688
single_site_company,BLACK DOG AG PTY LTD,,,Company,1,1,,Murray,service,0/1,MVRL60281
single_site_company,BLACKLINE AUTOMOTIVE PTY LTD,,,Company,1,1,,Illawarra,service,0/1,MVRL63922
single_site_company,Blacktown Service Centre Pty Ltd,,,Company,1,1,,Sydney,service,0/1,MVRL34777
single_site_company,BLANDFORD MECHANICAL PTY LTD,,,Company,1,1,,New England / North West,service,0/1,MVRL63304
single_site_company,BLC Auto Repairs Pty Ltd,,,Company,1,1,,Illawarra,service,0/1,MVRL48879
single_site_company,BLESSINGS WGJ AUTOS PTY LTD,,,Company,1,1,,Sydney,service,0/1,MVRL62648
single_site_company,BLG Mechanical & Contracting Pty Ltd,,,Company,1,1,,Unknown (no address in register),service,0/1,MVRL60862
single_site_company,BLUE AUTOMOTIVE PTY LTD,,,Company,1,1,,Unknown (no address in register),service,0/1,MVRL63059
single_site_company,Blue Flame Automotive Pty Ltd,,,Company,1,1,,Sydney,service,0/1,MVRL58627
single_site_company,Blue Mechanical Services Pty Ltd,,,Company,1,1,,Unknown (no address in register),service,0/1,MVRL51399
single_site_company,Bluecircle Auto Care Pty Ltd,,,Company,1,1,,Sydney,service,0/1,MVRL57351
single_site_company,BM Automotive Singleton Pty Ltd,,,Company,1,1,,Sydney,service,0/1,MVRL55161
single_site_company,BM Pro Service Centre Pty Ltd,,,Company,1,1,,Sydney,service,0/1,MVRL52230
single_site_company,BMB AUTOMOTIVE INDUSTRIES PTY LTD,,,Company,1,1,,Unknown (no address in register),service,0/1,MVRL64016
single_site_company,BMM MOTOR MECHANIC PTY LTD,,,Company,1,1,,Sydney,service,0/1,MVRL64381
single_site_company,BMP AUTOMOTIVE PTY LTD,,,Company,1,1,,Newcastle,service,0/1,MVRL60483
single_site_company,BMT REPAIRS PTY LTD,,,Company,1,1,,Sydney,service,0/1,MVRL63312
single_site_company,BNJ AUTO MECHANICS PTY LTD,,,Company,1,1,,Sydney,service,0/1,MVRL64239
single_site_company,BNR & CO PTY LTD,,,Company,1,1,,Sydney,service,0/1,MVRL62627
single_site_company,BNZ Automotives Pty Ltd,,,Company,1,1,,Illawarra,service,0/1,MVRL57045
single_site_company,Bodytech Automotive Pty Ltd,,,Company,1,1,,Sydney,service,0/1,MVRL43724
single_site_company,BODYTECH SERVICES PTY LTD,,,Company,1,1,,Illawarra,service,0/1,MVRL63462
single_site_company,Bogan Mechanical Industries Pty Ltd,,,Company,1,1,,Far West / Orana,service,0/1,MVRL50633
single_site_company,Bohemian Repairs Pty Ltd,,,Company,1,1,,Unknown (no address in register),service,0/1,MVRL41710
single_site_company,Boltorque Automotive Pty Ltd,,,Company,1,1,,Sydney,service,0/1,MVRL50922
single_site_company,Bomzan Automotive Service Pty Ltd,,,Company,1,1,,Sydney,service,0/1,MVRL54310
single_site_company,Bond Auto Tech Pty Ltd,,,Company,1,1,,Sydney,service,0/1,MVRL52892
single_site_company,Bondi  Beach Mechanic Pty Ltd,,,Company,1,1,,Sydney,service,0/1,MVRL54346
single_site_company,BONDI AUTO REPAIRS PTY LTD,,,Company,1,1,,Sydney,service,0/1,MVRL55640
single_site_company,Bondi Motor Works Pty Ltd,,,Company,1,1,,Sydney,service,0/1,MVRL60548
single_site_company,Bonds Rd Autotech Pty Ltd,,,Company,1,1,,Sydney,service,0/1,MVRL45680
single_site_company,Boomerang Motors Pty Ltd,,,Company,1,1,,Murray,service,0/1,MVRL49143
single_site_company,Borgmann Pty Ltd,,,Company,1,1,,Illawarra,service,0/1,MVRL44362
single_site_company,BOSS BUILT AUTOMOTIVE PTY LTD,,,Company,1,1,,Riverina,service,0/1,MVRL62910
single_site_company,Botany Bay Mechanical Repairs Pty Ltd,,,Company,1,1,,Sydney,service,0/1,MVRL53631
single_site_company,Bottrell Mechanics Pty Ltd,,,Company,1,1,,Murray,service,0/1,MVRL48540
single_site_company,Boumeci Automotive Services Pty Ltd,,,Company,1,1,,Sydney,service,0/1,MVRL38195
single_site_company,Bowers Repairs Pty Ltd,,,Company,1,1,,Newcastle,service,0/1,MVRL2447
single_site_company,Boxalls Automotive Pty Ltd,,,Company,1,1,,Sydney,service,0/1,MVRL53739
single_site_company,BOZMAN'S MECHANICAL PTY LTD,,,Company,1,1,,Newcastle,service,0/1,MVRL56844
single_site_company,BP McCarthy Pty Ltd,,,Company,1,1,,Newcastle,service,0/1,MVRL46517
single_site_company,BPM Prasad Pty Ltd,,,Company,1,1,,Sydney,service,0/1,MVRL55758
single_site_company,Brabond Brakes (Penshurst) Pty Ltd,,,Company,1,1,,Sydney,service,0/1,MVRL56070
single_site_company,Brad Tilley Auto Garage Pty Ltd,,,Company,1,1,,Sydney,service,0/1,MVRL54555
single_site_company,BRAD'S AUTO REPAIRS PTY LTD,,,Company,1,1,,Sydney,service,0/1,MVRL60327
single_site_company,BRAD'S MECHANICAL REPAIRS PTY LTD,,,Company,1,1,,Unknown (no address in register),service,0/1,MVRL59058
single_site_company,BRADBURY AUTOMOTIVE PTY LTD,,,Company,1,1,,Sydney,service,0/1,MVRL60929
single_site_company,Brady Motors Pty Ltd,,,Company,1,1,,Murray,service,0/1,MVRL62239
single_site_company,Brarrmon Enterprises Pty Ltd,,,Company,1,1,,Sydney,service,0/1,MVRL50054
single_site_company,Breakdown Services Australia Pty Ltd,,,Company,1,1,,Murray,service,0/1,MVRL53108
single_site_company,Brell Optimal Sports & Style Tuning Pty Ltd,,,Company,1,1,,Sydney,service,0/1,MVRL44221
single_site_company,Brentech Automotive Pty Ltd,,,Company,1,1,,Murray,service,0/1,MVRL50188
single_site_company,Brett Hardy Mechanical Repairs Young Pty Ltd,,,Company,1,1,,Riverina,service,0/1,MVRL53695
single_site_company,Bretts Diff and Gear Pty Ltd,,,Company,1,1,,Unknown (no address in register),service,0/1,MVRL53829
single_site_company,Brian Foley Automotive 2004 Pty Ltd,,,Company,1,1,,Sydney,service,0/1,MVRL52768
single_site_company,Brian Hilton Motors (Wyoming) Pty Ltd,,,Company,1,1,,Sydney,service,0/1,MVRL50263
single_site_company,Brian Potts Automotive Pty Ltd,,,Company,1,1,,Sydney,service,0/1,MVRL19074
single_site_company,Bricknell Radiators Pty Ltd,,,Company,1,1,,Sydney,service,0/1,MVRL44481
single_site_company,Bridge Auto Repairs Pty Ltd,,,Company,1,1,,Sydney,service,0/1,MVRL23858
single_site_company,Bridge Maintenance Services Pty Limited,,,Company,1,1,,Unknown (no address in register),service,0/1,MVRL52249
single_site_company,BRILINC PTY LTD,,,Company,1,1,,Hunter,service,0/1,MVRL56217
single_site_company,Brise & Family Co Pty Ltd,,,Company,1,1,,Unknown (no address in register),service,0/1,MVRL37486
single_site_company,British & Swedish Motors Pty Ltd,,,Company,1,1,,Sydney,service,0/1,MVRL24083
single_site_company,BRK AUTO GROUP PTY LTD,,,Company,1,1,,New England / North West,service,0/1,MVRL64022
single_site_company,Brody Automotive Pty Ltd,,,Company,1,1,,Murray,service,0/1,MVRL32930
single_site_company,Brookvale Auto Service Pty Ltd,,,Company,1,1,,Sydney,service,0/1,MVRL52630
single_site_company,Brother's General Services Pty Ltd,,,Company,1,1,,Sydney,service,0/1,MVRL55959
single_site_company,Bru's Workshop Pty Ltd,,,Company,1,1,,Sydney,service,0/1,MVRL63090
single_site_company,Brytore Pty Ltd,,,Company,1,1,,Sydney,service,0/1,MVRL52785
single_site_company,BS Wilson Holdings Pty Ltd,,,Company,1,1,,Sydney,service,0/1,MVRL63986
single_site_company,BSCL GROUP PTY LTD,,,Company,1,1,,Hunter,service,0/1,MVRL59862
single_site_company,BT & SM IRONS PTY LTD,,,Company,1,1,,Coffs Harbour - Grafton,service,0/1,MVRL61710
single_site_company,Buck Holdings Pty Ltd,,,Company,1,1,,Sydney,service,0/1,MVRL39994
single_site_company,Bundyi Aboriginal Cultural Knowledge Back Aboriginal Corporation,,,Company,1,1,,Riverina,service,0/1,MVRL55067
single_site_company,Burcher Enterprises Pty Ltd,,,Company,1,1,,Central West,service,0/1,MVRL48509
single_site_company,Burt Bros Automotive Services Pty Ltd,,,Company,1,1,,Sydney,service,0/1,MVRL10
single_site_company,BURWOOD MECHANICAL & AUTOMATICS PTY LIMITED,,,Company,1,1,,Sydney,service,0/1,MVRL56528
single_site_company,Buy And Sell Autos Pty Ltd,,,Company,1,1,,Sydney,service,0/1,MVRL61211
single_site_company,BV AUTO CENTRE PTY LTD,,,Company,1,1,,Central Coast,service,0/1,MVRL61972
single_site_company,BW Automotive Services Pty Ltd,,,Company,1,1,,Sydney,service,0/1,MVRL53581
single_site_company,BWA Auto Pty Ltd,,,Company,1,1,,Sydney,service,0/1,MVRL53952
single_site_company,C & C's Mechanical Pty Ltd,,,Company,1,1,,Newcastle,service,0/1,MVRL49469
single_site_company,C & J Mechanical Pty Ltd,,,Company,1,1,,Sydney,service,0/1,MVRL52015
single_site_company,C & N AUTOMOTIVE SERVICES PTY LTD,,,Company,1,1,,Sydney,service,0/1,MVRL57343
single_site_company,C & P Automotive Engineers Pty Ltd,,,Company,1,1,,Sydney,service,0/1,MVRL62710
single_site_company,C & T Auto-Mechanical Repairs Pty Ltd,,,Company,1,1,,Sydney,service,0/1,MVRL35793
single_site_company,C & W HERBERT PTY LTD,,,Company,1,1,,Newcastle,service,0/1,MVRL59193
single_site_company,C and D Wickham Mechanical Repairs Pty Ltd,,,Company,1,1,,Illawarra,service,0/1,MVRL23431
single_site_company,C OUR MECHANICS PTY LTD,,,Company,1,1,,Newcastle,service,0/1,MVRL58326
single_site_company,C R Barnes Pty Ltd,,,Company,1,1,,Sydney,service,0/1,MVRL52070
single_site_company,C&C CONTRACTING PTY LTD,,,Company,1,1,,Capital Region,service,0/1,MVRL62999
single_site_company,C&D BREAKDOWN AND MECHANICAL SOLUTIONS PTY LTD,,,Company,1,1,,Unknown (no address in register),service,0/1,MVRL64392
single_site_company,C.A.R ALTINOGLU PTY LTD,,,Company,1,1,,Sydney,service,0/1,MVRL61177
single_site_company,Cabramatta Auto Repair Centre Pty Ltd,,,Company,1,1,,Sydney,service,0/1,MVRL49655
single_site_company,Calibre Auto Works Pty Ltd,,,Company,1,1,,Sydney,service,0/1,MVRL64257
single_site_company,CAMDEN MECHANICAL PTY LTD,,,Company,1,1,,Southern Highlands / Shoalhaven,service,0/1,MVRL58765
single_site_company,Cameron Rosser Mechanical Pty Ltd,,,Company,1,1,,Far West / Orana,service,0/1,MVRL56505
single_site_company,CAMPSIE AUTOMOTIVE PTY LTD,,,Company,1,1,,Sydney,service,0/1,MVRL57490
single_site_company,Cams Auto Pty Ltd,,,Company,1,1,,Unknown (no address in register),service,0/1,MVRL61523
single_site_company,Capebear Pty. Ltd,,,Company,1,1,,Sydney,service,0/1,MVRL58618
single_site_company,CAPITAL AUTO SPARK PTY LTD,,,Company,1,1,,Unknown (no address in register),service,0/1,MVRL56072
single_site_company,Capital Smart Repairs Australia Pty Ltd,,,Company,1,1,,Newcastle,service,0/1,MVRL48333
single_site_company,Car Care Garage Pty Ltd,,,Company,1,1,,Riverina,service,0/1,MVRL63504
single_site_company,Car Master Auto Pty Ltd,,,Company,1,1,,Illawarra,service,0/1,MVRL63614
single_site_company,Car Master Automotive Pty Ltd,,,Company,1,1,,Sydney,service,0/1,MVRL59297
single_site_company,Car Service Hub Pty Ltd,,,Company,1,1,,Unknown (no address in register),service,0/1,MVRL62412
single_site_company,Car-Pro Automotive Transmissions P/L,,,Company,1,1,,Sydney,service,0/1,MVRL25358
single_site_company,Carburettor & EFI Service Co Pty Ltd,,,Company,1,1,,Sydney,service,0/1,MVRL57498
single_site_company,CARINGBAH AUTO REPAIRS & SERVICE PTY LTD,,,Company,1,1,,Sydney,service,0/1,MVRL56786
single_site_company,Carizma Motors Pty Ltd,,,Company,1,1,,Sydney,service,0/1,MVRL57116
single_site_company,Carline Automotive Pty Ltd,,,Company,1,1,,Sydney,service,0/1,MVRL41894
single_site_company,Carlingford Automotive Service Centre Pty Ltd,,,Company,1,1,,Sydney,service,0/1,MVRL34813
single_site_company,Carlonia Pty Ltd,,,Company,1,1,,Sydney,service,0/1,MVRL15657
single_site_company,CARLTON AUTOMOTIVE PTY LTD,,,Company,1,1,,Sydney,service,0/1,MVRL64174
single_site_company,Carlton Car Care Pty Ltd,,,Company,1,1,,Sydney,service,0/1,MVRL50437
single_site_company,Carma Auto Pty Ltd,,,Company,1,1,,Sydney,service,0/1,MVRL59465
single_site_company,Carotech Automotive (RJO) Pty Ltd,,,Company,1,1,,Sydney,service,0/1,MVRL62275
single_site_company,Carr Auto & Air Services Pty Ltd,,,Company,1,1,,Unknown (no address in register),service,0/1,MVRL59236
single_site_company,CARS FROM JAPAN PTY LTD,,,Company,1,1,,Sydney,service,0/1,MVRL58988
single_site_company,Cars King Sydney Pty Ltd,,,Company,1,1,,Sydney,service,0/1,MVRL60394
single_site_company,CARTER MECHANICAL SOLUTIONS PTY LTD,,,Company,1,1,,Unknown (no address in register),service,0/1,MVRL62471
single_site_company,CARTORQUE AUTOMOTIVE PTY LTD,,,Company,1,1,,Northern Rivers,service,0/1,MVRL62032
single_site_company,Casella Motors Pty Ltd,,,Company,1,1,,Sydney,service,0/1,MVRL55948
single_site_company,Caslol Pty Ltd,,,Company,1,1,,Far West / Orana,service,0/1,MVRL63793
single_site_company,Castle Hill Auto Repairs Pty Ltd,,,Company,1,1,,Sydney,service,0/1,MVRL23156
single_site_company,Castle Hill Autos No 1 Pty Ltd,,,Company,1,1,,Sydney,service,0/1,MVRL49029
single_site_company,CAW Mechanical Pty Ltd,,,Company,1,1,,Mid North Coast,service,0/1,MVRL58817
single_site_company,CC Imports (Aust) Pty Ltd,,,Company,1,1,,Sydney,service,0/1,MVRL45672
single_site_company,CCU AUTO TRIM PTY LIMITED,,,Company,1,1,,Sydney,service,0/1,MVRL64399
single_site_company,CEC AUTOMOTIVE PTY LTD,,,Company,1,1,,Sydney,service,0/1,MVRL63416
single_site_company,CENTRAL AUTO CARE PTY LTD,,,Company,1,1,,Sydney,service,0/1,MVRL56381
single_site_company,Central Coast Clutch & Brake Pty Ltd,,,Company,1,1,,Sydney,service,0/1,MVRL1791
single_site_company,CENTRAL EAST MECHANICAL PTY LTD,,,Company,1,1,,Illawarra,service,0/1,MVRL62538
single_site_company,Central Transmissions Pty Ltd,,,Company,1,1,,Sydney,service,0/1,MVRL47708
single_site_company,CERATO E B PTY LTD,,,Company,1,1,,Sydney,service,0/1,MVRL60733
single_site_company,Certified Autos Pty. Ltd.,,,Company,1,1,,Sydney,service,0/1,MVRL57349
single_site_company,Cetin Pty Ltd,,,Company,1,1,,Sydney,service,0/1,MVRL38900
single_site_company,CGJ MECHANICAL PTY LTD,,,Company,1,1,,Mid North Coast,service,0/1,MVRL60841
single_site_company,Chain Automotive Pty Ltd,,,Company,1,1,,Unknown (no address in register),service,0/1,MVRL53848
single_site_company,Champion Auto Pty Ltd,,,Company,1,1,,Sydney,service,0/1,MVRL61524
single_site_company,Champion Mechanical Repair Pty Ltd,,,Company,1,1,,Sydney,service,0/1,MVRL55213
single_site_company,Champion Repair Centre Pty Ltd,,,Company,1,1,,Sydney,service,0/1,MVRL63026
single_site_company,Chapman Brothers Pty Ltd,,,Company,1,1,,Southern Highlands / Shoalhaven,service,0/1,MVRL51038
single_site_company,Charlestown Steering Services Pty Ltd,,,Company,1,1,,Newcastle,service,0/1,MVRL49808
single_site_company,CHARM MOTORS PTY LTD,,,Company,1,1,,Sydney,service,0/1,MVRL59701
single_site_company,Chenzo's Garage Pty Ltd,,,Company,1,1,,Unknown (no address in register),service,0/1,MVRL62892
single_site_company,Cherry Service Centre Pty Ltd,,,Company,1,1,,Sydney,service,0/1,MVRL62221
single_site_company,Cherry's Automotive Repairs Pty Ltd,,,Company,1,1,,Hunter,service,0/1,MVRL60894
single_site_company,Chester Hill Automotive Pty Ltd,,,Company,1,1,,Sydney,service,0/1,MVRL61078
single_site_company,Chhatwal Pty Ltd,,,Company,1,1,,Sydney,service,0/1,MVRL62060
single_site_company,Chilli Auto Repairs Pty Ltd,,,Company,1,1,,Sydney,service,0/1,MVRL37492
single_site_company,CHIP TUNING PTY LTD,,,Company,1,1,,Unknown (no address in register),service,0/1,MVRL59056
single_site_company,CHLOUPEK & CURNOW PTY LTD,,,Company,1,1,,Sydney,service,0/1,MVRL58947
single_site_company,Choice Automotive Repairs Pty Ltd,,,Company,1,1,,Sydney,service,0/1,MVRL57721
single_site_company,CHUBBY WELSH AUTOMOTIVE PTY. LIMITED,,,Company,1,1,,Sydney,service,0/1,MVRL55929
single_site_company,Church-Hill Service Station Pty Ltd,,,Company,1,1,,Sydney,service,0/1,MVRL1745
single_site_company,Cinnok Holdings Pty Ltd,,,Company,1,1,,Sydney,service,0/1,MVRL38588
single_site_company,City Automotive & LPG Specialists Pty Ltd,,,Company,1,1,,Sydney,service,0/1,MVRL35976
single_site_company,City European Automotive Pty Ltd,,,Company,1,1,,Sydney,service,0/1,MVRL53806
single_site_company,City Prestige Mechanical Pty Ltd,,,Company,1,1,,Sydney,service,0/1,MVRL59510
single_site_company,City West Automotive Pty Ltd,,,Company,1,1,,Newcastle,service,0/1,MVRL57461
single_site_company,Civic Collection Services Pty Ltd,,,Company,1,1,,Sydney,service,0/1,MVRL61441
single_site_company,Civil One Group Pty Ltd,,,Company,1,1,,Sydney,service,0/1,MVRL61894
single_site_company,CJ MECHANICAL PTY LTD,,,Company,1,1,,Southern Highlands / Shoalhaven,service,0/1,MVRL61218
single_site_company,CJM AUTOMOTIVE PTY LTD,,,Company,1,1,,Sydney,service,0/1,MVRL61960
single_site_company,CJS AUTO PTY. LTD.,,,Company,1,1,,Mid North Coast,service,0/1,MVRL62812
single_site_company,CLARENCE VALLEY AUTOMOTIVE PTY LTD,,,Company,1,1,,New England / North West,service,0/1,MVRL58595
single_site_company,Clarkies Motors Pty Ltd,,,Company,1,1,,Sydney,service,0/1,MVRL61955
single_site_company,Clarky's Auto Care Pty Ltd,,,Company,1,1,,Northern Rivers,service,0/1,MVRL52759
single_site_company,CLEMENT MECHANICAL PTY LTD,,,Company,1,1,,Unknown (no address in register),service,0/1,MVRL55859
single_site_company,Cliff Wright Motors Pty Ltd,,,Company,1,1,,New England / North West,service,0/1,MVRL12541
single_site_company,Clintons Motors Pty Ltd,,,Company,1,1,,Sydney,service,0/1,MVRL39330
single_site_company,Clovelly Automotive Services Pty Ltd,,,Company,1,1,,Sydney,service,0/1,MVRL33161
single_site_company,CLYDE MECHANICAL PTY LTD,,,Company,1,1,,Unknown (no address in register),service,0/1,MVRL55847
single_site_company,CMC Auto Repairs Pty Ltd,,,Company,1,1,,Sydney,service,0/1,MVRL48116
single_site_company,CMJ Kazzi Investments Pty Ltd,,,Company,1,1,,Sydney,service,0/1,MVRL55664
single_site_company,CNH Auto Repairs Pty Ltd,,,Company,1,1,,Far West / Orana,service,0/1,MVRL55571
single_site_company,Co Co Auto Repairs Pty Ltd,,,Company,1,1,,Sydney,service,0/1,MVRL52705
single_site_company,Coady's Auto Repairs Pty Ltd,,,Company,1,1,,Far West / Orana,service,0/1,MVRL46002
single_site_company,COAST TO COAST MECHANICAL PTY LTD,,,Company,1,1,,Illawarra,service,0/1,MVRL55771
single_site_company,Coastal Auto Group Pty Ltd,,,Company,1,1,,Capital Region,service,0/1,MVRL45222
single_site_company,COASTAL DRIVELINE SPECIALIST PTY LTD,,,Company,1,1,,Central Coast,service,0/1,MVRL55113
single_site_company,Coastline Auto Group Pty Ltd,,,Company,1,1,,Northern Rivers,service,0/1,MVRL52664
single_site_company,COASTWIDE MECHANICAL SERVICES PTY LTD,,,Company,1,1,,Newcastle,service,0/1,MVRL61178
single_site_company,Cobb & Co Car Services Pty Ltd,,,Company,1,1,,Northern Rivers,service,0/1,MVRL60782
single_site_company,Cocoris Automotive Pty Ltd,,,Company,1,1,,Southern Highlands / Shoalhaven,service,0/1,MVRL41519
single_site_company,COELAB AUTOMOTIVE PTY LIMITED,,,Company,1,1,,Sydney,service,0/1,MVRL61176
single_site_company,COFFEY MAINTENANCE SERVICES PTY LTD,,,Company,1,1,,Sydney,service,0/1,MVRL55277
single_site_company,COFFS AUTO SERVICE PTY LTD,,,Company,1,1,,Coffs Harbour - Grafton,service,0/1,MVRL62314
single_site_company,Coghlans Auto Services Pty Ltd,,,Company,1,1,,Newcastle,service,0/1,MVRL22614
single_site_company,Colan Bros Motors Pty Ltd,,,Company,1,1,,Sydney,service,0/1,MVRL54449
single_site_company,Cole Care Repair Centre Pty Ltd,,,Company,1,1,,Sydney,service,0/1,MVRL45691
single_site_company,Colim Pty Ltd,,,Company,1,1,,Illawarra,service,0/1,MVRL45949
single_site_company,Colliers Automotive Services Pty Ltd,,,Company,1,1,,Sydney,service,0/1,MVRL1064
single_site_company,COMMERCIAL MOTORS CANBERRA PTY LTD,,,Company,1,1,,Capital Region,service,0/1,MVRL63786
single_site_company,Compact Repair Centre Pty Ltd,,,Company,1,1,,Sydney,service,0/1,MVRL3060
single_site_company,Concord Mechanical Repairs Pty Ltd,,,Company,1,1,,Sydney,service,0/1,MVRL52294
single_site_company,Connolly Automotive Pty Ltd,,,Company,1,1,,Sydney,service,0/1,MVRL52973
single_site_company,Continental Motors Pty Ltd,,,Company,1,1,,Northern Rivers,service,0/1,MVRL64362
single_site_company,Coogee Auto Pty Ltd,,,Company,1,1,,Sydney,service,0/1,MVRL39035
single_site_company,Coombes Auto Clinic Pty Ltd,,,Company,1,1,,Sydney,service,0/1,MVRL51033
single_site_company,COOPER'S MECHANICAL SERVICES PTY LTD,,,Company,1,1,,Far West / Orana,service,0/1,MVRL62399
single_site_company,Corbeck Pty Ltd,,,Company,1,1,,Central West,service,0/1,MVRL50025
single_site_company,Corney's Automotive Services Pty Ltd,,,Company,1,1,,Mid North Coast,service,0/1,MVRL60331
single_site_company,Corse Automotive Services Pty Ltd,,,Company,1,1,,Sydney,service,0/1,MVRL53006
single_site_company,Cortis Exhaust Systems Pty Ltd,,,Company,1,1,,Sydney,service,0/1,MVRL11950
single_site_company,Coseng Australia Pty Ltd,,,Company,1,1,,Sydney,service,0/1,MVRL47477
single_site_company,Cougar Automotive Pty Ltd,,,Company,1,1,,Sydney,service,0/1,MVRL63247
single_site_company,Cowan Expert Vehicle Inspections Pty Ltd,,,Company,1,1,,Unknown (no address in register),service,0/1,MVRL62470
single_site_company,COX AUTOMOTIVE SERVICING PTY LTD,,,Company,1,1,,Sydney,service,0/1,MVRL57426
single_site_company,Craigs Automatic Transmissions Pty Ltd,,,Company,1,1,,Sydney,service,0/1,MVRL54895
single_site_company,Cremorne Automotive Services Pty Ltd,,,Company,1,1,,Sydney,service,0/1,MVRL40829
single_site_company,Cremorne Prestige Service Pty Ltd,,,Company,1,1,,Sydney,service,0/1,MVRL27080
single_site_company,Crescent Motors Pty Ltd,,,Company,1,1,,Sydney,service,0/1,MVRL63012
single_site_company,Cromer Automotive Pty Ltd,,,Company,1,1,,Sydney,service,0/1,MVRL61626
single_site_company,Cromer Motors Pty Ltd,,,Company,1,1,,Sydney,service,0/1,MVRL26989
single_site_company,CRONULLA SUTHERLAND AUTOMATICS & MECHANICAL PTY LTD,,,Company,1,1,,Sydney,service,0/1,MVRL62529
single_site_company,Croppers Mechanical Repairs South Grafton Pty Ltd,,,Company,1,1,,New England / North West,service,0/1,MVRL61637
single_site_company,Crowley Automotive Pty Ltd,,,Company,1,1,,Far West / Orana,service,0/1,MVRL49895
single_site_company,CROWN AUTO REPAIRS PTY LTD,,,Company,1,1,,Sydney,service,0/1,MVRL63788
single_site_company,Croydon Park Mechanical Pty Ltd,,,Company,1,1,,Sydney,service,0/1,MVRL42985
single_site_company,Crystal St Mechanical Services Pty Ltd,,,Company,1,1,,Sydney,service,0/1,MVRL52059
single_site_company,CS & LM Chapman Pty Ltd,,,Company,1,1,,Illawarra,service,0/1,MVRL44032
single_site_company,Culliana Pty Ltd,,,Company,1,1,,Riverina,service,0/1,MVRL59046
single_site_company,Cumarar Pty Ltd,,,Company,1,1,,Sydney,service,0/1,MVRL47107
single_site_company,D & D SLADE PTY LTD,,,Company,1,1,,Murray,service,0/1,MVRL62773
single_site_company,D & K Auto Refinishing Pty Ltd,,,Company,1,1,,Sydney,service,0/1,MVRL45519
single_site_company,D & K WALKER PTY LTD,,,Company,1,1,,Far West / Orana,service,0/1,MVRL56815
single_site_company,D & P Moon Motor Repairs Pty Ltd,,,Company,1,1,,Unknown (no address in register),service,0/1,MVRL52456
single_site_company,D & S Motors (NSW) Pty Ltd,,,Company,1,1,,Southern Highlands / Shoalhaven,service,0/1,MVRL4714
single_site_company,D H Mechanical Pty Ltd,,,Company,1,1,,Unknown (no address in register),service,0/1,MVRL54093
single_site_company,D J Burnes Automotive Pty Ltd,,,Company,1,1,,Sydney,service,0/1,MVRL56675
single_site_company,D SAUNDERS AUTOMOTIVE PTY LTD,,,Company,1,1,,Riverina,service,0/1,MVRL60051
single_site_company,D&B AUTOMOTIVE PTY LTD,,,Company,1,1,,Murray,service,0/1,MVRL63617
single_site_company,D&S BROTHERS PTY LTD,,,Company,1,1,,Riverina,service,0/1,MVRL59868
single_site_company,D.C Auto Repairs Pty Ltd,,,Company,1,1,,Sydney,service,0/1,MVRL49352
single_site_company,Damien Seton Mechanical Pty Ltd,,,Company,1,1,,Far West / Orana,service,0/1,MVRL63193
single_site_company,DANCARL PTY LTD,,,Company,1,1,,Southern Highlands / Shoalhaven,service,0/1,MVRL62889
single_site_company,DANDAN AUTOMOTIVE PTY LTD,,,Company,1,1,,Sydney,service,0/1,MVRL57451
single_site_company,Daniell Autogroup Pty Ltd,,,Company,1,1,,Northern Rivers,service,0/1,MVRL53771
single_site_company,Daniels Automotive Pty Ltd,,,Company,1,1,,Sydney,service,0/1,MVRL45417
single_site_company,Dantrans Automotive Pty Ltd,,,Company,1,1,,Sydney,service,0/1,MVRL24057
single_site_company,Daol Motors Pty Ltd,,,Company,1,1,,Sydney,service,0/1,MVRL64256
single_site_company,Darkes Road Automotive Pty Ltd,,,Company,1,1,,Illawarra,service,0/1,MVRL36489
single_site_company,DARKOS AUTOMOTIVE SERVICES PTY LTD,,,Company,1,1,,Sydney,service,0/1,MVRL56214
single_site_company,Darren Reardon Pty Ltd,,,Company,1,1,,Mid North Coast,service,0/1,MVRL61501
single_site_company,Daryl's Motors Pty Ltd,,,Company,1,1,,Sydney,service,0/1,MVRL61082
single_site_company,DATA AUTO MECHANICAL REPAIRS PTY LTD,,,Company,1,1,,Sydney,service,0/1,MVRL64322
single_site_company,Daves Garage Co Pty Ltd,,,Company,1,1,,Sydney,service,0/1,MVRL63330
single_site_company,David Stansbury Pty Ltd,,,Company,1,1,,Newcastle,service,0/1,MVRL51003
single_site_company,David Woodward Nominees Pty Ltd,,,Company,1,1,,Riverina,service,0/1,MVRL25600
single_site_company,David's OZ Gas Pty Ltd,,,Company,1,1,,Hunter,service,0/1,MVRL38293
single_site_company,Davids Mechanical Repairs Pty Ltd,,,Company,1,1,,Sydney,service,0/1,MVRL59367
single_site_company,Davidsons Garage Pty Ltd,,,Company,1,1,,Sydney,service,0/1,MVRL45707
single_site_company,DAVOS MECHANICAL PTY LTD,,,Company,1,1,,Unknown (no address in register),service,0/1,MVRL64297
single_site_company,DAWSON MECHANICAL PTY. LTD.,,,Company,1,1,,Hunter,service,0/1,MVRL56565
single_site_company,Dawson Street Auto Centre Pty Ltd,,,Company,1,1,,Northern Rivers,service,0/1,MVRL43353
single_site_company,DC Automotive Pty Ltd,,,Company,1,1,,Sydney,service,0/1,MVRL60609
single_site_company,DCJ Mechanical Pty Ltd,,,Company,1,1,,Hunter,service,0/1,MVRL43731
single_site_company,DCM MECHANICAL PTY LTD,,,Company,1,1,,Unknown (no address in register),service,0/1,MVRL63835
single_site_company,DCR MECHANICAL SERVICES PTY LIMITED,,,Company,1,1,,Sydney,service,0/1,MVRL63479
single_site_company,De-Mototechnics Pty Ltd,,,Company,1,1,,Sydney,service,0/1,MVRL47986
single_site_company,Dean's Auto Centre Pty Ltd,,,Company,1,1,,Capital Region,service,0/1,MVRL53947
single_site_company,DEE AUTOS AND REPAIRS PTY LTD,,,Company,1,1,,Unknown (no address in register),service,0/1,MVRL62091
single_site_company,Dee Why Auto Care Pty Ltd,,,Company,1,1,,Sydney,service,0/1,MVRL49204
single_site_company,Dee's Automotive Pty Ltd,,,Company,1,1,,Sydney,service,0/1,MVRL55187
single_site_company,Deer Mechanical Services Pty Ltd,,,Company,1,1,,Unknown (no address in register),service,0/1,MVRL63592
single_site_company,DEMERTZIS AUTOMOTIVE PTY LTD,,,Company,1,1,,Sydney,service,0/1,MVRL56021
single_site_company,Dengate Motor Vehicle Repairs Pty Ltd,,,Company,1,1,,Unknown (no address in register),service,0/1,MVRL42036
single_site_company,Denmarg Pty Ltd,,,Company,1,1,,New England / North West,service,0/1,MVRL35899
single_site_company,Dennett Trading Pty Ltd,,,Company,1,1,,Northern Rivers,service,0/1,MVRL49080
single_site_company,DENYERS AUTOMOTIVE PTY LTD,,,Company,1,1,,Northern Rivers,service,0/1,MVRL63593
single_site_company,DEPENDABLE MECHANICAL & MAINTENANCE PTY LTD,,,Company,1,1,,Central Coast,service,0/1,MVRL56198
single_site_company,DESCALZA PTY LTD,,,Company,1,1,,Coffs Harbour - Grafton,service,0/1,MVRL55519
single_site_company,Desired Automotive Pty Ltd,,,Company,1,1,,Unknown (no address in register),service,0/1,MVRL62956
single_site_company,Desisto Motors Pty Ltd,,,Company,1,1,,Unknown (no address in register),service,0/1,MVRL59514
single_site_company,DFR Automotive Pty Ltd,,,Company,1,1,,Sydney,service,0/1,MVRL51611
single_site_company,DGH AG & MECHANICAL REPAIRS PTY LTD,,,Company,1,1,,Unknown (no address in register),service,0/1,MVRL62680
single_site_company,DHALLA AUTOMOTIVE PTY. LTD.,,,Company,1,1,,Sydney,service,0/1,MVRL54657
single_site_company,DI AUTO GROUP PTY LTD,,,Company,1,1,,Sydney,service,0/1,MVRL57155
single_site_company,DI FRANCESCO ENTERPRISES PTY. LIMITED,,,Company,1,1,,Sydney,service,0/1,MVRL55795
single_site_company,DIALLED IN AUTOMOTIVE PTY LIMITED,,,Company,1,1,,Unknown (no address in register),service,0/1,MVRL64391
single_site_company,Dicar Pty Ltd,,,Company,1,1,,Mid North Coast,service,0/1,MVRL45502
single_site_company,Diff Technics Australia Pty Ltd,,,Company,1,1,,Sydney,service,0/1,MVRL46300
single_site_company,Diff Trans (NSW) Pty Ltd,,,Company,1,1,,Sydney,service,0/1,MVRL50528
single_site_company,Diggers Shuttle Service Pty Ltd,,,Company,1,1,,Newcastle,service,0/1,MVRL58785
single_site_company,DINERADA PTY LIMITED,,,Company,1,1,,New England / North West,service,0/1,MVRL64021
single_site_company,Disibio Services Pty Ltd,,,Company,1,1,,Illawarra,service,0/1,MVRL47820
single_site_company,Divergent Equipment Repairs Pty Ltd,,,Company,1,1,,Unknown (no address in register),service,0/1,MVRL61671
single_site_company,DIVERSE GARAGE PTY LTD,,,Company,1,1,,Sydney,service,0/1,MVRL57008
single_site_company,DJC AUTOMOTIVE SERVICES PTY LTD,,,Company,1,1,,Unknown (no address in register),service,0/1,MVRL59592
single_site_company,DJN Automotive Pty Ltd,,,Company,1,1,,Central West,service,0/1,MVRL62577
single_site_company,DJW Mechanical Repair Pty Ltd,,,Company,1,1,,Unknown (no address in register),service,0/1,MVRL62951
single_site_company,DK Auto Repairs Pty Ltd,,,Company,1,1,,Sydney,service,0/1,MVRL47348
single_site_company,DMG Automotive Pty Ltd,,,Company,1,1,,Sydney,service,0/1,MVRL55818
single_site_company,DMV AUTOWERKES PTY LTD,,,Company,1,1,,Sydney,service,0/1,MVRL58111
single_site_company,DNR Mechanical Repairs Pty Ltd,,,Company,1,1,,Sydney,service,0/1,MVRL45113
single_site_company,DOCKERY AUTOMOTIVE PTY LTD,,,Company,1,1,,Central Coast,service,0/1,MVRL61293
single_site_company,Doctor Auto Pty Ltd,,,Company,1,1,,Sydney,service,0/1,MVRL52687
single_site_company,Dolls Point SC Pty Ltd,,,Company,1,1,,Sydney,service,0/1,MVRL53069
single_site_company,DOLUMA GROUP PTY LTD,,,Company,1,1,,Sydney,service,0/1,MVRL62462
single_site_company,Domain Motors Pty Ltd,,,Company,1,1,,Sydney,service,0/1,MVRL59522
single_site_company,Doms Motors Pty Ltd,,,Company,1,1,,Riverina,service,0/1,MVRL24874
single_site_company,Don's Motor Repairs Pty Ltd,,,Company,1,1,,Illawarra,service,0/1,MVRL62848
single_site_company,Donphyl Nominees Pty Ltd,,,Company,1,1,,Murray,service,0/1,MVRL1153
single_site_company,Dooies Services Pty Ltd,,,Company,1,1,,Unknown (no address in register),service,0/1,MVRL60659
single_site_company,Double J Auto Service Pty Ltd,,,Company,1,1,,Sydney,service,0/1,MVRL50389
single_site_company,DOULMAN INDUSTRIES PTY LTD,,,Company,1,1,,Sydney,service,0/1,MVRL56637
single_site_company,DOWNTOWN BILLINUDGEL AUTOMOTIVE PTY LTD,,,Company,1,1,,Northern Rivers,service,0/1,MVRL61228
single_site_company,DOYALSON AUTOCARE PTY LTD,,,Company,1,1,,Central Coast,service,0/1,MVRL63970
single_site_company,DP & RA Edwards Pty Ltd,,,Company,1,1,,Capital Region,service,0/1,MVRL48832
single_site_company,DP MECHANICAL PTY LTD,,,Company,1,1,,Unknown (no address in register),service,0/1,MVRL63491
single_site_company,DR Auto Pty Ltd,,,Company,1,1,,Illawarra,service,0/1,MVRL46064
single_site_company,Dr Shocks (Brookvale) Pty Ltd,,,Company,1,1,,Sydney,service,0/1,MVRL47425
single_site_company,Drakado Auto Group Pty Ltd,,,Company,1,1,,Sydney,service,0/1,MVRL49862
single_site_company,DRB AUTOMOTIVE PTY LTD,,,Company,1,1,,Southern Highlands / Shoalhaven,service,0/1,MVRL59458
single_site_company,Dribson Pty Ltd,,,Company,1,1,,Northern Rivers,service,0/1,MVRL35424
single_site_company,DRIES MECHANICAL PTY LTD,,,Company,1,1,,Southern Highlands / Shoalhaven,service,0/1,MVRL62226
single_site_company,Drive In Automotive Pty Ltd,,,Company,1,1,,Sydney,service,0/1,MVRL54115
single_site_company,DRIVE NOW AUTOS & SERVICES PTY LTD,,,Company,1,1,,Sydney,service,0/1,MVRL64036
single_site_company,Driveline Services Australia Pty Ltd,,,Company,1,1,,Far West / Orana,service,0/1,MVRL55051
single_site_company,DS Motor Repairs Pty Ltd,,,Company,1,1,,Sydney,service,0/1,MVRL54231
single_site_company,DSI Tran Pty Ltd,,,Company,1,1,,Sydney,service,0/1,MVRL48126
single_site_company,DT AUTOMOTIVE SERVICE & REPAIRS PTY LTD,,,Company,1,1,,Murray,service,0/1,MVRL56512
single_site_company,Dubbo Automotive Pty Ltd,,,Company,1,1,,Far West / Orana,service,0/1,MVRL47969
single_site_company,DUBBO FRIENDS AUTOCARE PTY LTD,,,Company,1,1,,Far West / Orana,service,0/1,MVRL62184
single_site_company,Duffy Auto Repairs Pty Ltd,,,Company,1,1,,Sydney,service,0/1,MVRL52632
single_site_company,DUFFY'S GARAGE PTY LTD,,,Company,1,1,,Northern Rivers,service,0/1,MVRL59238
single_site_company,Dufty Automotive Services Pty Ltd,,,Company,1,1,,Sydney,service,0/1,MVRL56241
single_site_company,Dulwich Hill Automotive Pty Ltd,,,Company,1,1,,Sydney,service,0/1,MVRL61768
single_site_company,Dunn Mechanical Pty Ltd,,,Company,1,1,,Unknown (no address in register),service,0/1,MVRL61702
single_site_company,Dunns Mechanical Services Pty Ltd,,,Company,1,1,,New England / North West,service,0/1,MVRL45275
single_site_company,DURAL MOTOR WORKS PTY LTD,,,Company,1,1,,Sydney,service,0/1,MVRL55949
single_site_company,Dutchy Automotive Pty Ltd,,,Company,1,1,,Sydney,service,0/1,MVRL28944
single_site_company,Dyna Motors Pty Ltd,,,Company,1,1,,Sydney,service,0/1,MVRL19781
single_site_company,Dynamicars Auto Services Pty Ltd,,,Company,1,1,,Sydney,service,0/1,MVRL60707
single_site_company,DYNAMO SERVICES NSW PTY LTD,,,Company,1,1,,Unknown (no address in register),service,0/1,MVRL61643
single_site_company,Dyngo Pty Ltd,,,Company,1,1,,New England / North West,service,0/1,MVRL51988
single_site_company,E Payne Motors Pty Ltd,,,Company,1,1,,Riverina,service,0/1,MVRL49846
single_site_company,Eagle Street Automotive Pty Ltd,,,Company,1,1,,Riverina,service,0/1,MVRL62372
single_site_company,Eagles Automotive Centre Pty Ltd,,,Company,1,1,,Sydney,service,0/1,MVRL45019
single_site_company,East Lismore Automotive Pty Ltd,,,Company,1,1,,Northern Rivers,service,0/1,MVRL49308
single_site_company,Eastern Creek Mechanical Repairs Pty Ltd,,,Company,1,1,,Sydney,service,0/1,MVRL29269
single_site_company,Eastern Suburbs Automotive Pty Ltd,,,Company,1,1,,Mid North Coast,service,0/1,MVRL55612
single_site_company,Eastern Suburbs Mechanical Pty Ltd,,,Company,1,1,,Sydney,service,0/1,MVRL44043
single_site_company,EASTERN VEHICLE MANAGEMENT PTY LTD,,,Company,1,1,,Sydney,service,0/1,MVRL59679
single_site_company,Easy Auto 123 Pty Ltd,,,Company,1,1,,Newcastle,service,0/1,MVRL54088
single_site_company,Easy Automotive Pty Ltd,,,Company,1,1,,Sydney,service,0/1,MVRL47118
single_site_company,Eddies Mechanical Services Pty Ltd,,,Company,1,1,,Sydney,service,0/1,MVRL40211
single_site_company,Edensor Park Automotive Repairs Pty Ltd,,,Company,1,1,,Sydney,service,0/1,MVRL25791
single_site_company,Edgecliff Automotive Pty Ltd,,,Company,1,1,,Sydney,service,0/1,MVRL50376
single_site_company,EDS Automotive Solutions Pty Ltd,,,Company,1,1,,Sydney,service,0/1,MVRL54884
single_site_company,EDWARDS AUTOMOTIVE PTY LTD,,,Company,1,1,,Capital Region,service,0/1,MVRL56879
single_site_company,Eire Motors Pty Ltd,,,Company,1,1,,Coffs Harbour - Grafton,service,0/1,MVRL51825
single_site_company,Eire Repairs Pty Ltd,,,Company,1,1,,Unknown (no address in register),service,0/1,MVRL56911
single_site_company,Ejje Auto Group Pty Ltd,,,Company,1,1,,Sydney,service,0/1,MVRL49749
single_site_company,ELARIY PTY LTD,,,Company,1,1,,Sydney,service,0/1,MVRL62800
single_site_company,Elite Automotive Repairs Pty Ltd,,,Company,1,1,,Sydney,service,0/1,MVRL40941
single_site_company,Elite Pro Tuning Pty Ltd,,,Company,1,1,,Sydney,service,0/1,MVRL53240
single_site_company,Elliott's Automotive Pty  Limited,,,Company,1,1,,Coffs Harbour - Grafton,service,0/1,MVRL63486
single_site_company,Emellie Holdings Pty Ltd,,,Company,1,1,,Newcastle,service,0/1,MVRL51097
single_site_company,EMERTON AUTOMOTIVE PTY LTD,,,Company,1,1,,Central Coast,service,0/1,MVRL62436
single_site_company,EMMTOM AUTO CARE PTY LTD,,,Company,1,1,,Unknown (no address in register),service,0/1,MVRL63520
single_site_company,Empire Mechanical Solutions Pty Ltd,,,Company,1,1,,Newcastle,service,0/1,MVRL62630
single_site_company,Empire Vehicles Pty Ltd,,,Company,1,1,,Sydney,service,0/1,MVRL49997
single_site_company,EMSN A PTY LTD,,,Company,1,1,,Unknown (no address in register),service,0/1,MVRL61842
single_site_company,Emu Automotive Pty Ltd,,,Company,1,1,,Sydney,service,0/1,MVRL60699
single_site_company,Engineered Tuning Pty Ltd,,,Company,1,1,,New England / North West,service,0/1,MVRL61604
single_site_company,ENHANCE AUTOMOTIVE PTY LTD,,,Company,1,1,,Unknown (no address in register),service,0/1,MVRL58697
single_site_company,ENTERTAINING GROUP PTY LTD,,,Company,1,1,,Sydney,service,0/1,MVRL62176
single_site_company,Epping Motors Pty Ltd,,,Company,1,1,,Sydney,service,0/1,MVRL55776
single_site_company,Eric Brown Motors Pty Ltd,,,Company,1,1,,Sydney,service,0/1,MVRL6275
single_site_company,ERINA SERVICE CENTRE PTY LTD,,,Company,1,1,,Sydney,service,0/1,MVRL55917
single_site_company,ES AUTO TECH PTY LTD,,,Company,1,1,,Newcastle,service,0/1,MVRL58607
single_site_company,Eshmoun Pty Ltd,,,Company,1,1,,Illawarra,service,0/1,MVRL43551
single_site_company,Euro Advantage Mechanical Pty Ltd,,,Company,1,1,,Sydney,service,0/1,MVRL61668
single_site_company,Euro Automotive Service Centre Pty Ltd,,,Company,1,1,,Sydney,service,0/1,MVRL56508
single_site_company,EURO CAR GARAGE PTY LTD,,,Company,1,1,,Southern Highlands / Shoalhaven,service,0/1,MVRL57636
single_site_company,Euro Empire Auto Group Pty Ltd,,,Company,1,1,,Unknown (no address in register),service,0/1,MVRL63460
single_site_company,Euro Masters Mechanical Repairs Pty Ltd,,,Company,1,1,,Sydney,service,0/1,MVRL58000
single_site_company,EURO PRECISION AUTOMOTIVE PTY LTD,,,Company,1,1,,Hunter,service,0/1,MVRL58426
single_site_company,Euro Service Centre Pty Ltd,,,Company,1,1,,Unknown (no address in register),service,0/1,MVRL61872
single_site_company,EURO TRANSMISSIONS AUSTRALIA PTY LTD,,,Company,1,1,,Unknown (no address in register),service,0/1,MVRL61932
single_site_company,Eurocarservices Pty Ltd,,,Company,1,1,,Hunter,service,0/1,MVRL63727
single_site_company,Europa Motors Australia Pty Ltd,,,Company,1,1,,Sydney,service,0/1,MVRL62946
single_site_company,European Autotech Pty Ltd,,,Company,1,1,,Sydney,service,0/1,MVRL51930
single_site_company,Eurostar Motors Pty Ltd,,,Company,1,1,,Sydney,service,0/1,MVRL44142
single_site_company,EUROTECH MOTORS PTY LTD,,,Company,1,1,,Sydney,service,0/1,MVRL58544
single_site_company,Evanconno Pty Ltd,,,Company,1,1,,Murray,service,0/1,MVRL55619
single_site_company,EVANS HEAD MECHANICAL PTY LTD,,,Company,1,1,,Northern Rivers,service,0/1,MVRL62127
single_site_company,EVEREST AUTO WORKSHOP PTY LTD,,,Company,1,1,,Sydney,service,0/1,MVRL57661
single_site_company,EVOLUTION MECHANICAL REPAIRS PTY LTD,,,Company,1,1,,Unknown (no address in register),service,0/1,MVRL62212
single_site_company,Exilon Pty Ltd,,,Company,1,1,,Capital Region,service,0/1,MVRL56354
single_site_company,Exodus Motor Repairs Centre Pty Ltd,,,Company,1,1,,Sydney,service,0/1,MVRL46065
single_site_company,EXPERT AUTOBODY REPAIRS PTY LTD,,,Company,1,1,,Sydney,service,0/1,MVRL58316
single_site_company,Express Auto Pty Ltd,,,Company,1,1,,Unknown (no address in register),service,0/1,MVRL54979
single_site_company,EXTRA CARE AUTOS PTY LTD,,,Company,1,1,,Sydney,service,0/1,MVRL59167
single_site_company,Extreme Automotive Repairs Pty Ltd,,,Company,1,1,,Sydney,service,0/1,MVRL60146
single_site_company,F & L Automotive Pty Ltd,,,Company,1,1,,Sydney,service,0/1,MVRL56979
single_site_company,F & S Auto Care Pty Ltd,,,Company,1,1,,Sydney,service,0/1,MVRL56278
single_site_company,F M Auto's Pty Ltd,,,Company,1,1,,Sydney,service,0/1,MVRL58818
single_site_company,Fairfield Auto Centre Pty Limited,,,Company,1,1,,Sydney,service,0/1,MVRL53271
single_site_company,Falcon Mechanics Pty Ltd,,,Company,1,1,,Sydney,service,0/1,MVRL54526
single_site_company,FALCON STREET GARAGE PTY LTD,,,Company,1,1,,Sydney,service,0/1,MVRL55494
single_site_company,Falcons Automotives Pty Ltd,,,Company,1,1,,Sydney,service,0/1,MVRL29321
single_site_company,FAMILY ENGINES PTY LTD,,,Company,1,1,,Southern Highlands / Shoalhaven,service,0/1,MVRL64389
single_site_company,Far West Auto Pty Ltd,,,Company,1,1,,Newcastle,service,0/1,MVRL55389
single_site_company,Faratech Holdings Pty Ltd,,,Company,1,1,,Sydney,service,0/1,MVRL38266
single_site_company,Farronato Autobody Repairs Pty Ltd,,,Company,1,1,,Riverina,service,0/1,MVRL41569
single_site_company,Farrow Mechanical Pty Limited,,,Company,1,1,,Mid North Coast,service,0/1,MVRL51797
single_site_company,FAST 40 AUTOMOTIVE PTY LTD,,,Company,1,1,,Unknown (no address in register),service,0/1,MVRL60605
single_site_company,Fastb Pty Ltd,,,Company,1,1,,Sydney,service,0/1,MVRL49865
single_site_company,Fernhay Pty Ltd,,,Company,1,1,,Capital Region,service,0/1,MVRL26893
single_site_company,Fernside Automotive Pty Ltd,,,Company,1,1,,Sydney,service,0/1,MVRL55974
single_site_company,FG Automotive Pty Ltd,,,Company,1,1,,Sydney,service,0/1,MVRL39738
single_site_company,FH Mechanical Pty Ltd,,,Company,1,1,,Capital Region,service,0/1,MVRL62423
single_site_company,Fill Her Up Pty Ltd,,,Company,1,1,,Newcastle,service,0/1,MVRL56148
single_site_company,Finnerty Automotive Pty Ltd,,,Company,1,1,,Capital Region,service,0/1,MVRL47366
single_site_company,First Choice Autos Pty Ltd,,,Company,1,1,,Sydney,service,0/1,MVRL64142
single_site_company,Fitzgerald Motors Pty Ltd,,,Company,1,1,,Sydney,service,0/1,MVRL2085
single_site_company,Five Star Auto Pty Ltd,,,Company,1,1,,Sydney,service,0/1,MVRL61358
single_site_company,Fix It All Mechanical Pty Ltd,,,Company,1,1,,Unknown (no address in register),service,0/1,MVRL61832
single_site_company,FIX N GO AUTO PTY LTD,,,Company,1,1,,Hunter,service,0/1,MVRL58927
single_site_company,Fixsar Services Pty Ltd,,,Company,1,1,,Sydney,service,0/1,MVRL64189
single_site_company,Flash Automotive Repairs Pty Ltd,,,Company,1,1,,Sydney,service,0/1,MVRL59654
single_site_company,Flaton Pty Ltd,,,Company,1,1,,Riverina,service,0/1,MVRL5568
single_site_company,Fleetpro Mechanical Pty Limited,,,Company,1,1,,Sydney,service,0/1,MVRL52453
single_site_company,Fletchers Automotive Services Pty Ltd,,,Company,1,1,,Sydney,service,0/1,MVRL26265
single_site_company,Floppa's Automotive Pty Ltd,,,Company,1,1,,Hunter,service,0/1,MVRL54339
single_site_company,FMJ MECHANICAL PTY LTD,,,Company,1,1,,Unknown (no address in register),service,0/1,MVRL61725
single_site_company,Focus Automotive Pty Ltd,,,Company,1,1,,Unknown (no address in register),service,0/1,MVRL51689
single_site_company,Forbes Trading Pty Ltd,,,Company,1,1,,Sydney,service,0/1,MVRL51683
single_site_company,Fordline Pty Ltd,,,Company,1,1,,Sydney,service,0/1,MVRL16022
single_site_company,Forest Car Care Pty Ltd,,,Company,1,1,,Sydney,service,0/1,MVRL34836
single_site_company,FORMULA ONE AUTO REPAIRS PTY LTD,,,Company,1,1,,Sydney,service,0/1,MVRL55913
single_site_company,Fosglen Pty Ltd,,,Company,1,1,,Riverina,service,0/1,MVRL58219
single_site_company,Fotis Auto Repairs Pty Ltd,,,Company,1,1,,Sydney,service,0/1,MVRL26315
single_site_company,Fragale Pty Ltd,,,Company,1,1,,Sydney,service,0/1,MVRL32673
single_site_company,FRAGOMELI SERVICES PTY LTD,,,Company,1,1,,Unknown (no address in register),service,0/1,MVRL62452
single_site_company,Frank Tedesco Autos Pty Ltd,,,Company,1,1,,Sydney,service,0/1,MVRL24853
single_site_company,FRANKENSTEYN SERVICES PTY LTD,,,Company,1,1,,Hunter,service,0/1,MVRL58394
single_site_company,Franks Mechanical Repairs Pty Ltd,,,Company,1,1,,Sydney,service,0/1,MVRL63468
single_site_company,Franktony Pty Ltd,,,Company,1,1,,Sydney,service,0/1,MVRL53767
single_site_company,Franzman Mechanical Pty Ltd,,,Company,1,1,,Sydney,service,0/1,MVRL57104
single_site_company,Freedom Motors Australia Pty Ltd,,,Company,1,1,,Sydney,service,0/1,MVRL64241
single_site_company,FREMAS PTY LTD,,,Company,1,1,,Sydney,service,0/1,MVRL55957
single_site_company,FRESHWATER MOTORS PTY LTD,,,Company,1,1,,Sydney,service,0/1,MVRL58194
single_site_company,FRICTION CO. PTY LTD,,,Company,1,1,,Sydney,service,0/1,MVRL59352
single_site_company,Frodale Pty Ltd,,,Company,1,1,,Northern Rivers,service,0/1,MVRL59737
single_site_company,Full Lock Service & Repairs Pty Ltd,,,Company,1,1,,Murray,service,0/1,MVRL61034
single_site_company,FULLIES MECHANICAL PTY LTD,,,Company,1,1,,Murray,service,0/1,MVRL62502
single_site_company,Funant Motors Pty Ltd,,,Company,1,1,,Sydney,service,0/1,MVRL48092
single_site_company,Furitech Automotive Pty Ltd,,,Company,1,1,,Sydney,service,0/1,MVRL61223
single_site_company,FYG Automotive Pty Ltd,,,Company,1,1,,Central West,service,0/1,MVRL49837
single_site_company,Fymoral International Pty Ltd,,,Company,1,1,,Sydney,service,0/1,MVRL55482
single_site_company,FZA AUTOMOTIVE PTY LTD,,,Company,1,1,,Central West,service,0/1,MVRL64094
single_site_company,G & B Auto Pty Ltd,,,Company,1,1,,Central West,service,0/1,MVRL54695
single_site_company,G & E AUTOS PTY LTD,,,Company,1,1,,Sydney,service,0/1,MVRL62230
single_site_company,G & S AUTOMOTIVE SOLUTIONS PTY LTD,,,Company,1,1,,Sydney,service,0/1,MVRL60880
single_site_company,G & S Mechanical Pty Ltd,,,Company,1,1,,Unknown (no address in register),service,0/1,MVRL58998
single_site_company,G Force Automotive Pty Ltd,,,Company,1,1,,Sydney,service,0/1,MVRL47198
single_site_company,G Force Automotive Services Pty Ltd,,,Company,1,1,,Sydney,service,0/1,MVRL53969
single_site_company,G H Mechanical Repairs Pty Ltd,,,Company,1,1,,Sydney,service,0/1,MVRL45826
single_site_company,G J & D Automotive Pty Ltd,,,Company,1,1,,Central Coast,service,0/1,MVRL40694
single_site_company,G P Auto Repairs Pty Ltd,,,Company,1,1,,Unknown (no address in register),service,0/1,MVRL60017
single_site_company,G-FORCE AUTO MECHANIC PTY LTD,,,Company,1,1,,Sydney,service,0/1,MVRL60133
single_site_company,G.S Mechanical Pty Ltd,,,Company,1,1,,Newcastle,service,0/1,MVRL49220
single_site_company,GAD (Aust) Pty Ltd,,,Company,1,1,,Hunter,service,0/1,MVRL38985
single_site_company,Gamac Pty Ltd,,,Company,1,1,,Sydney,service,0/1,MVRL5352
single_site_company,GARAGE 308 PTY LTD,,,Company,1,1,,Unknown (no address in register),service,0/1,MVRL63275
single_site_company,GARAGE 314 PTY LTD,,,Company,1,1,,Sydney,service,0/1,MVRL62813
single_site_company,Garemyn Mechanical Group Pty Ltd,,,Company,1,1,,Mid North Coast,service,0/1,MVRL54419
single_site_company,Garred's Mechanical 2 Pty Ltd,,,Company,1,1,,Northern Rivers,service,0/1,MVRL53244
single_site_company,Gary's Auto Centre Pty Ltd,,,Company,1,1,,Mid North Coast,service,0/1,MVRL2913
single_site_company,Gasmate Garage Pty Ltd,,,Company,1,1,,Sydney,service,0/1,MVRL58632
single_site_company,Gateway Auto Centre Pty Ltd,,,Company,1,1,,Sydney,service,0/1,MVRL63024
single_site_company,GATO REPAIRS PTY LTD,,,Company,1,1,,Newcastle,service,0/1,MVRL61380
single_site_company,Gav Fines Automotive Pty Ltd,,,Company,1,1,,Riverina,service,0/1,MVRL51790
single_site_company,GB Auto Group Pty Limited,,,Company,1,1,,Sydney,service,0/1,MVRL27531
single_site_company,GB Car Care Pty Ltd,,,Company,1,1,,Sydney,service,0/1,MVRL54302
single_site_company,GDL Automotive Services Pty Ltd,,,Company,1,1,,Sydney,service,0/1,MVRL50511
single_site_company,GDR Automotive Services Pty Ltd,,,Company,1,1,,Sydney,service,0/1,MVRL62232
single_site_company,Gear Exchange Services Pty Ltd,,,Company,1,1,,Sydney,service,0/1,MVRL11930
single_site_company,Gem Auto Services Pty Ltd,,,Company,1,1,,Sydney,service,0/1,MVRL46014
single_site_company,Gemstar Automotive Pty Ltd,,,Company,1,1,,Sydney,service,0/1,MVRL42433
single_site_company,GENERAL MOTORS AUSTRALIA AND NEW ZEALAND PTY LTD,,,Company,1,1,,Sydney,service,0/1,MVRL62481
single_site_company,GENUINE CAR SERVICE PTY LTD,,,Company,1,1,,Sydney,service,0/1,MVRL57280
single_site_company,Geoff King Motors Pty Ltd,,,Company,1,1,,Mid North Coast,service,0/1,MVRL3265
single_site_company,Gerlos Holdings Pty Ltd,,,Company,1,1,,Sydney,service,0/1,MVRL9676
single_site_company,German Auto Care Pty. Ltd.,,,Company,1,1,,Sydney,service,0/1,MVRL59844
single_site_company,Germano Automotives Pty Ltd,,,Company,1,1,,Sydney,service,0/1,MVRL52083
single_site_company,Gerritsen Automotive Services Pty Ltd,,,Company,1,1,,Sydney,service,0/1,MVRL43444
single_site_company,GERRY WUBBELS AUTOMOTIVE PTY LTD,,,Company,1,1,,Newcastle,service,0/1,MVRL6340
single_site_company,Get Movin Services Pty Ltd,,,Company,1,1,,Sydney,service,0/1,MVRL61613
single_site_company,Getit Automotive Pty Ltd,,,Company,1,1,,Newcastle,service,0/1,MVRL54246
single_site_company,GF Automotive Repairs Pty Ltd,,,Company,1,1,,Sydney,service,0/1,MVRL32353
single_site_company,GHM Repairs Pty Ltd,,,Company,1,1,,Sydney,service,0/1,MVRL57275
single_site_company,Gianni's Motor Mechanic Pty Ltd,,,Company,1,1,,Sydney,service,0/1,MVRL56646
single_site_company,Gibsons Driveshaft Services Pty Ltd,,,Company,1,1,,Newcastle,service,0/1,MVRL40480
single_site_company,GILBERTS MOTOR GARAGE PTY LTD,,,Company,1,1,,Hunter,service,0/1,MVRL57092
single_site_company,Gilfruit Pty Ltd,,,Company,1,1,,Coffs Harbour - Grafton,service,0/1,MVRL51360
single_site_company,Gillard Investments Pty Ltd,,,Company,1,1,,Northern Rivers,service,0/1,MVRL55383
single_site_company,Giveitago Pty Ltd,,,Company,1,1,,Central West,service,0/1,MVRL50970
single_site_company,GJ REYNOLDS AUTOMOTIVE PTY LTD,,,Company,1,1,,Sydney,service,0/1,MVRL58532
single_site_company,GK Automotive Repairs Pty Ltd,,,Company,1,1,,Sydney,service,0/1,MVRL35186
single_site_company,Glendenning Auto Pty Ltd,,,Company,1,1,,Sydney,service,0/1,MVRL54227
single_site_company,Global Automotive Services Pty Ltd,,,Company,1,1,,Sydney,service,0/1,MVRL51036
single_site_company,Global Automotive Transmission Services Pty Ltd,,,Company,1,1,,Sydney,service,0/1,MVRL57201
single_site_company,GLOVER MECHANICAL AND BREAKDOWN PTY LIMITED,,,Company,1,1,,Unknown (no address in register),service,0/1,MVRL59579
single_site_company,Glow Automotive Pty Ltd,,,Company,1,1,,Sydney,service,0/1,MVRL62841
single_site_company,GM Garage Pty Ltd,,,Company,1,1,,Unknown (no address in register),service,0/1,MVRL64000
single_site_company,GMR Mechanical Pty Ltd,,,Company,1,1,,Unknown (no address in register),service,0/1,MVRL50904
single_site_company,Go-Pro Automotive (NSW) Pty Ltd,,,Company,1,1,,Sydney,service,0/1,MVRL48786
single_site_company,Go2gas Pty Ltd,,,Company,1,1,,Murray,service,0/1,MVRL61425
single_site_company,Goff & Sons Automotive Pty Ltd,,,Company,1,1,,Unknown (no address in register),service,0/1,MVRL56834
single_site_company,Gold Line Mechanical Auto Repairs Pty Ltd,,,Company,1,1,,Sydney,service,0/1,MVRL55100
single_site_company,Golden Auto Care Pty Ltd,,,Company,1,1,,Illawarra,service,0/1,MVRL62098
single_site_company,Goldview Motors Pty Ltd,,,Company,1,1,,Sydney,service,0/1,MVRL39947
single_site_company,GOODING AUTOMOTIVE PTY LTD,,,Company,1,1,,Northern Rivers,service,0/1,MVRL60620
single_site_company,GOODWINS AUTOMOTIVE PTY LTD,,,Company,1,1,,Hunter,service,0/1,MVRL59149
single_site_company,Gordon Fernies Automotive Services Pty Ltd,,,Company,1,1,,Sydney,service,0/1,MVRL64141
single_site_company,GORILLA SUPPORT SERVICES PTY LTD,,,Company,1,1,,Sydney,service,0/1,MVRL58681
single_site_company,Gosford Automatic Transmission Service Pty Ltd,,,Company,1,1,,Newcastle,service,0/1,MVRL14985
single_site_company,Gosford European Car Services Pty Ltd,,,Company,1,1,,Sydney,service,0/1,MVRL52127
single_site_company,Gossies Mechanical Services Pty Ltd,,,Company,1,1,,Newcastle,service,0/1,MVRL23327
single_site_company,Goto Automotive Pty Ltd,,,Company,1,1,,Sydney,service,0/1,MVRL60059
single_site_company,Goulburn Automotive Centre Pty Ltd,,,Company,1,1,,Sydney,service,0/1,MVRL51118
single_site_company,Govind and Jerry Automotive Pty Ltd,,,Company,1,1,,Sydney,service,0/1,MVRL35014
single_site_company,GP & SM Pty Ltd,,,Company,1,1,,Sydney,service,0/1,MVRL55869
single_site_company,GPP AUTO PTY LTD,,,Company,1,1,,Unknown (no address in register),service,0/1,MVRL62810
single_site_company,Grace Mechanic Pty Ltd,,,Company,1,1,,Sydney,service,0/1,MVRL49060
single_site_company,Grafton Automotive Pty Ltd,,,Company,1,1,,Coffs Harbour - Grafton,service,0/1,MVRL42284
single_site_company,Graham Betts Motors Pty Ltd,,,Company,1,1,,New England / North West,service,0/1,MVRL37921
single_site_company,Granada Co Pty Ltd,,,Company,1,1,,Southern Highlands / Shoalhaven,service,0/1,MVRL60555
single_site_company,Grand Motors Group NSW Pty Ltd,,,Company,1,1,,Sydney,service,0/1,MVRL46671
single_site_company,Grand Turismo Garage Pty Ltd,,,Company,1,1,,Sydney,service,0/1,MVRL55148
single_site_company,GRANGE AUTO WORKS PTY LTD,,,Company,1,1,,Sydney,service,0/1,MVRL63096
single_site_company,Graul's Mechanical Pty Ltd,,,Company,1,1,,Illawarra,service,0/1,MVRL51052
single_site_company,Grease and Oil Automotive Service and Repairs Pty Ltd,,,Company,1,1,,Illawarra,service,0/1,MVRL59209
single_site_company,Great Lakes Auto Centre Pty Ltd,,,Company,1,1,,Mid North Coast,service,0/1,MVRL52246
single_site_company,Green Bean Automotive Pty Ltd,,,Company,1,1,,Unknown (no address in register),service,0/1,MVRL60337
single_site_company,Green Square Garage Pty Ltd,,,Company,1,1,,Sydney,service,0/1,MVRL54730
single_site_company,Green Tree Group Pty Ltd,,,Company,1,1,,Sydney,service,0/1,MVRL60461
single_site_company,Greenaways Gearboxes Pty Ltd,,,Company,1,1,,Coffs Harbour - Grafton,service,0/1,MVRL29948
single_site_company,Greenbean Pty Limited,,,Company,1,1,,Sydney,service,0/1,MVRL47125
single_site_company,Greening & Co Pty Ltd,,,Company,1,1,,Capital Region,service,0/1,MVRL63129
single_site_company,GREGORIOU HOLDINGS PTY LTD,,,Company,1,1,,Sydney,service,0/1,MVRL60117
single_site_company,GRESFORD GARAGE AND RURAL PTY LTD,,,Company,1,1,,Hunter,service,0/1,MVRL55932
single_site_company,GRM Motors Pty Ltd,,,Company,1,1,,Sydney,service,0/1,MVRL30141
single_site_company,GRO Enterprises Pty Ltd,,,Company,1,1,,New England / North West,service,0/1,MVRL52080
single_site_company,GRW ENTERPRISES PTY LTD,,,Company,1,1,,Sydney,service,0/1,MVRL60373
single_site_company,GSS Motors Pty Ltd,,,Company,1,1,,Sydney,service,0/1,MVRL63087
single_site_company,GT Auto Center Pty Ltd,,,Company,1,1,,Northern Rivers,service,0/1,MVRL52492
single_site_company,GT EURO TUNE PTY LTD,,,Company,1,1,,Unknown (no address in register),service,0/1,MVRL61507
single_site_company,GT MECHANICAL SERVICES PTY LTD,,,Company,1,1,,Sydney,service,0/1,MVRL56553
single_site_company,GTK Automotive Pty Ltd,,,Company,1,1,,Newcastle,service,0/1,MVRL53776
single_site_company,GTO GARAGE PTY LTD,,,Company,1,1,,Sydney,service,0/1,MVRL57694
single_site_company,Gunnedah Auto Care & Exhaust Specialist Pty Ltd,,,Company,1,1,,New England / North West,service,0/1,MVRL48183
single_site_company,GUNNING SERVICE CENTRE PTY LTD,,,Company,1,1,,Capital Region,service,0/1,MVRL57846
single_site_company,Gurkhas Auto Repairs Pty Ltd,,,Company,1,1,,Newcastle,service,0/1,MVRL61682
single_site_company,GURU AUTO CARE PTY LTD,,,Company,1,1,,Sydney,service,0/1,MVRL58603
single_site_company,GW Automotive Pty Ltd,,,Company,1,1,,Sydney,service,0/1,MVRL45156
single_site_company,H & H Chandra Pty Ltd,,,Company,1,1,,Sydney,service,0/1,MVRL59989
single_site_company,H & S Automotive Pty Ltd,,,Company,1,1,,Unknown (no address in register),service,0/1,MVRL60854
single_site_company,H & S Brown Family Holdings Pty Ltd,,,Company,1,1,,Capital Region,service,0/1,MVRL61861
single_site_company,H G Brougham Pty Ltd,,,Company,1,1,,Sydney,service,0/1,MVRL53549
single_site_company,H G Motors Pty Ltd,,,Company,1,1,,Sydney,service,0/1,MVRL54716
single_site_company,H Group Automotive Pty Ltd,,,Company,1,1,,Unknown (no address in register),service,0/1,MVRL63309
single_site_company,H R Sari Pty Ltd,,,Company,1,1,,Sydney,service,0/1,MVRL54114
single_site_company,H.M.E MECHANICAL SOLUTIONS PTY LTD,,,Company,1,1,,Unknown (no address in register),service,0/1,MVRL63407
single_site_company,HAAC PTY LTD,,,Company,1,1,,Northern Rivers,service,0/1,MVRL61548
single_site_company,Hahn Automotive Services Pty Ltd,,,Company,1,1,,Sydney,service,0/1,MVRL56955
single_site_company,Half Handy Mechanical Pty Ltd,,,Company,1,1,,Unknown (no address in register),service,0/1,MVRL64188
single_site_company,Hallak Enterprises Pty Ltd,,,Company,1,1,,Sydney,service,0/1,MVRL45635
single_site_company,Hammaren Mechanical Specialist Pty Ltd,,,Company,1,1,,Unknown (no address in register),service,0/1,MVRL64235
single_site_company,Hankook Automotive Mechanical Silverwater Pty Ltd,,,Company,1,1,,Sydney,service,0/1,MVRL57106
single_site_company,Hannath Automotive Pty Ltd,,,Company,1,1,,Capital Region,service,0/1,MVRL62652
single_site_company,Harjeet Mechanical Pty Ltd,,,Company,1,1,,Sydney,service,0/1,MVRL61036
single_site_company,HARLEQUIN ENTERPRISES PTY. LTD.,,,Company,1,1,,Southern Highlands / Shoalhaven,service,0/1,MVRL57999
single_site_company,Harold Park Repairs Pty Ltd,,,Company,1,1,,Sydney,service,0/1,MVRL52976
single_site_company,HARPER AUTOMOTIVE PTY LTD,,,Company,1,1,,Northern Rivers,service,0/1,MVRL55442
single_site_company,Harts Automotive Pty Ltd,,,Company,1,1,,Southern Highlands / Shoalhaven,service,0/1,MVRL44264
single_site_company,HARVEST AUTO PTY LTD,,,Company,1,1,,Sydney,service,0/1,MVRL64131
single_site_company,Harvey's Service Centre Pty Ltd,,,Company,1,1,,Unknown (no address in register),service,0/1,MVRL1384
single_site_company,HATTCH'S MECHANICAL SOLUTIONS PTY LTD,,,Company,1,1,,Unknown (no address in register),service,0/1,MVRL58022
single_site_company,HAWKESBURY AUTO PTY LTD,,,Company,1,1,,Unknown (no address in register),service,0/1,MVRL63620
single_site_company,Haydens Mechanical Repairs Pty Ltd,,,Company,1,1,,New England / North West,service,0/1,MVRL23589
single_site_company,HAYDO'S MECHANICAL SERVICES PTY LTD,,,Company,1,1,,Unknown (no address in register),service,0/1,MVRL59609
single_site_company,HAYES AUTO HOLDINGS PTY LTD,,,Company,1,1,,Northern Rivers,service,0/1,MVRL61752
single_site_company,Haz Auto Services Pty Ltd,,,Company,1,1,,Unknown (no address in register),service,0/1,MVRL62797
single_site_company,Hazir Pty Ltd,,,Company,1,1,,Sydney,service,0/1,MVRL57243
single_site_company,HDA REPAIRS PTY LTD,,,Company,1,1,,Sydney,service,0/1,MVRL56186
single_site_company,Heasman Steering Pty Ltd,,,Company,1,1,,Sydney,service,0/1,MVRL61672
single_site_company,HEDERICS MECHANICAL PTY. LTD.,,,Company,1,1,,Unknown (no address in register),service,0/1,MVRL64387
single_site_company,Heermand Pty Ltd,,,Company,1,1,,Sydney,service,0/1,MVRL62274
single_site_company,Helbren Automotive Pty Ltd,,,Company,1,1,,Sydney,service,0/1,MVRL60296
single_site_company,Helensburgh Car Service Pty Ltd,,,Company,1,1,,Illawarra,service,0/1,MVRL17877
single_site_company,Helma Pty Ltd,,,Company,1,1,,Central West,service,0/1,MVRL52805
single_site_company,HENNESSY FIELD SERVICES PTY LTD,,,Company,1,1,,Capital Region,service,0/1,MVRL58659
single_site_company,Henrys Mechanical Repairs Pty Ltd,,,Company,1,1,,Sydney,service,0/1,MVRL45589
single_site_company,Hensel Nominees Pty Ltd,,,Company,1,1,,Murray,service,0/1,MVRL53896
single_site_company,Hergies Automotive & Industrial Services Pty Ltd,,,Company,1,1,,Sydney,service,0/1,MVRL50546
single_site_company,Hi Quality Mechanical Repairs Pty Ltd,,,Company,1,1,,Sydney,service,0/1,MVRL39056
single_site_company,Hi Tech Automotive Holdings Pty Ltd,,,Company,1,1,,Central Coast,service,0/1,MVRL51985
single_site_company,HI5 GROUP PTY LTD,,,Company,1,1,,Sydney,service,0/1,MVRL62759
single_site_company,Hickeys Pty Ltd,,,Company,1,1,,Coffs Harbour - Grafton,service,0/1,MVRL4710
single_site_company,Hicks Automotive Pty Ltd,,,Company,1,1,,Sydney,service,0/1,MVRL27800
single_site_company,High Comp Mechanical Pty Ltd,,,Company,1,1,,Newcastle,service,0/1,MVRL56395
single_site_company,HIGHLANDS AUTO CARE PTY LTD,,,Company,1,1,,Southern Highlands / Shoalhaven,service,0/1,MVRL63001
single_site_company,Highrace Pty Ltd,,,Company,1,1,,Far West / Orana,service,0/1,MVRL26001
single_site_company,Hillangrove Pty. Ltd.,,,Company,1,1,,Mid North Coast,service,0/1,MVRL52245
single_site_company,Hills Auto Centre Pty Ltd,,,Company,1,1,,Sydney,service,0/1,MVRL52114
single_site_company,HILLS AUTO GROUP PTY LTD,,,Company,1,1,,Sydney,service,0/1,MVRL55077
single_site_company,HILLS ELITE AUTOMOTIVE PTY LTD,,,Company,1,1,,Sydney,service,0/1,MVRL58349
single_site_company,HILLS EURO AUTO SERVICES PTY LTD,,,Company,1,1,,Unknown (no address in register),service,0/1,MVRL63955
single_site_company,Hills Motor Repairs Pty Ltd,,,Company,1,1,,Sydney,service,0/1,MVRL49490
single_site_company,HM Sangha Pty Ltd,,,Company,1,1,,Murray,service,0/1,MVRL61820
single_site_company,HOBAMI PTY LTD,,,Company,1,1,,Northern Rivers,service,0/1,MVRL59114
single_site_company,Hockey Auto Pty Ltd,,,Company,1,1,,Illawarra,service,0/1,MVRL54348
single_site_company,HOGBIN FAMILY WEALTH PTY LTD,,,Company,1,1,,Sydney,service,0/1,MVRL63237
single_site_company,Holder Pty Ltd,,,Company,1,1,,Sydney,service,0/1,MVRL37951
single_site_company,HOLMAC AUTO AUS PTY LTD,,,Company,1,1,,Southern Highlands / Shoalhaven,service,0/1,MVRL63633
single_site_company,HOLSPEC SERVICES PTY LTD,,,Company,1,1,,Unknown (no address in register),service,0/1,MVRL62782
single_site_company,HOMEBUSH AUTOMOTIVE PTY LTD,,,Company,1,1,,Sydney,service,0/1,MVRL61208
single_site_company,Homebush City Motors Pty Ltd,,,Company,1,1,,Sydney,service,0/1,MVRL52452
single_site_company,Hornsby Automotive Pty Ltd,,,Company,1,1,,Sydney,service,0/1,MVRL62960
single_site_company,Howlong Motors Pty Ltd,,,Company,1,1,,Murray,service,0/1,MVRL57333
single_site_company,Hoxton Automotive Repairs Pty Ltd,,,Company,1,1,,Sydney,service,0/1,MVRL46715
single_site_company,HP Car Auto Service Pty Ltd,,,Company,1,1,,Sydney,service,0/1,MVRL58044
single_site_company,HRB MOTORS PTY LTD.,,,Company,1,1,,Newcastle,service,0/1,MVRL64266
single_site_company,HRR- Hutchison Repairs and Racecars Pty Ltd,,,Company,1,1,,Hunter,service,0/1,MVRL60416
single_site_company,HT Automotive Pty Ltd,,,Company,1,1,,Sydney,service,0/1,MVRL45893
single_site_company,HUDSON PLACE AUTOMOTIVE PTY LTD,,,Company,1,1,,Sydney,service,0/1,MVRL58895
single_site_company,Hume Motors Pty Ltd,,,Company,1,1,,Murray,service,0/1,MVRL17915
single_site_company,Hunter Automotive Solutions Pty Ltd,,,Company,1,1,,Sydney,service,0/1,MVRL53288
single_site_company,HUNTER STREET AUTO PTY LTD,,,Company,1,1,,Sydney,service,0/1,MVRL64229
single_site_company,Hunter Valley Mechanics Pty Ltd,,,Company,1,1,,Unknown (no address in register),service,0/1,MVRL60540
single_site_company,Hurst Automotives Pty Ltd,,,Company,1,1,,Sydney,service,0/1,MVRL50443
single_site_company,Hurst Services Pty Ltd,,,Company,1,1,,Unknown (no address in register),service,0/1,MVRL42865
single_site_company,Hvar Novak Pty Ltd,,,Company,1,1,,Sydney,service,0/1,MVRL59624
single_site_company,HYBRID AUTOMOTIVE SERVICE PTY LTD,,,Company,1,1,,Sydney,service,0/1,MVRL61057
single_site_company,HYDRATECH MECHANICAL PTY LTD,,,Company,1,1,,Unknown (no address in register),service,0/1,MVRL62834
single_site_company,I TRACK YOU SERVICES PTY LTD,,,Company,1,1,,Unknown (no address in register),service,0/1,MVRL61836
single_site_company,I TUNE AUTOMOTIVE PTY LIMITED,,,Company,1,1,,Sydney,service,0/1,MVRL59376
single_site_company,IBEST EURO AUTO DIAGNOSTICS SERVICE PTY LTD,,,Company,1,1,,Sydney,service,0/1,MVRL59140
single_site_company,IBNT PTY LTD,,,Company,1,1,,Central West,service,0/1,MVRL62146
single_site_company,Ice Auto Pty Ltd,,,Company,1,1,,Sydney,service,0/1,MVRL48859
single_site_company,Icool Radiator Services Pty Ltd,,,Company,1,1,,Sydney,service,0/1,MVRL49217
single_site_company,IFIX AUTO GROUP PTY LTD,,,Company,1,1,,Sydney,service,0/1,MVRL63014
single_site_company,Ignited Services Pty Ltd,,,Company,1,1,,Newcastle,service,0/1,MVRL60178
single_site_company,ILLAWARRA BREAKDOWN AND MECHANICAL PTY LTD,,,Company,1,1,,Illawarra,service,0/1,MVRL61622
single_site_company,Illawarra Service Centre Pty Ltd,,,Company,1,1,,Illawarra,service,0/1,MVRL53427
single_site_company,IN TOUCH AUTOMOTIVE PTY LTD,,,Company,1,1,,Sydney,service,0/1,MVRL62881
single_site_company,In2cep Automotive Pty Ltd,,,Company,1,1,,Sydney,service,0/1,MVRL53962
single_site_company,Inan Auto Pty Ltd,,,Company,1,1,,Sydney,service,0/1,MVRL59492
single_site_company,Independent Mechanical Services Pty Ltd,,,Company,1,1,,Hunter,service,0/1,MVRL52283
single_site_company,Industry Autos McGraths Hill Pty. Ltd.,,,Company,1,1,,Sydney,service,0/1,MVRL52009
single_site_company,InGear Mechanical Pty Ltd,,,Company,1,1,,Newcastle,service,0/1,MVRL53474
single_site_company,Injection & Disc Correction Pty Ltd,,,Company,1,1,,Sydney,service,0/1,MVRL59180
single_site_company,INNER WEST AUTOMOTIVE PTY LTD,,,Company,1,1,,Sydney,service,0/1,MVRL58400
single_site_company,Ipeninsula Services Pty Ltd,,,Company,1,1,,Unknown (no address in register),service,0/1,MVRL47471
single_site_company,IRL GROUP PTY LTD,,,Company,1,1,,Sydney,service,0/1,MVRL58790
single_site_company,IWDB PTY LTD,,,Company,1,1,,New England / North West,service,0/1,MVRL64379
single_site_company,Izen MS Pty Ltd,,,Company,1,1,,Sydney,service,0/1,MVRL45891
single_site_company,J & BEL PTY LTD,,,Company,1,1,,Murray,service,0/1,MVRL63057
single_site_company,J & D Jensen Mechanical Repairs Pty Ltd,,,Company,1,1,,Sydney,service,0/1,MVRL57574
single_site_company,J & G MECHANICAL PTY LTD,,,Company,1,1,,Sydney,service,0/1,MVRL62045
single_site_company,J & H & S Vasilas Pty Ltd,,,Company,1,1,,Sydney,service,0/1,MVRL58535
single_site_company,J & J Automotive Repairs Pty Ltd,,,Company,1,1,,Sydney,service,0/1,MVRL21890
single_site_company,J & J MECHANICAL MAINTENANCE & REPAIRS PTY LTD,,,Company,1,1,,Unknown (no address in register),service,0/1,MVRL60189
single_site_company,J & L Newcastle Pty Ltd,,,Company,1,1,,Newcastle,service,0/1,MVRL55320
single_site_company,J & S Automotive Pty Ltd,,,Company,1,1,,Sydney,service,0/1,MVRL52441
single_site_company,J & W Mechanical Services Pty Ltd,,,Company,1,1,,Newcastle,service,0/1,MVRL50998
single_site_company,J AND M AUTOMOTIVE SERVICES PTY LTD,,,Company,1,1,,Central West,service,0/1,MVRL63672
single_site_company,J FIVE ENTERPRISES PTY LTD,,,Company,1,1,,Sydney,service,0/1,MVRL62732
single_site_company,J J & SONS MECHANICAL PTY LTD,,,Company,1,1,,Sydney,service,0/1,MVRL55809
single_site_company,J Spec Automotive Pty Limited,,,Company,1,1,,Unknown (no address in register),service,0/1,MVRL48224
single_site_company,J&L AUTO WORKS PTY LTD,,,Company,1,1,,Unknown (no address in register),service,0/1,MVRL61044
single_site_company,J-IMPORT AUTO COMPLIANCE PTY LTD,,,Company,1,1,,Sydney,service,0/1,MVRL62018
single_site_company,J.R. Weate Pty Limited,,,Company,1,1,,Northern Rivers,service,0/1,MVRL47436
single_site_company,J5 SYDNEY PTY LTD,,,Company,1,1,,Sydney,service,0/1,MVRL60567
single_site_company,JA & DC Pty Ltd,,,Company,1,1,,Sydney,service,0/1,MVRL61068
single_site_company,JA Tight Investment Pty Ltd,,,Company,1,1,,Sydney,service,0/1,MVRL19899
single_site_company,JA&S AUTOMOTIVE PTY LTD,,,Company,1,1,,Sydney,service,0/1,MVRL63051
single_site_company,Jackliza Pty Ltd,,,Company,1,1,,New England / North West,service,0/1,MVRL54583
single_site_company,Jadoon Mechanic and Trading Pty Ltd,,,Company,1,1,,Unknown (no address in register),service,0/1,MVRL62664
single_site_company,Jaer Auto Pty Ltd,,,Company,1,1,,Unknown (no address in register),service,0/1,MVRL52704
single_site_company,Jaghori Auto Service Pty Ltd,,,Company,1,1,,Sydney,service,0/1,MVRL57770
single_site_company,Jak Automotive Service Pty Ltd,,,Company,1,1,,Sydney,service,0/1,MVRL54797
single_site_company,JAMI CORP PTY LTD,,,Company,1,1,,Northern Rivers,service,0/1,MVRL57316
single_site_company,JANAN ENTERPRISES PTY LTD,,,Company,1,1,,Sydney,service,0/1,MVRL59532
single_site_company,Janes Automotive Pty Ltd,,,Company,1,1,,Sydney,service,0/1,MVRL2664
single_site_company,JANJUA BROS PTY LTD,,,Company,1,1,,Riverina,service,0/1,MVRL64071
single_site_company,Japanese Auto Imports Pty Ltd,,,Company,1,1,,Sydney,service,0/1,MVRL63483
single_site_company,JARASCO ENTERPRISES PTY LTD,,,Company,1,1,,Unknown (no address in register),service,0/1,MVRL54992
single_site_company,Jarrahs Automotive Services Pty Ltd,,,Company,1,1,,Mid North Coast,service,0/1,MVRL60759
single_site_company,JAS Automotive Pty Ltd,,,Company,1,1,,Sydney,service,0/1,MVRL55897
single_site_company,JASELI PTY LTD,,,Company,1,1,,Sydney,service,0/1,MVRL55812
single_site_company,Jason Gander Autos Pty Ltd,,,Company,1,1,,Sydney,service,0/1,MVRL50964
single_site_company,JASON SMITH MECHANICAL PTY LTD,,,Company,1,1,,Unknown (no address in register),service,0/1,MVRL58282
single_site_company,Jason's All Mechanical Services Pty Ltd,,,Company,1,1,,Unknown (no address in register),service,0/1,MVRL50515
single_site_company,JASPA AUTO PTY LTD,,,Company,1,1,,Mid North Coast,service,0/1,MVRL64120
single_site_company,Jastno Enterprises Pty Ltd,,,Company,1,1,,Sydney,service,0/1,MVRL54061
single_site_company,Jay Lee Motors Pty Ltd,,,Company,1,1,,Sydney,service,0/1,MVRL12100
single_site_company,JB GEARBOX AND DIFF RECONDITIONING PTY LTD,,,Company,1,1,,Hunter,service,0/1,MVRL61338
single_site_company,JBH AUTOMOTIVE PTY LTD,,,Company,1,1,,Sydney,service,0/1,MVRL60055
single_site_company,JBK MECHANICAL PTY LTD,,,Company,1,1,,Riverina,service,0/1,MVRL60352
single_site_company,JCG AUTOMOTIVE PTY LTD,,,Company,1,1,,Central West,service,0/1,MVRL62105
single_site_company,JCL AUTO PTY LTD,,,Company,1,1,,Murray,service,0/1,MVRL55972
single_site_company,JCV Auto Pty Ltd,,,Company,1,1,,Sydney,service,0/1,MVRL64292
single_site_company,JD Lange Pty Ltd,,,Company,1,1,,Capital Region,service,0/1,MVRL4826
single_site_company,JDCEE AUTOMOTIVE PTY LTD,,,Company,1,1,,Sydney,service,0/1,MVRL59042
single_site_company,JDH Automotives Pty Ltd,,,Company,1,1,,Sydney,service,0/1,MVRL51591
single_site_company,Jds Family Automotive Pty Ltd,,,Company,1,1,,Central Coast,service,0/1,MVRL59991
single_site_company,JDs Mechanical Services & Repairs Pty Ltd,,,Company,1,1,,Newcastle,service,0/1,MVRL59950
single_site_company,Jedi Autocare Pty Ltd,,,Company,1,1,,Sydney,service,0/1,MVRL52825
single_site_company,Jemtel Pty Ltd,,,Company,1,1,,Sydney,service,0/1,MVRL21826
single_site_company,JENGO SERVICES PTY LTD,,,Company,1,1,,Northern Rivers,service,0/1,MVRL56069
single_site_company,Jet Vehicle Management Pty Limited,,,Company,1,1,,Sydney,service,0/1,MVRL53039
single_site_company,Jetiwood Pty Ltd,,,Company,1,1,,Sydney,service,0/1,MVRL53872
single_site_company,JH Automotive Servicing Pty Ltd,,,Company,1,1,,Sydney,service,0/1,MVRL63258
single_site_company,JHANDI MECHANICAL REPAIRS PTY LTD,,,Company,1,1,,Unknown (no address in register),service,0/1,MVRL63746
single_site_company,JHEB AUTOMOTIVE PTY LTD,,,Company,1,1,,Sydney,service,0/1,MVRL63063
single_site_company,JHG AUTO GROUP PTY LIMITED,,,Company,1,1,,New England / North West,service,0/1,MVRL55791
single_site_company,Jigaroo Holdings Pty Ltd,,,Company,1,1,,Northern Rivers,service,0/1,MVRL59059
single_site_company,Jileo Motor Repair Centre Pty Ltd,,,Company,1,1,,Sydney,service,0/1,MVRL57063
single_site_company,Jim Hull Pty Ltd,,,Company,1,1,,Newcastle,service,0/1,MVRL49428
single_site_company,Jimmy Armstrong Mechanical Services Pty Ltd,,,Company,1,1,,Illawarra,service,0/1,MVRL61123
single_site_company,Jims Garage Pty Ltd,,,Company,1,1,,Sydney,service,0/1,MVRL41604
single_site_company,Jiscmo Pty Ltd,,,Company,1,1,,New England / North West,service,0/1,MVRL62911
single_site_company,JJ Mechanical Solutions Pty Ltd,,,Company,1,1,,New England / North West,service,0/1,MVRL62862
single_site_company,JJ Spannenberg Pty Ltd,,,Company,1,1,,Sydney,service,0/1,MVRL45956
single_site_company,JK Automotive Repairs Pty Ltd,,,Company,1,1,,Illawarra,service,0/1,MVRL60867
single_site_company,JL & SJ Barry Pty Ltd,,,Company,1,1,,Sydney,service,0/1,MVRL62819
single_site_company,JL Mechanical Pty Ltd,,,Company,1,1,,Hunter,service,0/1,MVRL47566
single_site_company,JLD MANAGEMENTS PTY LTD,,,Company,1,1,,Illawarra,service,0/1,MVRL59281
single_site_company,JLW SERVICES PTY LTD,,,Company,1,1,,Riverina,service,0/1,MVRL62709
single_site_company,JM AUTOMOTIVE PTY LTD,,,Company,1,1,,Sydney,service,0/1,MVRL55287
single_site_company,JMECH MECHANICALS PTY LTD,,,Company,1,1,,Unknown (no address in register),service,0/1,MVRL62210
single_site_company,JML Automotive Pty Ltd,,,Company,1,1,,Sydney,service,0/1,MVRL59841
single_site_company,JNB Mechanical Pty Ltd,,,Company,1,1,,Sydney,service,0/1,MVRL63980
single_site_company,JNKA Pty Ltd,,,Company,1,1,,Sydney,service,0/1,MVRL43796
single_site_company,Jo Eun Motors Pty Ltd,,,Company,1,1,,Sydney,service,0/1,MVRL44021
single_site_company,Jobson Automotive Pty Ltd,,,Company,1,1,,Northern Rivers,service,0/1,MVRL41323
single_site_company,Joe & Anna Agostini Repairs & Services Pty Ltd,,,Company,1,1,,Riverina,service,0/1,MVRL36161
single_site_company,Joe's Automotive Repairs Pty Ltd,,,Company,1,1,,Mid North Coast,service,0/1,MVRL51577
single_site_company,John Davis Motors Pty Ltd,,,Company,1,1,,Central West,service,0/1,MVRL49953
single_site_company,John E Davis Motor Works Pty Ltd,,,Company,1,1,,Sydney,service,0/1,MVRL56810
single_site_company,JOHN EDWARDS AUTOMOTIVE TRANSMISSIONS PTY LTD,,,Company,1,1,,Sydney,service,0/1,MVRL58228
single_site_company,John Fowler Automotive & Engine Reconditioning Pty Ltd,,,Company,1,1,,New England / North West,service,0/1,MVRL19150
single_site_company,John Quinn Radiators Pty Ltd,,,Company,1,1,,New England / North West,service,0/1,MVRL59913
single_site_company,John Res Mechanical Repairs Pty Limited,,,Company,1,1,,Capital Region,service,0/1,MVRL60730
single_site_company,John Ryan Motors Pty Ltd,,,Company,1,1,,Riverina,service,0/1,MVRL53553
single_site_company,John's Motor Services Pty Ltd,,,Company,1,1,,Sydney,service,0/1,MVRL59717
single_site_company,Johnno's Auto Centre Pty Ltd,,,Company,1,1,,Sydney,service,0/1,MVRL32680
single_site_company,Johns Car Care Pty Ltd,,,Company,1,1,,Sydney,service,0/1,MVRL52248
single_site_company,Johns Earlwood Garage Pty Ltd,,,Company,1,1,,Sydney,service,0/1,MVRL64008
single_site_company,Johnson's Auto Repairs Pty Ltd,,,Company,1,1,,Newcastle,service,0/1,MVRL36548
single_site_company,JONESY & SONS MECHANICAL PTY LIMITED,,,Company,1,1,,Unknown (no address in register),service,0/1,MVRL62961
single_site_company,Jonkir Pty Ltd,,,Company,1,1,,Newcastle,service,0/1,MVRL45567
single_site_company,JOSEPH'S MECHANICAL REPAIRS PTY LTD,,,Company,1,1,,Sydney,service,0/1,MVRL57306
single_site_company,Josh Allen's True Blue Automotive Pty. Ltd.,,,Company,1,1,,Sydney,service,0/1,MVRL45657
single_site_company,JR Mechanical Solutions Pty Ltd,,,Company,1,1,,Unknown (no address in register),service,0/1,MVRL63232
single_site_company,JRH Mechanical Pty Ltd,,,Company,1,1,,Unknown (no address in register),service,0/1,MVRL57886
single_site_company,JRKK PTY LTD,,,Company,1,1,,Sydney,service,0/1,MVRL56830
single_site_company,JS & BR Perry Pty Ltd,,,Company,1,1,,Newcastle,service,0/1,MVRL63045
single_site_company,JS AUTOMOTIVE SERVICES PTY LTD,,,Company,1,1,,Unknown (no address in register),service,0/1,MVRL57633
single_site_company,JS Mechanical Services Pty Ltd,,,Company,1,1,,Far West / Orana,service,0/1,MVRL60159
single_site_company,JS TRADING PTY LTD,,,Company,1,1,,Sydney,service,0/1,MVRL63114
single_site_company,JSM AG REPAIRS PTY LTD,,,Company,1,1,,Riverina,service,0/1,MVRL63946
single_site_company,JSRC INVESTMENTS PTY LTD,,,Company,1,1,,Sydney,service,0/1,MVRL63937
single_site_company,JSW MECHANICAL REPAIRS PTY LTD,,,Company,1,1,,Unknown (no address in register),service,0/1,MVRL64079
single_site_company,JTP Automotive Services Pty Ltd,,,Company,1,1,,Sydney,service,0/1,MVRL60
single_site_company,Judds Auto Repairs Pty Ltd,,,Company,1,1,,Sydney,service,0/1,MVRL42265
single_site_company,Julent Holdings Pty Ltd,,,Company,1,1,,Sydney,service,0/1,MVRL61504
single_site_company,JUS'FIX AUTO REPAIR PTY LTD,,,Company,1,1,,Unknown (no address in register),service,0/1,MVRL58924
single_site_company,Just Auto's (NSW) Pty Ltd,,,Company,1,1,,Unknown (no address in register),service,0/1,MVRL50748
single_site_company,JV Auto Repairs Pty Limited,,,Company,1,1,,Sydney,service,0/1,MVRL54738
single_site_company,JW Hydraulic and Mechanical Pty Ltd,,,Company,1,1,,Capital Region,service,0/1,MVRL48707
single_site_company,JWM AUTOMOTIVE PTY LTD,,,Company,1,1,,Unknown (no address in register),service,0/1,MVRL56002
single_site_company,JWS Mechanical Repairs Pty Ltd,,,Company,1,1,,Sydney,service,0/1,MVRL58055
single_site_company,K & D Auto Repair Pty Ltd,,,Company,1,1,,Newcastle,service,0/1,MVRL47525
single_site_company,K & K Pty Ltd,,,Company,1,1,,Sydney,service,0/1,MVRL31176
single_site_company,K & L Automotive Repairs & Services Pty. Ltd.,,,Company,1,1,,Sydney,service,0/1,MVRL52739
single_site_company,K & T Auto Mechanics PTY LTD,,,Company,1,1,,Sydney,service,0/1,MVRL58002
single_site_company,K N S AUTO REPAIRS PTY LTD,,,Company,1,1,,Sydney,service,0/1,MVRL58091
single_site_company,K PAUL MECHANICAL PTY LTD,,,Company,1,1,,New England / North West,service,0/1,MVRL56242
single_site_company,K S R Autocare Pty Ltd,,,Company,1,1,,New England / North West,service,0/1,MVRL51404
single_site_company,K3 AUTO PTY LTD,,,Company,1,1,,Sydney,service,0/1,MVRL64274
single_site_company,Kaizen Motors Pty Ltd,,,Company,1,1,,Sydney,service,0/1,MVRL51539
single_site_company,Kalaru Automotive Pty Ltd,,,Company,1,1,,Capital Region,service,0/1,MVRL58568
single_site_company,KALNIAN HOLDINGS PTY LIMITED,,,Company,1,1,,Sydney,service,0/1,MVRL58758
single_site_company,Kalra Motors Pty Ltd,,,Company,1,1,,Sydney,service,0/1,MVRL58251
single_site_company,Kandee Pty Ltd,,,Company,1,1,,Sydney,service,0/1,MVRL45721
single_site_company,Kandemir Investments Pty Ltd,,,Company,1,1,,Sydney,service,0/1,MVRL50145
single_site_company,KAPUTAR MOTORS PTY LTD,,,Company,1,1,,New England / North West,service,0/1,MVRL54959
single_site_company,KAR MECHANICAL SERVICES PTY LTD,,,Company,1,1,,Sydney,service,0/1,MVRL60531
single_site_company,Karabil Mechanical Repairs Pty Ltd,,,Company,1,1,,Sydney,service,0/1,MVRL41664
single_site_company,Karachelle Pty Ltd,,,Company,1,1,,Newcastle,service,0/1,MVRL969
single_site_company,Karas Autos Pty Ltd,,,Company,1,1,,Illawarra,service,0/1,MVRL30084
single_site_company,Karekinian Enterprises Pty Ltd,,,Company,1,1,,Sydney,service,0/1,MVRL27987
single_site_company,Karemen Pty Ltd,,,Company,1,1,,Sydney,service,0/1,MVRL57368
single_site_company,Kariong Automotive Pty Ltd,,,Company,1,1,,Sydney,service,0/1,MVRL49629
single_site_company,Karlo Kittl Motors Pty Ltd,,,Company,1,1,,Sydney,service,0/1,MVRL47619
single_site_company,Kathmandu Auto Pty Ltd,,,Company,1,1,,Sydney,service,0/1,MVRL62568
single_site_company,KATTEGAT INVESTMENTS PTY LTD,,,Company,1,1,,Sydney,service,0/1,MVRL57094
single_site_company,Kawasaki Motors Pty Ltd,,,Company,1,1,,Sydney,service,0/1,MVRL9556
single_site_company,Kayrads Automotive Repairs Pty Ltd,,,Company,1,1,,Sydney,service,0/1,MVRL60744
single_site_company,KAZE AUTOMOTIVE PTY LTD,,,Company,1,1,,Sydney,service,0/1,MVRL63067
single_site_company,KB MOTORS PTY LTD,,,Company,1,1,,Central Coast,service,0/1,MVRL60026
single_site_company,KDCL Pty Ltd,,,Company,1,1,,Newcastle,service,0/1,MVRL52778
single_site_company,KDK AUTOMOTIVE PTY LTD,,,Company,1,1,,Riverina,service,0/1,MVRL61330
single_site_company,Keene Pty Ltd,,,Company,1,1,,Illawarra,service,0/1,MVRL30992
single_site_company,KELDAN AUTOMOTIVE PTY LTD,,,Company,1,1,,Hunter,service,0/1,MVRL55531
single_site_company,Keldangle Pty Ltd,,,Company,1,1,,Riverina,service,0/1,MVRL63266
single_site_company,KELGARD PTY LTD,,,Company,1,1,,Hunter,service,0/1,MVRL56171
single_site_company,KELKOR PTY LTD,,,Company,1,1,,Illawarra,service,0/1,MVRL63751
single_site_company,Kelray Automotive Pty Ltd,,,Company,1,1,,Sydney,service,0/1,MVRL38740
single_site_company,Ken Bowen Motors Pty Ltd,,,Company,1,1,,Sydney,service,0/1,MVRL613
single_site_company,Ken Simpson Motors Pty Ltd,,,Company,1,1,,Sydney,service,0/1,MVRL27401
single_site_company,Kennedy's Auto Repairs Pty Ltd,,,Company,1,1,,Southern Highlands / Shoalhaven,service,0/1,MVRL50136
single_site_company,Kenneth G Matthews Pty Ltd,,,Company,1,1,,Southern Highlands / Shoalhaven,service,0/1,MVRL33032
single_site_company,Kenny Auto Repairs Pty Ltd,,,Company,1,1,,Riverina,service,0/1,MVRL63089
single_site_company,Kenzi Automotive Pty Ltd,,,Company,1,1,,Sydney,service,0/1,MVRL60301
single_site_company,Kerry's Motors Pty Ltd,,,Company,1,1,,Sydney,service,0/1,MVRL5507
single_site_company,KEVIN PORTER AUTOMOTIVE PTY LTD,,,Company,1,1,,Central West,service,0/1,MVRL58429
single_site_company,KGTR PTY LIMITED,,,Company,1,1,,Illawarra,service,0/1,MVRL55670
single_site_company,Khan Motorcar Co Pty Ltd,,,Company,1,1,,Sydney,service,0/1,MVRL51044
single_site_company,Kildare Automotive Pty Ltd,,,Company,1,1,,Sydney,service,0/1,MVRL39403
single_site_company,Killara Garage Pty Ltd,,,Company,1,1,,Sydney,service,0/1,MVRL40154
single_site_company,Kim's Auto Tech Pty Ltd,,,Company,1,1,,Sydney,service,0/1,MVRL63281
single_site_company,KIMTEC AUTOMOTIVE PTY LTD,,,Company,1,1,,Sydney,service,0/1,MVRL61598
single_site_company,KING MOTOR REPAIRS PTY LTD,,,Company,1,1,,Sydney,service,0/1,MVRL63549
single_site_company,KINGS AUTO SERVICES PTY LTD,,,Company,1,1,,Sydney,service,0/1,MVRL59300
single_site_company,Kingsgrove Mechanical Pty Ltd,,,Company,1,1,,Sydney,service,0/1,MVRL52344
single_site_company,Kirkman Repairs Pty Ltd,,,Company,1,1,,Unknown (no address in register),service,0/1,MVRL57505
single_site_company,KIRRAWEE AUTOMOTIVE SERVICES PTY LTD,,,Company,1,1,,Sydney,service,0/1,MVRL59110
single_site_company,Kismet Mechanical Pty Ltd,,,Company,1,1,,Sydney,service,0/1,MVRL60315
single_site_company,KISO AUTOMOTIVE PTY LTD,,,Company,1,1,,Unknown (no address in register),service,0/1,MVRL62562
single_site_company,KJ & KA Gavin Pty Ltd,,,Company,1,1,,Sydney,service,0/1,MVRL36195
single_site_company,KKG GARAGE PTY LTD,,,Company,1,1,,Sydney,service,0/1,MVRL64124
single_site_company,Klemrich Enterprise Pty Ltd,,,Company,1,1,,Southern Highlands / Shoalhaven,service,0/1,MVRL59894
single_site_company,KLR AUTOMOTIVE PTY LTD,,,Company,1,1,,Sydney,service,0/1,MVRL58657
single_site_company,KM AUTO CARE PTY LTD,,,Company,1,1,,Riverina,service,0/1,MVRL62761
single_site_company,KM Motors Pty Ltd,,,Company,1,1,,Unknown (no address in register),service,0/1,MVRL63975
single_site_company,KMPV Automotive Automatics Pty Ltd,,,Company,1,1,,Sydney,service,0/1,MVRL35679
single_site_company,KNK Automotive Pty Ltd,,,Company,1,1,,Sydney,service,0/1,MVRL38351
single_site_company,KNK Holding Pty Ltd,,,Company,1,1,,Sydney,service,0/1,MVRL41988
single_site_company,Knocked Up Mechanical Pty Ltd,,,Company,1,1,,Unknown (no address in register),service,0/1,MVRL64011
single_site_company,KO Auto Pty Ltd,,,Company,1,1,,Coffs Harbour - Grafton,service,0/1,MVRL59152
single_site_company,Kocoski Pty Ltd,,,Company,1,1,,Sydney,service,0/1,MVRL49316
single_site_company,KONECT SERVICES GROUP PTY LTD,,,Company,1,1,,Unknown (no address in register),service,0/1,MVRL61026
single_site_company,Kosciuszko Auto Pty Ltd,,,Company,1,1,,Riverina,service,0/1,MVRL61132
single_site_company,KPM MOTORS PTY. LTD,,,Company,1,1,,Sydney,service,0/1,MVRL58240
single_site_company,Kranstar Automotive Services Pty Ltd,,,Company,1,1,,Sydney,service,0/1,MVRL45480
single_site_company,KRISHNA SERVICES AU PTY LTD,,,Company,1,1,,Sydney,service,0/1,MVRL62809
single_site_company,KSG Automotive Pty Ltd,,,Company,1,1,,Sydney,service,0/1,MVRL55895
single_site_company,KSNA AUTOMOTIVE PTY LTD,,,Company,1,1,,Sydney,service,0/1,MVRL63576
single_site_company,KSR Automotive Pty Ltd,,,Company,1,1,,Capital Region,service,0/1,MVRL53060
single_site_company,Kurjoe Pty Limited,,,Company,1,1,,Mid North Coast,service,0/1,MVRL56042
single_site_company,Kurmond Auto Care Pty Ltd,,,Company,1,1,,Sydney,service,0/1,MVRL48608
single_site_company,KUSTOM AUTOMOTIVE & MECHANICAL SOLUTIONS PTY LTD,,,Company,1,1,,Unknown (no address in register),service,0/1,MVRL59270
single_site_company,KW AUTO GROUP PTY LTD,,,Company,1,1,,Northern Rivers,service,0/1,MVRL59608
single_site_company,Kwikfix Mechanical Repairs Pty Ltd,,,Company,1,1,,Sydney,service,0/1,MVRL39611
single_site_company,KWR MECHANICAL PTY LTD,,,Company,1,1,,New England / North West,service,0/1,MVRL62093
single_site_company,L & G Thompson Pty Ltd,,,Company,1,1,,New England / North West,service,0/1,MVRL59324
single_site_company,L & J Mechanic Pty Ltd,,,Company,1,1,,Unknown (no address in register),service,0/1,MVRL52528
single_site_company,L & T Auto Mechanical Repairs Pty Ltd,,,Company,1,1,,Sydney,service,0/1,MVRL31319
single_site_company,L J & L E Movigliatti Pty Ltd,,,Company,1,1,,Newcastle,service,0/1,MVRL62382
single_site_company,L WOODMAN PTY LTD,,,Company,1,1,,Newcastle,service,0/1,MVRL63301
single_site_company,L&D MECHANICAL PTY LTD,,,Company,1,1,,Unknown (no address in register),service,0/1,MVRL62621
single_site_company,L&S Car Services Pty Ltd,,,Company,1,1,,Unknown (no address in register),service,0/1,MVRL62589
single_site_company,Lachlan Cook Automotive Pty Ltd,,,Company,1,1,,Sydney,service,0/1,MVRL60920
single_site_company,LAJKO PTY LTD,,,Company,1,1,,Sydney,service,0/1,MVRL55417
single_site_company,Lakayev Car Repairs Pty Ltd,,,Company,1,1,,Sydney,service,0/1,MVRL19347
single_site_company,Lake Macquarie Automotive Pty Ltd,,,Company,1,1,,Newcastle,service,0/1,MVRL52697
single_site_company,Lakedge Motors Pty Ltd,,,Company,1,1,,Central Coast,service,0/1,MVRL34616
single_site_company,LAMBYS MECHANICAL PTY LTD,,,Company,1,1,,Unknown (no address in register),service,0/1,MVRL61470
single_site_company,Lamizz Siddiqui Pty Ltd,,,Company,1,1,,Riverina,service,0/1,MVRL62876
single_site_company,Lancaster Automotive Holdings Pty Ltd,,,Company,1,1,,Sydney,service,0/1,MVRL53181
single_site_company,LANDAU AUTOMOTIVE SERVICES PTY LTD,,,Company,1,1,,Sydney,service,0/1,MVRL56792
single_site_company,LANDTEK AUTOMOTIVE PTY LTD,,,Company,1,1,,Sydney,service,0/1,MVRL62219
single_site_company,Lanmint Pty Ltd,,,Company,1,1,,Sydney,service,0/1,MVRL10879
single_site_company,LANSVALE MECHANICAL REPAIRS PTY LTD,,,Company,1,1,,Unknown (no address in register),service,0/1,MVRL59719
single_site_company,LBJC PTY LTD,,,Company,1,1,,Sydney,service,0/1,MVRL60259
single_site_company,LCS Automotive Services Pty Ltd,,,Company,1,1,,Sydney,service,0/1,MVRL53443
single_site_company,LE & KW Gray Pty Ltd,,,Company,1,1,,Sydney,service,0/1,MVRL56129
single_site_company,Leap Automotive Pty Ltd,,,Company,1,1,,Sydney,service,0/1,MVRL57652
single_site_company,Leeroy's Automotive Pty Ltd,,,Company,1,1,,Newcastle,service,0/1,MVRL56697
single_site_company,Lehrer Investments (Aust.) Pty. Ltd,,,Company,1,1,,Sydney,service,0/1,MVRL40665
single_site_company,Leichhardt Automotive Specialists Pty Ltd,,,Company,1,1,,Sydney,service,0/1,MVRL27985
single_site_company,Leighs Auto Centre Pty Ltd,,,Company,1,1,,Far West / Orana,service,0/1,MVRL36675
single_site_company,Leisure Coast Car Care Pty Ltd,,,Company,1,1,,Illawarra,service,0/1,MVRL61372
single_site_company,Leisure Coast Group Pty Ltd,,,Company,1,1,,Illawarra,service,0/1,MVRL64289
single_site_company,Len Ryan & Sons Pty Ltd,,,Company,1,1,,Murray,service,0/1,MVRL45489
single_site_company,Len Voss Automatics Pty Ltd,,,Company,1,1,,Sydney,service,0/1,MVRL11104
single_site_company,LENNOX INDUSTRIAL SERVICES PTY LTD,,,Company,1,1,,Unknown (no address in register),service,0/1,MVRL61006
single_site_company,Leo Auto Mechanic Pty Ltd,,,Company,1,1,,Sydney,service,0/1,MVRL61040
single_site_company,Leo Franco Motors Pty Ltd,,,Company,1,1,,Riverina,service,0/1,MVRL54135
single_site_company,LEO'S AUTO CARE PTY LTD,,,Company,1,1,,Sydney,service,0/1,MVRL61566
single_site_company,Leondis Automotive Pty Ltd,,,Company,1,1,,Sydney,service,0/1,MVRL49433
single_site_company,Les Hardy Automotive Pty Limited,,,Company,1,1,,Sydney,service,0/1,MVRL30929
single_site_company,Lesvos Holdings Pty Ltd,,,Company,1,1,,Sydney,service,0/1,MVRL53135
single_site_company,Let's Torque Automotive Pty Ltd,,,Company,1,1,,Southern Highlands / Shoalhaven,service,0/1,MVRL60860
single_site_company,Lewisham Repair Centre Pty Ltd,,,Company,1,1,,Sydney,service,0/1,MVRL49402
single_site_company,Lexalo Pty Ltd,,,Company,1,1,,Sydney,service,0/1,MVRL924
single_site_company,Lieschke Motors Pty Ltd,,,Company,1,1,,Murray,service,0/1,MVRL13916
single_site_company,LIFAD PTY LTD,,,Company,1,1,,Sydney,service,0/1,MVRL58178
single_site_company,Lift Right Services Pty Ltd,,,Company,1,1,,Unknown (no address in register),service,0/1,MVRL61080
single_site_company,LIMITLESS AUTOMOTIVE SERVICES PTY LTD,,,Company,1,1,,Sydney,service,0/1,MVRL64368
single_site_company,Lismore Service Centre Pty Ltd,,,Company,1,1,,Northern Rivers,service,0/1,MVRL27843
single_site_company,LIU & WU INVESTMENTS PTY LTD,,,Company,1,1,,Sydney,service,0/1,MVRL59956
single_site_company,LIVERPOOL MECHANICAL REPAIRS PTY LTD,,,Company,1,1,,Southern Highlands / Shoalhaven,service,0/1,MVRL55936
single_site_company,Liverpool Transmission Service Centre Pty Ltd,,,Company,1,1,,Sydney,service,0/1,MVRL15309
single_site_company,LK Auto Pty Ltd,,,Company,1,1,,Unknown (no address in register),service,0/1,MVRL64136
single_site_company,LK Motor Mechanic Group Pty Ltd,,,Company,1,1,,Sydney,service,0/1,MVRL61945
single_site_company,LMK Mechanical Auto Repairs Pty Ltd,,,Company,1,1,,Sydney,service,0/1,MVRL50161
single_site_company,LMS MECHANICAL MAINTENANCE PTY LTD,,,Company,1,1,,Unknown (no address in register),service,0/1,MVRL61387
single_site_company,LN Tools Pty Ltd,,,Company,1,1,,Sydney,service,0/1,MVRL60577
single_site_company,Loleta Holdings Pty Ltd,,,Company,1,1,,Sydney,service,0/1,MVRL22226
single_site_company,Lonetrap Pty Ltd,,,Company,1,1,,New England / North West,service,0/1,MVRL47505
single_site_company,Lontarm Pty Ltd,,,Company,1,1,,Sydney,service,0/1,MVRL54131
single_site_company,Loucam Autos Pty Ltd,,,Company,1,1,,Sydney,service,0/1,MVRL40293
single_site_company,Louis Mechanical Services Pty Ltd,,,Company,1,1,,Sydney,service,0/1,MVRL23860
single_site_company,Lovells Automotive Systems Pty Ltd,,,Company,1,1,,Newcastle,service,0/1,MVRL60403
single_site_company,Loxolu Pty Ltd,,,Company,1,1,,Riverina,service,0/1,MVRL2076
single_site_company,Loyalty Road Automotive Pty Ltd,,,Company,1,1,,Sydney,service,0/1,MVRL53908
single_site_company,LRJ MARCHANT PTY LTD,,,Company,1,1,,Sydney,service,0/1,MVRL57641
single_site_company,LRS Mechanical Services Pty Ltd,,,Company,1,1,,Unknown (no address in register),service,0/1,MVRL63127
single_site_company,LSH Mechanical Pty Ltd,,,Company,1,1,,New England / North West,service,0/1,MVRL60509
single_site_company,Ludanin Pty Ltd,,,Company,1,1,,Sydney,service,0/1,MVRL50814
single_site_company,Luff Motors Pty Ltd,,,Company,1,1,,Riverina,service,0/1,MVRL10857
single_site_company,Lukis Automotive Pty Ltd,,,Company,1,1,,Sydney,service,0/1,MVRL53238
single_site_company,LUXURY AUTOMOTIVE ENTERPRISE PTY LTD,,,Company,1,1,,Sydney,service,0/1,MVRL60796
single_site_company,Lymcrest Pty Ltd,,,Company,1,1,,Sydney,service,0/1,MVRL26773
single_site_company,Lynx Auto Services Pty Ltd,,,Company,1,1,,Newcastle,service,0/1,MVRL56668
single_site_company,M & A Corporation Pty Ltd,,,Company,1,1,,Sydney,service,0/1,MVRL54387
single_site_company,M & J EXPOSE IT PTY LTD,,,Company,1,1,,Riverina,service,0/1,MVRL61480
single_site_company,M & J Services Pty Ltd,,,Company,1,1,,New England / North West,service,0/1,MVRL47101
single_site_company,M & K All Mechanic Pty Ltd,,,Company,1,1,,Sydney,service,0/1,MVRL55211
single_site_company,M & N PICCOLI PTY LTD,,,Company,1,1,,Northern Rivers,service,0/1,MVRL57065
single_site_company,M & R Autoservice (NSW) Pty Ltd,,,Company,1,1,,Sydney,service,0/1,MVRL56382
single_site_company,M B Automotive Services Pty Ltd,,,Company,1,1,,Sydney,service,0/1,MVRL57556
single_site_company,M B Mechanic Pty Ltd,,,Company,1,1,,Sydney,service,0/1,MVRL54197
single_site_company,M H MECHANICAL SERVICES PTY LTD,,,Company,1,1,,Sydney,service,0/1,MVRL56370
single_site_company,M J L AUTOMOTIVE PTY LTD,,,Company,1,1,,Sydney,service,0/1,MVRL59687
single_site_company,M T Automotive Pty Ltd,,,Company,1,1,,Newcastle,service,0/1,MVRL52614
single_site_company,M V Eckersley Pty Ltd,,,Company,1,1,,Illawarra,service,0/1,MVRL51676
single_site_company,M&B Nominees Pty Ltd,,,Company,1,1,,Sydney,service,0/1,MVRL54558
single_site_company,M.G. SERVICE GROUP PTY LTD,,,Company,1,1,,Murray,service,0/1,MVRL60918
single_site_company,MAAS Repairs Pty Ltd,,,Company,1,1,,Far West / Orana,service,0/1,MVRL53819
single_site_company,MAC AUTO PTY LTD,,,Company,1,1,,Far West / Orana,service,0/1,MVRL59835
single_site_company,Macarthur Brothers Automotive Pty Ltd,,,Company,1,1,,Sydney,service,0/1,MVRL61056
single_site_company,MACARTHUR GRANGE AUTOMOTIVE SERVICES PTY LTD,,,Company,1,1,,Sydney,service,0/1,MVRL60507
single_site_company,MACKENZIE & CO AUTOMOTIVE PTY LTD,,,Company,1,1,,Sydney,service,0/1,MVRL62403
single_site_company,Macri Motors Pty Ltd,,,Company,1,1,,Sydney,service,0/1,MVRL55704
single_site_company,MAE AUTOMOTIVE PTY LTD,,,Company,1,1,,Unknown (no address in register),service,0/1,MVRL59704
single_site_company,Mak Automotive Pty Ltd,,,Company,1,1,,Sydney,service,0/1,MVRL52099
single_site_company,MALIF AUTO GROUP PTY LIMITED,,,Company,1,1,,Sydney,service,0/1,MVRL62619
single_site_company,MALNEW PTY LTD,,,Company,1,1,,Northern Rivers,service,0/1,MVRL58193
single_site_company,MANEX MOTOR VEHICLE REPAIR PTY LTD.,,,Company,1,1,,Newcastle,service,0/1,MVRL63612
single_site_company,MANLY MECHANIC PTY LTD.,,,Company,1,1,,Sydney,service,0/1,MVRL58162
single_site_company,MANNA HILL GROUP PTY LTD,,,Company,1,1,,Southern Highlands / Shoalhaven,service,0/1,MVRL62708
single_site_company,MANNING AUTOMOTIVE PTY LTD,,,Company,1,1,,Capital Region,service,0/1,MVRL62534
single_site_company,Manning Mechanical Services Pty Ltd,,,Company,1,1,,Mid North Coast,service,0/1,MVRL44273
single_site_company,Manning Motors Pty Ltd,,,Company,1,1,,Sydney,service,0/1,MVRL14714
single_site_company,Manning Valley Automotive Pty Ltd,,,Company,1,1,,Mid North Coast,service,0/1,MVRL50969
single_site_company,MANNY'S GARAGE PTY LTD,,,Company,1,1,,Sydney,service,0/1,MVRL63660
single_site_company,Manoleen Trading Pty Ltd,,,Company,1,1,,Sydney,service,0/1,MVRL57919
single_site_company,Mark Fast Repairs Pty Ltd,,,Company,1,1,,Central Coast,service,0/1,MVRL53416
single_site_company,Mark Harrison Automotive Services Pty. Ltd.,,,Company,1,1,,Sydney,service,0/1,MVRL28226
single_site_company,MARKY MARK AUTO PTY LTD,,,Company,1,1,,Unknown (no address in register),service,0/1,MVRL58742
single_site_company,Maroubra Automotive Refinishers Pty Ltd,,,Company,1,1,,Sydney,service,0/1,MVRL4310
single_site_company,Maroubra Bay Garage Pty Ltd,,,Company,1,1,,Sydney,service,0/1,MVRL53816
single_site_company,MARULAN AND DISTRICT AUTOMOTIVE PTY LTD,,,Company,1,1,,Southern Highlands / Shoalhaven,service,0/1,MVRL58329
single_site_company,Marvarlis Automotives Pty Ltd,,,Company,1,1,,Sydney,service,0/1,MVRL59825
single_site_company,MARVEN MECHANIC PTY LTD,,,Company,1,1,,Unknown (no address in register),service,0/1,MVRL63869
single_site_company,MASCOT MECHANICAL PTY LTD,,,Company,1,1,,Sydney,service,0/1,MVRL63764
single_site_company,Mastascan Mechanical Repairs Pty Ltd,,,Company,1,1,,Sydney,service,0/1,MVRL17253
single_site_company,MAT'S MECHANICS PTY LTD,,,Company,1,1,,Sydney,service,0/1,MVRL57522
single_site_company,MATHARU AUTO CARE PTY LTD,,,Company,1,1,,Sydney,service,0/1,MVRL57087
single_site_company,MATIO AUTO REPAIR PTY LTD,,,Company,1,1,,Sydney,service,0/1,MVRL62506
single_site_company,MATT GATES AUTOMOTIVE PTY LTD,,,Company,1,1,,Sydney,service,0/1,MVRL56520
single_site_company,MATT LITTLE SERVICES PTY LTD,,,Company,1,1,,Sydney,service,0/1,MVRL63626
single_site_company,MATT SIMS NORTH ALBURY AUTOMOTIVE PTY LTD,,,Company,1,1,,Murray,service,0/1,MVRL56936
single_site_company,Matthew Harding Mechanical Repairs Pty Ltd,,,Company,1,1,,Unknown (no address in register),service,0/1,MVRL50809
single_site_company,Maucor Pty Ltd,,,Company,1,1,,Sydney,service,0/1,MVRL31485
single_site_company,Mavric Carlo Pty. Ltd,,,Company,1,1,,Central Coast,service,0/1,MVRL53400
single_site_company,MAX D MECHANICAL SERVICES PTY LTD,,,Company,1,1,,Unknown (no address in register),service,0/1,MVRL63465
single_site_company,MAX EURO AUTO PTY LTD,,,Company,1,1,,Sydney,service,0/1,MVRL64034
single_site_company,Max Oddi Automotive Repairs Pty Ltd,,,Company,1,1,,Sydney,service,0/1,MVRL17551
single_site_company,Mayfield Mufflers Pty Ltd,,,Company,1,1,,Newcastle,service,0/1,MVRL54548
single_site_company,MB Lismore Pty Ltd,,,Company,1,1,,Northern Rivers,service,0/1,MVRL52615
single_site_company,MB Mechanical Repairs Pty Ltd,,,Company,1,1,,Sydney,service,0/1,MVRL48982
single_site_company,MC Automotive Services Pty Ltd,,,Company,1,1,,Sydney,service,0/1,MVRL57298
single_site_company,McAlister Motors Pty Limited,,,Company,1,1,,Riverina,service,0/1,MVRL60056
single_site_company,Mccano Pty Ltd,,,Company,1,1,,Northern Rivers,service,0/1,MVRL40175
single_site_company,McCloy Automotive Pty Ltd,,,Company,1,1,,Sydney,service,0/1,MVRL48699
single_site_company,McDonald Automotive Services Pty Ltd,,,Company,1,1,,Newcastle,service,0/1,MVRL51893
single_site_company,MCEVOY MOTORS PTY LTD,,,Company,1,1,,Murray,service,0/1,MVRL61539
single_site_company,MCGRATH MECHANICAL PTY LTD,,,Company,1,1,,Unknown (no address in register),service,0/1,MVRL59508
single_site_company,McGraths Hill Automotive Pty Ltd,,,Company,1,1,,Sydney,service,0/1,MVRL63713
single_site_company,MD TOTAL CAR CARE PTY LTD,,,Company,1,1,,Sydney,service,0/1,MVRL62792
single_site_company,Mecano Repairs Pty Ltd,,,Company,1,1,,Sydney,service,0/1,MVRL47950
single_site_company,MECH CULTURE PTY LTD,,,Company,1,1,,Unknown (no address in register),service,0/1,MVRL62086
single_site_company,MECHANICAL PROFESSIONAL SERVICES PTY LTD,,,Company,1,1,,Unknown (no address in register),service,0/1,MVRL58602
single_site_company,MECHANICAL SAFETY SOLUTIONS PTY LTD,,,Company,1,1,,Unknown (no address in register),service,0/1,MVRL57549
single_site_company,MECHANICS BY MB PTY LTD,,,Company,1,1,,Unknown (no address in register),service,0/1,MVRL64121
single_site_company,MEDICAR NSW PTY LTD,,,Company,1,1,,Sydney,service,0/1,MVRL56472
single_site_company,MEDOWIE CAR CARE PLUS PTY LTD,,,Company,1,1,,Newcastle,service,0/1,MVRL60179
single_site_company,Medowie Motors Pty Ltd,,,Company,1,1,,Newcastle,service,0/1,MVRL43634
single_site_company,Meek Automotive Pty LTd,,,Company,1,1,,Sydney,service,0/1,MVRL45858
single_site_company,Meher International Pty Ltd,,,Company,1,1,,Sydney,service,0/1,MVRL50832
single_site_company,Meldeck Pty Ltd,,,Company,1,1,,Sydney,service,0/1,MVRL27108
single_site_company,MELLING MECHANICAL PTY LTD,,,Company,1,1,,New England / North West,service,0/1,MVRL55840
single_site_company,Memorial Automotive Service Centre Pty Ltd,,,Company,1,1,,Sydney,service,0/1,MVRL50558
single_site_company,Menke Auto Renewals Pty Ltd,,,Company,1,1,,Newcastle,service,0/1,MVRL37097
single_site_company,Menzies Auto Group Pty Ltd,,,Company,1,1,,Capital Region,service,0/1,MVRL62852
single_site_company,Merenz Automotive Pty Ltd,,,Company,1,1,,Unknown (no address in register),service,0/1,MVRL59558
single_site_company,Merewether Mechanical Pty Ltd,,,Company,1,1,,Unknown (no address in register),service,0/1,MVRL61029
single_site_company,Meridian Garage Pty Ltd,,,Company,1,1,,Sydney,service,0/1,MVRL52997
single_site_company,Merken Automotive Pty Ltd,,,Company,1,1,,Sydney,service,0/1,MVRL62839
single_site_company,Mersec Pty Ltd,,,Company,1,1,,Sydney,service,0/1,MVRL11371
single_site_company,Mervyn's Automotive Pty Ltd,,,Company,1,1,,Northern Rivers,service,0/1,MVRL60283
single_site_company,Metcalfe Automotive Pty Ltd,,,Company,1,1,,Sydney,service,0/1,MVRL47697
single_site_company,Metro Auto Air Pty Ltd,,,Company,1,1,,Unknown (no address in register),service,0/1,MVRL54418
single_site_company,MGA Motor Repairs Pty LTd,,,Company,1,1,,Sydney,service,0/1,MVRL62200
single_site_company,MGC Car Service Pty Ltd,,,Company,1,1,,Sydney,service,0/1,MVRL58831
single_site_company,MGL SPEED AUTO REPAIR PTY LTD,,,Company,1,1,,Sydney,service,0/1,MVRL55485
single_site_company,MGR AUTO PTY LTD,,,Company,1,1,,Unknown (no address in register),service,0/1,MVRL61219
single_site_company,MH Auto Care Pty Ltd,,,Company,1,1,,Sydney,service,0/1,MVRL48439
single_site_company,Micar Care Pty Ltd,,,Company,1,1,,Sydney,service,0/1,MVRL56941
single_site_company,Michael Bros Automotive Pty Ltd,,,Company,1,1,,Sydney,service,0/1,MVRL38573
single_site_company,Michael C Investments Pty Ltd,,,Company,1,1,,Newcastle,service,0/1,MVRL43041
single_site_company,Michelangelo Pty Ltd,,,Company,1,1,,Sydney,service,0/1,MVRL38478
single_site_company,Micks Mechanical Repairs Pty Ltd,,,Company,1,1,,Sydney,service,0/1,MVRL56099
single_site_company,MID CITY SERVICE CENTRE PTY LTD,,,Company,1,1,,Murray,service,0/1,MVRL61368
single_site_company,Mid-City Mechanical Repairs Pty Ltd,,,Company,1,1,,Far West / Orana,service,0/1,MVRL20368
single_site_company,Middle Cove Motors Pty Ltd,,,Company,1,1,,Sydney,service,0/1,MVRL7310
single_site_company,MIG Investments Pty Ltd,,,Company,1,1,,Sydney,service,0/1,MVRL58035
single_site_company,MIGS MECHANICAL PTY LTD,,,Company,1,1,,Mid North Coast,service,0/1,MVRL62624
single_site_company,Milano Mechanical Repairs Pty Ltd,,,Company,1,1,,Sydney,service,0/1,MVRL50382
single_site_company,MILES AUTOMOTIVE REPAIRS PTY LTD,,,Company,1,1,,Unknown (no address in register),service,0/1,MVRL58541
single_site_company,Mills-Thom's Mechanical Repairs Pty Ltd,,,Company,1,1,,Coffs Harbour - Grafton,service,0/1,MVRL51552
single_site_company,Milltown Torch Pty Ltd,,,Company,1,1,,Central West,service,0/1,MVRL44550
single_site_company,MILSPEC AUTOMOTIVE PTY LTD,,,Company,1,1,,Unknown (no address in register),service,0/1,MVRL61440
single_site_company,Minchinbury Mechanical Repair Pty Ltd,,,Company,1,1,,Sydney,service,0/1,MVRL64219
single_site_company,MINT MOTORS PTY LTD,,,Company,1,1,,Outside NSW postcode table,service,0/1,MVRL59001
single_site_company,MITCH D BUSINESS PTY LTD,,,Company,1,1,,Newcastle,service,0/1,MVRL63257
single_site_company,MITCHELL ARNISON PTY LTD,,,Company,1,1,,Northern Rivers,service,0/1,MVRL63881
single_site_company,MITCHELL ROAD MECHANICAL PTY LTD,,,Company,1,1,,Sydney,service,0/1,MVRL64209
single_site_company,Mittagong Auto Tech Pty Ltd,,,Company,1,1,,Southern Highlands / Shoalhaven,service,0/1,MVRL52821
single_site_company,Mittagong Mechanical Pty Ltd,,,Company,1,1,,Southern Highlands / Shoalhaven,service,0/1,MVRL50274
single_site_company,Mixedmob Pty Ltd,,,Company,1,1,,Central Coast,service,0/1,MVRL40094
single_site_company,MJ Brace Pty Ltd,,,Company,1,1,,Sydney,service,0/1,MVRL32708
single_site_company,MJAT Pty Ltd,,,Company,1,1,,Murray,service,0/1,MVRL54414
single_site_company,MJB Automotive Pty Ltd,,,Company,1,1,,Northern Rivers,service,0/1,MVRL53134
single_site_company,MJB FIELD SERVICE PTY LTD,,,Company,1,1,,Coffs Harbour - Grafton,service,0/1,MVRL62334
single_site_company,MJN Automotive Pty Ltd,,,Company,1,1,,Southern Highlands / Shoalhaven,service,0/1,MVRL60902
single_site_company,MK AUTOCARE PTY LTD,,,Company,1,1,,Newcastle,service,0/1,MVRL61852
single_site_company,MNB Automotive Pty Ltd,,,Company,1,1,,Sydney,service,0/1,MVRL53505
single_site_company,MNH GROUP PTY LTD,,,Company,1,1,,Sydney,service,0/1,MVRL59407
single_site_company,Modern Motors Dungog Pty Ltd,,,Company,1,1,,Mid North Coast,service,0/1,MVRL50781
single_site_company,Modern Motors Pty Ltd,,,Company,1,1,,Mid North Coast,service,0/1,MVRL2653
single_site_company,Mohaar Mechanical Pty Ltd,,,Company,1,1,,Unknown (no address in register),service,0/1,MVRL59091
single_site_company,Moimac Pty Ltd,,,Company,1,1,,Central Coast,service,0/1,MVRL25841
single_site_company,Mojo Automotive Pty Ltd,,,Company,1,1,,Northern Rivers,service,0/1,MVRL59702
single_site_company,Mona Vale Automotive Pty Ltd,,,Company,1,1,,Sydney,service,0/1,MVRL55274
single_site_company,Monaro Logging Services Pty Ltd,,,Company,1,1,,Capital Region,service,0/1,MVRL43324
single_site_company,Monaro Mechanical Pty Ltd,,,Company,1,1,,Unknown (no address in register),service,0/1,MVRL50714
single_site_company,Monaro Mechanical Repairs Pty Ltd,,,Company,1,1,,Capital Region,service,0/1,MVRL45555
single_site_company,Montview Automotive Pty Ltd,,,Company,1,1,,Sydney,service,0/1,MVRL63494
single_site_company,Moro & Sons Automotive Pty Ltd,,,Company,1,1,,Sydney,service,0/1,MVRL51050
single_site_company,Morris Automotive Pty Ltd,,,Company,1,1,,Sydney,service,0/1,MVRL63214
single_site_company,Motive Auto Group Pty Ltd,,,Company,1,1,,Unknown (no address in register),service,0/1,MVRL62693
single_site_company,Moto Trekkin Pty Ltd,,,Company,1,1,,Newcastle,service,0/1,MVRL61042
single_site_company,MOTOR ONE GARAGE PTY LTD,,,Company,1,1,,Sydney,service,0/1,MVRL60381
single_site_company,Motortorque Pty Ltd,,,Company,1,1,,Coffs Harbour - Grafton,service,0/1,MVRL52186
single_site_company,Mount Victoria Service Centre Pty Ltd,,,Company,1,1,,Sydney,service,0/1,MVRL62112
single_site_company,MOUNTAINS AUTOMOTIVE PTY LTD,,,Company,1,1,,Sydney,service,0/1,MVRL56636
single_site_company,Mourad Automotive Pty Ltd,,,Company,1,1,,Sydney,service,0/1,MVRL63820
single_site_company,MR AUTO KEYS PTY LTD,,,Company,1,1,,Unknown (no address in register),service,0/1,MVRL55995
single_site_company,Mr Car Service & Repair Pty Ltd,,,Company,1,1,,Sydney,service,0/1,MVRL57785
single_site_company,Mr. A.S. Motor Repairs Pty Ltd,,,Company,1,1,,Unknown (no address in register),service,0/1,MVRL63331
single_site_company,MRM Autos Pty Ltd,,,Company,1,1,,Sydney,service,0/1,MVRL62851
single_site_company,MRMD MECHANICAL SERVICES PTY LTD,,,Company,1,1,,Unknown (no address in register),service,0/1,MVRL62884
single_site_company,MRN Mechanical Service Pty Ltd,,,Company,1,1,,Sydney,service,0/1,MVRL63734
single_site_company,MRT Automotive Pty Ltd,,,Company,1,1,,Murray,service,0/1,MVRL51261
single_site_company,MSARC PTY LTD,,,Company,1,1,,Hunter,service,0/1,MVRL59078
single_site_company,MSC MECHANICAL PTY LTD,,,Company,1,1,,Sydney,service,0/1,MVRL56765
single_site_company,MSC Mechanical Repairs Pty Ltd,,,Company,1,1,,Sydney,service,0/1,MVRL61464
single_site_company,MT DRUITT SUSPENSION AND MECHANICAL CENTRE PTY LTD,,,Company,1,1,,Sydney,service,0/1,MVRL64283
single_site_company,MTC MECHANICAL PTY LTD,,,Company,1,1,,Southern Highlands / Shoalhaven,service,0/1,MVRL63778
single_site_company,MTS MECHANICAL PTY LTD,,,Company,1,1,,Central West,service,0/1,MVRL60204
single_site_company,Muras Automotive Pty Ltd,,,Company,1,1,,Mid North Coast,service,0/1,MVRL55953
single_site_company,MURPHY'S AUTO PTY LTD,,,Company,1,1,,Sydney,service,0/1,MVRL55873
single_site_company,MURWILLUMBAH EXHAUST & SERVICE CENTRE PTY LTD,,,Company,1,1,,Northern Rivers,service,0/1,MVRL55125
single_site_company,Muswellbrook Automotive Services Pty Ltd,,,Company,1,1,,Hunter,service,0/1,MVRL60662
single_site_company,MUZZ AUTO & MECHANICAL PTY LTD,,,Company,1,1,,Unknown (no address in register),service,0/1,MVRL64263
single_site_company,MVM SERVICING PTY LTD,,,Company,1,1,,Sydney,service,0/1,MVRL61958
single_site_company,MVP Auto Refinishing Pty Ltd,,,Company,1,1,,Unknown (no address in register),service,0/1,MVRL63608
single_site_company,MVR Motor Vehicle Repairers Pty Ltd,,,Company,1,1,,Sydney,service,0/1,MVRL27844
single_site_company,My Motors Brookvale Pty Ltd,,,Company,1,1,,Sydney,service,0/1,MVRL55078
single_site_company,MY SPORTSCAR PTY LTD,,,Company,1,1,,Sydney,service,0/1,MVRL58040
single_site_company,N & G MECHANICAL REPAIRS PTY LTD,,,Company,1,1,,Sydney,service,0/1,MVRL55690
single_site_company,N & K Transmissions Pty Ltd,,,Company,1,1,,Sydney,service,0/1,MVRL56087
single_site_company,N & N Automotives Pty Ltd,,,Company,1,1,,Sydney,service,0/1,MVRL21425
single_site_company,N and D Mechanical Pty Ltd,,,Company,1,1,,Sydney,service,0/1,MVRL57438
single_site_company,N SQUARE MOTORS PTY LTD,,,Company,1,1,,Sydney,service,0/1,MVRL63441
single_site_company,N V Motor Mechanical Repairs Pty Ltd,,,Company,1,1,,Sydney,service,0/1,MVRL44328
single_site_company,Nacs Automotive Pty Ltd,,,Company,1,1,,Sydney,service,0/1,MVRL45948
single_site_company,Najeka Pty Ltd,,,Company,1,1,,Sydney,service,0/1,MVRL56481
single_site_company,NAMOI VALLEY AUTOMOTIVE PTY LTD,,,Company,1,1,,New England / North West,service,0/1,MVRL63274
single_site_company,Napier Investments NSW Pty Ltd,,,Company,1,1,,Sydney,service,0/1,MVRL51612
single_site_company,Narromine Mechanical Pty Ltd,,,Company,1,1,,Far West / Orana,service,0/1,MVRL56246
single_site_company,NAT'S CAR CARE PTY LTD,,,Company,1,1,,Capital Region,service,0/1,MVRL61884
single_site_company,Navan Mechanical Services Pty Ltd,,,Company,1,1,,Unknown (no address in register),service,0/1,MVRL52941
single_site_company,NAVIN AUTOMOTIVE SYSTEMS PTY LIMITED,,,Company,1,1,,Sydney,service,0/1,MVRL55496
single_site_company,NAVT Pty Ltd,,,Company,1,1,,Sydney,service,0/1,MVRL56284
single_site_company,NBHVR Pty Limited,,,Company,1,1,,Central West,service,0/1,MVRL47434
single_site_company,NC Martin Services Pty Ltd,,,Company,1,1,,Unknown (no address in register),service,0/1,MVRL62497
single_site_company,Nealings Drilling & Mechanical Services Pty Ltd,,,Company,1,1,,Unknown (no address in register),service,0/1,MVRL41686
single_site_company,Neid Automotive Pty Ltd,,,Company,1,1,,Sydney,service,0/1,MVRL61701
single_site_company,NEIL'S MECHANICAL REPAIRS PTY LTD,,,Company,1,1,,Sydney,service,0/1,MVRL63107
single_site_company,Network Auto Pty Ltd,,,Company,1,1,,Sydney,service,0/1,MVRL41106
single_site_company,New J & K Investment Pty Ltd,,,Company,1,1,,Sydney,service,0/1,MVRL61762
single_site_company,New Start 10 Pty Ltd,,,Company,1,1,,Sydney,service,0/1,MVRL47328
single_site_company,Newcastle Automotive Services Pty Ltd,,,Company,1,1,,Newcastle,service,0/1,MVRL42197
single_site_company,Newcastle Muffler Service Pty Ltd,,,Company,1,1,,Newcastle,service,0/1,MVRL19430
single_site_company,Newisb Pty Ltd,,,Company,1,1,,Newcastle,service,0/1,MVRL41849
single_site_company,Nexo Automotive Pty Ltd,,,Company,1,1,,Sydney,service,0/1,MVRL64044
single_site_company,NEXT AUTO GROUP PTY LTD,,,Company,1,1,,Sydney,service,0/1,MVRL62363
single_site_company,NEXT GEN AUTO CARE PTY LTD,,,Company,1,1,,Sydney,service,0/1,MVRL60952
single_site_company,Nextgen Mechanical Pty Ltd,,,Company,1,1,,Unknown (no address in register),service,0/1,MVRL63754
single_site_company,NFI AUTO PTY LTD,,,Company,1,1,,Unknown (no address in register),service,0/1,MVRL62986
single_site_company,Niche Auto Systems Pty Ltd,,,Company,1,1,,Sydney,service,0/1,MVRL43886
single_site_company,Nimrat Jass Pty Ltd,,,Company,1,1,,Northern Rivers,service,0/1,MVRL53637
single_site_company,NINETYNINE GROUP PTY LTD.,,,Company,1,1,,Sydney,service,0/1,MVRL63634
single_site_company,NK Management Pty Ltd,,,Company,1,1,,Mid North Coast,service,0/1,MVRL53975
single_site_company,NK Trades And Services Pty Ltd,,,Company,1,1,,Sydney,service,0/1,MVRL53738
single_site_company,Nkorkes Pty Ltd,,,Company,1,1,,Sydney,service,0/1,MVRL53046
single_site_company,NMR Mechanical Pty Ltd,,,Company,1,1,,Unknown (no address in register),service,0/1,MVRL54097
single_site_company,Noble Auto Repairs Pty Ltd,,,Company,1,1,,New England / North West,service,0/1,MVRL47624
single_site_company,Noble Auto Services Pty Ltd,,,Company,1,1,,Sydney,service,0/1,MVRL57566
single_site_company,NOBLES MECHANICAL SERVICES PTY LTD,,,Company,1,1,,Unknown (no address in register),service,0/1,MVRL61087
single_site_company,Nodira Pty Ltd,,,Company,1,1,,Northern Rivers,service,0/1,MVRL8906
single_site_company,Nordic Motor Pty Ltd,,,Company,1,1,,Sydney,service,0/1,MVRL52572
single_site_company,NORI AUTOS PTY LTD,,,Company,1,1,,Sydney,service,0/1,MVRL61253
single_site_company,North Dubbo Motors Pty Ltd,,,Company,1,1,,Far West / Orana,service,0/1,MVRL39037
single_site_company,NORTH HARBOUR AUTOMOTIVE PTY LTD,,,Company,1,1,,Sydney,service,0/1,MVRL62305
single_site_company,North Haven Mechanical Pty Ltd,,,Company,1,1,,Mid North Coast,service,0/1,MVRL64290
single_site_company,North Shore Automotive Pty Ltd,,,Company,1,1,,Sydney,service,0/1,MVRL51699
single_site_company,North Shore Hi-Tech Pty Ltd,,,Company,1,1,,Sydney,service,0/1,MVRL62357
single_site_company,North Side Auto Works Pty Ltd,,,Company,1,1,,Sydney,service,0/1,MVRL60351
single_site_company,NORTHERN BEACHES PRESTIGE AUTOCARE PTY LTD,,,Company,1,1,,Sydney,service,0/1,MVRL62536
single_site_company,Northern Rivers Mechanical Service Pty Ltd,,,Company,1,1,,Unknown (no address in register),service,0/1,MVRL49333
single_site_company,Northern Rivers Motors Pty Ltd,,,Company,1,1,,Northern Rivers,service,0/1,MVRL52077
single_site_company,NORTHSHORE SERVICE CENTRE PTY LIMITED,,,Company,1,1,,Sydney,service,0/1,MVRL60563
single_site_company,Northside Mechanical Pty Ltd,,,Company,1,1,,Sydney,service,0/1,MVRL47609
single_site_company,NORTHSIDE MECHANICAL WAGGA WAGGA PTY LTD,,,Company,1,1,,Riverina,service,0/1,MVRL63817
single_site_company,NORTHWEST AIRCRAFT COMPONENTS PTY. LIMITED,,,Company,1,1,,New England / North West,service,0/1,MVRL55138
single_site_company,NOVA AUTO INNOVATIONS PTY LTD,,,Company,1,1,,Newcastle,service,0/1,MVRL60565
single_site_company,NOVATECH AUTOBODY REPAIRS PTY LTD,,,Company,1,1,,Mid North Coast,service,0/1,MVRL58264
single_site_company,NOWRA MECHANICAL PTY LTD,,,Company,1,1,,Southern Highlands / Shoalhaven,service,0/1,MVRL63546
single_site_company,Nowra Motors Pty Ltd,,,Company,1,1,,Southern Highlands / Shoalhaven,service,0/1,MVRL57446
single_site_company,NPC MECHANICAL PTY LIMITED,,,Company,1,1,,Unknown (no address in register),service,0/1,MVRL57477
single_site_company,NPW Services Pty Ltd,,,Company,1,1,,Unknown (no address in register),service,0/1,MVRL58452
single_site_company,NRA Consultancy Pty Ltd,,,Company,1,1,,Sydney,service,0/1,MVRL43436
single_site_company,NRC Mullum Pty Ltd,,,Company,1,1,,Northern Rivers,service,0/1,MVRL59857
single_site_company,NS AUTOMOTIVE PTY LTD,,,Company,1,1,,Sydney,service,0/1,MVRL58775
single_site_company,NST Luxury Services Pty Ltd,,,Company,1,1,,Sydney,service,0/1,MVRL56094
single_site_company,NT Automotive Pty Ltd,,,Company,1,1,,Sydney,service,0/1,MVRL51608
single_site_company,Nu Tech Car Care Pty Ltd,,,Company,1,1,,Sydney,service,0/1,MVRL53461
single_site_company,Nuss Mechanical Pty Ltd,,,Company,1,1,,Unknown (no address in register),service,0/1,MVRL62202
single_site_company,NUTS AND BOLTS AUTOMOTIVE PTY LTD,,,Company,1,1,,Coffs Harbour - Grafton,service,0/1,MVRL56209
single_site_company,Nymeyer Automotive Pty Ltd,,,Company,1,1,,Newcastle,service,0/1,MVRL51756
single_site_company,NZ Auto Care Pty Ltd,,,Company,1,1,,Sydney,service,0/1,MVRL63356
single_site_company,O'Connor Automotive Pty Ltd,,,Company,1,1,,Hunter,service,0/1,MVRL55185
single_site_company,O'Halloran Management Services Pty. Ltd.,,,Company,1,1,,Sydney,service,0/1,MVRL49713
single_site_company,O'Halloran Motors Pty Ltd,,,Company,1,1,,Coffs Harbour - Grafton,service,0/1,MVRL15453
single_site_company,O'Toole's Mechanical Repairs Pty Ltd,,,Company,1,1,,Unknown (no address in register),service,0/1,MVRL21352
single_site_company,Oakes Road Automotive Pty Limited,,,Company,1,1,,Sydney,service,0/1,MVRL53765
single_site_company,Oaks Automotive Pty Ltd,,,Company,1,1,,Illawarra,service,0/1,MVRL22669
single_site_company,Oatley Auto Centre (Syd) Pty Ltd,,,Company,1,1,,Sydney,service,0/1,MVRL64265
single_site_company,Octane Automotive Pty Ltd,,,Company,1,1,,Mid North Coast,service,0/1,MVRL49306
single_site_company,ODIN MOTORS GROUP PTY LTD,,,Company,1,1,,Unknown (no address in register),service,0/1,MVRL64056
single_site_company,OG GARAGE PTY LTD,,,Company,1,1,,Sydney,service,0/1,MVRL57370
single_site_company,OHK Pty Ltd,,,Company,1,1,,Sydney,service,0/1,MVRL34577
single_site_company,OM AUTO REPAIRS PTY LTD,,,Company,1,1,,Sydney,service,0/1,MVRL63997
single_site_company,On Point Mechanics Pty Ltd,,,Company,1,1,,Sydney,service,0/1,MVRL53870
single_site_company,On the Ball Automotive Pty Limited,,,Company,1,1,,Sydney,service,0/1,MVRL57659
single_site_company,ON THE GO AUTO SOLUTIONS PTY LTD,,,Company,1,1,,Northern Rivers,service,0/1,MVRL63909
single_site_company,On The Road Automotive Pty Ltd,,,Company,1,1,,Sydney,service,0/1,MVRL36747
single_site_company,ONE STOP AUTO REPAIR AND TECHNICAL SOLUTION PTY LTD,,,Company,1,1,,Sydney,service,0/1,MVRL64083
single_site_company,One Touch Mechanical Pty Ltd,,,Company,1,1,,Newcastle,service,0/1,MVRL60602
single_site_company,One Up Group Pty Ltd,,,Company,1,1,,Sydney,service,0/1,MVRL48938
single_site_company,Onsite Maintenance Services Pty Limited,,,Company,1,1,,Unknown (no address in register),service,0/1,MVRL52962
single_site_company,Onsite Mechanical Service Pty Ltd,,,Company,1,1,,Capital Region,service,0/1,MVRL47089
single_site_company,ONTIME MECHANICAL SERVICES PTY LTD,,,Company,1,1,,Central West,service,0/1,MVRL59089
single_site_company,OPTIMUS INDUSTRIES PTY LTD,,,Company,1,1,,Newcastle,service,0/1,MVRL59228
single_site_company,Orange Auto Repairs Pty Ltd,,,Company,1,1,,Central West,service,0/1,MVRL61825
single_site_company,Orange Automotive Pty Ltd,,,Company,1,1,,Central West,service,0/1,MVRL50157
single_site_company,Orion Auto's Pty Ltd,,,Company,1,1,,Sydney,service,0/1,MVRL54615
single_site_company,Ortranto Pty Ltd,,,Company,1,1,,Sydney,service,0/1,MVRL20505
single_site_company,Oscell Services Pty Ltd,,,Company,1,1,,Northern Rivers,service,0/1,MVRL62076
single_site_company,OSELEC AUTO PTY LTD,,,Company,1,1,,Unknown (no address in register),service,0/1,MVRL56799
single_site_company,OSHO Holdings Pty Ltd,,,Company,1,1,,Sydney,service,0/1,MVRL59871
single_site_company,Out West Automotive Pty Ltd,,,Company,1,1,,New England / North West,service,0/1,MVRL60832
single_site_company,Oxford Finance Pty Ltd,,,Company,1,1,,Newcastle,service,0/1,MVRL59784
single_site_company,OZ Demir Auto Pty Ltd,,,Company,1,1,,Sydney,service,0/1,MVRL54933
single_site_company,OZCAR REPAIR PTY LTD,,,Company,1,1,,Sydney,service,0/1,MVRL57219
single_site_company,Ozipak Pty Ltd,,,Company,1,1,,Sydney,service,0/1,MVRL52485
single_site_company,Oztek Mechanical Pty Ltd,,,Company,1,1,,Sydney,service,0/1,MVRL55509
single_site_company,Oztrack Pty Ltd,,,Company,1,1,,Sydney,service,0/1,MVRL49635
single_site_company,Ozzy Auto Service Pty Ltd,,,Company,1,1,,Sydney,service,0/1,MVRL61126
single_site_company,P & E Frazier & Sons Pty Ltd,,,Company,1,1,,Northern Rivers,service,0/1,MVRL50038
single_site_company,P & G Automotive Pty Ltd,,,Company,1,1,,Sydney,service,0/1,MVRL61933
single_site_company,P & S Cooper Pty Ltd,,,Company,1,1,,Coffs Harbour - Grafton,service,0/1,MVRL48255
single_site_company,P & Y AUTO CARE PTY LTD,,,Company,1,1,,Sydney,service,0/1,MVRL59048
single_site_company,P Grossi Pty Ltd,,,Company,1,1,,Far West / Orana,service,0/1,MVRL47875
single_site_company,P&M Automotive Pty Ltd,,,Company,1,1,,Unknown (no address in register),service,0/1,MVRL63348
single_site_company,P.A. Dalecos Pty Ltd,,,Company,1,1,,Sydney,service,0/1,MVRL55210
single_site_company,P8 Auto Pty Ltd,,,Company,1,1,,Northern Rivers,service,0/1,MVRL52719
single_site_company,PACIFIC AUTO MECHANICAL PTY LTD,,,Company,1,1,,Unknown (no address in register),service,0/1,MVRL57581
single_site_company,Pacific Automotive Services Pty Ltd,,,Company,1,1,,Sydney,service,0/1,MVRL63457
single_site_company,Pacific Motors Holdings Pty Ltd,,,Company,1,1,,Sydney,service,0/1,MVRL53534
single_site_company,Padstow Automotive Pty Ltd,,,Company,1,1,,Sydney,service,0/1,MVRL50938
single_site_company,Pamchar Pty Ltd,,,Company,1,1,,Sydney,service,0/1,MVRL59772
single_site_company,PANJAB MOTORS PTY LTD,,,Company,1,1,,Sydney,service,0/1,MVRL63759
single_site_company,PANORAMA AUTOMOTIVE PTY LTD,,,Company,1,1,,Central West,service,0/1,MVRL58665
single_site_company,Panther Auto Service Pty Ltd,,,Company,1,1,,Sydney,service,0/1,MVRL39743
single_site_company,Panther Automotive Repairs Pty Ltd,,,Company,1,1,,Sydney,service,0/1,MVRL59024
single_site_company,PARK&HYUN PTY LTD,,,Company,1,1,,Sydney,service,0/1,MVRL63155
single_site_company,Parkhurst Auto Repairs Pty Ltd,,,Company,1,1,,Riverina,service,0/1,MVRL27527
single_site_company,PAROS AUTO REPAIRS PTY LTD,,,Company,1,1,,Illawarra,service,0/1,MVRL60302
single_site_company,PARRAMATTA AUTOMOTIVE HOLDINGS PTY LTD,,,Company,1,1,,Sydney,service,0/1,MVRL63326
single_site_company,PARRAMATTA AUTOMOTIVE PTY LTD,,,Company,1,1,,Sydney,service,0/1,MVRL55861
single_site_company,Parramatta Automotives Services Pty Ltd,,,Company,1,1,,Sydney,service,0/1,MVRL40883
single_site_company,PARRAMATTA BRAKE & CLUTCH SERVICE PTY LTD,,,Company,1,1,,Sydney,service,0/1,MVRL56012
single_site_company,PARSONS REPAIR CENTRE PTY LTD,,,Company,1,1,,Newcastle,service,0/1,MVRL61596
single_site_company,Parthenios Pty Ltd,,,Company,1,1,,Illawarra,service,0/1,MVRL45439
single_site_company,Passfield Automotive Pty Limited,,,Company,1,1,,Hunter,service,0/1,MVRL62218
single_site_company,PASSION GARAGE PTY LTD,,,Company,1,1,,Unknown (no address in register),service,0/1,MVRL62696
single_site_company,Patamar Pty Ltd,,,Company,1,1,,Sydney,service,0/1,MVRL57144
single_site_company,Pate & Vernooy Automotive Pty Ltd,,,Company,1,1,,Sydney,service,0/1,MVRL63124
single_site_company,Patel Auto Services Centre Pty Ltd,,,Company,1,1,,Sydney,service,0/1,MVRL61860
single_site_company,Paterson Auto Garage Pty Ltd,,,Company,1,1,,Hunter,service,0/1,MVRL53940
single_site_company,PATRICK AUTO GROUP PTY LTD,,,Company,1,1,,Mid North Coast,service,0/1,MVRL56904
single_site_company,Pava Pty Ltd,,,Company,1,1,,Far West / Orana,service,0/1,MVRL5411
single_site_company,PB Mechanical Pty Ltd,,,Company,1,1,,Hunter,service,0/1,MVRL56353
single_site_company,PDR Services Pty Ltd,,,Company,1,1,,Unknown (no address in register),service,0/1,MVRL43407
single_site_company,PEAKHURST AUTO PTY LTD,,,Company,1,1,,Sydney,service,0/1,MVRL62978
single_site_company,Pedimek Pty Ltd,,,Company,1,1,,Sydney,service,0/1,MVRL50564
single_site_company,Penfold Automotive Services Pty Ltd,,,Company,1,1,,Newcastle,service,0/1,MVRL23461
single_site_company,Peninsula Auto Clinic Pty Ltd,,,Company,1,1,,Sydney,service,0/1,MVRL48724
single_site_company,PENINSULA AUTOMOTIVE CENTRE PTY LTD,,,Company,1,1,,Central Coast,service,0/1,MVRL59653
single_site_company,Peninsula Car Repairs Pty Ltd,,,Company,1,1,,Central Coast,service,0/1,MVRL32060
single_site_company,Peninsular Prestige Pty Ltd,,,Company,1,1,,Sydney,service,0/1,MVRL27083
single_site_company,PENRITH AUTO REPAIRS & MAINTENANCE PTY LTD,,,Company,1,1,,Sydney,service,0/1,MVRL63049
single_site_company,Penrith Steering Service Pty Ltd,,,Company,1,1,,Sydney,service,0/1,MVRL45389
single_site_company,Penstech Automotive Services Pty Ltd,,,Company,1,1,,Sydney,service,0/1,MVRL57624
single_site_company,Perfection Automotive Pty Ltd,,,Company,1,1,,Sydney,service,0/1,MVRL48235
single_site_company,Periloo Pty Ltd,,,Company,1,1,,Sydney,service,0/1,MVRL31612
single_site_company,Perre's Brake & Mechanical Pty Ltd,,,Company,1,1,,Unknown (no address in register),service,0/1,MVRL61457
single_site_company,Pete Scott Automotive Pty Ltd,,,Company,1,1,,Capital Region,service,0/1,MVRL55306
single_site_company,Peter Cox Mechanical Repairs Pty Ltd,,,Company,1,1,,Sydney,service,0/1,MVRL48155
single_site_company,Peter Mabey Car Care Pty Ltd,,,Company,1,1,,Sydney,service,0/1,MVRL30425
single_site_company,Peter Mann Automotives Pty Ltd,,,Company,1,1,,Hunter,service,0/1,MVRL19288
single_site_company,Peter Norbury Motors (Walcha) Pty Ltd,,,Company,1,1,,New England / North West,service,0/1,MVRL59829
single_site_company,Peter Warren Automotive Pty Ltd,,,Company,1,1,,Sydney,service,0/1,MVRL448
single_site_company,PFT2478 PTY LTD,,,Company,1,1,,Northern Rivers,service,0/1,MVRL58207
single_site_company,PG Motors Pty Ltd,,,Company,1,1,,Northern Rivers,service,0/1,MVRL32700
single_site_company,PHAM AUTOCARE PTY LTD,,,Company,1,1,,Sydney,service,0/1,MVRL58137
single_site_company,PHD Auto Services Pty Ltd,,,Company,1,1,,Sydney,service,0/1,MVRL56745
single_site_company,PHIL DYKES AUTOMOTIVE PTY LTD,,,Company,1,1,,Mid North Coast,service,0/1,MVRL56167
single_site_company,Phil's Garage Pty Ltd,,,Company,1,1,,Murray,service,0/1,MVRL63606
single_site_company,Phillip Lim Automotive Pty Ltd,,,Company,1,1,,Sydney,service,0/1,MVRL54062
single_site_company,Pilgrims Exhaust Centre Pty Ltd,,,Company,1,1,,Riverina,service,0/1,MVRL40886
single_site_company,Pit Patrol Pty Ltd,,,Company,1,1,,Sydney,service,0/1,MVRL52072
single_site_company,PITTWATER AUTOMOTIVE PTY LTD,,,Company,1,1,,Sydney,service,0/1,MVRL55453
single_site_company,PJM INDUSTRIES PTY LTD,,,Company,1,1,,Mid North Coast,service,0/1,MVRL63876
single_site_company,PK AUTO AND MECHANICAL PTY LTD,,,Company,1,1,,Riverina,service,0/1,MVRL64108
single_site_company,PKG Motors Pty Ltd,,,Company,1,1,,Northern Rivers,service,0/1,MVRL54422
single_site_company,PLATINUM AUTOMOTIVE WOLLONGONG PTY LTD,,,Company,1,1,,Illawarra,service,0/1,MVRL60306
single_site_company,Platinum Edge Automotive Pty Ltd,,,Company,1,1,,Sydney,service,0/1,MVRL60052
single_site_company,PLML Investments Pty. Ltd.,,,Company,1,1,,Sydney,service,0/1,MVRL57501
single_site_company,PMRT Pty Ltd,,,Company,1,1,,Sydney,service,0/1,MVRL45598
single_site_company,Pointon Automotive Pty Ltd,,,Company,1,1,,Unknown (no address in register),service,0/1,MVRL60251
single_site_company,POLESTAR AUTOMOTIVE AUSTRALIA PTY LTD,,,Company,1,1,,Sydney,service,0/1,MVRL62459
single_site_company,Port Macquarie Brake & Automotive Pty Ltd,,,Company,1,1,,Mid North Coast,service,0/1,MVRL61541
single_site_company,PORT MACQUARIE TUNING & MECHANICAL PTY LTD,,,Company,1,1,,Mid North Coast,service,0/1,MVRL63499
single_site_company,Portlock Enterprises Pty Ltd,,,Company,1,1,,Sydney,service,0/1,MVRL48269
single_site_company,Powder Tanker Repairs Pty Ltd,,,Company,1,1,,Unknown (no address in register),service,0/1,MVRL63344
single_site_company,Power Block Plus Pty Ltd,,,Company,1,1,,Hunter,service,0/1,MVRL61456
single_site_company,Powertech Group Pty Ltd,,,Company,1,1,,Sydney,service,0/1,MVRL51634
single_site_company,Prakash Automotive Services Pty Ltd,,,Company,1,1,,Sydney,service,0/1,MVRL47693
single_site_company,Pratek Automotive Pty Ltd,,,Company,1,1,,Sydney,service,0/1,MVRL59705
single_site_company,Precise Automotive Repairs Pty Ltd,,,Company,1,1,,Sydney,service,0/1,MVRL40713
single_site_company,PRECISION AUTO AID PTY LTD,,,Company,1,1,,Unknown (no address in register),service,0/1,MVRL62894
single_site_company,Precision Automotive Services Pty Ltd,,,Company,1,1,,Sydney,service,0/1,MVRL56393
single_site_company,Precision Motors Pty Ltd,,,Company,1,1,,New England / North West,service,0/1,MVRL64111
single_site_company,Premier Motor Service Pty Ltd,,,Company,1,1,,Illawarra,service,0/1,MVRL37893
single_site_company,Prestige Auto Concierge Pty Ltd,,,Company,1,1,,Sydney,service,0/1,MVRL40620
single_site_company,Prestige Auto Group Pty Ltd,,,Company,1,1,,Sydney,service,0/1,MVRL62418
single_site_company,Prestige Auto Traders Australia Pty Ltd,,,Company,1,1,,Sydney,service,0/1,MVRL47307
single_site_company,PRESTIGE AUTOMOTIVE KEMPSEY PROPRIETARY LTD,,,Company,1,1,,New England / North West,service,0/1,MVRL56500
single_site_company,Prestige Automotive Service Specialist Pty Limited,,,Company,1,1,,Sydney,service,0/1,MVRL54191
single_site_company,Prestige Automotive Solutions Pty Ltd,,,Company,1,1,,Sydney,service,0/1,MVRL49667
single_site_company,Prime Automotive Repairs Pty Ltd,,,Company,1,1,,Sydney,service,0/1,MVRL39130
single_site_company,PRIME MECHANICAL REPAIRS PTY LTD,,,Company,1,1,,Unknown (no address in register),service,0/1,MVRL61942
single_site_company,Primrock Pty Ltd,,,Company,1,1,,Unknown (no address in register),service,0/1,MVRL25410
single_site_company,Pringle Services Pty Ltd,,,Company,1,1,,Central West,service,0/1,MVRL54154
single_site_company,PRO BM AUTO PTY LTD,,,Company,1,1,,Sydney,service,0/1,MVRL62504
single_site_company,Pro Care Automotive Pty Ltd,,,Company,1,1,,Sydney,service,0/1,MVRL53171
single_site_company,PRO TORK AUTOMOTIVE PTY LTD,,,Company,1,1,,Sydney,service,0/1,MVRL61844
single_site_company,Pro-View Vehicle Inspections Pty Ltd,,,Company,1,1,,Unknown (no address in register),service,0/1,MVRL47410
single_site_company,Prolect Turf Equipments Repairs Pty Ltd,,,Company,1,1,,Unknown (no address in register),service,0/1,MVRL57450
single_site_company,PROMECH ONSITE REPAIRS PTY LTD,,,Company,1,1,,Capital Region,service,0/1,MVRL62006
single_site_company,Prostreet Autocare Pty Ltd,,,Company,1,1,,Sydney,service,0/1,MVRL61986
single_site_company,PROTUNE AUTOMOTIVE ULLADULLA PTY LTD,,,Company,1,1,,Southern Highlands / Shoalhaven,service,0/1,MVRL58891
single_site_company,Pryor & Son Mechanical Repairs Pty Ltd,,,Company,1,1,,Murray,service,0/1,MVRL54127
single_site_company,PSA AUTOMOTIVE PTY LTD,,,Company,1,1,,Sydney,service,0/1,MVRL62214
single_site_company,PST Automotive Pty Ltd,,,Company,1,1,,Sydney,service,0/1,MVRL60062
single_site_company,PT Auto Pty Ltd,,,Company,1,1,,Newcastle,service,0/1,MVRL61475
single_site_company,PT Precision Automotive Pty Ltd,,,Company,1,1,,Sydney,service,0/1,MVRL37635
single_site_company,Pundit Motors Pty Ltd,,,Company,1,1,,Sydney,service,0/1,MVRL37199
single_site_company,Punjab Auto Care Pty Ltd,,,Company,1,1,,Sydney,service,0/1,MVRL58013
single_site_company,Purnell Motors Pty Ltd,,,Company,1,1,,Sydney,service,0/1,MVRL1423
single_site_company,QB MECHANICAL PTY LTD,,,Company,1,1,,Capital Region,service,0/1,MVRL55798
single_site_company,Quan's Automotive Pty Ltd,,,Company,1,1,,Sydney,service,0/1,MVRL53943
single_site_company,QUEPPA PTY LTD,,,Company,1,1,,New England / North West,service,0/1,MVRL59393
single_site_company,Quinlan Bulk Pty Ltd,,,Company,1,1,,Sydney,service,0/1,MVRL45226
single_site_company,QUIRINDI VEHICLE SERVICES PTY LTD,,,Company,1,1,,New England / North West,service,0/1,MVRL62004
single_site_company,R & A Automotive Repairs Pty Ltd,,,Company,1,1,,Sydney,service,0/1,MVRL57716
single_site_company,R & C Mechanical Wollongong Pty Ltd,,,Company,1,1,,Illawarra,service,0/1,MVRL61774
single_site_company,R & D Automotive Pty Ltd,,,Company,1,1,,Southern Highlands / Shoalhaven,service,0/1,MVRL41353
single_site_company,R & D Brown Automotive Pty Ltd,,,Company,1,1,,Murray,service,0/1,MVRL42576
single_site_company,R & G Repairs Pty Ltd,,,Company,1,1,,Unknown (no address in register),service,0/1,MVRL49634
single_site_company,R & G Vaccari Mechanical Repairs Pty Ltd,,,Company,1,1,,Sydney,service,0/1,MVRL25679
single_site_company,R & J Automotive Repair Pty Ltd,,,Company,1,1,,Sydney,service,0/1,MVRL45185
single_site_company,R & L Flanagan Pty Ltd,,,Company,1,1,,Riverina,service,0/1,MVRL50923
single_site_company,R & R Workshop Pty Ltd,,,Company,1,1,,Sydney,service,0/1,MVRL45443
single_site_company,R & S DAVIS PTY LTD,,,Company,1,1,,Far West / Orana,service,0/1,MVRL62654
single_site_company,R N AUTOMOTIVE PTY LTD,,,Company,1,1,,Sydney,service,0/1,MVRL54778
single_site_company,R W & L E Perry Pty Ltd,,,Company,1,1,,Sydney,service,0/1,MVRL5181
single_site_company,R W S Auto Group Pty Ltd,,,Company,1,1,,Sydney,service,0/1,MVRL48847
single_site_company,R-Square Mechanical & Automotive Pty Ltd,,,Company,1,1,,Sydney,service,0/1,MVRL64218
single_site_company,RA MECHANICAL REPAIRS PTY LTD,,,Company,1,1,,Unknown (no address in register),service,0/1,MVRL58508
single_site_company,Racecourse Automotive Pty Ltd,,,Company,1,1,,Hunter,service,0/1,MVRL52699
single_site_company,Racecourse Motors Pty Ltd,,,Company,1,1,,Sydney,service,0/1,MVRL42224
single_site_company,Raco Motor Repairs Pty Ltd,,,Company,1,1,,Sydney,service,0/1,MVRL58408
single_site_company,Raffs Advanced Automotive Pty Ltd,,,Company,1,1,,Illawarra,service,0/1,MVRL44404
single_site_company,Raim Group Pty Ltd,,,Company,1,1,,Southern Highlands / Shoalhaven,service,0/1,MVRL58075
single_site_company,Ralphs Prestige Mechanical Services (Rpms) Pty Ltd,,,Company,1,1,,Sydney,service,0/1,MVRL42807
single_site_company,RAMOSGROUP PTY LTD,,,Company,1,1,,Sydney,service,0/1,MVRL63196
single_site_company,Rapid Auto Repair Pty Ltd,,,Company,1,1,,Sydney,service,0/1,MVRL38229
single_site_company,RAPID AUTO SERVICE CENTRE PTY. LTD.,,,Company,1,1,,Sydney,service,0/1,MVRL64276
single_site_company,Rapid Exhaust Systems Pty Ltd,,,Company,1,1,,Illawarra,service,0/1,MVRL43363
single_site_company,RAPID SMART REPAIRS PTY LTD,,,Company,1,1,,Unknown (no address in register),service,0/1,MVRL63456
single_site_company,RASCL TRADERS PTY LTD,,,Company,1,1,,Mid North Coast,service,0/1,MVRL58481
single_site_company,Rats Auto Pty Ltd,,,Company,1,1,,Riverina,service,0/1,MVRL48697
single_site_company,Rawson Auto Repairs Pty Ltd,,,Company,1,1,,Sydney,service,0/1,MVRL53542
single_site_company,Ray Benson Motors Pty Ltd,,,Company,1,1,,Coffs Harbour - Grafton,service,0/1,MVRL51812
single_site_company,Ray Ferraris Automotive Pty Ltd,,,Company,1,1,,Sydney,service,0/1,MVRL54521
single_site_company,RAY PRESCOTT AUTOMOTIVE PTY LTD,,,Company,1,1,,Hunter,service,0/1,MVRL57170
single_site_company,Raymec Services Pty Ltd,,,Company,1,1,,Illawarra,service,0/1,MVRL39427
single_site_company,RAZ Auto Pty Ltd,,,Company,1,1,,Unknown (no address in register),service,0/1,MVRL54032
single_site_company,RCN AUTO GROUP PTY LTD,,,Company,1,1,,Newcastle,service,0/1,MVRL60834
single_site_company,Reconditioning Services Pty Ltd,,,Company,1,1,,Sydney,service,0/1,MVRL60566
single_site_company,RED DOG MECHANICAL SERVICE AND REPAIRS PTY LTD,,,Company,1,1,,Unknown (no address in register),service,0/1,MVRL63437
single_site_company,Redback Automotives Pty Ltd,,,Company,1,1,,Sydney,service,0/1,MVRL56480
single_site_company,Redline Automatics & Mechanical Pty Ltd,,,Company,1,1,,Northern Rivers,service,0/1,MVRL59581
single_site_company,Rees Automotive Repairs Pty Ltd,,,Company,1,1,,Capital Region,service,0/1,MVRL54476
single_site_company,Regidel Pty Ltd,,,Company,1,1,,Sydney,service,0/1,MVRL52319
single_site_company,Regina Auto Repairs Pty Ltd,,,Company,1,1,,Sydney,service,0/1,MVRL38602
single_site_company,Rego Check Pty Ltd,,,Company,1,1,,Sydney,service,0/1,MVRL42946
single_site_company,Rekhi Mechanical Pty Ltd,,,Company,1,1,,Unknown (no address in register),service,0/1,MVRL55686
single_site_company,Reliance Brakes Pty Ltd,,,Company,1,1,,Illawarra,service,0/1,MVRL60305
single_site_company,Reliant Motors Pty Ltd,,,Company,1,1,,Sydney,service,0/1,MVRL30381
single_site_company,Relsov Pty Ltd,,,Company,1,1,,Sydney,service,0/1,MVRL62981
single_site_company,Repair Special Vehicles Pty Ltd,,,Company,1,1,,Sydney,service,0/1,MVRL32358
single_site_company,Repairco Pty Ltd,,,Company,1,1,,Unknown (no address in register),service,0/1,MVRL61772
single_site_company,REPAIRIFY AUSTRALIA PTY LTD,,,Company,1,1,,Sydney,service,0/1,MVRL61733
single_site_company,REV UP GARAGE PTY LTD,,,Company,1,1,,Sydney,service,0/1,MVRL64103
single_site_company,Revesby Motors Automotive Pty Ltd,,,Company,1,1,,Sydney,service,0/1,MVRL61512
single_site_company,Revline Auto Tech Pty Ltd,,,Company,1,1,,Unknown (no address in register),service,0/1,MVRL31610
single_site_company,Revolution Automotive Repairs Pty Ltd,,,Company,1,1,,Illawarra,service,0/1,MVRL31970
single_site_company,Revolution Electronic Services Pty Ltd,,,Company,1,1,,Sydney,service,0/1,MVRL51010
single_site_company,Reynolds Automotive Pty Ltd,,,Company,1,1,,Unknown (no address in register),service,0/1,MVRL62000
single_site_company,RGME MECHANICAL PTY LTD,,,Company,1,1,,Unknown (no address in register),service,0/1,MVRL63799
single_site_company,RGW Mechanical Pty Ltd,,,Company,1,1,,Unknown (no address in register),service,0/1,MVRL60255
single_site_company,RH Automotive Pty Ltd,,,Company,1,1,,Sydney,service,0/1,MVRL27004
single_site_company,RHO Holdings Pty. Ltd.,,,Company,1,1,,Capital Region,service,0/1,MVRL64354
single_site_company,RICHMOND AUTOMOTIVE PTY LTD,,,Company,1,1,,Sydney,service,0/1,MVRL63047
single_site_company,Rig N Repair Trading Pty Ltd,,,Company,1,1,,Unknown (no address in register),service,0/1,MVRL61685
single_site_company,Riggson Pty Ltd,,,Company,1,1,,New England / North West,service,0/1,MVRL51400
single_site_company,Rigoli Services Pty Ltd,,,Company,1,1,,Unknown (no address in register),service,0/1,MVRL61676
single_site_company,RILEY STREET AUTOMOTIVE PTY LTD,,,Company,1,1,,Sydney,service,0/1,MVRL61795
single_site_company,Ritlian Enterprises Pty Ltd,,,Company,1,1,,Sydney,service,0/1,MVRL32378
single_site_company,RIVERINA AG REPAIRS PTY LTD,,,Company,1,1,,Riverina,service,0/1,MVRL59170
single_site_company,Riverstone LPG Centre Pty Ltd,,,Company,1,1,,Sydney,service,0/1,MVRL50901
single_site_company,Rivy Motors Pty Ltd,,,Company,1,1,,Newcastle,service,0/1,MVRL50676
single_site_company,RJ & K MCBRIEN PTY. LIMITED,,,Company,1,1,,Sydney,service,0/1,MVRL61550
single_site_company,RJT Trans-Aust Pty Ltd,,,Company,1,1,,Sydney,service,0/1,MVRL46660
single_site_company,RK & K Bailey Pty Ltd,,,Company,1,1,,Newcastle,service,0/1,MVRL41354
single_site_company,RM & RM SERVICES PTY LTD,,,Company,1,1,,Southern Highlands / Shoalhaven,service,0/1,MVRL55729
single_site_company,RMR Auto Pty Ltd,,,Company,1,1,,Riverina,service,0/1,MVRL64099
single_site_company,ROAD READY MECHANICAL PTY LTD,,,Company,1,1,,Unknown (no address in register),service,0/1,MVRL63181
single_site_company,ROADWORTHY PTY LTD,,,Company,1,1,,Sydney,service,0/1,MVRL62556
single_site_company,Robinson Auto Repairs Pty Ltd,,,Company,1,1,,Central West,service,0/1,MVRL57064
single_site_company,Roc Services (NSW) Pty Ltd,,,Company,1,1,,Sydney,service,0/1,MVRL51272
single_site_company,ROC'S AUTO WORKS PTY LIMITED,,,Company,1,1,,Riverina,service,0/1,MVRL63913
single_site_company,Rocaja Pty Ltd,,,Company,1,1,,Mid North Coast,service,0/1,MVRL46405
single_site_company,Rocky Point Automotive Pty Ltd,,,Company,1,1,,Sydney,service,0/1,MVRL39923
single_site_company,Rod Grogan Automotive Pty Ltd,,,Company,1,1,,Unknown (no address in register),service,0/1,MVRL8683
single_site_company,ROD'S CHASSIS REPAIRS PTY LTD,,,Company,1,1,,Murray,service,0/1,MVRL55576
single_site_company,Rodway Vehicle Services Pty Ltd,,,Company,1,1,,Riverina,service,0/1,MVRL63601
single_site_company,ROLLING STONE MECHANICAL PTY LTD,,,Company,1,1,,Unknown (no address in register),service,0/1,MVRL54847
single_site_company,Rolshar Pty Ltd,,,Company,1,1,,Illawarra,service,0/1,MVRL62499
single_site_company,RONS MECHANICAL SERVICES PTY LTD,,,Company,1,1,,Unknown (no address in register),service,0/1,MVRL63628
single_site_company,Rosebery Steering Services Pty Ltd,,,Company,1,1,,Sydney,service,0/1,MVRL17654
single_site_company,Rosedale Auto Service Pty Ltd,,,Company,1,1,,Sydney,service,0/1,MVRL45943
single_site_company,Ross Mechanical Services Pty Ltd,,,Company,1,1,,New England / North West,service,0/1,MVRL52810
single_site_company,ROUND MEN AUTOMOTIVE PTY LTD,,,Company,1,1,,Newcastle,service,0/1,MVRL57873
single_site_company,Rouse Hill Automtive Pty Ltd,,,Company,1,1,,Sydney,service,0/1,MVRL64026
single_site_company,Roving Mechanical Services Pty Ltd,,,Company,1,1,,Sydney,service,0/1,MVRL57443
single_site_company,Roylances Automotive and Industrial Pty Ltd,,,Company,1,1,,Unknown (no address in register),service,0/1,MVRL62665
single_site_company,RPM MECHANICAL NSW PTY LTD.,,,Company,1,1,,Unknown (no address in register),service,0/1,MVRL64185
single_site_company,RPR Mechanical Pty Ltd,,,Company,1,1,,Far West / Orana,service,0/1,MVRL61510
single_site_company,RSB AUTOMOTIVE PTY LTD,,,Company,1,1,,Unknown (no address in register),service,0/1,MVRL62755
single_site_company,Rudi's Auto Services Pty Ltd,,,Company,1,1,,Newcastle,service,0/1,MVRL45031
single_site_company,Rustees Rod Shop Pty Ltd,,,Company,1,1,,Sydney,service,0/1,MVRL48647
single_site_company,Rutherford Mechanical Repairs Pty Ltd,,,Company,1,1,,Mid North Coast,service,0/1,MVRL23961
single_site_company,Rutherford Motors Group Pty Limited,,,Company,1,1,,Hunter,service,0/1,MVRL58840
single_site_company,RVR MOTOR REPAIRS PTY LIMITED,,,Company,1,1,,Newcastle,service,0/1,MVRL58495
single_site_company,RW Brown Automotive Pty Ltd,,,Company,1,1,,Sydney,service,0/1,MVRL60435
single_site_company,RYALL AUTOMOTIVE PTY LTD,,,Company,1,1,,Southern Highlands / Shoalhaven,service,0/1,MVRL61980
single_site_company,Ryanz Repairs & Maintenance Pty Ltd,,,Company,1,1,,Unknown (no address in register),service,0/1,MVRL48704
single_site_company,Ryde Auto Services Pty Ltd,,,Company,1,1,,Sydney,service,0/1,MVRL53247
single_site_company,Rynwise Pty Ltd,,,Company,1,1,,Sydney,service,0/1,MVRL56303
single_site_company,S & A Nazarian & Co Pty Ltd,,,Company,1,1,,Sydney,service,0/1,MVRL47114
single_site_company,S & I Automotive Services Pty Ltd,,,Company,1,1,,Sydney,service,0/1,MVRL45286
single_site_company,S & J McCarthy Pty Limited,,,Company,1,1,,Southern Highlands / Shoalhaven,service,0/1,MVRL52922
single_site_company,S & J Mechanical Pty Ltd,,,Company,1,1,,Sydney,service,0/1,MVRL61979
single_site_company,S & K Swiney Enterprises Pty Ltd,,,Company,1,1,,Sydney,service,0/1,MVRL11328
single_site_company,S & L Tidyman Pty Ltd,,,Company,1,1,,Sydney,service,0/1,MVRL58833
single_site_company,S & R Auto Action Car Repairs Pty Ltd,,,Company,1,1,,Sydney,service,0/1,MVRL816
single_site_company,S A Cali Mechanical Repairs Pty Ltd,,,Company,1,1,,Sydney,service,0/1,MVRL14858
single_site_company,S Menin Pty Ltd,,,Company,1,1,,Sydney,service,0/1,MVRL47668
single_site_company,S R Mechanical Repairs Pty Ltd,,,Company,1,1,,Far West / Orana,service,0/1,MVRL57213
single_site_company,S&S AUTOMOTIVE (NSW) PTY LTD,,,Company,1,1,,Illawarra,service,0/1,MVRL62009
single_site_company,SA & R Biviano Holdings Pty Ltd,,,Company,1,1,,Sydney,service,0/1,MVRL41292
single_site_company,SA Autos Pty Ltd,,,Company,1,1,,Sydney,service,0/1,MVRL61086
single_site_company,Safer Steering & Shock Absorber Specialists NSW Pty Ltd,,,Company,1,1,,Sydney,service,0/1,MVRL51835
single_site_company,SAI MOTOR WORKS PTY LTD,,,Company,1,1,,Hunter,service,0/1,MVRL61846
single_site_company,SAM & SONS MECHANICAL REPAIRS PTY LTD,,,Company,1,1,,Sydney,service,0/1,MVRL62455
single_site_company,SAM AND LEO PTY LTD,,,Company,1,1,,Illawarra,service,0/1,MVRL63766
single_site_company,SAM'S AUTOMOTIVE PTY LTD,,,Company,1,1,,Sydney,service,0/1,MVRL55101
single_site_company,Samartha Auto Repairs Pty Ltd,,,Company,1,1,,Unknown (no address in register),service,0/1,MVRL52020
single_site_company,SAMLEX PTY LTD,,,Company,1,1,,Sydney,service,0/1,MVRL56038
single_site_company,SAMUELS MECHANICAL SERVICES PTY LTD,,,Company,1,1,,Unknown (no address in register),service,0/1,MVRL63595
single_site_company,Sandy's Auto Repairs Pty Ltd,,,Company,1,1,,Sydney,service,0/1,MVRL20757
single_site_company,SAR Garage Auto Pty Ltd,,,Company,1,1,,Unknown (no address in register),service,0/1,MVRL64018
single_site_company,SAT MECHANICAL PTY LTD,,,Company,1,1,,Unknown (no address in register),service,0/1,MVRL62156
single_site_company,SAVCORP HOLDINGS PTY LTD,,,Company,1,1,,Sydney,service,0/1,MVRL58099
single_site_company,SB AUTO & INVESTMENTS PTY LTD,,,Company,1,1,,Far West / Orana,service,0/1,MVRL62381
single_site_company,SBJ MECHANICAL PTY LTD,,,Company,1,1,,Sydney,service,0/1,MVRL64064
single_site_company,SCG Mechanical Pty Ltd,,,Company,1,1,,Far West / Orana,service,0/1,MVRL60825
single_site_company,SCHAEFER AUTOMOTIVE PTY LTD,,,Company,1,1,,Sydney,service,0/1,MVRL63429
single_site_company,Schiemer Enterprises Pty Ltd,,,Company,1,1,,Sydney,service,0/1,MVRL45163
single_site_company,Schwarz Motors Mechanical Pty Ltd,,,Company,1,1,,Murray,service,0/1,MVRL53351
single_site_company,SCM AUTOMOTIVE PTY LTD,,,Company,1,1,,Sydney,service,0/1,MVRL57982
single_site_company,SCM MECHANICS PTY LTD,,,Company,1,1,,Riverina,service,0/1,MVRL54839
single_site_company,SCONE MECHANIC SERVICE PTY LTD,,,Company,1,1,,Mid North Coast,service,0/1,MVRL61509
single_site_company,Scottro Pty Ltd,,,Company,1,1,,New England / North West,service,0/1,MVRL61956
single_site_company,Scotts Hydraulics Pty Ltd,,,Company,1,1,,New England / North West,service,0/1,MVRL53503
single_site_company,SCOTTY'S SERVICE CENTRE PTY LTD,,,Company,1,1,,Murray,service,0/1,MVRL58823
single_site_company,SEAFURY MOTORS PTY LTD,,,Company,1,1,,Sydney,service,0/1,MVRL63357
single_site_company,Seb's Automotive Pty LTd,,,Company,1,1,,Sydney,service,0/1,MVRL51666
single_site_company,Sebelic Automotive Services Pty Ltd,,,Company,1,1,,Hunter,service,0/1,MVRL61983
single_site_company,SECOND STEP HOLDINGS PTY LTD,,,Company,1,1,,Sydney,service,0/1,MVRL60795
single_site_company,SENJJ AUTOMOTIVE PTY LIMITED,,,Company,1,1,,Newcastle,service,0/1,MVRL61175
single_site_company,Seoul Motors Repair Pty Ltd,,,Company,1,1,,Sydney,service,0/1,MVRL56754
single_site_company,SERVICE AU PTY LTD,,,Company,1,1,,Sydney,service,0/1,MVRL59617
single_site_company,Service Central Auto Pty Ltd,,,Company,1,1,,Sydney,service,0/1,MVRL62022
single_site_company,SERVICE HAUS AUTO PTY LTD,,,Company,1,1,,Sydney,service,0/1,MVRL56801
single_site_company,SERVICE SHOP PTY LTD,,,Company,1,1,,Sydney,service,0/1,MVRL54643
single_site_company,SERVICE8 PTY LTD,,,Company,1,1,,Unknown (no address in register),service,0/1,MVRL59643
single_site_company,Servicing Coffs Coast Pty Ltd,,,Company,1,1,,Unknown (no address in register),service,0/1,MVRL63150
single_site_company,Seven Stars Service Pty Ltd,,,Company,1,1,,Sydney,service,0/1,MVRL48715
single_site_company,SFS Automotive Services Pty Ltd,,,Company,1,1,,Sydney,service,0/1,MVRL51820
single_site_company,SG AUTO PTY LTD,,,Company,1,1,,Sydney,service,0/1,MVRL62289
single_site_company,SG MECHANICAL PTY LTD,,,Company,1,1,,Southern Highlands / Shoalhaven,service,0/1,MVRL56437
single_site_company,Shane Drury Automotive Pty Ltd,,,Company,1,1,,Southern Highlands / Shoalhaven,service,0/1,MVRL62632
single_site_company,Sharbai Pty Ltd,,,Company,1,1,,Central Coast,service,0/1,MVRL58814
single_site_company,Sheather Mechanical Repairs Pty Ltd,,,Company,1,1,,Sydney,service,0/1,MVRL52027
single_site_company,Sheepy's Garage Pty Ltd,,,Company,1,1,,Sydney,service,0/1,MVRL63358
single_site_company,Shenaoji Motor Repair Pty Ltd,,,Company,1,1,,Sydney,service,0/1,MVRL53945
single_site_company,Shents Automotive Pty Ltd,,,Company,1,1,,Newcastle,service,0/1,MVRL60030
single_site_company,SHIFTERS AUTOMOTIVE PTY LTD,,,Company,1,1,,Unknown (no address in register),service,0/1,MVRL60813
single_site_company,Shree Venkateshwara Pty Ltd,,,Company,1,1,,Capital Region,service,0/1,MVRL56402
single_site_company,SI019 Pty Ltd,,,Company,1,1,,Newcastle,service,0/1,MVRL52125
single_site_company,Sid's Automotive Pty Ltd,,,Company,1,1,,Sydney,service,0/1,MVRL41002
single_site_company,Sidhu Alignment Services Pty Ltd,,,Company,1,1,,Sydney,service,0/1,MVRL59750
single_site_company,Sigeris Pty Ltd,,,Company,1,1,,Central West,service,0/1,MVRL46082
single_site_company,Silky Oak Pty Ltd,,,Company,1,1,,Sydney,service,0/1,MVRL26357
single_site_company,Silver Auto Servicing Specialist Pty Ltd,,,Company,1,1,,Sydney,service,0/1,MVRL63406
single_site_company,SILVER LINING AUTOMOTIVE PTY LTD,,,Company,1,1,,Sydney,service,0/1,MVRL55186
single_site_company,SILVER SPANNER AUTOMOTIVE PTY LTD,,,Company,1,1,,Unknown (no address in register),service,0/1,MVRL61985
single_site_company,SILVER STAR SERVICE CENTRE PTY LTD,,,Company,1,1,,Sydney,service,0/1,MVRL62982
single_site_company,Silverdale AutoCare Pty Ltd,,,Company,1,1,,Sydney,service,0/1,MVRL42613
single_site_company,Silverstar Mechanical Pty Ltd,,,Company,1,1,,Southern Highlands / Shoalhaven,service,0/1,MVRL57027
single_site_company,Simba Service Centre Pty Ltd,,,Company,1,1,,Mid North Coast,service,0/1,MVRL54604
single_site_company,Simons Automotive Pty Ltd,,,Company,1,1,,Sydney,service,0/1,MVRL53209
single_site_company,Sin Jin Ryde Motors Pty Ltd,,,Company,1,1,,Sydney,service,0/1,MVRL59396
single_site_company,Singh Auto Pty Ltd,,,Company,1,1,,Sydney,service,0/1,MVRL52480
single_site_company,Singh Mechanical & LPG Repairs Pty Ltd,,,Company,1,1,,Sydney,service,0/1,MVRL53318
single_site_company,Singleton Motors Pty Ltd,,,Company,1,1,,Sydney,service,0/1,MVRL45123
single_site_company,SIONE AND SONS PTY LTD,,,Company,1,1,,Mid North Coast,service,0/1,MVRL59658
single_site_company,SJM AUTOCARE PTY LTD,,,Company,1,1,,Unknown (no address in register),service,0/1,MVRL63018
single_site_company,SKAZA'S AUTOMOTIVE REPAIRS PTY LTD,,,Company,1,1,,Newcastle,service,0/1,MVRL52970
single_site_company,Skids Mechanical Services Pty Ltd,,,Company,1,1,,Riverina,service,0/1,MVRL62603
single_site_company,SKY STONE REPAIRS PTY LTD,,,Company,1,1,,Unknown (no address in register),service,0/1,MVRL63654
single_site_company,SKYLARK MOTOR WORKS PTY LTD,,,Company,1,1,,Sydney,service,0/1,MVRL63221
single_site_company,SKYLINE AUTO CLUB PTY. LTD,,,Company,1,1,,Sydney,service,0/1,MVRL63532
single_site_company,Slievrue Pty Ltd,,,Company,1,1,,Illawarra,service,0/1,MVRL18167
single_site_company,SLS Mechanical Services Pty Ltd,,,Company,1,1,,Central West,service,0/1,MVRL55920
single_site_company,Sman Pty Ltd,,,Company,1,1,,Capital Region,service,0/1,MVRL51244
single_site_company,SMART CHOICE MECHANICAL REPAIRS PTY LTD,,,Company,1,1,,Sydney,service,0/1,MVRL56445
single_site_company,Smart Repair Australia Pty Ltd,,,Company,1,1,,Sydney,service,0/1,MVRL45039
single_site_company,SMART TORQUE AUTOMOTIVE PTY LTD,,,Company,1,1,,Hunter,service,0/1,MVRL59169
single_site_company,Smiffa's Mechanical Pty Ltd,,,Company,1,1,,Unknown (no address in register),service,0/1,MVRL61022
single_site_company,SMILE AUTO CARE PTY LTD,,,Company,1,1,,Sydney,service,0/1,MVRL57525
single_site_company,Smith Automotive Services Pty Ltd,,,Company,1,1,,Sydney,service,0/1,MVRL55361
single_site_company,SMITH STREET AUTOMOTIVE PTY LTD,,,Company,1,1,,Sydney,service,0/1,MVRL62329
single_site_company,Smith's Auto Centre (Gundagai) Pty Ltd,,,Company,1,1,,Riverina,service,0/1,MVRL61654
single_site_company,Smithfield Diff & Gearbox Specialist Pty Ltd,,,Company,1,1,,Sydney,service,0/1,MVRL10903
single_site_company,Smiths Motor Garage Pty Ltd,,,Company,1,1,,Riverina,service,0/1,MVRL58912
single_site_company,SMK AUTOMOTIVE PTY LTD,,,Company,1,1,,Unknown (no address in register),service,0/1,MVRL64388
single_site_company,SN JOSHI PTY LTD,,,Company,1,1,,Capital Region,service,0/1,MVRL55239
single_site_company,Snojen Pty Ltd,,,Company,1,1,,Riverina,service,0/1,MVRL35264
single_site_company,Snowy Gaming Services Pty Ltd,,,Company,1,1,,Unknown (no address in register),service,0/1,MVRL59184
single_site_company,Snowy Mountains Mechanical Pty Ltd,,,Company,1,1,,Capital Region,service,0/1,MVRL58375
single_site_company,SOC AUTO PTY LIMITED,,,Company,1,1,,Sydney,service,0/1,MVRL61853
single_site_company,Something Mechanical Pty Ltd,,,Company,1,1,,Sydney,service,0/1,MVRL59697
single_site_company,Soneex Pty Ltd,,,Company,1,1,,Sydney,service,0/1,MVRL45451
single_site_company,Sonic Autos Matraville Pty Ltd,,,Company,1,1,,Sydney,service,0/1,MVRL63135
single_site_company,South Bexley Service Centre Pty Ltd,,,Company,1,1,,Sydney,service,0/1,MVRL51233
single_site_company,South Coast Radiator Services Pty Ltd,,,Company,1,1,,Illawarra,service,0/1,MVRL35492
single_site_company,South Coast Road Service Pty Ltd,,,Company,1,1,,Unknown (no address in register),service,0/1,MVRL60698
single_site_company,South East Motors Pty Limited,,,Company,1,1,,Sydney,service,0/1,MVRL64397
single_site_company,South Star Car Service Centre Pty Ltd,,,Company,1,1,,Sydney,service,0/1,MVRL59551
single_site_company,South West Mechanical Repairs Pty Ltd,,,Company,1,1,,Sydney,service,0/1,MVRL47632
single_site_company,Southern Highlands Automotive Pty Ltd,,,Company,1,1,,Southern Highlands / Shoalhaven,service,0/1,MVRL64394
single_site_company,Southern Highlands Motors Pty Ltd,,,Company,1,1,,Southern Highlands / Shoalhaven,service,0/1,MVRL45719
single_site_company,Southern Motor Works Pty Limited,,,Company,1,1,,Southern Highlands / Shoalhaven,service,0/1,MVRL63508
single_site_company,Southern Sydney Mechanical Pty Ltd,,,Company,1,1,,Sydney,service,0/1,MVRL54237
single_site_company,Southwest 60 Mechanical Pty Ltd,,,Company,1,1,,Sydney,service,0/1,MVRL62369
single_site_company,SP Mechanical Pty Ltd,,,Company,1,1,,Sydney,service,0/1,MVRL60016
single_site_company,Spackman Auto Centre Pty Ltd,,,Company,1,1,,Central Coast,service,0/1,MVRL44509
single_site_company,Spackman Motors Pty Ltd,,,Company,1,1,,Central West,service,0/1,MVRL17786
single_site_company,Spaner Industries Pty Ltd,,,Company,1,1,,Sydney,service,0/1,MVRL59454
single_site_company,SPARKS MECHANICAL PTY LTD,,,Company,1,1,,Unknown (no address in register),service,0/1,MVRL63171
single_site_company,Specialised Automotive Pty Ltd,,,Company,1,1,,Capital Region,service,0/1,MVRL56136
single_site_company,Speedy Auto Centre Pty Ltd,,,Company,1,1,,Sydney,service,0/1,MVRL53733
single_site_company,Speedy Auto Repairs Pty Ltd,,,Company,1,1,,Sydney,service,0/1,MVRL54517
single_site_company,Speer Automotives Pty Ltd,,,Company,1,1,,Southern Highlands / Shoalhaven,service,0/1,MVRL44511
single_site_company,SPINNING X AUTO PTY LTD,,,Company,1,1,,Sydney,service,0/1,MVRL59703
single_site_company,SPIRITEL HOLDINGS PTY LTD,,,Company,1,1,,Sydney,service,0/1,MVRL57903
single_site_company,Springwood Car Care Pty Ltd,,,Company,1,1,,Sydney,service,0/1,MVRL30572
single_site_company,SRA CORPORATION PTY LTD,,,Company,1,1,,Sydney,service,0/1,MVRL63706
single_site_company,SS Autocare Syd Pty Ltd,,,Company,1,1,,Sydney,service,0/1,MVRL61729
single_site_company,ST Auto Repair Pty Ltd,,,Company,1,1,,Sydney,service,0/1,MVRL60945
single_site_company,ST. JOHN'S AUTOMOTIVES PTY LTD,,,Company,1,1,,Sydney,service,0/1,MVRL63238
single_site_company,Stanarzo Pty Ltd,,,Company,1,1,,Sydney,service,0/1,MVRL10543
single_site_company,Star Automotive Repairs Pty Ltd,,,Company,1,1,,Sydney,service,0/1,MVRL49584
single_site_company,Stasi Automotive Repairers Pty Ltd,,,Company,1,1,,Sydney,service,0/1,MVRL49405
single_site_company,STEEL MECHANICS PTY LTD,,,Company,1,1,,Sydney,service,0/1,MVRL55938
single_site_company,STEPHENSON'S AUTOS PTY LTD,,,Company,1,1,,Central West,service,0/1,MVRL64329
single_site_company,Stepup Trading Pty Ltd,,,Company,1,1,,Sydney,service,0/1,MVRL62640
single_site_company,Steve's Auto Group Pty Ltd,,,Company,1,1,,Sydney,service,0/1,MVRL13152
single_site_company,STEVE'S MD AUTOMOTIVE PTY LTD,,,Company,1,1,,Murray,service,0/1,MVRL63162
single_site_company,STEVE'S SERVICE CENTRE PTY LTD,,,Company,1,1,,Murray,service,0/1,MVRL59586
single_site_company,Steven Gray Pty Ltd,,,Company,1,1,,Newcastle,service,0/1,MVRL51853
single_site_company,Stevens & Brennan Automotive Services Pty Ltd,,,Company,1,1,,Unknown (no address in register),service,0/1,MVRL2137
single_site_company,Stewart Follows Automotive Pty Ltd,,,Company,1,1,,Sydney,service,0/1,MVRL31479
single_site_company,Stewarts Automotive Services Pty Ltd,,,Company,1,1,,Murray,service,0/1,MVRL44080
single_site_company,STG AUTOMOTIVE PTY LTD,,,Company,1,1,,Sydney,service,0/1,MVRL62895
single_site_company,Stirtons Automotive Services Pty Ltd,,,Company,1,1,,Sydney,service,0/1,MVRL26519
single_site_company,Stitch's Automotive Pty Ltd,,,Company,1,1,,Newcastle,service,0/1,MVRL61506
single_site_company,Stopmaster Brake Service Pty Ltd,,,Company,1,1,,Newcastle,service,0/1,MVRL30405
single_site_company,Strathfield Autobody Mechanical Pty Ltd,,,Company,1,1,,Sydney,service,0/1,MVRL54924
single_site_company,STREETING AUTOMOTIVE PTY LTD,,,Company,1,1,,Sydney,service,0/1,MVRL63410
single_site_company,Strictly Automotive Pty Ltd,,,Company,1,1,,Sydney,service,0/1,MVRL28245
single_site_company,Strictly Mechanics Pty Ltd,,,Company,1,1,,Southern Highlands / Shoalhaven,service,0/1,MVRL45447
single_site_company,Stubbs Street Auto Brokers Pty Ltd,,,Company,1,1,,Sydney,service,0/1,MVRL62238
single_site_company,Sudvan Pty Ltd,,,Company,1,1,,Coffs Harbour - Grafton,service,0/1,MVRL26140
single_site_company,Sultans Automotive Repairs Pty Ltd,,,Company,1,1,,Sydney,service,0/1,MVRL22305
single_site_company,Summit Mechanical & Suspension Pty Ltd,,,Company,1,1,,Unknown (no address in register),service,0/1,MVRL63140
single_site_company,Sun Auto Group Pty Ltd,,,Company,1,1,,Sydney,service,0/1,MVRL62303
single_site_company,Super Auto Care National Pty Ltd,,,Company,1,1,,Capital Region,service,0/1,MVRL60822
single_site_company,Superior Automotive Services Pty Ltd,,,Company,1,1,,Sydney,service,0/1,MVRL29082
single_site_company,Superior Radiator Repairs Pty Ltd,,,Company,1,1,,Sydney,service,0/1,MVRL60576
single_site_company,Supreme Auto Services Pty Ltd,,,Company,1,1,,Sydney,service,0/1,MVRL60935
single_site_company,SUPREME AUTO SOLUTIONS PTY LTD,,,Company,1,1,,Sydney,service,0/1,MVRL64182
single_site_company,SUSTAINABLE REPAIR GROUP PTY LTD,,,Company,1,1,,Unknown (no address in register),service,0/1,MVRL61012
single_site_company,Suttons Motors Chullora Pty Ltd,,,Company,1,1,,Sydney,service,0/1,MVRL6026
single_site_company,Suttons Motors Homebush Pty Ltd,,,Company,1,1,,Sydney,service,0/1,MVRL4353
single_site_company,SUTTOS AUTOMOTIVE PTY LTD,,,Company,1,1,,Newcastle,service,0/1,MVRL63703
single_site_company,SVL MECHANICAL PTY LTD,,,Company,1,1,,Sydney,service,0/1,MVRL57355
single_site_company,Sydeny Eco Tuning Pty Ltd,,,Company,1,1,,Unknown (no address in register),service,0/1,MVRL61876
single_site_company,Sydney Automatic Transmission Specialists Pty Ltd,,,Company,1,1,,Sydney,service,0/1,MVRL64251
single_site_company,Sydney CFR Auto Service Pty Ltd,,,Company,1,1,,Sydney,service,0/1,MVRL63675
single_site_company,Sydney City Motor Repairs Pty Ltd,,,Company,1,1,,Sydney,service,0/1,MVRL50096
single_site_company,Sydney Clutch & Brake Exchange Pty Ltd,,,Company,1,1,,Sydney,service,0/1,MVRL12577
single_site_company,Sydney Mechanical Repairs Pty Ltd,,,Company,1,1,,Sydney,service,0/1,MVRL58716
single_site_company,Sydney North Shore Automotive Pty Ltd,,,Company,1,1,,Sydney,service,0/1,MVRL53133
single_site_company,SYDNEY ROAD MECHANICAL SPECIALIST PTY LTD,,,Company,1,1,,Hunter,service,0/1,MVRL64181
single_site_company,SYDNEY WIDE AUTO SERVICES PTY LTD,,,Company,1,1,,Unknown (no address in register),service,0/1,MVRL57755
single_site_company,Sydney Wide European Autos Pty Limited,,,Company,1,1,,Sydney,service,0/1,MVRL29893
single_site_company,SYDNEY'S BEST BRAKES AND STEERING SPECIALIST PTY LTD,,,Company,1,1,,Sydney,service,0/1,MVRL59782
single_site_company,Sydwide Scrap Car Removal Pty Ltd,,,Company,1,1,,Sydney,service,0/1,MVRL60525
single_site_company,T & C Motor Repairs Pty Ltd,,,Company,1,1,,Sydney,service,0/1,MVRL33070
single_site_company,T & D Autobody Repairs Pty Ltd,,,Company,1,1,,Sydney,service,0/1,MVRL46755
single_site_company,T & E MECHANICAL PTY LTD,,,Company,1,1,,Riverina,service,0/1,MVRL62059
single_site_company,T & M Anderson Pty Ltd,,,Company,1,1,,Southern Highlands / Shoalhaven,service,0/1,MVRL51012
single_site_company,T & S Automotive Repairs Pty Ltd,,,Company,1,1,,New England / North West,service,0/1,MVRL60387
single_site_company,T Johnstone Motors Pty Ltd,,,Company,1,1,,Coffs Harbour - Grafton,service,0/1,MVRL25190
single_site_company,T K Motors Pty Ltd,,,Company,1,1,,Southern Highlands / Shoalhaven,service,0/1,MVRL43266
single_site_company,T&A Mechanical Services Pty Ltd,,,Company,1,1,,Far West / Orana,service,0/1,MVRL53789
single_site_company,T&T REPAIRS PTY LTD,,,Company,1,1,,Unknown (no address in register),service,0/1,MVRL62505
single_site_company,T&T WORKS PTY LTD,,,Company,1,1,,Sydney,service,0/1,MVRL53451
single_site_company,T-Speed Mech Pty Ltd,,,Company,1,1,,Sydney,service,0/1,MVRL64224
single_site_company,TAG Automotive Pty Ltd,,,Company,1,1,,Sydney,service,0/1,MVRL35185
single_site_company,Taha Automotive Repairs Pty Ltd,,,Company,1,1,,Sydney,service,0/1,MVRL52365
single_site_company,TAK CONSULTING SERVICES PTY LTD,,,Company,1,1,,Sydney,service,0/1,MVRL63066
single_site_company,Tams Auto Care Pty Ltd,,,Company,1,1,,Sydney,service,0/1,MVRL39297
single_site_company,TAMWORTH AUTOMOTIVE SERVICES PTY LTD,,,Company,1,1,,New England / North West,service,0/1,MVRL57707
single_site_company,Tapit Pty Ltd,,,Company,1,1,,Sydney,service,0/1,MVRL54200
single_site_company,Target Automotive Pty Ltd,,,Company,1,1,,Sydney,service,0/1,MVRL59287
single_site_company,Taurus Innovative Solutions Pty Ltd,,,Company,1,1,,Sydney,service,0/1,MVRL57303
single_site_company,Tauto Holdings Pty Ltd,,,Company,1,1,,Mid North Coast,service,0/1,MVRL63996
single_site_company,TBK Mechanical Pty Ltd,,,Company,1,1,,Unknown (no address in register),service,0/1,MVRL61235
single_site_company,TCMC Holdings Pty Ltd,,,Company,1,1,,Sydney,service,0/1,MVRL49504
single_site_company,TCR Automotives Pty Ltd,,,Company,1,1,,Sydney,service,0/1,MVRL51661
single_site_company,TDR Mechanical Pty Ltd,,,Company,1,1,,New England / North West,service,0/1,MVRL63511
single_site_company,Techtune Automotive Services Pty Ltd,,,Company,1,1,,Sydney,service,0/1,MVRL59636
single_site_company,Teralba Automotive Pty Ltd,,,Company,1,1,,Newcastle,service,0/1,MVRL52021
single_site_company,Terrences Automotive Repairs Pty Ltd,,,Company,1,1,,Riverina,service,0/1,MVRL56919
single_site_company,Terry Motors Pty Ltd,,,Company,1,1,,Far West / Orana,service,0/1,MVRL14623
single_site_company,TEST MECHANICAL PTY LTD,,,Company,1,1,,Mid North Coast,service,0/1,MVRL63607
single_site_company,TG Automotive Pty Ltd,,,Company,1,1,,Sydney,service,0/1,MVRL59025
single_site_company,TGM CORP PTY LTD,,,Company,1,1,,Sydney,service,0/1,MVRL55866
single_site_company,THE CAR DOCTOR AUTOMOTIVE PTY LTD,,,Company,1,1,,Sydney,service,0/1,MVRL57899
single_site_company,The Complete Automotive Centre Pty Ltd,,,Company,1,1,,Sydney,service,0/1,MVRL54022
single_site_company,The Hills Prestige Car Repairs Pty Ltd,,,Company,1,1,,Sydney,service,0/1,MVRL16166
single_site_company,The Hunter Valley Mechanical Company Pty Ltd,,,Company,1,1,,Hunter,service,0/1,MVRL64281
single_site_company,The Mechanic's Albury Pty Ltd,,,Company,1,1,,Murray,service,0/1,MVRL61442
single_site_company,The Motor Car Workshop Pty Ltd,,,Company,1,1,,Central West,service,0/1,MVRL16663
single_site_company,THE PUDMAN ST. GARAGE PTY LIMITED,,,Company,1,1,,Capital Region,service,0/1,MVRL57430
single_site_company,The Scooter Den Pty Ltd,,,Company,1,1,,Sydney,service,0/1,MVRL50179
single_site_company,The Service Centre East Maitland Pty Ltd,,,Company,1,1,,Newcastle,service,0/1,MVRL59202
single_site_company,THE SERVICE CENTRE THORNTON PTY LIMITED,,,Company,1,1,,Newcastle,service,0/1,MVRL57187
single_site_company,The Toy Shop Automotive Imports Pty Ltd,,,Company,1,1,,Newcastle,service,0/1,MVRL53408
single_site_company,The Trans Residence Pty Ltd,,,Company,1,1,,Sydney,service,0/1,MVRL62605
single_site_company,The Workshop Automotive Repair Pty Ltd,,,Company,1,1,,Unknown (no address in register),service,0/1,MVRL59885
single_site_company,Thirlmere Auto Port Pty Ltd,,,Company,1,1,,Sydney,service,0/1,MVRL47004
single_site_company,THIRROUL AUTOMOTIVE SERVICES PTY LTD,,,Company,1,1,,Illawarra,service,0/1,MVRL56708
single_site_company,Thirroul Service Station Pty Ltd,,,Company,1,1,,Illawarra,service,0/1,MVRL3846
single_site_company,THOMAS BRAKE AND CLUTCH SERVICES PTY LTD,,,Company,1,1,,Sydney,service,0/1,MVRL59783
single_site_company,Thomas Mechanical Pty Ltd,,,Company,1,1,,Unknown (no address in register),service,0/1,MVRL55559
single_site_company,Thomsen Automotive Pty Ltd,,,Company,1,1,,Hunter,service,0/1,MVRL61001
single_site_company,THORNTON INDUSTRIES PTY LTD,,,Company,1,1,,Northern Rivers,service,0/1,MVRL60781
single_site_company,THP AUTOMOTIVE GRANVILLE PTY LTD,,,Company,1,1,,Sydney,service,0/1,MVRL61053
single_site_company,TI AUTOMOTIVE PTY LIMITED,,,Company,1,1,,Illawarra,service,0/1,MVRL62770
single_site_company,Tibors Solutions Pty Ltd,,,Company,1,1,,Sydney,service,0/1,MVRL61973
single_site_company,Tic  Automotive Services Pty Ltd,,,Company,1,1,,Illawarra,service,0/1,MVRL50955
single_site_company,TIFOSI GARAGE PTY LTD,,,Company,1,1,,Sydney,service,0/1,MVRL64220
single_site_company,Times Attack Auto Pty Ltd,,,Company,1,1,,Unknown (no address in register),service,0/1,MVRL63475
single_site_company,TIMES AUTOMOTIVE PTY LTD,,,Company,1,1,,Sydney,service,0/1,MVRL60478
single_site_company,Titan Auto Maintenance Pty Ltd,,,Company,1,1,,Newcastle,service,0/1,MVRL54428
single_site_company,TJC Mechanical Solutions Pty Ltd,,,Company,1,1,,Mid North Coast,service,0/1,MVRL63015
single_site_company,TJW AUTOMOTIVE SERVICES PTY LTD,,,Company,1,1,,Sydney,service,0/1,MVRL57076
single_site_company,TK Group Pty Ltd,,,Company,1,1,,Sydney,service,0/1,MVRL51076
single_site_company,TKM AUTOMOTIVE SERVICES PTY LTD,,,Company,1,1,,Sydney,service,0/1,MVRL61310
single_site_company,TKM Services Pty Ltd,,,Company,1,1,,Sydney,service,0/1,MVRL55365
single_site_company,TME SERVICES PTY LTD,,,Company,1,1,,Far West / Orana,service,0/1,MVRL60616
single_site_company,TNB AUTOHAUS PTY LTD,,,Company,1,1,,Sydney,service,0/1,MVRL59329
single_site_company,TNT AUTO PTY LTD,,,Company,1,1,,Mid North Coast,service,0/1,MVRL63442
single_site_company,Tntmotive Pty Ltd,,,Company,1,1,,Illawarra,service,0/1,MVRL61298
single_site_company,Todaro Prestige Auto Services Pty Ltd,,,Company,1,1,,Unknown (no address in register),service,0/1,MVRL43756
single_site_company,TOM HARDWICK AUTOMOTIVE PTY LTD,,,Company,1,1,,Sydney,service,0/1,MVRL59304
single_site_company,Tom Kendall Mechanical Repairs Pty Ltd,,,Company,1,1,,Coffs Harbour - Grafton,service,0/1,MVRL45900
single_site_company,Tom Moss Auto Repairs Pty Ltd,,,Company,1,1,,Sydney,service,0/1,MVRL1391
single_site_company,Tom's Automotive Services Pty Ltd,,,Company,1,1,,Sydney,service,0/1,MVRL48634
single_site_company,Tommys Garage Pty Ltd,,,Company,1,1,,Sydney,service,0/1,MVRL61099
single_site_company,Tomshar Mechanical Repairs Pty Ltd,,,Company,1,1,,Sydney,service,0/1,MVRL33215
single_site_company,Tony & Tony Pty Ltd,,,Company,1,1,,Sydney,service,0/1,MVRL43681
single_site_company,Tony Darragh's Workshop Pty Ltd,,,Company,1,1,,Northern Rivers,service,0/1,MVRL60965
single_site_company,Tony McLaughlan Mechanical Pty Ltd,,,Company,1,1,,Unknown (no address in register),service,0/1,MVRL18619
single_site_company,Tony Nelson Motors Pty Ltd,,,Company,1,1,,Sydney,service,0/1,MVRL43792
single_site_company,Tony's Service Centre Brookvale Pty Ltd,,,Company,1,1,,Sydney,service,0/1,MVRL49169
single_site_company,Tonys Auto Repair Service Pty Ltd,,,Company,1,1,,Sydney,service,0/1,MVRL56343
single_site_company,Toomey's Mechanical Service Pty Ltd,,,Company,1,1,,Unknown (no address in register),service,0/1,MVRL59880
single_site_company,TOP CAR SERVICE PTY LTD,,,Company,1,1,,Unknown (no address in register),service,0/1,MVRL63957
single_site_company,TOP CLASS AUTO GROUP PTY LTD,,,Company,1,1,,Sydney,service,0/1,MVRL59246
single_site_company,TOP DEAD CENTRE MECHANICAL PTY LTD,,,Company,1,1,,Unknown (no address in register),service,0/1,MVRL60764
single_site_company,Top Marques Automotive Pty Ltd,,,Company,1,1,,Sydney,service,0/1,MVRL36727
single_site_company,Top One Crew Pty Ltd,,,Company,1,1,,Sydney,service,0/1,MVRL48144
single_site_company,Top Tech Automotive Pty Ltd,,,Company,1,1,,Sydney,service,0/1,MVRL55899
single_site_company,Top Tune Automotive Mosman Pty Ltd,,,Company,1,1,,Sydney,service,0/1,MVRL63169
single_site_company,Toppardi Enterprises Pty Ltd,,,Company,1,1,,Illawarra,service,0/1,MVRL54112
single_site_company,Toram G Pty Ltd,,,Company,1,1,,Sydney,service,0/1,MVRL41071
single_site_company,Toronto Brake & Clutch Pty Ltd,,,Company,1,1,,Newcastle,service,0/1,MVRL51977
single_site_company,Toskas Auto Centre Pty Ltd,,,Company,1,1,,Sydney,service,0/1,MVRL19839
single_site_company,Total Mechanical Service Pty Ltd,,,Company,1,1,,Sydney,service,0/1,MVRL11375
single_site_company,Touma Group Pty Ltd,,,Company,1,1,,Sydney,service,0/1,MVRL60422
single_site_company,TP & VT Waterhouse Pty. Ltd.,,,Company,1,1,,New England / North West,service,0/1,MVRL63205
single_site_company,Tracquip Pty Ltd,,,Company,1,1,,Riverina,service,0/1,MVRL14490
single_site_company,Tracside Automotive Pty Ltd,,,Company,1,1,,Newcastle,service,0/1,MVRL63666
single_site_company,TRANSITION AUTOMOTIVE PTY LTD,,,Company,1,1,,Illawarra,service,0/1,MVRL57164
single_site_company,Transmission Medic Pty Ltd,,,Company,1,1,,Sydney,service,0/1,MVRL55755
single_site_company,Transmission Solutions Pty Ltd,,,Company,1,1,,Newcastle,service,0/1,MVRL61130
single_site_company,TREMBATH MECHANICAL PTY LTD,,,Company,1,1,,Riverina,service,0/1,MVRL61642
single_site_company,TRG Automotive Pty Ltd,,,Company,1,1,,Newcastle,service,0/1,MVRL48479
single_site_company,Triggs Investments Pty Ltd,,,Company,1,1,,Newcastle,service,0/1,MVRL27049
single_site_company,Trooper Lu's Garage Pty Ltd,,,Company,1,1,,Sydney,service,0/1,MVRL54122
single_site_company,TRP Mechanical Pty Ltd,,,Company,1,1,,Unknown (no address in register),service,0/1,MVRL56901
single_site_company,TRT ENTERPRISES PTY LTD,,,Company,1,1,,Sydney,service,0/1,MVRL64203
single_site_company,True Torque Automotive Pty Ltd,,,Company,1,1,,Unknown (no address in register),service,0/1,MVRL63469
single_site_company,True Torque Mechanical Pty Ltd,,,Company,1,1,,Southern Highlands / Shoalhaven,service,0/1,MVRL62411
single_site_company,TT AUTOCARE PTY LTD,,,Company,1,1,,Sydney,service,0/1,MVRL58610
single_site_company,Tuggerah Mechanical Services Pty Ltd,,,Company,1,1,,Newcastle,service,0/1,MVRL55091
single_site_company,Tune Torque Pty Ltd,,,Company,1,1,,Murray,service,0/1,MVRL54311
single_site_company,TUNE WORKS NEWCASTLE PTY LTD,,,Company,1,1,,Mid North Coast,service,0/1,MVRL56289
single_site_company,Turkoz Automotive Pty Ltd,,,Company,1,1,,Sydney,service,0/1,MVRL54673
single_site_company,Tweed Coast Motors Pty Ltd,,,Company,1,1,,Northern Rivers,service,0/1,MVRL54108
single_site_company,Twisted Spanners Automotive Services Pty Ltd,,,Company,1,1,,Sydney,service,0/1,MVRL54515
single_site_company,Tyson Zeidler Automotive Excellence Pty Ltd,,,Company,1,1,,Illawarra,service,0/1,MVRL60743
single_site_company,Tytann Pty Ltd,,,Company,1,1,,Newcastle,service,0/1,MVRL55669
single_site_company,ULLADULLA SERVICE CENTRE PTY LTD,,,Company,1,1,,Southern Highlands / Shoalhaven,service,0/1,MVRL61291
single_site_company,Ultimate Automotive Garage Pty Ltd,,,Company,1,1,,Sydney,service,0/1,MVRL52207
single_site_company,Ultimate Automotives Sydney Pty Ltd,,,Company,1,1,,Sydney,service,0/1,MVRL60603
single_site_company,Ultra Automotive Pty Ltd,,,Company,1,1,,Sydney,service,0/1,MVRL56719
single_site_company,UNITED AJ PTY LTD,,,Company,1,1,,Sydney,service,0/1,MVRL55232
single_site_company,United Automotive Pty Ltd,,,Company,1,1,,Sydney,service,0/1,MVRL54874
single_site_company,Unity Auto Services Pty Ltd,,,Company,1,1,,Sydney,service,0/1,MVRL53200
single_site_company,Universal Motors Group Pty Ltd,,,Company,1,1,,Sydney,service,0/1,MVRL53342
single_site_company,UNLIMITED AUTOMOTIVE PTY LTD,,,Company,1,1,,Unknown (no address in register),service,0/1,MVRL63203
single_site_company,V & G Motor Mechanic Repairs Pty Ltd,,,Company,1,1,,Sydney,service,0/1,MVRL38570
single_site_company,V. & M. Automotive Pty Ltd,,,Company,1,1,,Sydney,service,0/1,MVRL47911
single_site_company,Vallas Group Pty Ltd,,,Company,1,1,,Sydney,service,0/1,MVRL46098
single_site_company,Valley Service & Repairs Pty Ltd,,,Company,1,1,,Hunter,service,0/1,MVRL53095
single_site_company,VALLEY VIEW AUTOMOTIVE PTY LTD,,,Company,1,1,,Northern Rivers,service,0/1,MVRL63960
single_site_company,VAR AUTOMOTIVE EAST PTY LTD,,,Company,1,1,,Sydney,service,0/1,MVRL62044
single_site_company,VAR Automotive North Pty Ltd,,,Company,1,1,,Sydney,service,0/1,MVRL61112
single_site_company,VARIETY SUPPLIES PTY LTD,,,Company,1,1,,Sydney,service,0/1,MVRL64310
single_site_company,VAWSER MOTORS PTY LTD,,,Company,1,1,,Sydney,service,0/1,MVRL59858
single_site_company,Vee-Mech Services Pty Ltd,,,Company,1,1,,Sydney,service,0/1,MVRL49279
single_site_company,Vegcam Pty Ltd,,,Company,1,1,,Southern Highlands / Shoalhaven,service,0/1,MVRL61048
single_site_company,Vehicle Maintenance Services Pty Ltd,,,Company,1,1,,New England / North West,service,0/1,MVRL48404
single_site_company,Vehicle Preparation Service Pty Ltd,,,Company,1,1,,Sydney,service,0/1,MVRL34967
single_site_company,VEHICLE REPAIRHUB PTY LIMITED,,,Company,1,1,,Sydney,service,0/1,MVRL56628
single_site_company,Vehtech Pty Ltd,,,Company,1,1,,Newcastle,service,0/1,MVRL50616
single_site_company,Velcress Pty Ltd,,,Company,1,1,,Far West / Orana,service,0/1,MVRL31978
single_site_company,VIAAN AUSTRALIA PTY LTD,,,Company,1,1,,Newcastle,service,0/1,MVRL61465
single_site_company,Vidlers Automotive Industries Pty Ltd,,,Company,1,1,,Riverina,service,0/1,MVRL62906
single_site_company,Vikim Pty Ltd,,,Company,1,1,,Sydney,service,0/1,MVRL1506
single_site_company,Vim Tech Automotive Engineers Pty Ltd,,,Company,1,1,,Sydney,service,0/1,MVRL39977
single_site_company,Vince Williams Mechanical Repairs Pty Ltd,,,Company,1,1,,Illawarra,service,0/1,MVRL58083
single_site_company,Vinckx Mechanical Pty Ltd,,,Company,1,1,,Unknown (no address in register),service,0/1,MVRL62964
single_site_company,VIP Auto Repairs Australia Pty Ltd,,,Company,1,1,,Sydney,service,0/1,MVRL55102
single_site_company,Volks Mechanical Pty Ltd,,,Company,1,1,,Sydney,service,0/1,MVRL59063
single_site_company,VTT Investments Co Pty Ltd,,,Company,1,1,,Sydney,service,0/1,MVRL53008
single_site_company,VVG Services NSW Pty Ltd,,,Company,1,1,,Sydney,service,0/1,MVRL58865
single_site_company,W E Simmons Pty Ltd,,,Company,1,1,,Northern Rivers,service,0/1,MVRL8418
single_site_company,W.A. & K.E. Vardanega Mechanical Repairs Pty Limited,,,Company,1,1,,Central West,service,0/1,MVRL52877
single_site_company,WAE (NSW) PTY LTD,,,Company,1,1,,Illawarra,service,0/1,MVRL63661
single_site_company,Wagga Auto Group Pty Ltd,,,Company,1,1,,Riverina,service,0/1,MVRL57994
single_site_company,Wagga City Auto Centre Pty Ltd,,,Company,1,1,,Riverina,service,0/1,MVRL61170
single_site_company,Wagga Motors Pty Ltd,,,Company,1,1,,Riverina,service,0/1,MVRL52901
single_site_company,Wairua Holdings Pty Ltd,,,Company,1,1,,New England / North West,service,0/1,MVRL28091
single_site_company,Walker Automotive Services Pty Ltd,,,Company,1,1,,Sydney,service,0/1,MVRL34929
single_site_company,Wallsend Automotive Pty Ltd,,,Company,1,1,,Newcastle,service,0/1,MVRL35548
single_site_company,Wally Armstrong Automotive Services Pty Ltd,,,Company,1,1,,Central Coast,service,0/1,MVRL61962
single_site_company,Ward Motors (Griffith) Pty Ltd,,,Company,1,1,,Riverina,service,0/1,MVRL3047
single_site_company,WARD'S AUTO SUPPLIES PTY LTD,,,Company,1,1,,New England / North West,service,0/1,MVRL59076
single_site_company,WARNERS BAY MECHANICAL PTY LTD,,,Company,1,1,,Newcastle,service,0/1,MVRL61275
single_site_company,Warriewood Automotive Services Pty Ltd,,,Company,1,1,,Sydney,service,0/1,MVRL40837
single_site_company,WATCH INVESTMENTS PTY LTD,,,Company,1,1,,Sydney,service,0/1,MVRL63622
single_site_company,WATERS ENTERPRISES PTY LTD,,,Company,1,1,,Hunter,service,0/1,MVRL59398
single_site_company,Waters Mechanical Repairs Pty Ltd,,,Company,1,1,,Hunter,service,0/1,MVRL52561
single_site_company,Watton Mechanical Pty Ltd,,,Company,1,1,,Sydney,service,0/1,MVRL54104
single_site_company,Wayne Baxters Workshop Pty Ltd,,,Company,1,1,,Newcastle,service,0/1,MVRL54248
single_site_company,WCAE PTY LTD,,,Company,1,1,,Central West,service,0/1,MVRL59173
single_site_company,WEBSPEC PTY LTD,,,Company,1,1,,Northern Rivers,service,0/1,MVRL55608
single_site_company,WEBSTERS MECHANICAL PTY LTD,,,Company,1,1,,Sydney,service,0/1,MVRL59322
single_site_company,Weller Automotive Pty Ltd,,,Company,1,1,,Sydney,service,0/1,MVRL27808
single_site_company,Wes Ellis Automotive Pty Ltd,,,Company,1,1,,Unknown (no address in register),service,0/1,MVRL49807
single_site_company,WEST AUTOSHOP AND REPAIRS PTY LTD,,,Company,1,1,,Sydney,service,0/1,MVRL62766
single_site_company,West Cowra Auto Pty Ltd,,,Company,1,1,,Central West,service,0/1,MVRL53241
single_site_company,WEST GOSFORD MECHANICAL PTY LTD,,,Company,1,1,,Sydney,service,0/1,MVRL64211
single_site_company,West Trans Service (NSW) Pty Ltd,,,Company,1,1,,Sydney,service,0/1,MVRL50706
single_site_company,West Wyalong Service & Repairs Pty Ltd,,,Company,1,1,,Central West,service,0/1,MVRL53188
single_site_company,Westend Mechanical Pty Ltd,,,Company,1,1,,Sydney,service,0/1,MVRL52479
single_site_company,Westend Pty Ltd,,,Company,1,1,,Sydney,service,0/1,MVRL28028
single_site_company,Western Brakes Pty Ltd,,,Company,1,1,,Sydney,service,0/1,MVRL60587
single_site_company,Western Clutch Service Pty Ltd,,,Company,1,1,,Sydney,service,0/1,MVRL35824
single_site_company,Western Region Automotive Pty Ltd,,,Company,1,1,,Sydney,service,0/1,MVRL41271
single_site_company,WESTERN SYDNEY AUTO GROUP PTY LIMITED,,,Company,1,1,,Sydney,service,0/1,MVRL56041
single_site_company,Western Sydney Automotive Pty Ltd,,,Company,1,1,,Sydney,service,0/1,MVRL61337
single_site_company,Western Sydney Mechanical Pty Ltd,,,Company,1,1,,Sydney,service,0/1,MVRL52138
single_site_company,WESTERN SYDNEY REPAIR CENTRE PTY LTD,,,Company,1,1,,Sydney,service,0/1,MVRL52527
single_site_company,WESTLAKES MECHANICAL PTY LTD,,,Company,1,1,,Newcastle,service,0/1,MVRL61043
single_site_company,Westside Automatic Service Centre Pty Ltd,,,Company,1,1,,Sydney,service,0/1,MVRL44211
single_site_company,WESTSIDE AUTOMOTIVE PTY LIMITED,,,Company,1,1,,Sydney,service,0/1,MVRL59434
single_site_company,Wetherill Park Automotive Services Pty Ltd,,,Company,1,1,,Unknown (no address in register),service,0/1,MVRL26912
single_site_company,Wettone Management Services Pty Ltd,,,Company,1,1,,Sydney,service,0/1,MVRL36781
single_site_company,WH Gay Pty Ltd,,,Company,1,1,,Central West,service,0/1,MVRL6472
single_site_company,Wheres Wally Mechanic Pty Ltd,,,Company,1,1,,Sydney,service,0/1,MVRL41283
single_site_company,WHITER'S SOUTHERN MOTORS PTY LTD,,,Company,1,1,,Unknown (no address in register),service,0/1,MVRL60042
single_site_company,Whitlee Pty Ltd,,,Company,1,1,,Southern Highlands / Shoalhaven,service,0/1,MVRL44505
single_site_company,WIGHTMAN ENTERPRISES 1 PTY LTD,,,Company,1,1,,Coffs Harbour - Grafton,service,0/1,MVRL63801
single_site_company,Wilkes Holdings (NSW) Pty Ltd,,,Company,1,1,,Sydney,service,0/1,MVRL36776
single_site_company,WILLIAM GREGORY PTY LTD,,,Company,1,1,,Sydney,service,0/1,MVRL55396
single_site_company,Williams & Wood Auto Repairs Pty Ltd,,,Company,1,1,,Sydney,service,0/1,MVRL4007
single_site_company,Williams and Cooke Automotive Pty Ltd,,,Company,1,1,,Sydney,service,0/1,MVRL55671
single_site_company,Williams Motors (Broken Hill) Pty Ltd,,,Company,1,1,,Far West / Orana,service,0/1,MVRL8899
single_site_company,Willtrish Pty Ltd,,,Company,1,1,,New England / North West,service,0/1,MVRL61054
single_site_company,Winchester Mechanical Pty Ltd,,,Company,1,1,,Unknown (no address in register),service,0/1,MVRL61274
single_site_company,Windemere's Automotive Pty Ltd,,,Company,1,1,,Riverina,service,0/1,MVRL64293
single_site_company,WINDSOR EXHAUST SYSTEMS PTY LTD,,,Company,1,1,,Sydney,service,0/1,MVRL59118
single_site_company,Wing Tai Automotive  Pty Ltd,,,Company,1,1,,Sydney,service,0/1,MVRL60228
single_site_company,WINGHAM MECHANICAL PTY LTD,,,Company,1,1,,Mid North Coast,service,0/1,MVRL64089
single_site_company,Wip's Auto Repairs Pty Ltd,,,Company,1,1,,Sydney,service,0/1,MVRL61928
single_site_company,Wizard Automotive Systems Pty Ltd,,,Company,1,1,,Sydney,service,0/1,MVRL43374
single_site_company,Wizard Mechanical Australia Pty Ltd,,,Company,1,1,,Central West,service,0/1,MVRL60732
single_site_company,WJ AUTOMOTIVE PTY LTD,,,Company,1,1,,Sydney,service,0/1,MVRL56455
single_site_company,WM Euro Automotive Pty Ltd,,,Company,1,1,,Sydney,service,0/1,MVRL62014
single_site_company,Wolfsburg Motors Pty. Limited,,,Company,1,1,,Sydney,service,0/1,MVRL52178
single_site_company,Wollondilly Mechanical Service Pty Ltd,,,Company,1,1,,Sydney,service,0/1,MVRL52448
single_site_company,WOLLONGONG AUTOMOTIVE SERVICES PTY LTD,,,Company,1,1,,Illawarra,service,0/1,MVRL61329
single_site_company,Wollongong Prestige Automotive Pty Ltd,,,Company,1,1,,Illawarra,service,0/1,MVRL50413
single_site_company,Woodmill Automotive Pty Ltd,,,Company,1,1,,Sydney,service,0/1,MVRL41724
single_site_company,World Class Automotive Pty Ltd,,,Company,1,1,,Sydney,service,0/1,MVRL50137
single_site_company,World Network Pty Ltd,,,Company,1,1,,Sydney,service,0/1,MVRL55602
single_site_company,WORNER HOLDINGS PTY LTD,,,Company,1,1,,Central West,service,0/1,MVRL47996
single_site_company,WORTHINGTON PRESTIGE AUTOBODY REPAIRS PTY LTD,,,Company,1,1,,Sydney,service,0/1,MVRL56556
single_site_company,Wright Auto Group Pty Ltd,,,Company,1,1,,Sydney,service,0/1,MVRL60126
single_site_company,WRW Automotive Services Pty Ltd,,,Company,1,1,,Sydney,service,0/1,MVRL63992
single_site_company,Wyong Radiator Repairs Pty Ltd,,,Company,1,1,,Newcastle,service,0/1,MVRL7403
single_site_company,X & Z ENTERPRISES PTY LTD,,,Company,1,1,,Sydney,service,0/1,MVRL62138
single_site_company,X-Five Aus Pty Limited,,,Company,1,1,,Sydney,service,0/1,MVRL52305
single_site_company,Xanthi Transmissions Liverpool Pty Ltd,,,Company,1,1,,Sydney,service,0/1,MVRL62824
single_site_company,Xceed Autos Pty Ltd,,,Company,1,1,,Sydney,service,0/1,MVRL56683
single_site_company,Xtreme Mods and Mechanical Services Pty Ltd,,,Company,1,1,,Sydney,service,0/1,MVRL62685
single_site_company,YAGOONA AUTOMOTIVE PTY LTD,,,Company,1,1,,Sydney,service,0/1,MVRL58964
single_site_company,Yagoona Motor Repairs Pty Ltd,,,Company,1,1,,Sydney,service,0/1,MVRL21926
single_site_company,YDR Hospitality Group Pty Ltd,,,Company,1,1,,Sydney,service,0/1,MVRL62415
single_site_company,Yong 168 Pty Ltd,,,Company,1,1,,Sydney,service,0/1,MVRL57066
single_site_company,Young Motors (NSW) Pty Ltd,,,Company,1,1,,Riverina,service,0/1,MVRL49912
single_site_company,Your Automotive Centre (Aus) Pty Ltd,,,Company,1,1,,Sydney,service,0/1,MVRL61607
single_site_company,YP PARTNERS PTY LTD,,,Company,1,1,,Murray,service,0/1,MVRL63875
single_site_company,YUNI AUTO SERVICES PTY LTD,,,Company,1,1,,Sydney,service,0/1,MVRL56631
single_site_company,Z J Mechanical Repairs Pty Ltd,,,Company,1,1,,Sydney,service,0/1,MVRL63979
single_site_company,Z&S AUTOMOTIVE PTY LTD,,,Company,1,1,,Illawarra,service,0/1,MVRL57619
single_site_company,Z.O.M. Pty Ltd,,,Company,1,1,,Sydney,service,0/1,MVRL42179
single_site_company,Z1 Automotive Repair Pty Ltd,,,Company,1,1,,Sydney,service,0/1,MVRL56078
single_site_company,Zamoame Pty Ltd,,,Company,1,1,,Sydney,service,0/1,MVRL22716
single_site_company,Zappala Investments Pty Ltd,,,Company,1,1,,Sydney,service,0/1,MVRL35634
single_site_company,ZARATE MECHANICS PTY LTD,,,Company,1,1,,Sydney,service,0/1,MVRL55878
single_site_company,ZENI MECHANICS SERVICES PTY LIMITED,,,Company,1,1,,Unknown (no address in register),service,0/1,MVRL59313
single_site_company,ZF Services Australia Pty Ltd,,,Company,1,1,,Sydney,service,0/1,MVRL20101
single_site_company,Zhilian New Energy Zeekr Auto Service (Sydney) Pty Ltd,,,Company,1,1,,Sydney,service,0/1,MVRL63705
single_site_company,Zhilian New Energy ZK Auto (Sydney) Pty Ltd,,,Company,1,1,,Sydney,service,0/1,MVRL63476
single_site_company,ZIAD MECHANICAL REPAIRS PTY LTD,,,Company,1,1,,Sydney,service,0/1,MVRL63624
single_site_company,ZIC Service Centre Pty Ltd,,,Company,1,1,,Sydney,service,0/1,MVRL61855
single_site_company,ZIELKE AUTOMOTIVE PTY LTD,,,Company,1,1,,Mid North Coast,service,0/1,MVRL63261
single_site_company,ZOOM MECHANICAL PTY LTD,,,Company,1,1,,Sydney,service,0/1,MVRL56016
single_site_company,ZOSSIMAS GROUP PTY LTD,,,Company,1,1,,Sydney,service,0/1,MVRL63215
single_site_company,A.P Automotive Repairs Pty Ltd,,133972942,Company,1,0,,Unknown (no address in register),service,1/1,MVRL55916
single_site_company,AAA REPAIRS AND MODIFICATIONS PTY LTD,61653166673,653166673,Company,1,0,,Unknown (no address in register),service,1/1,MVRL60014
single_site_company,ADONIS AUTOMOTIVE SERVICES PTY LTD,85651982124,651982124,Company,1,0,,Unknown (no address in register),service,1/1,MVRL59611
single_site_company,AJM Mechanical Services Pty Ltd,64644018093,644018093,Company,1,0,,Unknown (no address in register),service,1/1,MVRL62328
